+------------------------------ WARNING! ------------------------------+
 This computer system and network is PRIVATE and PROPRIETARY and may
 only be accessed by authorized users. Unauthorized use of this
 computer system or network is strictly prohibited and maybe subject to
 criminal prosecution, employee discipline up to and including
 discharge, or the termination of vendor/service contracts.

 The owner, or its agents, may monitor any activity or communication on
 the computer system or network. The owner, or its agents, may retrieve
 any information stored within the computer system or network. By
 accessing and using this computer system or network, you are
 consenting to such monitoring and information retrieval for law
 enforcement and other purposes.

 Users should have no expectation of privacy as to any communication on
 or information stored within the computer system or network, including
 information stored locally or remotely on a hard drive or other media
 in use with this computer system or network.
+----------------------------------------------------------------------+

Last login: Thu May 14 09:34:35 2026
Security & OS hardening are being applied.

========================================================================
 Developer mode enabled.
========================================================================

Hello, this is O-RAN.MP.DAEMON (version 0.17.1 (0.17.1-15-g844a6efc9)).
Copyright 2019-2028 SOLiD Inc.

nRU# show environment 

Environment 
------------------------------------------------------------------------------
 Temperature                   :  55 deg Celsius 
 - FPGA Temperature            :  71 deg Celsius 
 CPU Usage                     :  13.68 % 
 Memory Usage                  :  18.13 % 
 SYS LED                       :  GREEN-BLINK      
 PoE(L0) LED                   :  OFF              
 Optic(L1) LED                 :  GREEN            
 Optic(L2) LED                 :  OFF              
 Voltage 1                     :  46.21 Volts 
 Current 1                     :  0.794 Amp 
 Power Consumption 1           :  36.730 Watt 
 Voltage 2                     :  11.95 Volts 
 Current 2                     :  0.989 Amp 
 Power Consumption 2           :  11.836 Watt 
------------------------------------------------------------------------------

nRU# show environment 

Environment 
------------------------------------------------------------------------------
 Temperature                   :  55 deg Celsius 
 - FPGA Temperature            :  71 deg Celsius 
 CPU Usage                     :  12.16 % 
 Memory Usage                  :  18.58 % 
 SYS LED                       :  GREEN-BLINK      
 PoE(L0) LED                   :  OFF              
 Optic(L1) LED                 :  GREEN            
 Optic(L2) LED                 :  OFF              
 Voltage 1                     :  46.27 Volts 
 Current 1                     :  0.790 Amp 
 Power Consumption 1           :  36.577 Watt 
 Voltage 2                     :  11.95 Volts 
 Current 2                     :  0.990 Amp 
 Power Consumption 2           :  11.838 Watt 
------------------------------------------------------------------------------

nRU# show environment 

Environment 
------------------------------------------------------------------------------
 Temperature                   :  55 deg Celsius 
 - FPGA Temperature            :  71 deg Celsius 
 CPU Usage                     :  9.86 % 
 Memory Usage                  :  18.61 % 
 SYS LED                       :  GREEN-BLINK      
 PoE(L0) LED                   :  OFF              
 Optic(L1) LED                 :  GREEN            
 Optic(L2) LED                 :  OFF              
 Voltage 1                     :  46.28 Volts 
 Current 1                     :  0.795 Amp 
 Power Consumption 1           :  36.805 Watt 
 Voltage 2                     :  11.95 Volts 
 Current 2                     :  0.990 Amp 
 Power Consumption 2           :  11.846 Watt 
------------------------------------------------------------------------------

nRU# show environment nRU# start-shell nRU# show environment 

Environment 
------------------------------------------------------------------------------
 Temperature                   :  55 deg Celsius 
 - FPGA Temperature            :  70 deg Celsius 
 CPU Usage                     :  10.77 % 
 Memory Usage                  :  18.20 % 
 SYS LED                       :  GREEN-BLINK      
 PoE(L0) LED                   :  OFF              
 Optic(L1) LED                 :  GREEN            
 Optic(L2) LED                 :  OFF              
 Voltage 1                     :  46.28 Volts 
 Current 1                     :  0.792 Amp 
 Power Consumption 1           :  36.679 Watt 
 Voltage 2                     :  11.95 Volts 
 Current 2                     :  0.990 Amp 
 Power Consumption 2           :  11.841 Watt 
------------------------------------------------------------------------------

nRU# show environment 

Environment 
------------------------------------------------------------------------------
 Temperature                   :  55 deg Celsius 
 - FPGA Temperature            :  70 deg Celsius 
 CPU Usage                     :  10.77 % 
 Memory Usage                  :  18.20 % 
 SYS LED                       :  GREEN-BLINK      
 PoE(L0) LED                   :  OFF              
 Optic(L1) LED                 :  GREEN            
 Optic(L2) LED                 :  OFF              
 Voltage 1                     :  46.28 Volts 
 Current 1                     :  0.789 Amp 
 Power Consumption 1           :  36.528 Watt 
 Voltage 2                     :  11.95 Volts 
 Current 2                     :  0.990 Amp 
 Power Consumption 2           :  11.841 Watt 
------------------------------------------------------------------------------

nRU# show environment 

Environment 
------------------------------------------------------------------------------
 Temperature                   :  55 deg Celsius 
 - FPGA Temperature            :  71 deg Celsius 
 CPU Usage                     :  13.85 % 
 Memory Usage                  :  18.40 % 
 SYS LED                       :  GREEN-BLINK      
 PoE(L0) LED                   :  OFF              
 Optic(L1) LED                 :  GREEN            
 Optic(L2) LED                 :  OFF              
 Voltage 1                     :  46.28 Volts 
 Current 1                     :  0.790 Amp 
 Power Consumption 1           :  36.572 Watt 
 Voltage 2                     :  11.95 Volts 
 Current 2                     :  0.990 Amp 
 Power Consumption 2           :  11.841 Watt 
------------------------------------------------------------------------------

nRU# show environment 

Environment 
------------------------------------------------------------------------------
 Temperature                   :  55 deg Celsius 
 - FPGA Temperature            :  70 deg Celsius 
 CPU Usage                     :  13.85 % 
 Memory Usage                  :  18.40 % 
 SYS LED                       :  GREEN-BLINK      
 PoE(L0) LED                   :  OFF              
 Optic(L1) LED                 :  GREEN            
 Optic(L2) LED                 :  OFF              
 Voltage 1                     :  46.28 Volts 
 Current 1                     :  0.791 Amp 
 Power Consumption 1           :  36.651 Watt 
 Voltage 2                     :  11.95 Volts 
 Current 2                     :  0.990 Amp 
 Power Consumption 2           :  11.841 Watt 
------------------------------------------------------------------------------

nRU# show environment 

Environment 
------------------------------------------------------------------------------
 Temperature                   :  55 deg Celsius 
 - FPGA Temperature            :  71 deg Celsius 
 CPU Usage                     :  10.65 % 
 Memory Usage                  :  18.49 % 
 SYS LED                       :  GREEN-BLINK      
 PoE(L0) LED                   :  OFF              
 Optic(L1) LED                 :  GREEN            
 Optic(L2) LED                 :  OFF              
 Voltage 1                     :  46.28 Volts 
 Current 1                     :  0.793 Amp 
 Power Consumption 1           :  36.722 Watt 
 Voltage 2                     :  11.95 Volts 
 Current 2                     :  0.990 Amp 
 Power Consumption 2           :  11.841 Watt 
------------------------------------------------------------------------------

nRU# show environment 

Environment 
------------------------------------------------------------------------------
 Temperature                   :  55 deg Celsius 
 - FPGA Temperature            :  71 deg Celsius 
 CPU Usage                     :  11.04 % 
 Memory Usage                  :  17.88 % 
 SYS LED                       :  GREEN-BLINK      
 PoE(L0) LED                   :  OFF              
 Optic(L1) LED                 :  GREEN            
 Optic(L2) LED                 :  OFF              
 Voltage 1                     :  46.26 Volts 
 Current 1                     :  0.790 Amp 
 Power Consumption 1           :  36.573 Watt 
 Voltage 2                     :  11.95 Volts 
 Current 2                     :  0.990 Amp 
 Power Consumption 2           :  11.846 Watt 
------------------------------------------------------------------------------

nRU# show environment 

Environment 
------------------------------------------------------------------------------
 Temperature                   :  55 deg Celsius 
 - FPGA Temperature            :  71 deg Celsius 
 CPU Usage                     :  11.23 % 
 Memory Usage                  :  18.06 % 
 SYS LED                       :  GREEN-BLINK      
 PoE(L0) LED                   :  OFF              
 Optic(L1) LED                 :  GREEN            
 Optic(L2) LED                 :  OFF              
 Voltage 1                     :  46.26 Volts 
 Current 1                     :  0.791 Amp 
 Power Consumption 1           :  36.619 Watt 
 Voltage 2                     :  11.95 Volts 
 Current 2                     :  0.990 Amp 
 Power Consumption 2           :  11.843 Watt 
------------------------------------------------------------------------------

nRU# show environment 

Environment 
------------------------------------------------------------------------------
 Temperature                   :  55 deg Celsius 
 - FPGA Temperature            :  71 deg Celsius 
 CPU Usage                     :  11.23 % 
 Memory Usage                  :  18.06 % 
 SYS LED                       :  GREEN-BLINK      
 PoE(L0) LED                   :  OFF              
 Optic(L1) LED                 :  GREEN            
 Optic(L2) LED                 :  OFF              
 Voltage 1                     :  46.26 Volts 
 Current 1                     :  0.792 Amp 
 Power Consumption 1           :  36.653 Watt 
 Voltage 2                     :  11.95 Volts 
 Current 2                     :  0.990 Amp 
 Power Consumption 2           :  11.841 Watt 
------------------------------------------------------------------------------

nRU# 
nRU# show environment 

Environment 
------------------------------------------------------------------------------
 Temperature                   :  55 deg Celsius 
 - FPGA Temperature            :  71 deg Celsius 
 CPU Usage                     :  11.23 % 
 Memory Usage                  :  18.06 % 
 SYS LED                       :  GREEN-BLINK      
 PoE(L0) LED                   :  OFF              
 Optic(L1) LED                 :  GREEN            
 Optic(L2) LED                 :  OFF              
 Voltage 1                     :  46.26 Volts 
 Current 1                     :  0.791 Amp 
 Power Consumption 1           :  36.633 Watt 
 Voltage 2                     :  11.95 Volts 
 Current 2                     :  0.990 Amp 
 Power Consumption 2           :  11.841 Watt 
------------------------------------------------------------------------------

nRU# show environment 

Environment 
------------------------------------------------------------------------------
 Temperature                   :  55 deg Celsius 
 - FPGA Temperature            :  71 deg Celsius 
 CPU Usage                     :  11.23 % 
 Memory Usage                  :  18.06 % 
 SYS LED                       :  GREEN-BLINK      
 PoE(L0) LED                   :  OFF              
 Optic(L1) LED                 :  GREEN            
 Optic(L2) LED                 :  OFF              
 Voltage 1                     :  46.25 Volts 
 Current 1                     :  0.795 Amp 
 Power Consumption 1           :  36.785 Watt 
 Voltage 2                     :  11.95 Volts 
 Current 2                     :  0.990 Amp 
 Power Consumption 2           :  11.838 Watt 
------------------------------------------------------------------------------

nRU# show environment 

Environment 
------------------------------------------------------------------------------
 Temperature                   :  55 deg Celsius 
 - FPGA Temperature            :  71 deg Celsius 
 CPU Usage                     :  11.17 % 
 Memory Usage                  :  18.39 % 
 SYS LED                       :  GREEN-BLINK      
 PoE(L0) LED                   :  OFF              
 Optic(L1) LED                 :  GREEN            
 Optic(L2) LED                 :  OFF              
 Voltage 1                     :  46.26 Volts 
 Current 1                     :  0.794 Amp 
 Power Consumption 1           :  36.761 Watt 
 Voltage 2                     :  11.95 Volts 
 Current 2                     :  0.990 Amp 
 Power Consumption 2           :  11.846 Watt 
------------------------------------------------------------------------------

nRU# show environment 

Environment 
------------------------------------------------------------------------------
 Temperature                   :  55 deg Celsius 
 - FPGA Temperature            :  71 deg Celsius 
 CPU Usage                     :  10.26 % 
 Memory Usage                  :  18.50 % 
 SYS LED                       :  GREEN-BLINK      
 PoE(L0) LED                   :  OFF              
 Optic(L1) LED                 :  GREEN            
 Optic(L2) LED                 :  OFF              
 Voltage 1                     :  46.26 Volts 
 Current 1                     :  0.791 Amp 
 Power Consumption 1           :  36.616 Watt 
 Voltage 2                     :  11.95 Volts 
 Current 2                     :  0.991 Amp 
 Power Consumption 2           :  11.848 Watt 
------------------------------------------------------------------------------

nRU# show environment 

Environment 
------------------------------------------------------------------------------
 Temperature                   :  55 deg Celsius 
 - FPGA Temperature            :  70 deg Celsius 
 CPU Usage                     :  15.78 % 
 Memory Usage                  :  18.22 % 
 SYS LED                       :  GREEN-BLINK      
 PoE(L0) LED                   :  OFF              
 Optic(L1) LED                 :  GREEN            
 Optic(L2) LED                 :  OFF              
 Voltage 1                     :  46.25 Volts 
 Current 1                     :  0.795 Amp 
 Power Consumption 1           :  36.774 Watt 
 Voltage 2                     :  11.95 Volts 
 Current 2                     :  0.990 Amp 
 Power Consumption 2           :  11.843 Watt 
------------------------------------------------------------------------------

nRU# show environment 

Environment 
------------------------------------------------------------------------------
 Temperature                   :  55 deg Celsius 
 - FPGA Temperature            :  71 deg Celsius 
 CPU Usage                     :  15.78 % 
 Memory Usage                  :  18.22 % 
 SYS LED                       :  GREEN-BLINK      
 PoE(L0) LED                   :  OFF              
 Optic(L1) LED                 :  GREEN            
 Optic(L2) LED                 :  OFF              
 Voltage 1                     :  46.25 Volts 
 Current 1                     :  0.795 Amp 
 Power Consumption 1           :  36.774 Watt 
 Voltage 2                     :  11.95 Volts 
 Current 2                     :  0.990 Amp 
 Power Consumption 2           :  11.843 Watt 
------------------------------------------------------------------------------

nRU# show environment 

Environment 
------------------------------------------------------------------------------
 Temperature                   :  55 deg Celsius 
 - FPGA Temperature            :  71 deg Celsius 
 CPU Usage                     :  15.78 % 
 Memory Usage                  :  18.22 % 
 SYS LED                       :  GREEN-BLINK      
 PoE(L0) LED                   :  OFF              
 Optic(L1) LED                 :  GREEN            
 Optic(L2) LED                 :  OFF              
 Voltage 1                     :  46.25 Volts 
 Current 1                     :  0.794 Amp 
 Power Consumption 1           :  36.747 Watt 
 Voltage 2                     :  11.95 Volts 
 Current 2                     :  0.990 Amp 
 Power Consumption 2           :  11.846 Watt 
------------------------------------------------------------------------------

nRU# show environment 

Environment 
------------------------------------------------------------------------------
 Temperature                   :  55 deg Celsius 
 - FPGA Temperature            :  71 deg Celsius 
 CPU Usage                     :  15.78 % 
 Memory Usage                  :  18.22 % 
 SYS LED                       :  GREEN-BLINK      
 PoE(L0) LED                   :  OFF              
 Optic(L1) LED                 :  GREEN            
 Optic(L2) LED                 :  OFF              
 Voltage 1                     :  46.24 Volts 
 Current 1                     :  0.798 Amp 
 Power Consumption 1           :  36.921 Watt 
 Voltage 2                     :  11.95 Volts 
 Current 2                     :  0.991 Amp 
 Power Consumption 2           :  11.848 Watt 
------------------------------------------------------------------------------

nRU# show environment 

Environment 
------------------------------------------------------------------------------
 Temperature                   :  55 deg Celsius 
 - FPGA Temperature            :  71 deg Celsius 
 CPU Usage                     :  27.83 % 
 Memory Usage                  :  18.89 % 
 SYS LED                       :  GREEN-BLINK      
 PoE(L0) LED                   :  OFF              
 Optic(L1) LED                 :  GREEN            
 Optic(L2) LED                 :  OFF              
 Voltage 1                     :  46.24 Volts 
 Current 1                     :  0.798 Amp 
 Power Consumption 1           :  36.945 Watt 
 Voltage 2                     :  11.95 Volts 
 Current 2                     :  0.991 Amp 
 Power Consumption 2           :  11.855 Watt 
------------------------------------------------------------------------------

nRU# show environment 

Environment 
------------------------------------------------------------------------------
 Temperature                   :  55 deg Celsius 
 - FPGA Temperature            :  71 deg Celsius 
 CPU Usage                     :  27.83 % 
 Memory Usage                  :  18.89 % 
 SYS LED                       :  GREEN-BLINK      
 PoE(L0) LED                   :  OFF              
 Optic(L1) LED                 :  GREEN            
 Optic(L2) LED                 :  OFF              
 Voltage 1                     :  46.23 Volts 
 Current 1                     :  0.804 Amp 
 Power Consumption 1           :  37.216 Watt 
 Voltage 2                     :  11.95 Volts 
 Current 2                     :  0.991 Amp 
 Power Consumption 2           :  11.857 Watt 
------------------------------------------------------------------------------

nRU# show environment 

Environment 
------------------------------------------------------------------------------
 Temperature                   :  55 deg Celsius 
 - FPGA Temperature            :  71 deg Celsius 
 CPU Usage                     :  27.83 % 
 Memory Usage                  :  18.89 % 
 SYS LED                       :  GREEN-BLINK      
 PoE(L0) LED                   :  OFF              
 Optic(L1) LED                 :  GREEN            
 Optic(L2) LED                 :  OFF              
 Voltage 1                     :  46.23 Volts 
 Current 1                     :  0.804 Amp 
 Power Consumption 1           :  37.198 Watt 
 Voltage 2                     :  11.95 Volts 
 Current 2                     :  0.991 Amp 
 Power Consumption 2           :  11.857 Watt 
------------------------------------------------------------------------------

nRU# show environment 

Environment 
------------------------------------------------------------------------------
 Temperature                   :  55 deg Celsius 
 - FPGA Temperature            :  70 deg Celsius 
 CPU Usage                     :  37.88 % 
 Memory Usage                  :  18.64 % 
 SYS LED                       :  GREEN-BLINK      
 PoE(L0) LED                   :  OFF              
 Optic(L1) LED                 :  GREEN            
 Optic(L2) LED                 :  OFF              
 Voltage 1                     :  46.24 Volts 
 Current 1                     :  0.800 Amp 
 Power Consumption 1           :  37.030 Watt 
 Voltage 2                     :  11.95 Volts 
 Current 2                     :  0.991 Amp 
 Power Consumption 2           :  11.853 Watt 
------------------------------------------------------------------------------

nRU# show environment 

Environment 
------------------------------------------------------------------------------
 Temperature                   :  55 deg Celsius 
 - FPGA Temperature            :  71 deg Celsius 
 CPU Usage                     :  37.88 % 
 Memory Usage                  :  18.64 % 
 SYS LED                       :  GREEN-BLINK      
 PoE(L0) LED                   :  OFF              
 Optic(L1) LED                 :  GREEN            
 Optic(L2) LED                 :  OFF              
 Voltage 1                     :  46.24 Volts 
 Current 1                     :  0.797 Amp 
 Power Consumption 1           :  36.878 Watt 
 Voltage 2                     :  11.95 Volts 
 Current 2                     :  0.991 Amp 
 Power Consumption 2           :  11.853 Watt 
------------------------------------------------------------------------------

nRU# show environment 

Environment 
------------------------------------------------------------------------------
 Temperature                   :  55 deg Celsius 
 - FPGA Temperature            :  70 deg Celsius 
 CPU Usage                     :  37.88 % 
 Memory Usage                  :  18.64 % 
 SYS LED                       :  GREEN-BLINK      
 PoE(L0) LED                   :  OFF              
 Optic(L1) LED                 :  GREEN            
 Optic(L2) LED                 :  OFF              
 Voltage 1                     :  46.24 Volts 
 Current 1                     :  0.792 Amp 
 Power Consumption 1           :  36.664 Watt 
 Voltage 2                     :  11.95 Volts 
 Current 2                     :  0.991 Amp 
 Power Consumption 2           :  11.853 Watt 
------------------------------------------------------------------------------

nRU# show environment 

Environment 
------------------------------------------------------------------------------
 Temperature                   :  55 deg Celsius 
 - FPGA Temperature            :  71 deg Celsius 
 CPU Usage                     :  10.06 % 
 Memory Usage                  :  18.11 % 
 SYS LED                       :  GREEN-BLINK      
 PoE(L0) LED                   :  OFF              
 Optic(L1) LED                 :  GREEN            
 Optic(L2) LED                 :  OFF              
 Voltage 1                     :  46.24 Volts 
 Current 1                     :  0.790 Amp 
 Power Consumption 1           :  36.577 Watt 
 Voltage 2                     :  11.95 Volts 
 Current 2                     :  0.991 Amp 
 Power Consumption 2           :  11.848 Watt 
------------------------------------------------------------------------------

nRU# show environment 

Environment 
------------------------------------------------------------------------------
 Temperature                   :  55 deg Celsius 
 - FPGA Temperature            :  71 deg Celsius 
 CPU Usage                     :  10.06 % 
 Memory Usage                  :  18.11 % 
 SYS LED                       :  GREEN-BLINK      
 PoE(L0) LED                   :  OFF              
 Optic(L1) LED                 :  GREEN            
 Optic(L2) LED                 :  OFF              
 Voltage 1                     :  46.24 Volts 
 Current 1                     :  0.790 Amp 
 Power Consumption 1           :  36.566 Watt 
 Voltage 2                     :  11.95 Volts 
 Current 2                     :  0.991 Amp 
 Power Consumption 2           :  11.848 Watt 
------------------------------------------------------------------------------

nRU# show environment 

Environment 
------------------------------------------------------------------------------
 Temperature                   :  55 deg Celsius 
 - FPGA Temperature            :  71 deg Celsius 
 CPU Usage                     :  10.06 % 
 Memory Usage                  :  18.11 % 
 SYS LED                       :  GREEN-BLINK      
 PoE(L0) LED                   :  OFF              
 Optic(L1) LED                 :  GREEN            
 Optic(L2) LED                 :  OFF              
 Voltage 1                     :  46.24 Volts 
 Current 1                     :  0.790 Amp 
 Power Consumption 1           :  36.567 Watt 
 Voltage 2                     :  11.95 Volts 
 Current 2                     :  0.991 Amp 
 Power Consumption 2           :  11.850 Watt 
------------------------------------------------------------------------------

nRU# show system detail 

System Information 
------------------------------------------------------------------------------
 Product Code             : RUTN44-N78eE.U 
 Model Name               : O-LRU_A_n78eM4 
 Hardware Version         : 0.0.1 
 Firmware (fpga) Version  : 0.1.16 
 Software (pkg) Version   : 01.00.00-00-00-r30-8b33edf2-secure 
 Serial Number            : 74800524C00001 
 UUID                     : 76fedddc-c75b-4f54-9463-95401d810786 
 Manufacturer Name        : SOLiD Inc. 
 Date of manufacture      : 2024-12-03 16:25:00 +00:00 
 Sync State               : LOCKED 
 PTP State                : LOCKED 
 SyncE State              : LOCKED 
 Clock State(PLL)         : LOCKED 
 Input Clock(PLL-b/PLL-rf): IN1/IN0 
 Link Speed Mode (Config) : Auto Select
 Link Speed Mode (Status) : 25G
 Timezone                 : UTC 
 Current Time             : 2026-05-14 09:39:08 +00:00 
 Run Time                 : 9 minutes, 33 seconds 
 Reason of reset          : POWER-ON 
 FITF State               : non-FITF (link-up) 
 DHCP (sys.1)             : IPv4(10.0.20.106/24) IPv6(initial) 
 Netconf call home conf.  : 10.0.20.254(:4334) 
 Netconf call home conf.  : 10.0.20.253(:4334) 
 Main FSM                 : RU_STATE_WAITING_SUDO 
 Boot Mode                : Secure Boot 
 Storage Mode             : Unknown(no securefw) 
 System managed restart   : enabled 
 Debug port               : enabled 
 eCPRI Transceiver        : present 
 Interface Operation Mode : Optic 
 ORAN State               :  
  - Admin State           : unlocked 
  - Oper State            : disabled 
  - Usage State           : idle 
  - Availability State    : FAULTY 
  - Alarm State           : normal 
------------------------------------------------------------------------------

nRU# start-shell 
admin@nRU:~$ top
=top - 09:39:25 up 9 min,  2 users,  load average: 0.67, 0.77, 0.45
Tasks: 167 total,   2 running, 165 sleeping,   0 stopped,   0 zombie
%Cpu(s):  8.3 us, 19.4 sy,  0.0 ni, 72.2 id,  0.0 wa,  0.0 hi,  0.0 si,  0.0 st
MiB Mem :    986.7 total,     59.9 free,    152.2 used,    774.5 buff/cache
MiB Swap:      0.0 total,      0.0 free,      0.0 used.    101.6 avail Mem 

    PID USER      PR  NI    VIRT    RES    SHR S  %CPU  %MEM     TIME+ COMMAND                                                          
   6693 root      20   0  633272   7940   4576 S  11.8   0.8   0:20.97 sync_timing_ptp                                                  
  17012 admin     20   0    5840   2588   2108 R  11.8   0.3   0:00.03 top                                                              
   5068 root      20   0   88276   2972   1840 S   5.9   0.3   0:36.25 dpd-smp                                                          
   6606 root      20   0  609132  12584   7584 S   5.9   1.2   0:13.18 netopeer2-serve                                                  
      1 root      20   0   97840  10856   6716 S   0.0   1.1   0:13.26 systemd                                                          
      2 root      20   0       0      0      0 S   0.0   0.0   0:00.01 kthreadd                                                         
      3 root       0 -20       0      0      0 I   0.0   0.0   0:00.00 rcu_gp                                                           
      4 root       0 -20       0      0      0 I   0.0   0.0   0:00.00 rcu_par_gp                                                       
      5 root       0 -20       0      0      0 I   0.0   0.0   0:00.00 netns                                                            
      7 root       0 -20       0      0      0 I   0.0   0.0   0:00.27 kworker/0:0H-mmc_complete                                        
      8 root      20   0       0      0      0 I   0.0   0.0   0:05.19 kworker/u8:0-ext4-rsv-conversion                                 
      9 root       0 -20       0      0      0 I   0.0   0.0   0:00.00 mm_percpu_wq                                                     
     10 root      20   0       0      0      0 S   0.0   0.0   0:01.94 ksoftirqd/0                                                      
     11 root      20   0       0      0      0 I   0.0   0.0   0:00.69 rcu_sched                                                        
     12 root      rt   0       0      0      0 S   0.0   0.0   0:00.00 migration/0                                                      
     13 root      20   0       0      0      0 S   0.0   0.0   0:00.00 cpuhp/0                                                          
     14 root      20   0       0      0      0 S   0.0   0.0   0:00.00 cpuhp/1                                                          
     15 root      rt   0       0      0      0 S   0.0   0.0   0:00.00 migration/1                                                      
     16 root      20   0       0      0      0 S   0.0   0.0   0:00.31 ksoftirqd/1                                                      
     19 root      20   0       0      0      0 S   0.0   0.0   0:00.00 cpuhp/2                                                          
     20 root      rt   0       0      0      0 S   0.0   0.0   0:00.00 migration/2                                                      
     21 root      20   0       0      0      0 S   0.0   0.0   0:00.38 ksoftirqd/2                                                      
     23 root       0 -20       0      0      0 I   0.0   0.0   0:00.15 kworker/2:0H-kblockd                                             
     24 root      20   0       0      0      0 S   0.0   0.0   0:00.00 cpuhp/3                                                          
     25 root      rt   0       0      0      0 S   0.0   0.0   0:00.00 migration/3                                                      
     26 root      20   0       0      0      0 S   0.0   0.0   0:00.00 ksoftirqd/3                                                      
     27 root      20   0       0      0      0 I   0.0   0.0   0:00.00 kworker/3:0-mm_percpu_wq                                         
     28 root       0 -20       0      0      0 I   0.0   0.0   0:00.00 kworker/3:0H                                                     
     29 root      20   0       0      0      0 S   0.0   0.0   0:00.01 kdevtmpfs                                                        
     30 root       0 -20       0      0      0 I   0.0   0.0   0:00.00 inet_frag_wq                                                     
     32 root      20   0       0      0      0 S   0.0   0.0   0:00.02 kauditd                                                          
     33 root      20   0       0      0      0 S   0.0   0.0   0:00.00 oom_reaper                                                       
     34 root       0 -20       0      0      0 I   0.0   0.0   0:00.00 writeback                                                        
     35 root      20   0       0      0      0 S   0.0   0.0   0:00.01 kcompactd0                                                       
     36 root      39  19       0      0      0 S   0.0   0.0   0:00.00 khugepaged                                                       
     37 root       0 -20       0      0      0 I   0.0   0.0   0:00.00 kblockd                                                          
     38 root       0 -20       0      0      0 I   0.0   0.0   0:00.00 blkcg_punt_bio                                                   
     39 root       0 -20       0      0      0 I   0.0   0.0   0:00.00 edac-poller                                                      
     40 root     -51   0       0      0      0 S   0.0   0.0   0:00.00 watchdogd                                                        
     42 root      20   0       0      0      0 I   0.0   0.0   0:00.11 kworker/1:1-cgroup_destroy                                       
     43 root       0 -20       0      0      0 I   0.0   0.0   0:00.00 rpciod                                                           
     45 root       0 -20       0      0      0 I   0.0   0.0   0:00.00 xprtiod                                                          
     47 root      20   0       0      0      0 S   0.0   0.0   0:00.33 kswapd0                                                          
     48 root      20   0       0      0      0 S   0.0   0.0   0:00.00 ecryptfs-kthread                                                 
     49 root       0 -20       0      0      0 I   0.0   0.0   0:00.00 nfsiod                                                           
     51 root      20   0       0      0      0 S   0.0   0.0   0:00.00 xenbus_probe                                                     
     52 root      20   0       0      0      0 I   0.0   0.0   0:00.24 kworker/0:2-events                                               
     53 root      20   0       0      0      0 I   0.0   0.0   0:00.35 kworker/u8:2-ext4-rsv-conversion                                 
     54 root     -51   0       0      0      0 S   0.0   0.0   0:00.00 zynqmp-aes.0-engine                                              
     55 root      20   0       0      0      0 S   0.0   0.0   0:00.08 kpktgend_0                                                       
     56 root      20   0       0      0      0 S   0.0   0.0   0:00.06 kpktgend_1                                                       
     57 root      20   0       0      0      0 S   0.0   0.0   0:00.06 kpktgend_2                                                       
     58 root      20   0       0      0      0 S   0.0   0.0   0:00.04 kpktgend_3                                                       
     59 root       0 -20       0      0      0 I   0.0   0.0   0:00.00 mld                                                              top - 09:39:28 up 9 min,  2 users,  load average: 0.62, 0.76, 0.45
Tasks: 166 total,   4 running, 162 sleeping,   0 stopped,   0 zombie
%Cpu(s):  2.5 us,  8.0 sy,  0.0 ni, 89.4 id,  0.0 wa,  0.0 hi,  0.1 si,  0.0 st
MiB Mem :    986.7 total,     59.7 free,    152.3 used,    774.7 buff/cache
MiB Swap:      0.0 total,      0.0 free,      0.0 used.    101.5 avail Mem 


   5068 root      20   0   88276   2972   1840 S   6.6   0.3   0:36.45 dpd-smp                                                          
   6693 root      20   0  633272   7940   4576 S   4.3   0.8   0:21.10 sync_timing_ptp                                                  
   5892 root      20   0    6616   3216   2796 R   3.3   0.3   0:14.93 oda                                                              
   5860 root      20   0  244384   4616   3800 R   2.0   0.5   0:09.56 sync_timing_cor                                                  
   6606 root      20   0  609132  12584   7584 S   2.0   1.2   0:13.24 netopeer2-serve                                                  
   2033 root      20   0       0      0      0 S   1.3   0.0   0:06.38 fpga_drvd                                                        
   5969 root      20   0    9456   4380   3416 S   1.3   0.4   0:04.69 devif                                                            
   5999 root      20   0  103452  11676   8304 S   1.0   1.2   0:05.84 rud                                                              
   2241 root      20   0    2164   1056    852 S   0.7   0.1   0:03.14 syslogd                                                          
   4370 root      20   0    3704   2416   1572 S   0.7   0.2   0:03.55 dsclswell                                                        
   6324 root      20   0  384060   4188   3632 S   0.7   0.4   0:03.30 ptp_ctrl                                                         
  17012 admin     20   0    5808   2792   2108 R   0.7   0.3   0:00.05 top                                                              
      1 root      20   0   97840  10856   6716 S   0.3   1.1   0:13.27 systemd                                                          
     11 root      20   0       0      0      0 I   0.3   0.0   0:00.70 rcu_sched                                                        
     16 root      20   0       0      0      0 S   0.3   0.0   0:00.32 ksoftirqd/1                                                      
   1914 message+  20   0    5796   3616   3132 S   0.3   0.4   0:06.16 dbus-daemon                                                      
   4318 root      20   0  201072  15040   1580 S   0.3   1.5   0:00.69 dscllogd                                                         
   4441 systemd+  20   0   11136   6008   5360 S   0.3   0.6   0:00.39 systemd-network                                                  
   4550 root      20   0    2376    816    716 S   0.3   0.1   0:00.81 gpio_ctrl                                                        
   5094 root      20   0  151308   2512   2052 S   0.3   0.2   0:00.92 rfdcd                                                            
   5920 root      20   0  304008  19640   4388 S   0.3   1.9   0:07.04 sysrepod                                                         
  17089 root      20   0    4740   1144    980 R   0.3   0.1   0:00.01 pidof                                                            
      2 root      20   0       0      0      0 S   0.0   0.0   0:00.01 kthreadd                                                         
      3 root       0 -20       0      0      0 I   0.0   0.0   0:00.00 rcu_gp                                                           
      4 root       0 -20       0      0      0 I   0.0   0.0   0:00.00 rcu_par_gp                                                       
      5 root       0 -20       0      0      0 I   0.0   0.0   0:00.00 netns                                                            
      7 root       0 -20       0      0      0 I   0.0   0.0   0:00.27 kworker/0:0H-kblockd                                             
      8 root      20   0       0      0      0 I   0.0   0.0   0:05.19 kworker/u8:0-ext4-rsv-conversion                                 
      9 root       0 -20       0      0      0 I   0.0   0.0   0:00.00 mm_percpu_wq                                                     
     10 root      20   0       0      0      0 S   0.0   0.0   0:01.94 ksoftirqd/0                                                      
     12 root      rt   0       0      0      0 S   0.0   0.0   0:00.00 migration/0                                                      
     13 root      20   0       0      0      0 S   0.0   0.0   0:00.00 cpuhp/0                                                          
     14 root      20   0       0      0      0 S   0.0   0.0   0:00.00 cpuhp/1                                                          
     15 root      rt   0       0      0      0 S   0.0   0.0   0:00.00 migration/1                                                      
     19 root      20   0       0      0      0 S   0.0   0.0   0:00.00 cpuhp/2                                                          
     20 root      rt   0       0      0      0 S   0.0   0.0   0:00.00 migration/2                                                      
     21 root      20   0       0      0      0 S   0.0   0.0   0:00.38 ksoftirqd/2                                                      
     23 root       0 -20       0      0      0 I   0.0   0.0   0:00.15 kworker/2:0H-kblockd                                             
     24 root      20   0       0      0      0 S   0.0   0.0   0:00.00 cpuhp/3                                                          
     25 root      rt   0       0      0      0 S   0.0   0.0   0:00.00 migration/3                                                      
     26 root      20   0       0      0      0 S   0.0   0.0   0:00.00 ksoftirqd/3                                                      
     27 root      20   0       0      0      0 I   0.0   0.0   0:00.00 kworker/3:0-mm_percpu_wq                                         
     28 root       0 -20       0      0      0 I   0.0   0.0   0:00.00 kworker/3:0H                                                     
     29 root      20   0       0      0      0 S   0.0   0.0   0:00.01 kdevtmpfs                                                        
     30 root       0 -20       0      0      0 I   0.0   0.0   0:00.00 inet_frag_wq                                                     
     32 root      20   0       0      0      0 S   0.0   0.0   0:00.02 kauditd                                                          
     33 root      20   0       0      0      0 S   0.0   0.0   0:00.00 oom_reaper                                                       
     34 root       0 -20       0      0      0 I   0.0   0.0   0:00.00 writeback                                                        
     35 root      20   0       0      0      0 S   0.0   0.0   0:00.01 kcompactd0                                                       
     36 root      39  19       0      0      0 S   0.0   0.0   0:00.00 khugepaged                                                       
     37 root       0 -20       0      0      0 I   0.0   0.0   0:00.00 kblockd                                                          
     38 root       0 -20       0      0      0 I   0.0   0.0   0:00.00 blkcg_punt_bio                                                   
     39 root       0 -20       0      0      0 I   0.0   0.0   0:00.00 edac-poller                                                      
     40 root     -51   0       0      0      0 S   0.0   0.0   0:00.00 watchdogd                                                        top - 09:39:31 up 9 min,  2 users,  load average: 0.65, 0.76, 0.45
Tasks: 168 total,   3 running, 165 sleeping,   0 stopped,   0 zombie
%Cpu(s):  3.3 us,  8.0 sy,  0.0 ni, 88.7 id,  0.0 wa,  0.0 hi,  0.0 si,  0.0 st
MiB Mem :    986.7 total,     59.7 free,    152.2 used,    774.8 buff/cache
MiB Swap:      0.0 total,      0.0 free,      0.0 used.    101.6 avail Mem 


   5068 root      20   0   88276   2972   1840 S   6.6   0.3   0:36.65 dpd-smp                                                          
   6693 root      20   0  633272   7940   4576 S   4.6   0.8   0:21.24 sync_timing_ptp                                                  
   5892 root      20   0    6616   3216   2796 S   3.0   0.3   0:15.02 oda                                                              
   5860 root      20   0  244384   4616   3800 S   2.3   0.5   0:09.63 sync_timing_cor                                                  
   6606 root      20   0  609132  12584   7584 S   2.3   1.2   0:13.31 netopeer2-serve                                                  
   2033 root      20   0       0      0      0 S   1.3   0.0   0:06.42 fpga_drvd                                                        
   5999 root      20   0  103452  11676   8304 S   1.3   1.2   0:05.88 rud                                                              
    191 root      20   0   34496  14268  13476 S   1.0   1.4   0:03.53 systemd-journal                                                  
   5969 root      20   0    9456   4380   3416 S   1.0   0.4   0:04.72 devif                                                            
   6324 root      20   0  384060   4188   3632 S   1.0   0.4   0:03.33 ptp_ctrl                                                         
   2241 root      20   0    2164   1056    852 S   0.7   0.1   0:03.16 syslogd                                                          
   4370 root      20   0    3704   2416   1572 S   0.7   0.2   0:03.57 dsclswell                                                        
  17012 admin     20   0    5808   2792   2108 R   0.7   0.3   0:00.07 top                                                              
   1914 message+  20   0    5796   3616   3132 S   0.3   0.4   0:06.17 dbus-daemon                                                      
   5094 root      20   0  151308   2512   2052 S   0.3   0.2   0:00.93 rfdcd                                                            
   6295 root      20   0   13596   8860   5804 S   0.3   0.9   0:00.58 ncld                                                             
  17160 root      20   0    4740   1148    980 R   0.3   0.1   0:00.01 pidof                                                            
      1 root      20   0   97840  10856   6716 S   0.0   1.1   0:13.27 systemd                                                          
      2 root      20   0       0      0      0 S   0.0   0.0   0:00.01 kthreadd                                                         
      3 root       0 -20       0      0      0 I   0.0   0.0   0:00.00 rcu_gp                                                           
      4 root       0 -20       0      0      0 I   0.0   0.0   0:00.00 rcu_par_gp                                                       
      5 root       0 -20       0      0      0 I   0.0   0.0   0:00.00 netns                                                            
      7 root       0 -20       0      0      0 I   0.0   0.0   0:00.27 kworker/0:0H-mmc_complete                                        
      8 root      20   0       0      0      0 I   0.0   0.0   0:05.19 kworker/u8:0-ext4-rsv-conversion                                 
      9 root       0 -20       0      0      0 I   0.0   0.0   0:00.00 mm_percpu_wq                                                     
     10 root      20   0       0      0      0 S   0.0   0.0   0:01.94 ksoftirqd/0                                                      
     11 root      20   0       0      0      0 I   0.0   0.0   0:00.70 rcu_sched                                                        
     12 root      rt   0       0      0      0 S   0.0   0.0   0:00.00 migration/0                                                      
     13 root      20   0       0      0      0 S   0.0   0.0   0:00.00 cpuhp/0                                                          
     14 root      20   0       0      0      0 S   0.0   0.0   0:00.00 cpuhp/1                                                          
     15 root      rt   0       0      0      0 S   0.0   0.0   0:00.00 migration/1                                                      
     16 root      20   0       0      0      0 S   0.0   0.0   0:00.32 ksoftirqd/1                                                      
     19 root      20   0       0      0      0 S   0.0   0.0   0:00.00 cpuhp/2                                                          
     20 root      rt   0       0      0      0 S   0.0   0.0   0:00.00 migration/2                                                      
     21 root      20   0       0      0      0 S   0.0   0.0   0:00.38 ksoftirqd/2                                                      
     23 root       0 -20       0      0      0 I   0.0   0.0   0:00.15 kworker/2:0H-kblockd                                             
     24 root      20   0       0      0      0 S   0.0   0.0   0:00.00 cpuhp/3                                                          
     25 root      rt   0       0      0      0 S   0.0   0.0   0:00.00 migration/3                                                      
     26 root      20   0       0      0      0 S   0.0   0.0   0:00.00 ksoftirqd/3                                                      
     27 root      20   0       0      0      0 I   0.0   0.0   0:00.00 kworker/3:0-mm_percpu_wq                                         
     28 root       0 -20       0      0      0 I   0.0   0.0   0:00.00 kworker/3:0H                                                     
     29 root      20   0       0      0      0 S   0.0   0.0   0:00.01 kdevtmpfs                                                        
     30 root       0 -20       0      0      0 I   0.0   0.0   0:00.00 inet_frag_wq                                                     
     32 root      20   0       0      0      0 S   0.0   0.0   0:00.02 kauditd                                                          
     33 root      20   0       0      0      0 S   0.0   0.0   0:00.00 oom_reaper                                                       
     34 root       0 -20       0      0      0 I   0.0   0.0   0:00.00 writeback                                                        
     35 root      20   0       0      0      0 S   0.0   0.0   0:00.01 kcompactd0                                                       
     36 root      39  19       0      0      0 S   0.0   0.0   0:00.00 khugepaged                                                       
     37 root       0 -20       0      0      0 I   0.0   0.0   0:00.00 kblockd                                                          
     38 root       0 -20       0      0      0 I   0.0   0.0   0:00.00 blkcg_punt_bio                                                   
     39 root       0 -20       0      0      0 I   0.0   0.0   0:00.00 edac-poller                                                      
     40 root     -51   0       0      0      0 S   0.0   0.0   0:00.00 watchdogd                                                        
     42 root      20   0       0      0      0 I   0.0   0.0   0:00.11 kworker/1:1-cgroup_destroy                                       
     43 root       0 -20       0      0      0 I   0.0   0.0   0:00.00 rpciod                                                           top - 09:39:31 up 9 min,  2 users,  load average: 0.65, 0.76, 0.45
Tasks: 166 total,   1 running, 165 sleeping,   0 stopped,   0 zombie
%Cpu(s):  3.0 us, 11.9 sy,  0.0 ni, 85.1 id,  0.0 wa,  0.0 hi,  0.0 si,  0.0 st
MiB Mem :    986.7 total,     59.7 free,    152.1 used,    774.8 buff/cache
MiB Swap:      0.0 total,      0.0 free,      0.0 used.    101.7 avail Mem 

    PID USER      PR  NI    VIRT    RES    SHR S  %CPU  %MEM     TIME+ COMMAND                                                          
  17012 admin     20   0    5808   2792   2108 R  11.8   0.3   0:00.09 top                                                              
   5068 root      20   0   88276   2972   1840 S   5.9   0.3   0:36.66 dpd-smp -u 5                                                     
      1 root      20   0   97840  10856   6716 S   0.0   1.1   0:13.27 /init                                                            
      2 root      20   0       0      0      0 S   0.0   0.0   0:00.01 [kthreadd]                                                       
      3 root       0 -20       0      0      0 I   0.0   0.0   0:00.00 [rcu_gp]                                                         
      4 root       0 -20       0      0      0 I   0.0   0.0   0:00.00 [rcu_par_gp]                                                     
      5 root       0 -20       0      0      0 I   0.0   0.0   0:00.00 [netns]                                                          
      7 root       0 -20       0      0      0 I   0.0   0.0   0:00.27 [kworker/0:0H-mmc_complete]                                      
      8 root      20   0       0      0      0 I   0.0   0.0   0:05.19 [kworker/u8:0-ext4-rsv-conversion]                               
      9 root       0 -20       0      0      0 I   0.0   0.0   0:00.00 [mm_percpu_wq]                                                   
     10 root      20   0       0      0      0 S   0.0   0.0   0:01.94 [ksoftirqd/0]                                                    
     11 root      20   0       0      0      0 I   0.0   0.0   0:00.70 [rcu_sched]                                                      
     12 root      rt   0       0      0      0 S   0.0   0.0   0:00.00 [migration/0]                                                    
     13 root      20   0       0      0      0 S   0.0   0.0   0:00.00 [cpuhp/0]                                                        
     14 root      20   0       0      0      0 S   0.0   0.0   0:00.00 [cpuhp/1]                                                        
     15 root      rt   0       0      0      0 S   0.0   0.0   0:00.00 [migration/1]                                                    
     16 root      20   0       0      0      0 S   0.0   0.0   0:00.32 [ksoftirqd/1]                                                    
     19 root      20   0       0      0      0 S   0.0   0.0   0:00.00 [cpuhp/2]                                                        
     20 root      rt   0       0      0      0 S   0.0   0.0   0:00.00 [migration/2]                                                    
     21 root      20   0       0      0      0 S   0.0   0.0   0:00.38 [ksoftirqd/2]                                                    
     23 root       0 -20       0      0      0 I   0.0   0.0   0:00.15 [kworker/2:0H-kblockd]                                           
     24 root      20   0       0      0      0 S   0.0   0.0   0:00.00 [cpuhp/3]                                                        
     25 root      rt   0       0      0      0 S   0.0   0.0   0:00.00 [migration/3]                                                    
     26 root      20   0       0      0      0 S   0.0   0.0   0:00.00 [ksoftirqd/3]                                                    
     27 root      20   0       0      0      0 I   0.0   0.0   0:00.00 [kworker/3:0-mm_percpu_wq]                                       
     28 root       0 -20       0      0      0 I   0.0   0.0   0:00.00 [kworker/3:0H]                                                   
     29 root      20   0       0      0      0 S   0.0   0.0   0:00.01 [kdevtmpfs]                                                      
     30 root       0 -20       0      0      0 I   0.0   0.0   0:00.00 [inet_frag_wq]                                                   
     32 root      20   0       0      0      0 S   0.0   0.0   0:00.02 [kauditd]                                                        
     33 root      20   0       0      0      0 S   0.0   0.0   0:00.00 [oom_reaper]                                                     
     34 root       0 -20       0      0      0 I   0.0   0.0   0:00.00 [writeback]                                                      
     35 root      20   0       0      0      0 S   0.0   0.0   0:00.01 [kcompactd0]                                                     
     36 root      39  19       0      0      0 S   0.0   0.0   0:00.00 [khugepaged]                                                     
     37 root       0 -20       0      0      0 I   0.0   0.0   0:00.00 [kblockd]                                                        
     38 root       0 -20       0      0      0 I   0.0   0.0   0:00.00 [blkcg_punt_bio]                                                 
     39 root       0 -20       0      0      0 I   0.0   0.0   0:00.00 [edac-poller]                                                    
     40 root     -51   0       0      0      0 S   0.0   0.0   0:00.00 [watchdogd]                                                      
     42 root      20   0       0      0      0 I   0.0   0.0   0:00.11 [kworker/1:1-cgroup_destroy]                                     
     43 root       0 -20       0      0      0 I   0.0   0.0   0:00.00 [rpciod]                                                         
     45 root       0 -20       0      0      0 I   0.0   0.0   0:00.00 [xprtiod]                                                        
     47 root      20   0       0      0      0 S   0.0   0.0   0:00.33 [kswapd0]                                                        
     48 root      20   0       0      0      0 S   0.0   0.0   0:00.00 [ecryptfs-kthread]                                               
     49 root       0 -20       0      0      0 I   0.0   0.0   0:00.00 [nfsiod]                                                         
     51 root      20   0       0      0      0 S   0.0   0.0   0:00.00 [xenbus_probe]                                                   
     52 root      20   0       0      0      0 I   0.0   0.0   0:00.24 [kworker/0:2-ipv6_addrconf]                                      
     53 root      20   0       0      0      0 I   0.0   0.0   0:00.35 [kworker/u8:2-events_unbound]                                    
     54 root     -51   0       0      0      0 S   0.0   0.0   0:00.00 [zynqmp-aes.0-engine]                                            
     55 root      20   0       0      0      0 S   0.0   0.0   0:00.08 [kpktgend_0]                                                     
     56 root      20   0       0      0      0 S   0.0   0.0   0:00.06 [kpktgend_1]                                                     
     57 root      20   0       0      0      0 S   0.0   0.0   0:00.06 [kpktgend_2]                                                     
     58 root      20   0       0      0      0 S   0.0   0.0   0:00.04 [kpktgend_3]                                                     
     59 root       0 -20       0      0      0 I   0.0   0.0   0:00.00 [mld]                                                            
     60 root       0 -20       0      0      0 I   0.0   0.0   0:00.00 [ipv6_addrconf]                                                  
    128 root      20   0       0      0      0 S   0.0   0.0   0:00.00 [spi1]                                                           top - 09:39:33 up 9 min,  2 users,  load average: 0.65, 0.76, 0.45
Tasks: 166 total,   1 running, 165 sleeping,   0 stopped,   0 zombie
%Cpu(s):  3.1 us,  7.2 sy,  0.0 ni, 89.6 id,  0.0 wa,  0.0 hi,  0.1 si,  0.0 st
MiB Mem :    986.7 total,     59.2 free,    152.6 used,    774.9 buff/cache
MiB Swap:      0.0 total,      0.0 free,      0.0 used.    101.2 avail Mem 

    PID USER      PR  NI    VIRT    RES    SHR S  %CPU  %MEM     TIME+ COMMAND                                                          
   5068 root      20   0   88276   2972   1840 S   6.4   0.3   0:36.80 dpd-smp                                                          
   6693 root      20   0  633272   7940   4576 S   4.5   0.8   0:21.34 sync_timing_ptp                                                  
   5892 root      20   0    6616   3216   2796 S   3.6   0.3   0:15.10 oda                                                              
   5860 root      20   0  244384   4616   3800 S   1.8   0.5   0:09.67 sync_timing_cor                                                  
   6606 root      20   0  609132  12584   7584 S   1.8   1.2   0:13.35 netopeer2-serve                                                  
   2033 root      20   0       0      0      0 S   1.4   0.0   0:06.45 fpga_drvd                                                        
   4370 root      20   0    3704   2416   1572 S   1.4   0.2   0:03.60 dsclswell                                                        
   2241 root      20   0    2164   1056    852 S   0.9   0.1   0:03.18 syslogd                                                          
   5969 root      20   0    9456   4380   3416 S   0.9   0.4   0:04.74 devif                                                            
   5999 root      20   0  103452  11676   8304 S   0.9   1.2   0:05.90 rud                                                              
    191 root      20   0   34496  14268  13476 S   0.5   1.4   0:03.54 systemd-journal                                                  
   1914 message+  20   0    5796   3616   3132 S   0.5   0.4   0:06.18 dbus-daemon                                                      
   4318 root      20   0  201072  15040   1580 S   0.5   1.5   0:00.70 dscllogd                                                         
   4550 root      20   0    2376    816    716 S   0.5   0.1   0:00.82 gpio_ctrl                                                        
   5920 root      20   0  304008  19640   4388 S   0.5   1.9   0:07.05 sysrepod                                                         
   6324 root      20   0  384060   4188   3632 S   0.5   0.4   0:03.34 ptp_ctrl                                                         
   6354 root      20   0  605084   4260   3512 S   0.5   0.4   0:00.93 synce_ctrl                                                       
  17012 admin     20   0    5808   2792   2108 R   0.5   0.3   0:00.10 top                                                              
      1 root      20   0   97840  10856   6716 S   0.0   1.1   0:13.27 systemd                                                          
      2 root      20   0       0      0      0 S   0.0   0.0   0:00.01 kthreadd                                                         
      3 root       0 -20       0      0      0 I   0.0   0.0   0:00.00 rcu_gp                                                           
      4 root       0 -20       0      0      0 I   0.0   0.0   0:00.00 rcu_par_gp                                                       
      5 root       0 -20       0      0      0 I   0.0   0.0   0:00.00 netns                                                            
      7 root       0 -20       0      0      0 I   0.0   0.0   0:00.27 kworker/0:0H-mmc_complete                                        
      8 root      20   0       0      0      0 I   0.0   0.0   0:05.19 kworker/u8:0-ext4-rsv-conversion                                 
      9 root       0 -20       0      0      0 I   0.0   0.0   0:00.00 mm_percpu_wq                                                     
     10 root      20   0       0      0      0 S   0.0   0.0   0:01.94 ksoftirqd/0                                                      
     11 root      20   0       0      0      0 I   0.0   0.0   0:00.70 rcu_sched                                                        
     12 root      rt   0       0      0      0 S   0.0   0.0   0:00.00 migration/0                                                      
     13 root      20   0       0      0      0 S   0.0   0.0   0:00.00 cpuhp/0                                                          
     14 root      20   0       0      0      0 S   0.0   0.0   0:00.00 cpuhp/1                                                          
     15 root      rt   0       0      0      0 S   0.0   0.0   0:00.00 migration/1                                                      
     16 root      20   0       0      0      0 S   0.0   0.0   0:00.32 ksoftirqd/1                                                      
     19 root      20   0       0      0      0 S   0.0   0.0   0:00.00 cpuhp/2                                                          
     20 root      rt   0       0      0      0 S   0.0   0.0   0:00.00 migration/2                                                      
     21 root      20   0       0      0      0 S   0.0   0.0   0:00.38 ksoftirqd/2                                                      
     23 root       0 -20       0      0      0 I   0.0   0.0   0:00.15 kworker/2:0H-kblockd                                             
     24 root      20   0       0      0      0 S   0.0   0.0   0:00.00 cpuhp/3                                                          
     25 root      rt   0       0      0      0 S   0.0   0.0   0:00.00 migration/3                                                      
     26 root      20   0       0      0      0 S   0.0   0.0   0:00.00 ksoftirqd/3                                                      
     27 root      20   0       0      0      0 I   0.0   0.0   0:00.00 kworker/3:0-mm_percpu_wq                                         
     28 root       0 -20       0      0      0 I   0.0   0.0   0:00.00 kworker/3:0H                                                     
     29 root      20   0       0      0      0 S   0.0   0.0   0:00.01 kdevtmpfs                                                        
     30 root       0 -20       0      0      0 I   0.0   0.0   0:00.00 inet_frag_wq                                                     
     32 root      20   0       0      0      0 S   0.0   0.0   0:00.02 kauditd                                                          
     33 root      20   0       0      0      0 S   0.0   0.0   0:00.00 oom_reaper                                                       
     34 root       0 -20       0      0      0 I   0.0   0.0   0:00.00 writeback                                                        
     35 root      20   0       0      0      0 S   0.0   0.0   0:00.01 kcompactd0                                                       
     36 root      39  19       0      0      0 S   0.0   0.0   0:00.00 khugepaged                                                       
     37 root       0 -20       0      0      0 I   0.0   0.0   0:00.00 kblockd                                                          
     38 root       0 -20       0      0      0 I   0.0   0.0   0:00.00 blkcg_punt_bio                                                   
     39 root       0 -20       0      0      0 I   0.0   0.0   0:00.00 edac-poller                                                      
     40 root     -51   0       0      0      0 S   0.0   0.0   0:00.00 watchdogd                                                        
     42 root      20   0       0      0      0 I   0.0   0.0   0:00.11 kworker/1:1-cgroup_destroy                                       top - 09:39:35 up 9 min,  2 users,  load average: 0.65, 0.76, 0.45
Tasks: 166 total,   1 running, 165 sleeping,   0 stopped,   0 zombie
%Cpu(s):  2.7 us,  6.7 sy,  0.0 ni, 90.6 id,  0.0 wa,  0.0 hi,  0.0 si,  0.0 st
MiB Mem :    986.7 total,     59.0 free,    152.8 used,    774.9 buff/cache
MiB Swap:      0.0 total,      0.0 free,      0.0 used.    101.0 avail Mem 

    PID USER      PR  NI    VIRT    RES    SHR S  %CPU  %MEM     TIME+ COMMAND                                                          
   5068 root      20   0   88276   2972   1840 S   6.9   0.3   0:36.89 dpd-smp -u 5                                                     
   6693 root      20   0  633272   7940   4576 S   3.8   0.8   0:21.39 /usr/bin/sync_timing_ptp2stack /etc/sync_timing_ptp2_default.co+ 
   6606 root      20   0  609132  12584   7584 S   3.1   1.2   0:13.39 /usr/bin/netopeer2-server -U -m 0770 -v 1                        
   5860 root      20   0  244384   4616   3800 S   2.3   0.5   0:09.70 /usr/bin/sync_timing_core_driver                                 
  17012 admin     20   0    5808   2792   2108 R   2.3   0.3   0:00.13 top                                                              
   5892 root      20   0    6616   3216   2796 S   1.5   0.3   0:15.12 /usr/local/bin/oda                                               
   5969 root      20   0    9456   4380   3416 S   1.5   0.4   0:04.76 /usr/local/bin/devif                                             
   5999 root      20   0  103452  11676   8304 S   1.5   1.2   0:05.92 /usr/local/bin/rud                                               
   2033 root      20   0       0      0      0 S   0.8   0.0   0:06.46 [fpga_drvd]                                                      
   5072 root      20   0    3888   2868   2560 S   0.8   0.3   0:00.62 /bin/sh /usr/local/script/run_rfsoc_hard_ip_b.sh                 
   5094 root      20   0  151308   2512   2052 S   0.8   0.2   0:00.94 /usr/local/bin/rfdcd                                             
   6324 root      20   0  384060   4188   3632 S   0.8   0.4   0:03.35 /usr/local/bin/ptp_ctrl 0                                        
      1 root      20   0   97840  10856   6716 S   0.0   1.1   0:13.27 /init                                                            
      2 root      20   0       0      0      0 S   0.0   0.0   0:00.01 [kthreadd]                                                       
      3 root       0 -20       0      0      0 I   0.0   0.0   0:00.00 [rcu_gp]                                                         
      4 root       0 -20       0      0      0 I   0.0   0.0   0:00.00 [rcu_par_gp]                                                     
      5 root       0 -20       0      0      0 I   0.0   0.0   0:00.00 [netns]                                                          
      7 root       0 -20       0      0      0 I   0.0   0.0   0:00.27 [kworker/0:0H-mmc_complete]                                      
      8 root      20   0       0      0      0 I   0.0   0.0   0:05.19 [kworker/u8:0-ext4-rsv-conversion]                               
      9 root       0 -20       0      0      0 I   0.0   0.0   0:00.00 [mm_percpu_wq]                                                   
     10 root      20   0       0      0      0 S   0.0   0.0   0:01.94 [ksoftirqd/0]                                                    
     11 root      20   0       0      0      0 I   0.0   0.0   0:00.70 [rcu_sched]                                                      
     12 root      rt   0       0      0      0 S   0.0   0.0   0:00.00 [migration/0]                                                    
     13 root      20   0       0      0      0 S   0.0   0.0   0:00.00 [cpuhp/0]                                                        
     14 root      20   0       0      0      0 S   0.0   0.0   0:00.00 [cpuhp/1]                                                        
     15 root      rt   0       0      0      0 S   0.0   0.0   0:00.00 [migration/1]                                                    
     16 root      20   0       0      0      0 S   0.0   0.0   0:00.32 [ksoftirqd/1]                                                    
     19 root      20   0       0      0      0 S   0.0   0.0   0:00.00 [cpuhp/2]                                                        
     20 root      rt   0       0      0      0 S   0.0   0.0   0:00.00 [migration/2]                                                    
     21 root      20   0       0      0      0 S   0.0   0.0   0:00.38 [ksoftirqd/2]                                                    
     23 root       0 -20       0      0      0 I   0.0   0.0   0:00.15 [kworker/2:0H-kblockd]                                           
     24 root      20   0       0      0      0 S   0.0   0.0   0:00.00 [cpuhp/3]                                                        
     25 root      rt   0       0      0      0 S   0.0   0.0   0:00.00 [migration/3]                                                    
     26 root      20   0       0      0      0 S   0.0   0.0   0:00.00 [ksoftirqd/3]                                                    
     27 root      20   0       0      0      0 I   0.0   0.0   0:00.00 [kworker/3:0-mm_percpu_wq]                                       
     28 root       0 -20       0      0      0 I   0.0   0.0   0:00.00 [kworker/3:0H]                                                   
     29 root      20   0       0      0      0 S   0.0   0.0   0:00.01 [kdevtmpfs]                                                      
     30 root       0 -20       0      0      0 I   0.0   0.0   0:00.00 [inet_frag_wq]                                                   
     32 root      20   0       0      0      0 S   0.0   0.0   0:00.02 [kauditd]                                                        
     33 root      20   0       0      0      0 S   0.0   0.0   0:00.00 [oom_reaper]                                                     
     34 root       0 -20       0      0      0 I   0.0   0.0   0:00.00 [writeback]                                                      
     35 root      20   0       0      0      0 S   0.0   0.0   0:00.01 [kcompactd0]                                                     
     36 root      39  19       0      0      0 S   0.0   0.0   0:00.00 [khugepaged]                                                     
     37 root       0 -20       0      0      0 I   0.0   0.0   0:00.00 [kblockd]                                                        
     38 root       0 -20       0      0      0 I   0.0   0.0   0:00.00 [blkcg_punt_bio]                                                 
     39 root       0 -20       0      0      0 I   0.0   0.0   0:00.00 [edac-poller]                                                    
     40 root     -51   0       0      0      0 S   0.0   0.0   0:00.00 [watchdogd]                                                      
     42 root      20   0       0      0      0 I   0.0   0.0   0:00.11 [kworker/1:1-cgroup_destroy]                                     
     43 root       0 -20       0      0      0 I   0.0   0.0   0:00.00 [rpciod]                                                         
     45 root       0 -20       0      0      0 I   0.0   0.0   0:00.00 [xprtiod]                                                        
     47 root      20   0       0      0      0 S   0.0   0.0   0:00.33 [kswapd0]                                                        
     48 root      20   0       0      0      0 S   0.0   0.0   0:00.00 [ecryptfs-kthread]                                               
     49 root       0 -20       0      0      0 I   0.0   0.0   0:00.00 [nfsiod]                                                         
     51 root      20   0       0      0      0 S   0.0   0.0   0:00.00 [xenbus_probe]                                                   top - 09:39:38 up 10 min,  2 users,  load average: 0.60, 0.75, 0.45

%Cpu(s):  3.0 us,  7.2 sy,  0.0 ni, 89.6 id,  0.0 wa,  0.0 hi,  0.2 si,  0.0 st
MiB Mem :    986.7 total,     58.0 free,    153.6 used,    775.0 buff/cache
MiB Swap:      0.0 total,      0.0 free,      0.0 used.    100.1 avail Mem 


   5068 root      20   0   88276   2972   1840 S   6.6   0.3   0:37.09 dpd-smp -u 5                                                     
   6693 root      20   0  633272   7940   4576 S   4.3   0.8   0:21.52 /usr/bin/sync_timing_ptp2stack /etc/sync_timing_ptp2_default.co+ 
   5892 root      20   0    6616   3216   2796 S   3.3   0.3   0:15.22 /usr/local/bin/oda                                               
   5860 root      20   0  244384   4616   3800 S   2.0   0.5   0:09.76 /usr/bin/sync_timing_core_driver                                 
   6606 root      20   0  609132  12584   7584 S   2.0   1.2   0:13.45 /usr/bin/netopeer2-server -U -m 0770 -v 1                        
   2033 root      20   0       0      0      0 S   1.7   0.0   0:06.51 [fpga_drvd]                                                      
   5999 root      20   0  103452  11676   8304 S   1.3   1.2   0:05.96 /usr/local/bin/rud                                               
    191 root      20   0   34496  14532  13740 S   0.7   1.4   0:03.56 /lib/systemd/systemd-journald                                    
   1914 message+  20   0    5796   3616   3132 S   0.7   0.4   0:06.20 /usr/bin/dbus-daemon --system --address=systemd: --nofork --nop+ 
   2241 root      20   0    2164   1056    852 S   0.7   0.1   0:03.20 /sbin/syslogd -n -S -s 10000 -b 20                               
   4370 root      20   0    3704   2416   1572 S   0.7   0.2   0:03.62 /usr/local/bin/dsclswell                                         
   5969 root      20   0    9456   4380   3416 S   0.7   0.4   0:04.78 /usr/local/bin/devif                                             
   6324 root      20   0  384060   4188   3632 S   0.7   0.4   0:03.37 /usr/local/bin/ptp_ctrl 0                                        
  17012 admin     20   0    5808   2792   2108 R   0.7   0.3   0:00.15 top                                                              
      1 root      20   0   97840  10856   6716 S   0.3   1.1   0:13.28 /init                                                            
     11 root      20   0       0      0      0 I   0.3   0.0   0:00.71 [rcu_sched]                                                      
     21 root      20   0       0      0      0 S   0.3   0.0   0:00.39 [ksoftirqd/2]                                                    
    202 root      20   0       0      0      0 I   0.3   0.0   0:00.44 [kworker/2:3-events_long]                                        
   6025 root      20   0    9212   3224   2828 S   0.3   0.3   0:00.20 /usr/local/bin/watchdogd                                         
   6354 root      20   0  605084   4260   3512 S   0.3   0.4   0:00.94 /usr/local/bin/synce_ctrl 0                                      
      2 root      20   0       0      0      0 S   0.0   0.0   0:00.01 [kthreadd]                                                       
      3 root       0 -20       0      0      0 I   0.0   0.0   0:00.00 [rcu_gp]                                                         
      4 root       0 -20       0      0      0 I   0.0   0.0   0:00.00 [rcu_par_gp]                                                     
      5 root       0 -20       0      0      0 I   0.0   0.0   0:00.00 [netns]                                                          
      7 root       0 -20       0      0      0 I   0.0   0.0   0:00.27 [kworker/0:0H-mmc_complete]                                      
      8 root      20   0       0      0      0 I   0.0   0.0   0:05.19 [kworker/u8:0-ext4-rsv-conversion]                               
      9 root       0 -20       0      0      0 I   0.0   0.0   0:00.00 [mm_percpu_wq]                                                   
     10 root      20   0       0      0      0 S   0.0   0.0   0:01.94 [ksoftirqd/0]                                                    
     12 root      rt   0       0      0      0 S   0.0   0.0   0:00.00 [migration/0]                                                    
     13 root      20   0       0      0      0 S   0.0   0.0   0:00.00 [cpuhp/0]                                                        
     14 root      20   0       0      0      0 S   0.0   0.0   0:00.00 [cpuhp/1]                                                        
     15 root      rt   0       0      0      0 S   0.0   0.0   0:00.00 [migration/1]                                                    
     16 root      20   0       0      0      0 S   0.0   0.0   0:00.32 [ksoftirqd/1]                                                    
     19 root      20   0       0      0      0 S   0.0   0.0   0:00.00 [cpuhp/2]                                                        
     20 root      rt   0       0      0      0 S   0.0   0.0   0:00.00 [migration/2]                                                    
     23 root       0 -20       0      0      0 I   0.0   0.0   0:00.15 [kworker/2:0H-kblockd]                                           
     24 root      20   0       0      0      0 S   0.0   0.0   0:00.00 [cpuhp/3]                                                        
     25 root      rt   0       0      0      0 S   0.0   0.0   0:00.00 [migration/3]                                                    
     26 root      20   0       0      0      0 S   0.0   0.0   0:00.00 [ksoftirqd/3]                                                    
     27 root      20   0       0      0      0 I   0.0   0.0   0:00.00 [kworker/3:0-mm_percpu_wq]                                       
     28 root       0 -20       0      0      0 I   0.0   0.0   0:00.00 [kworker/3:0H]                                                   
     29 root      20   0       0      0      0 S   0.0   0.0   0:00.01 [kdevtmpfs]                                                      
     30 root       0 -20       0      0      0 I   0.0   0.0   0:00.00 [inet_frag_wq]                                                   
     32 root      20   0       0      0      0 S   0.0   0.0   0:00.02 [kauditd]                                                        
     33 root      20   0       0      0      0 S   0.0   0.0   0:00.00 [oom_reaper]                                                     
     34 root       0 -20       0      0      0 I   0.0   0.0   0:00.00 [writeback]                                                      
     35 root      20   0       0      0      0 S   0.0   0.0   0:00.01 [kcompactd0]                                                     
     36 root      39  19       0      0      0 S   0.0   0.0   0:00.00 [khugepaged]                                                     
     37 root       0 -20       0      0      0 I   0.0   0.0   0:00.00 [kblockd]                                                        
     38 root       0 -20       0      0      0 I   0.0   0.0   0:00.00 [blkcg_punt_bio]                                                 
     39 root       0 -20       0      0      0 I   0.0   0.0   0:00.00 [edac-poller]                                                    
     40 root     -51   0       0      0      0 S   0.0   0.0   0:00.00 [watchdogd]                                                      
     42 root      20   0       0      0      0 I   0.0   0.0   0:00.11 [kworker/1:1-cgroup_destroy]                                     
     43 root       0 -20       0      0      0 I   0.0   0.0   0:00.00 [rpciod]                                                         top - 09:39:41 up 10 min,  2 users,  load average: 0.60, 0.75, 0.45

%Cpu(s):  3.1 us,  7.6 sy,  0.0 ni, 89.3 id,  0.0 wa,  0.0 hi,  0.0 si,  0.0 st
MiB Mem :    986.7 total,     58.8 free,    152.8 used,    775.1 buff/cache
MiB Swap:      0.0 total,      0.0 free,      0.0 used.    101.0 avail Mem 


   5068 root      20   0   88276   2972   1840 S   6.6   0.3   0:37.29 dpd-smp -u 5                                                     
   6693 root      20   0  633272   7940   4576 S   4.3   0.8   0:21.65 /usr/bin/sync_timing_ptp2stack /etc/sync_timing_ptp2_default.co+ 
   5892 root      20   0    6616   3216   2796 S   2.6   0.3   0:15.30 /usr/local/bin/oda                                               
   5860 root      20   0  244384   4616   3800 S   2.0   0.5   0:09.82 /usr/bin/sync_timing_core_driver                                 
   6606 root      20   0  609132  12584   7584 S   2.0   1.2   0:13.51 /usr/bin/netopeer2-server -U -m 0770 -v 1                        
   2033 root      20   0       0      0      0 S   1.3   0.0   0:06.55 [fpga_drvd]                                                      
   5969 root      20   0    9456   4380   3416 S   1.3   0.4   0:04.82 /usr/local/bin/devif                                             
   5999 root      20   0  103452  11676   8304 S   1.0   1.2   0:05.99 /usr/local/bin/rud                                               
  17012 admin     20   0    5808   2792   2108 R   1.0   0.3   0:00.18 top                                                              
   2241 root      20   0    2164   1056    852 S   0.7   0.1   0:03.22 /sbin/syslogd -n -S -s 10000 -b 20                               
   4370 root      20   0    3704   2416   1572 S   0.7   0.2   0:03.64 /usr/local/bin/dsclswell                                         
   6324 root      20   0  384060   4188   3632 S   0.7   0.4   0:03.39 /usr/local/bin/ptp_ctrl 0                                        
     52 root      20   0       0      0      0 I   0.3   0.0   0:00.25 [kworker/0:2-events_power_efficient]                             
    191 root      20   0   34496  14532  13740 S   0.3   1.4   0:03.57 /lib/systemd/systemd-journald                                    
   1914 message+  20   0    5796   3616   3132 S   0.3   0.4   0:06.21 /usr/bin/dbus-daemon --system --address=systemd: --nofork --nop+ 
   4550 root      20   0    2376    816    716 S   0.3   0.1   0:00.83 /usr/local/bin/gpio_ctrl                                         
   5072 root      20   0    3888   2868   2560 S   0.3   0.3   0:00.63 /bin/sh /usr/local/script/run_rfsoc_hard_ip_b.sh                 
   6354 root      20   0  605084   4260   3512 S   0.3   0.4   0:00.95 /usr/local/bin/synce_ctrl 0                                      
  12606 admin     20   0   11412   5276   4132 S   0.3   0.5   0:00.04 sshd: admin@pts/0                                                
      1 root      20   0   97840  10856   6716 S   0.0   1.1   0:13.28 /init                                                            








     11 root      20   0       0      0      0 I   0.0   0.0   0:00.71 [rcu_sched]                                                      
     12 root      rt   0       0      0      0 S   0.0   0.0   0:00.00 [migration/0]                                                    
     13 root      20   0       0      0      0 S   0.0   0.0   0:00.00 [cpuhp/0]                                                        
     14 root      20   0       0      0      0 S   0.0   0.0   0:00.00 [cpuhp/1]                                                        
     15 root      rt   0       0      0      0 S   0.0   0.0   0:00.00 [migration/1]                                                    
     16 root      20   0       0      0      0 S   0.0   0.0   0:00.32 [ksoftirqd/1]                                                    
     19 root      20   0       0      0      0 S   0.0   0.0   0:00.00 [cpuhp/2]                                                        
     20 root      rt   0       0      0      0 S   0.0   0.0   0:00.00 [migration/2]                                                    
     21 root      20   0       0      0      0 S   0.0   0.0   0:00.39 [ksoftirqd/2]                                                    
     23 root       0 -20       0      0      0 I   0.0   0.0   0:00.15 [kworker/2:0H-kblockd]                                           
     24 root      20   0       0      0      0 S   0.0   0.0   0:00.00 [cpuhp/3]                                                        
     25 root      rt   0       0      0      0 S   0.0   0.0   0:00.00 [migration/3]                                                    
     26 root      20   0       0      0      0 S   0.0   0.0   0:00.00 [ksoftirqd/3]                                                    
     27 root      20   0       0      0      0 I   0.0   0.0   0:00.00 [kworker/3:0-mm_percpu_wq]                                       
     28 root       0 -20       0      0      0 I   0.0   0.0   0:00.00 [kworker/3:0H]                                                   
     29 root      20   0       0      0      0 S   0.0   0.0   0:00.01 [kdevtmpfs]                                                      
     30 root       0 -20       0      0      0 I   0.0   0.0   0:00.00 [inet_frag_wq]                                                   
     32 root      20   0       0      0      0 S   0.0   0.0   0:00.02 [kauditd]                                                        
     33 root      20   0       0      0      0 S   0.0   0.0   0:00.00 [oom_reaper]                                                     
     34 root       0 -20       0      0      0 I   0.0   0.0   0:00.00 [writeback]                                                      
     35 root      20   0       0      0      0 S   0.0   0.0   0:00.01 [kcompactd0]                                                     
     36 root      39  19       0      0      0 S   0.0   0.0   0:00.00 [khugepaged]                                                     
     37 root       0 -20       0      0      0 I   0.0   0.0   0:00.00 [kblockd]                                                        
     38 root       0 -20       0      0      0 I   0.0   0.0   0:00.00 [blkcg_punt_bio]                                                 
     39 root       0 -20       0      0      0 I   0.0   0.0   0:00.00 [edac-poller]                                                    
     40 root     -51   0       0      0      0 S   0.0   0.0   0:00.00 [watchdogd]                                                      top - 09:39:44 up 10 min,  2 users,  load average: 0.55, 0.73, 0.45

%Cpu(s):  3.5 us, 10.7 sy,  0.0 ni, 85.7 id,  0.0 wa,  0.0 hi,  0.1 si,  0.0 st
MiB Mem :    986.7 total,     58.1 free,    153.4 used,    775.2 buff/cache
MiB Swap:      0.0 total,      0.0 free,      0.0 used.    100.4 avail Mem 


   5068 root      20   0   88276   2972   1840 S   6.6   0.3   0:37.49 dpd-smp -u 5                                                     
   6693 root      20   0  633272   7940   4576 S   4.6   0.8   0:21.79 /usr/bin/sync_timing_ptp2stack /etc/sync_timing_ptp2_default.co+ 
   5892 root      20   0    6616   3216   2796 S   3.0   0.3   0:15.39 /usr/local/bin/oda                                               
   6606 root      20   0  609132  12584   7584 S   2.3   1.2   0:13.58 /usr/bin/netopeer2-server -U -m 0770 -v 1                        
   5860 root      20   0  244384   4616   3800 S   2.0   0.5   0:09.88 /usr/bin/sync_timing_core_driver                                 
   2033 root      20   0       0      0      0 S   1.3   0.0   0:06.59 [fpga_drvd]                                                      
   5999 root      20   0  103452  11676   8304 S   1.3   1.2   0:06.03 /usr/local/bin/rud                                               
    191 root      20   0   34496  14532  13740 S   1.0   1.4   0:03.60 /lib/systemd/systemd-journald                                    
   5969 root      20   0    9456   4380   3416 S   1.0   0.4   0:04.85 /usr/local/bin/devif                                             
   2241 root      20   0    2164   1056    852 S   0.7   0.1   0:03.24 /sbin/syslogd -n -S -s 10000 -b 20                               
   4370 root      20   0    3704   2416   1572 S   0.7   0.2   0:03.66 /usr/local/bin/dsclswell                                         
  17012 admin     20   0    5808   2792   2108 R   0.7   0.3   0:00.20 top                                                              
  17444 root      20   0    4156   3124   2552 S   0.7   0.3   0:00.02 /bin/sh /usr/local/etc/udhcpc/default.script renew               
      1 root      20   0   97840  10856   6716 S   0.3   1.1   0:13.29 /init                                                            
     10 root      20   0       0      0      0 S   0.3   0.0   0:01.95 [ksoftirqd/0]                                                    
     11 root      20   0       0      0      0 I   0.3   0.0   0:00.72 [rcu_sched]                                                      
     53 root      20   0       0      0      0 I   0.3   0.0   0:00.36 [kworker/u8:2-edac-poller]                                       
   4441 systemd+  20   0   11136   6008   5360 S   0.3   0.6   0:00.40 /lib/systemd/systemd-networkd                                    
   5094 root      20   0  151308   2512   2052 S   0.3   0.2   0:00.95 /usr/local/bin/rfdcd                                             
   5340 root      20   0    3444    996    856 S   0.3   0.1   0:00.02 /usr/local/bin/sfp_ctrl 3 0 0x51 0x180 0x188 FPGA 0x190 0x198 1  
   6244 root      20   0    4020   2904   2548 S   0.3   0.3   0:00.46 /bin/sh /usr/local/script/watchdog_clear.sh                      
   6324 root      20   0  384060   4188   3632 S   0.3   0.4   0:03.40 /usr/local/bin/ptp_ctrl 0                                        
      2 root      20   0       0      0      0 S   0.0   0.0   0:00.01 [kthreadd]                                                       
      3 root       0 -20       0      0      0 I   0.0   0.0   0:00.00 [rcu_gp]                                                         
      4 root       0 -20       0      0      0 I   0.0   0.0   0:00.00 [rcu_par_gp]                                                     
      5 root       0 -20       0      0      0 I   0.0   0.0   0:00.00 [netns]                                                          
      7 root       0 -20       0      0      0 I   0.0   0.0   0:00.27 [kworker/0:0H-mmc_complete]                                      
      8 root      20   0       0      0      0 I   0.0   0.0   0:05.19 [kworker/u8:0-ext4-rsv-conversion]                               
      9 root       0 -20       0      0      0 I   0.0   0.0   0:00.00 [mm_percpu_wq]                                                   
























top - 09:39:47 up 10 min,  2 users,  load average: 0.51, 0.72, 0.45

%Cpu(s):  3.4 us,  8.2 sy,  0.0 ni, 88.3 id,  0.1 wa,  0.0 hi,  0.1 si,  0.0 st
MiB Mem :    986.7 total,     57.6 free,    153.8 used,    775.3 buff/cache
MiB Swap:      0.0 total,      0.0 free,      0.0 used.    100.0 avail Mem 


   5068 root      20   0   88276   2972   1840 S   7.0   0.3   0:37.70 dpd-smp -u 5                                                     
   6693 root      20   0  633272   7940   4576 S   4.6   0.8   0:21.93 /usr/bin/sync_timing_ptp2stack /etc/sync_timing_ptp2_default.co+ 
   5892 root      20   0    6616   3216   2796 S   2.6   0.3   0:15.47 /usr/local/bin/oda                                               
   6606 root      20   0  609132  12584   7584 S   2.3   1.2   0:13.65 /usr/bin/netopeer2-server -U -m 0770 -v 1                        
   5860 root      20   0  244384   4616   3800 S   1.7   0.5   0:09.93 /usr/bin/sync_timing_core_driver                                 
   2033 root      20   0       0      0      0 S   1.0   0.0   0:06.62 [fpga_drvd]                                                      
   5969 root      20   0    9456   4380   3416 S   1.0   0.4   0:04.88 /usr/local/bin/devif                                             
   5999 root      20   0  103452  11676   8304 S   1.0   1.2   0:06.06 /usr/local/bin/rud                                               
   6324 root      20   0  384060   4188   3632 S   1.0   0.4   0:03.43 /usr/local/bin/ptp_ctrl 0                                        
   2241 root      20   0    2164   1056    852 S   0.7   0.1   0:03.26 /sbin/syslogd -n -S -s 10000 -b 20                               
   4370 root      20   0    3704   2416   1572 S   0.7   0.2   0:03.68 /usr/local/bin/dsclswell                                         
  17012 admin     20   0    5808   2792   2108 R   0.7   0.3   0:00.22 top                                                              
    549 root       0 -20       0      0      0 I   0.3   0.0   0:00.44 [kworker/1:2H-kblockd]                                           
   1071 root      20   0       0      0      0 S   0.3   0.0   0:00.03 [jbd2/mmcblk0p13-8]                                              
   1914 message+  20   0    5796   3616   3132 S   0.3   0.4   0:06.22 /usr/bin/dbus-daemon --system --address=systemd: --nofork --nop+ 
   4318 root      20   0  201072  15040   1580 S   0.3   1.5   0:00.71 /usr/local/bin/dscllogd                                          
   4550 root      20   0    2376    816    716 S   0.3   0.1   0:00.84 /usr/local/bin/gpio_ctrl                                         
   4673 root      20   0    2640    852    732 S   0.3   0.1   0:00.06 /usr/local/bin/eeprom_ctrl 0 0 0x56                              
   5094 root      20   0  151308   2512   2052 S   0.3   0.2   0:00.96 /usr/local/bin/rfdcd                                             
   6354 root      20   0  605084   4260   3512 S   0.3   0.4   0:00.96 /usr/local/bin/synce_ctrl 0                                      
   6950 root      20   0   76244    832    720 S   0.3   0.1   0:00.17 /usr/local/bin/netstat_ctrl 0                                    
      1 root      20   0   97840  10856   6716 S   0.0   1.1   0:13.29 /init                                                            







     10 root      20   0       0      0      0 S   0.0   0.0   0:01.95 [ksoftirqd/0]                                                    
     11 root      20   0       0      0      0 I   0.0   0.0   0:00.72 [rcu_sched]                                                      
     12 root      rt   0       0      0      0 S   0.0   0.0   0:00.00 [migration/0]                                                    
     13 root      20   0       0      0      0 S   0.0   0.0   0:00.00 [cpuhp/0]                                                        
     14 root      20   0       0      0      0 S   0.0   0.0   0:00.00 [cpuhp/1]                                                        
     15 root      rt   0       0      0      0 S   0.0   0.0   0:00.00 [migration/1]                                                    
     16 root      20   0       0      0      0 S   0.0   0.0   0:00.32 [ksoftirqd/1]                                                    
     19 root      20   0       0      0      0 S   0.0   0.0   0:00.00 [cpuhp/2]                                                        
     20 root      rt   0       0      0      0 S   0.0   0.0   0:00.00 [migration/2]                                                    
     21 root      20   0       0      0      0 S   0.0   0.0   0:00.39 [ksoftirqd/2]                                                    
     23 root       0 -20       0      0      0 I   0.0   0.0   0:00.15 [kworker/2:0H-kblockd]                                           
     24 root      20   0       0      0      0 S   0.0   0.0   0:00.00 [cpuhp/3]                                                        
     25 root      rt   0       0      0      0 S   0.0   0.0   0:00.00 [migration/3]                                                    
     26 root      20   0       0      0      0 S   0.0   0.0   0:00.00 [ksoftirqd/3]                                                    
     27 root      20   0       0      0      0 I   0.0   0.0   0:00.00 [kworker/3:0-mm_percpu_wq]                                       
     28 root       0 -20       0      0      0 I   0.0   0.0   0:00.00 [kworker/3:0H]                                                   
     29 root      20   0       0      0      0 S   0.0   0.0   0:00.01 [kdevtmpfs]                                                      
     30 root       0 -20       0      0      0 I   0.0   0.0   0:00.00 [inet_frag_wq]                                                   
     32 root      20   0       0      0      0 S   0.0   0.0   0:00.02 [kauditd]                                                        
     33 root      20   0       0      0      0 S   0.0   0.0   0:00.00 [oom_reaper]                                                     
     34 root       0 -20       0      0      0 I   0.0   0.0   0:00.00 [writeback]                                                      
     35 root      20   0       0      0      0 S   0.0   0.0   0:00.01 [kcompactd0]                                                     
     36 root      39  19       0      0      0 S   0.0   0.0   0:00.00 [khugepaged]                                                     
     37 root       0 -20       0      0      0 I   0.0   0.0   0:00.00 [kblockd]                                                        
     38 root       0 -20       0      0      0 I   0.0   0.0   0:00.00 [blkcg_punt_bio]                                                 top - 09:39:50 up 10 min,  2 users,  load average: 0.51, 0.72, 0.45

%Cpu(s):  3.1 us,  7.8 sy,  0.0 ni, 89.1 id,  0.0 wa,  0.0 hi,  0.0 si,  0.0 st
MiB Mem :    986.7 total,     63.1 free,    148.7 used,    774.9 buff/cache
MiB Swap:      0.0 total,      0.0 free,      0.0 used.    105.1 avail Mem 


   5068 root      20   0   88276   2972   1840 S   6.3   0.3   0:37.89 dpd-smp -u 5                                                     
   6693 root      20   0  633272   7940   4576 S   4.3   0.8   0:22.06 /usr/bin/sync_timing_ptp2stack /etc/sync_timing_ptp2_default.co+ 
   5892 root      20   0    6616   3216   2796 S   3.3   0.3   0:15.57 /usr/local/bin/oda                                               
   5860 root      20   0  244384   4616   3800 S   2.3   0.5   0:10.00 /usr/bin/sync_timing_core_driver                                 
   6606 root      20   0  609132  12584   7584 S   2.3   1.2   0:13.72 /usr/bin/netopeer2-server -U -m 0770 -v 1                        
   2033 root      20   0       0      0      0 S   1.7   0.0   0:06.67 [fpga_drvd]                                                      
   5999 root      20   0  103452  11676   8304 S   1.3   1.2   0:06.10 /usr/local/bin/rud                                               
    191 root      20   0   34496  14532  13740 S   1.0   1.4   0:03.63 /lib/systemd/systemd-journald                                    
   5969 root      20   0    9456   4380   3416 S   1.0   0.4   0:04.91 /usr/local/bin/devif                                             
   2241 root      20   0    2164   1056    852 S   0.7   0.1   0:03.28 /sbin/syslogd -n -S -s 10000 -b 20                               
   4370 root      20   0    3704   2416   1572 S   0.7   0.2   0:03.70 /usr/local/bin/dsclswell                                         
   6324 root      20   0  384060   4188   3632 S   0.7   0.4   0:03.45 /usr/local/bin/ptp_ctrl 0                                        
  17012 admin     20   0    5808   2792   2108 R   0.7   0.3   0:00.24 top                                                              
    202 root      20   0       0      0      0 I   0.3   0.0   0:00.45 [kworker/2:3-events_long]                                        
   1914 message+  20   0    5796   3616   3132 S   0.3   0.4   0:06.23 /usr/bin/dbus-daemon --system --address=systemd: --nofork --nop+ 
   5094 root      20   0  151308   2512   2052 S   0.3   0.2   0:00.97 /usr/local/bin/rfdcd                                             
   6560 root      20   0    3712   1616   1472 S   0.3   0.2   0:00.36 /usr/local/bin/if_mdio_ctrl 0 eth0                               
      1 root      20   0   97840  10856   6716 S   0.0   1.1   0:13.29 /init                                                            
      2 root      20   0       0      0      0 S   0.0   0.0   0:00.01 [kthreadd]                                                       
      3 root       0 -20       0      0      0 I   0.0   0.0   0:00.00 [rcu_gp]                                                         
      4 root       0 -20       0      0      0 I   0.0   0.0   0:00.00 [rcu_par_gp]                                                     
      5 root       0 -20       0      0      0 I   0.0   0.0   0:00.00 [netns]                                                          
      7 root       0 -20       0      0      0 I   0.0   0.0   0:00.27 [kworker/0:0H-mmc_complete]                                      
      8 root      20   0       0      0      0 I   0.0   0.0   0:05.19 [kworker/u8:0-ext4-rsv-conversion]                               
      9 root       0 -20       0      0      0 I   0.0   0.0   0:00.00 [mm_percpu_wq]                                                   
     10 root      20   0       0      0      0 S   0.0   0.0   0:01.95 [ksoftirqd/0]                                                    
     11 root      20   0       0      0      0 I   0.0   0.0   0:00.72 [rcu_sched]                                                      
     12 root      rt   0       0      0      0 S   0.0   0.0   0:00.00 [migration/0]                                                    
     13 root      20   0       0      0      0 S   0.0   0.0   0:00.00 [cpuhp/0]                                                        
     14 root      20   0       0      0      0 S   0.0   0.0   0:00.00 [cpuhp/1]                                                        
     15 root      rt   0       0      0      0 S   0.0   0.0   0:00.00 [migration/1]                                                    
     16 root      20   0       0      0      0 S   0.0   0.0   0:00.32 [ksoftirqd/1]                                                    
     19 root      20   0       0      0      0 S   0.0   0.0   0:00.00 [cpuhp/2]                                                        
     20 root      rt   0       0      0      0 S   0.0   0.0   0:00.00 [migration/2]                                                    
     21 root      20   0       0      0      0 S   0.0   0.0   0:00.39 [ksoftirqd/2]                                                    
     23 root       0 -20       0      0      0 I   0.0   0.0   0:00.15 [kworker/2:0H-kblockd]                                           
     24 root      20   0       0      0      0 S   0.0   0.0   0:00.00 [cpuhp/3]                                                        
     25 root      rt   0       0      0      0 S   0.0   0.0   0:00.00 [migration/3]                                                    
     26 root      20   0       0      0      0 S   0.0   0.0   0:00.00 [ksoftirqd/3]                                                    
     27 root      20   0       0      0      0 I   0.0   0.0   0:00.00 [kworker/3:0-mm_percpu_wq]                                       
     28 root       0 -20       0      0      0 I   0.0   0.0   0:00.00 [kworker/3:0H]                                                   
     29 root      20   0       0      0      0 S   0.0   0.0   0:00.01 [kdevtmpfs]                                                      
     30 root       0 -20       0      0      0 I   0.0   0.0   0:00.00 [inet_frag_wq]                                                   
     32 root      20   0       0      0      0 S   0.0   0.0   0:00.02 [kauditd]                                                        
     33 root      20   0       0      0      0 S   0.0   0.0   0:00.00 [oom_reaper]                                                     
     34 root       0 -20       0      0      0 I   0.0   0.0   0:00.00 [writeback]                                                      
     35 root      20   0       0      0      0 S   0.0   0.0   0:00.01 [kcompactd0]                                                     
     36 root      39  19       0      0      0 S   0.0   0.0   0:00.00 [khugepaged]                                                     
     37 root       0 -20       0      0      0 I   0.0   0.0   0:00.00 [kblockd]                                                        
     38 root       0 -20       0      0      0 I   0.0   0.0   0:00.00 [blkcg_punt_bio]                                                 
     39 root       0 -20       0      0      0 I   0.0   0.0   0:00.00 [edac-poller]                                                    
     40 root     -51   0       0      0      0 S   0.0   0.0   0:00.00 [watchdogd]                                                      
     42 root      20   0       0      0      0 I   0.0   0.0   0:00.11 [kworker/1:1-cgroup_destroy]                                     
     43 root       0 -20       0      0      0 I   0.0   0.0   0:00.00 [rpciod]                                                         top - 09:39:53 up 10 min,  2 users,  load average: 0.47, 0.71, 0.44

%Cpu(s):  2.8 us,  7.9 sy,  0.0 ni, 89.2 id,  0.0 wa,  0.0 hi,  0.1 si,  0.0 st
MiB Mem :    986.7 total,     61.1 free,    150.5 used,    775.0 buff/cache
MiB Swap:      0.0 total,      0.0 free,      0.0 used.    103.3 avail Mem 


   5068 root      20   0   88276   2972   1840 S   6.6   0.3   0:38.09 dpd-smp -u 5                                                     
   6693 root      20   0  633272   7940   4576 S   4.3   0.8   0:22.19 /usr/bin/sync_timing_ptp2stack /etc/sync_timing_ptp2_default.co+ 
   5892 root      20   0    6616   3216   2796 S   2.6   0.3   0:15.65 /usr/local/bin/oda                                               
   5860 root      20   0  244384   4616   3800 S   2.0   0.5   0:10.06 /usr/bin/sync_timing_core_driver                                 
   6606 root      20   0  609132  12584   7584 S   2.0   1.2   0:13.78 /usr/bin/netopeer2-server -U -m 0770 -v 1                        
   5999 root      20   0  103452  11676   8304 S   1.3   1.2   0:06.14 /usr/local/bin/rud                                               
   2033 root      20   0       0      0      0 S   1.0   0.0   0:06.70 [fpga_drvd]                                                      
   2241 root      20   0    2164   1056    852 S   1.0   0.1   0:03.31 /sbin/syslogd -n -S -s 10000 -b 20                               
   5969 root      20   0    9456   4380   3416 S   1.0   0.4   0:04.94 /usr/local/bin/devif                                             
   4370 root      20   0    3704   2416   1572 S   0.7   0.2   0:03.72 /usr/local/bin/dsclswell                                         
  17012 admin     20   0    5808   2792   2108 R   0.7   0.3   0:00.26 top                                                              
      1 root      20   0   97840  10856   6716 S   0.3   1.1   0:13.30 /init                                                            
     11 root      20   0       0      0      0 I   0.3   0.0   0:00.73 [rcu_sched]                                                      
   1914 message+  20   0    5796   3616   3132 S   0.3   0.4   0:06.24 /usr/bin/dbus-daemon --system --address=systemd: --nofork --nop+ 
   4318 root      20   0  201072  15040   1580 S   0.3   1.5   0:00.72 /usr/local/bin/dscllogd                                          
   5072 root      20   0    3888   2868   2560 S   0.3   0.3   0:00.64 /bin/sh /usr/local/script/run_rfsoc_hard_ip_b.sh                 
   6244 root      20   0    4020   2904   2548 S   0.3   0.3   0:00.47 /bin/sh /usr/local/script/watchdog_clear.sh                      
   6295 root      20   0   13596   8860   5804 S   0.3   0.9   0:00.59 /usr/local/bin/ncld                                              
   6324 root      20   0  384060   4188   3632 S   0.3   0.4   0:03.46 /usr/local/bin/ptp_ctrl 0                                        
   6354 root      20   0  605084   4260   3512 S   0.3   0.4   0:00.97 /usr/local/bin/synce_ctrl 0                                      
  10402 admin     20   0   12968   8816   6532 S   0.3   0.9   0:01.75 /lib/systemd/systemd --user                                      
      2 root      20   0       0      0      0 S   0.0   0.0   0:00.01 [kthreadd]                                                       
      3 root       0 -20       0      0      0 I   0.0   0.0   0:00.00 [rcu_gp]                                                         
      4 root       0 -20       0      0      0 I   0.0   0.0   0:00.00 [rcu_par_gp]                                                     
      5 root       0 -20       0      0      0 I   0.0   0.0   0:00.00 [netns]                                                          
      7 root       0 -20       0      0      0 I   0.0   0.0   0:00.27 [kworker/0:0H-mmc_complete]                                      
      8 root      20   0       0      0      0 I   0.0   0.0   0:05.19 [kworker/u8:0-ext4-rsv-conversion]                               
      9 root       0 -20       0      0      0 I   0.0   0.0   0:00.00 [mm_percpu_wq]                                                   
     10 root      20   0       0      0      0 S   0.0   0.0   0:01.95 [ksoftirqd/0]                                                    
     12 root      rt   0       0      0      0 S   0.0   0.0   0:00.00 [migration/0]                                                    
     13 root      20   0       0      0      0 S   0.0   0.0   0:00.00 [cpuhp/0]                                                        
     14 root      20   0       0      0      0 S   0.0   0.0   0:00.00 [cpuhp/1]                                                        
     15 root      rt   0       0      0      0 S   0.0   0.0   0:00.00 [migration/1]                                                    
     16 root      20   0       0      0      0 S   0.0   0.0   0:00.32 [ksoftirqd/1]                                                    
     19 root      20   0       0      0      0 S   0.0   0.0   0:00.00 [cpuhp/2]                                                        
     20 root      rt   0       0      0      0 S   0.0   0.0   0:00.00 [migration/2]                                                    
     21 root      20   0       0      0      0 S   0.0   0.0   0:00.39 [ksoftirqd/2]                                                    
     23 root       0 -20       0      0      0 I   0.0   0.0   0:00.15 [kworker/2:0H-kblockd]                                           
     24 root      20   0       0      0      0 S   0.0   0.0   0:00.00 [cpuhp/3]                                                        
     25 root      rt   0       0      0      0 S   0.0   0.0   0:00.00 [migration/3]                                                    
     26 root      20   0       0      0      0 S   0.0   0.0   0:00.00 [ksoftirqd/3]                                                    
     27 root      20   0       0      0      0 I   0.0   0.0   0:00.00 [kworker/3:0-mm_percpu_wq]                                       
     28 root       0 -20       0      0      0 I   0.0   0.0   0:00.00 [kworker/3:0H]                                                   
     29 root      20   0       0      0      0 S   0.0   0.0   0:00.01 [kdevtmpfs]                                                      
     30 root       0 -20       0      0      0 I   0.0   0.0   0:00.00 [inet_frag_wq]                                                   
     32 root      20   0       0      0      0 S   0.0   0.0   0:00.02 [kauditd]                                                        
     33 root      20   0       0      0      0 S   0.0   0.0   0:00.00 [oom_reaper]                                                     
     34 root       0 -20       0      0      0 I   0.0   0.0   0:00.00 [writeback]                                                      
     35 root      20   0       0      0      0 S   0.0   0.0   0:00.01 [kcompactd0]                                                     
     36 root      39  19       0      0      0 S   0.0   0.0   0:00.00 [khugepaged]                                                     
     37 root       0 -20       0      0      0 I   0.0   0.0   0:00.00 [kblockd]                                                        
     38 root       0 -20       0      0      0 I   0.0   0.0   0:00.00 [blkcg_punt_bio]                                                 
     39 root       0 -20       0      0      0 I   0.0   0.0   0:00.00 [edac-poller]                                                    
     40 root     -51   0       0      0      0 S   0.0   0.0   0:00.00 [watchdogd]                                                      top - 09:39:56 up 10 min,  2 users,  load average: 0.43, 0.70, 0.44

%Cpu(s):  3.3 us,  8.1 sy,  0.0 ni, 88.7 id,  0.0 wa,  0.0 hi,  0.0 si,  0.0 st
MiB Mem :    986.7 total,     60.2 free,    151.4 used,    775.1 buff/cache
MiB Swap:      0.0 total,      0.0 free,      0.0 used.    102.4 avail Mem 


   5068 root      20   0   88276   2972   1840 S   6.6   0.3   0:38.29 dpd-smp -u 5                                                     
   6693 root      20   0  633272   7940   4576 S   4.3   0.8   0:22.32 /usr/bin/sync_timing_ptp2stack /etc/sync_timing_ptp2_default.co+ 
   5892 root      20   0    6616   3216   2796 S   3.3   0.3   0:15.75 /usr/local/bin/oda                                               
   6606 root      20   0  609132  12584   7584 S   2.3   1.2   0:13.85 /usr/bin/netopeer2-server -U -m 0770 -v 1                        
   5860 root      20   0  244384   4616   3800 S   2.0   0.5   0:10.12 /usr/bin/sync_timing_core_driver                                 
   2033 root      20   0       0      0      0 S   1.3   0.0   0:06.74 [fpga_drvd]                                                      
   5969 root      20   0    9456   4380   3416 S   1.3   0.4   0:04.98 /usr/local/bin/devif                                             
    191 root      20   0   34496  14796  14004 S   1.0   1.5   0:03.66 /lib/systemd/systemd-journald                                    
   5999 root      20   0  103452  11676   8304 S   1.0   1.2   0:06.17 /usr/local/bin/rud                                               
   6324 root      20   0  384060   4188   3632 S   1.0   0.4   0:03.49 /usr/local/bin/ptp_ctrl 0                                        
  17012 admin     20   0    5808   2792   2108 R   1.0   0.3   0:00.29 top                                                              
   1914 message+  20   0    5796   3616   3132 S   0.7   0.4   0:06.26 /usr/bin/dbus-daemon --system --address=systemd: --nofork --nop+ 
   4370 root      20   0    3704   2416   1572 S   0.7   0.2   0:03.74 /usr/local/bin/dsclswell                                         
   6924 root      20   0    2584    836    716 S   0.7   0.1   0:00.07 /usr/local/bin/switchover_link                                   
     10 root      20   0       0      0      0 S   0.3   0.0   0:01.96 [ksoftirqd/0]                                                    
     21 root      20   0       0      0      0 S   0.3   0.0   0:00.40 [ksoftirqd/2]                                                    
   2241 root      20   0    2164   1056    852 S   0.3   0.1   0:03.32 /sbin/syslogd -n -S -s 10000 -b 20                               
   4550 root      20   0    2376    816    716 S   0.3   0.1   0:00.85 /usr/local/bin/gpio_ctrl                                         
   5094 root      20   0  151308   2512   2052 S   0.3   0.2   0:00.98 /usr/local/bin/rfdcd                                             
   5151 root      20   0  156404   4068   2064 S   0.3   0.4   0:00.59 /usr/local/bin/ccd                                               
      1 root      20   0   97840  10856   6716 S   0.0   1.1   0:13.30 /init                                                            







     11 root      20   0       0      0      0 I   0.0   0.0   0:00.73 [rcu_sched]                                                      







     23 root       0 -20       0      0      0 I   0.0   0.0   0:00.15 [kworker/2:0H-kblockd]                                           
     24 root      20   0       0      0      0 S   0.0   0.0   0:00.00 [cpuhp/3]                                                        
     25 root      rt   0       0      0      0 S   0.0   0.0   0:00.00 [migration/3]                                                    
     26 root      20   0       0      0      0 S   0.0   0.0   0:00.00 [ksoftirqd/3]                                                    
     27 root      20   0       0      0      0 I   0.0   0.0   0:00.00 [kworker/3:0-mm_percpu_wq]                                       
     28 root       0 -20       0      0      0 I   0.0   0.0   0:00.00 [kworker/3:0H]                                                   
     29 root      20   0       0      0      0 S   0.0   0.0   0:00.01 [kdevtmpfs]                                                      
     30 root       0 -20       0      0      0 I   0.0   0.0   0:00.00 [inet_frag_wq]                                                   
     32 root      20   0       0      0      0 S   0.0   0.0   0:00.02 [kauditd]                                                        
     33 root      20   0       0      0      0 S   0.0   0.0   0:00.00 [oom_reaper]                                                     
     34 root       0 -20       0      0      0 I   0.0   0.0   0:00.00 [writeback]                                                      
     35 root      20   0       0      0      0 S   0.0   0.0   0:00.01 [kcompactd0]                                                     
     36 root      39  19       0      0      0 S   0.0   0.0   0:00.00 [khugepaged]                                                     
     37 root       0 -20       0      0      0 I   0.0   0.0   0:00.00 [kblockd]                                                        
     38 root       0 -20       0      0      0 I   0.0   0.0   0:00.00 [blkcg_punt_bio]                                                 
     39 root       0 -20       0      0      0 I   0.0   0.0   0:00.00 [edac-poller]                                                    
     40 root     -51   0       0      0      0 S   0.0   0.0   0:00.00 [watchdogd]                                                      
     42 root      20   0       0      0      0 I   0.0   0.0   0:00.11 [kworker/1:1-cgroup_destroy]                                     top - 09:39:59 up 10 min,  2 users,  load average: 0.43, 0.70, 0.44
Tasks: 165 total,   1 running, 164 sleeping,   0 stopped,   0 zombie
%Cpu(s):  2.6 us,  8.8 sy,  0.0 ni, 88.4 id,  0.2 wa,  0.0 hi,  0.1 si,  0.0 st
MiB Mem :    986.7 total,     59.4 free,    152.0 used,    775.2 buff/cache
MiB Swap:      0.0 total,      0.0 free,      0.0 used.    101.8 avail Mem 


   5068 root      20   0   88276   2972   1840 S   6.6   0.3   0:38.49 dpd-smp -u 5                                                     
   6693 root      20   0  633272   7940   4576 S   4.3   0.8   0:22.45 /usr/bin/sync_timing_ptp2stack /etc/sync_timing_ptp2_default.co+ 
   5892 root      20   0    6616   3216   2796 S   2.6   0.3   0:15.83 /usr/local/bin/oda                                               
   5860 root      20   0  244384   4616   3800 S   2.0   0.5   0:10.18 /usr/bin/sync_timing_core_driver                                 
   6606 root      20   0  609132  12584   7584 S   2.0   1.2   0:13.91 /usr/bin/netopeer2-server -U -m 0770 -v 1                        
   2033 root      20   0       0      0      0 S   1.3   0.0   0:06.78 [fpga_drvd]                                                      
   5999 root      20   0  103452  11676   8304 S   1.3   1.2   0:06.21 /usr/local/bin/rud                                               
   5969 root      20   0    9456   4380   3416 S   1.0   0.4   0:05.01 /usr/local/bin/devif                                             
   2241 root      20   0    2164   1056    852 S   0.7   0.1   0:03.34 /sbin/syslogd -n -S -s 10000 -b 20                               
   4370 root      20   0    3704   2416   1572 S   0.7   0.2   0:03.76 /usr/local/bin/dsclswell                                         
   6324 root      20   0  384060   4188   3632 S   0.7   0.4   0:03.51 /usr/local/bin/ptp_ctrl 0                                        
  17012 admin     20   0    5808   2792   2108 R   0.7   0.3   0:00.31 top                                                              
     16 root      20   0       0      0      0 S   0.3   0.0   0:00.33 [ksoftirqd/1]                                                    
     23 root       0 -20       0      0      0 I   0.3   0.0   0:00.16 [kworker/2:0H-kblockd]                                           
     53 root      20   0       0      0      0 I   0.3   0.0   0:00.37 [kworker/u8:2-edac-poller]                                       
   1914 message+  20   0    5796   3616   3132 S   0.3   0.4   0:06.27 /usr/bin/dbus-daemon --system --address=systemd: --nofork --nop+ 
   1927 root      20   0    9940   5096   4572 S   0.3   0.5   0:00.59 /lib/systemd/systemd-logind                                      
   5119 root      20   0  558256   5180   2348 S   0.3   0.5   0:00.76 /usr/local/bin/dfed                                              
   5262 root      20   0    3444    996    856 S   0.3   0.1   0:00.10 /usr/local/bin/sfp_ctrl 0 1 0x50 0x180 0x188 FPGA 0x190 0x198 0  
   5920 root      20   0  304008  19640   4388 S   0.3   1.9   0:07.06 /usr/bin/sysrepod                                                
   6354 root      20   0  605084   4260   3512 S   0.3   0.4   0:00.98 /usr/local/bin/synce_ctrl 0                                      
  10918 root      20   0       0      0      0 I   0.3   0.0   0:00.08 [kworker/u8:1-ext4-rsv-conversion]                               
      1 root      20   0   97840  10856   6716 S   0.0   1.1   0:13.30 /init                                                            
      2 root      20   0       0      0      0 S   0.0   0.0   0:00.01 [kthreadd]                                                       
      3 root       0 -20       0      0      0 I   0.0   0.0   0:00.00 [rcu_gp]                                                         
      4 root       0 -20       0      0      0 I   0.0   0.0   0:00.00 [rcu_par_gp]                                                     
      5 root       0 -20       0      0      0 I   0.0   0.0   0:00.00 [netns]                                                          
      7 root       0 -20       0      0      0 I   0.0   0.0   0:00.27 [kworker/0:0H-mmc_complete]                                      
      8 root      20   0       0      0      0 I   0.0   0.0   0:05.19 [kworker/u8:0-ext4-rsv-conversion]                               
      9 root       0 -20       0      0      0 I   0.0   0.0   0:00.00 [mm_percpu_wq]                                                   
     10 root      20   0       0      0      0 S   0.0   0.0   0:01.96 [ksoftirqd/0]                                                    
     11 root      20   0       0      0      0 I   0.0   0.0   0:00.73 [rcu_sched]                                                      
     12 root      rt   0       0      0      0 S   0.0   0.0   0:00.00 [migration/0]                                                    
     13 root      20   0       0      0      0 S   0.0   0.0   0:00.00 [cpuhp/0]                                                        
     14 root      20   0       0      0      0 S   0.0   0.0   0:00.00 [cpuhp/1]                                                        
     15 root      rt   0       0      0      0 S   0.0   0.0   0:00.00 [migration/1]                                                    
     19 root      20   0       0      0      0 S   0.0   0.0   0:00.00 [cpuhp/2]                                                        
     20 root      rt   0       0      0      0 S   0.0   0.0   0:00.00 [migration/2]                                                    
     21 root      20   0       0      0      0 S   0.0   0.0   0:00.40 [ksoftirqd/2]                                                    
     24 root      20   0       0      0      0 S   0.0   0.0   0:00.00 [cpuhp/3]                                                        
     25 root      rt   0       0      0      0 S   0.0   0.0   0:00.00 [migration/3]                                                    
     26 root      20   0       0      0      0 S   0.0   0.0   0:00.00 [ksoftirqd/3]                                                    
     27 root      20   0       0      0      0 I   0.0   0.0   0:00.00 [kworker/3:0-mm_percpu_wq]                                       
     28 root       0 -20       0      0      0 I   0.0   0.0   0:00.00 [kworker/3:0H]                                                   
     29 root      20   0       0      0      0 S   0.0   0.0   0:00.01 [kdevtmpfs]                                                      
     30 root       0 -20       0      0      0 I   0.0   0.0   0:00.00 [inet_frag_wq]                                                   
     32 root      20   0       0      0      0 S   0.0   0.0   0:00.02 [kauditd]                                                        
     33 root      20   0       0      0      0 S   0.0   0.0   0:00.00 [oom_reaper]                                                     
     34 root       0 -20       0      0      0 I   0.0   0.0   0:00.00 [writeback]                                                      
     35 root      20   0       0      0      0 S   0.0   0.0   0:00.01 [kcompactd0]                                                     
     36 root      39  19       0      0      0 S   0.0   0.0   0:00.00 [khugepaged]                                                     
     37 root       0 -20       0      0      0 I   0.0   0.0   0:00.00 [kblockd]                                                        
     38 root       0 -20       0      0      0 I   0.0   0.0   0:00.00 [blkcg_punt_bio]                                                 
     39 root       0 -20       0      0      0 I   0.0   0.0   0:00.00 [edac-poller]                                                    top - 09:40:02 up 10 min,  2 users,  load average: 0.39, 0.69, 0.44
Tasks: 166 total,   1 running, 165 sleeping,   0 stopped,   0 zombie
%Cpu(s):  3.7 us,  8.8 sy,  0.0 ni, 87.4 id,  0.0 wa,  0.0 hi,  0.1 si,  0.0 st
MiB Mem :    986.7 total,     58.5 free,    152.9 used,    775.3 buff/cache
MiB Swap:      0.0 total,      0.0 free,      0.0 used.    100.9 avail Mem 


   5068 root      20   0   88276   2972   1840 S   6.6   0.3   0:38.69 dpd-smp -u 5                                                     
   6606 root      20   0  609132  12584   7584 S   4.6   1.2   0:14.05 /usr/bin/netopeer2-server -U -m 0770 -v 1                        
   6693 root      20   0  633272   7940   4576 S   4.3   0.8   0:22.58 /usr/bin/sync_timing_ptp2stack /etc/sync_timing_ptp2_default.co+ 
   5892 root      20   0    6616   3216   2796 S   3.3   0.3   0:15.93 /usr/local/bin/oda                                               
   5860 root      20   0  244384   4616   3800 S   1.7   0.5   0:10.23 /usr/bin/sync_timing_core_driver                                 
   2033 root      20   0       0      0      0 S   1.3   0.0   0:06.82 [fpga_drvd]                                                      
   5969 root      20   0    9456   4380   3416 S   1.0   0.4   0:05.04 /usr/local/bin/devif                                             
   5999 root      20   0  103452  11676   8304 S   1.0   1.2   0:06.24 /usr/local/bin/rud                                               
    191 root      20   0   34496  14796  14004 S   0.7   1.5   0:03.68 /lib/systemd/systemd-journald                                    
   2241 root      20   0    2164   1056    852 S   0.7   0.1   0:03.36 /sbin/syslogd -n -S -s 10000 -b 20                               
   4370 root      20   0    3704   2416   1572 S   0.7   0.2   0:03.78 /usr/local/bin/dsclswell                                         
   6244 root      20   0    4020   2904   2548 S   0.7   0.3   0:00.49 /bin/sh /usr/local/script/watchdog_clear.sh                      
   6324 root      20   0  384060   4188   3632 S   0.7   0.4   0:03.53 /usr/local/bin/ptp_ctrl 0                                        
  17012 admin     20   0    5808   2792   2108 R   0.7   0.3   0:00.33 top                                                              
      1 root      20   0   97840  10856   6716 S   0.3   1.1   0:13.31 /init                                                            
     11 root      20   0       0      0      0 I   0.3   0.0   0:00.74 [rcu_sched]                                                      
   1914 message+  20   0    5796   3616   3132 S   0.3   0.4   0:06.28 /usr/bin/dbus-daemon --system --address=systemd: --nofork --nop+ 
   4398 root      20   0    2380    820    720 S   0.3   0.1   0:00.04 /usr/local/bin/pkg_ctrl                                          
   4550 root      20   0    2376    816    716 S   0.3   0.1   0:00.86 /usr/local/bin/gpio_ctrl                                         
   5072 root      20   0    3888   2868   2560 S   0.3   0.3   0:00.65 /bin/sh /usr/local/script/run_rfsoc_hard_ip_b.sh                 
   5094 root      20   0  151308   2512   2052 S   0.3   0.2   0:00.99 /usr/local/bin/rfdcd                                             
   5920 root      20   0  304048  19640   4388 S   0.3   1.9   0:07.07 /usr/bin/sysrepod                                                
      2 root      20   0       0      0      0 S   0.0   0.0   0:00.01 [kthreadd]                                                       
      3 root       0 -20       0      0      0 I   0.0   0.0   0:00.00 [rcu_gp]                                                         
      4 root       0 -20       0      0      0 I   0.0   0.0   0:00.00 [rcu_par_gp]                                                     
      5 root       0 -20       0      0      0 I   0.0   0.0   0:00.00 [netns]                                                          
      7 root       0 -20       0      0      0 I   0.0   0.0   0:00.27 [kworker/0:0H-kblockd]                                           
      8 root      20   0       0      0      0 I   0.0   0.0   0:05.19 [kworker/u8:0-ext4-rsv-conversion]                               
      9 root       0 -20       0      0      0 I   0.0   0.0   0:00.00 [mm_percpu_wq]                                                   
     10 root      20   0       0      0      0 S   0.0   0.0   0:01.96 [ksoftirqd/0]                                                    
     12 root      rt   0       0      0      0 S   0.0   0.0   0:00.00 [migration/0]                                                    
     13 root      20   0       0      0      0 S   0.0   0.0   0:00.00 [cpuhp/0]                                                        
     14 root      20   0       0      0      0 S   0.0   0.0   0:00.00 [cpuhp/1]                                                        
     15 root      rt   0       0      0      0 S   0.0   0.0   0:00.00 [migration/1]                                                    
     16 root      20   0       0      0      0 S   0.0   0.0   0:00.33 [ksoftirqd/1]                                                    
     19 root      20   0       0      0      0 S   0.0   0.0   0:00.00 [cpuhp/2]                                                        
     20 root      rt   0       0      0      0 S   0.0   0.0   0:00.00 [migration/2]                                                    
     21 root      20   0       0      0      0 S   0.0   0.0   0:00.40 [ksoftirqd/2]                                                    
     23 root       0 -20       0      0      0 I   0.0   0.0   0:00.16 [kworker/2:0H-kblockd]                                           














top - 09:40:05 up 10 min,  2 users,  load average: 0.39, 0.69, 0.44
Tasks: 166 total,   2 running, 164 sleeping,   0 stopped,   0 zombie
%Cpu(s):  6.5 us,  9.5 sy,  0.0 ni, 83.5 id,  0.3 wa,  0.0 hi,  0.2 si,  0.0 st
MiB Mem :    986.7 total,     57.8 free,    153.4 used,    775.4 buff/cache
MiB Swap:      0.0 total,      0.0 free,      0.0 used.    100.3 avail Mem 


   6606 root      20   0  609132  12584   7584 S   9.9   1.2   0:14.35 /usr/bin/netopeer2-server -U -m 0770 -v 1                        
   5920 root      20   0  304008  19748   4388 S   6.9   2.0   0:07.28 /usr/bin/sysrepod                                                
   5068 root      20   0   88276   2972   1840 R   6.6   0.3   0:38.89 dpd-smp -u 5                                                     
   6693 root      20   0  633272   7940   4576 S   4.6   0.8   0:22.72 /usr/bin/sync_timing_ptp2stack /etc/sync_timing_ptp2_default.co+ 
   5892 root      20   0    6616   3216   2796 S   3.0   0.3   0:16.02 /usr/local/bin/oda                                               
   5860 root      20   0  244384   4616   3800 S   2.3   0.5   0:10.30 /usr/bin/sync_timing_core_driver                                 
   2033 root      20   0       0      0      0 S   1.3   0.0   0:06.86 [fpga_drvd]                                                      
   5999 root      20   0  103452  11676   8304 S   1.3   1.2   0:06.28 /usr/local/bin/rud                                               
   5969 root      20   0    9456   4380   3416 S   1.0   0.4   0:05.07 /usr/local/bin/devif                                             
   2241 root      20   0    2164   1056    852 S   0.7   0.1   0:03.38 /sbin/syslogd -n -S -s 10000 -b 20                               
   4370 root      20   0    3704   2416   1572 S   0.7   0.2   0:03.80 /usr/local/bin/dsclswell                                         
   6324 root      20   0  384060   4188   3632 S   0.7   0.4   0:03.55 /usr/local/bin/ptp_ctrl 0                                        
  17012 admin     20   0    5808   2792   2108 R   0.7   0.3   0:00.35 top                                                              
    191 root      20   0   34496  14796  14004 S   0.3   1.5   0:03.69 /lib/systemd/systemd-journald                                    
    202 root      20   0       0      0      0 I   0.3   0.0   0:00.46 [kworker/2:3-events_long]                                        
   1914 message+  20   0    5796   3616   3132 S   0.3   0.4   0:06.29 /usr/bin/dbus-daemon --system --address=systemd: --nofork --nop+ 
   4344 root      20   0    2364    796    708 S   0.3   0.1   0:00.13 /usr/local/bin/dsclrotate                                        
   6025 root      20   0    9212   3224   2828 S   0.3   0.3   0:00.21 /usr/local/bin/watchdogd                                         
  11494 admin     20   0    2260    816    736 S   0.3   0.1   0:00.01 tail -F /var/log/netconf-rpc.log                                 
      1 root      20   0   97840  10856   6716 S   0.0   1.1   0:13.31 /init                                                            
      2 root      20   0       0      0      0 S   0.0   0.0   0:00.01 [kthreadd]                                                       
      3 root       0 -20       0      0      0 I   0.0   0.0   0:00.00 [rcu_gp]                                                         
      4 root       0 -20       0      0      0 I   0.0   0.0   0:00.00 [rcu_par_gp]                                                     
      5 root       0 -20       0      0      0 I   0.0   0.0   0:00.00 [netns]                                                          
      7 root       0 -20       0      0      0 I   0.0   0.0   0:00.27 [kworker/0:0H-mmc_complete]                                      
      8 root      20   0       0      0      0 I   0.0   0.0   0:05.19 [kworker/u8:0-ext4-rsv-conversion]                               
      9 root       0 -20       0      0      0 I   0.0   0.0   0:00.00 [mm_percpu_wq]                                                   
     10 root      20   0       0      0      0 S   0.0   0.0   0:01.96 [ksoftirqd/0]                                                    
     11 root      20   0       0      0      0 I   0.0   0.0   0:00.74 [rcu_sched]                                                      
     12 root      rt   0       0      0      0 S   0.0   0.0   0:00.00 [migration/0]                                                    
     13 root      20   0       0      0      0 S   0.0   0.0   0:00.00 [cpuhp/0]                                                        
     14 root      20   0       0      0      0 S   0.0   0.0   0:00.00 [cpuhp/1]                                                        
     15 root      rt   0       0      0      0 S   0.0   0.0   0:00.00 [migration/1]                                                    
     16 root      20   0       0      0      0 S   0.0   0.0   0:00.33 [ksoftirqd/1]                                                    
     19 root      20   0       0      0      0 S   0.0   0.0   0:00.00 [cpuhp/2]                                                        
     20 root      rt   0       0      0      0 S   0.0   0.0   0:00.00 [migration/2]                                                    
     21 root      20   0       0      0      0 S   0.0   0.0   0:00.40 [ksoftirqd/2]                                                    
     23 root       0 -20       0      0      0 I   0.0   0.0   0:00.16 [kworker/2:0H-kblockd]                                           
     24 root      20   0       0      0      0 S   0.0   0.0   0:00.00 [cpuhp/3]                                                        
     25 root      rt   0       0      0      0 S   0.0   0.0   0:00.00 [migration/3]                                                    
     26 root      20   0       0      0      0 S   0.0   0.0   0:00.00 [ksoftirqd/3]                                                    
     27 root      20   0       0      0      0 I   0.0   0.0   0:00.00 [kworker/3:0-mm_percpu_wq]                                       
     28 root       0 -20       0      0      0 I   0.0   0.0   0:00.00 [kworker/3:0H]                                                   
     29 root      20   0       0      0      0 S   0.0   0.0   0:00.01 [kdevtmpfs]                                                      
     30 root       0 -20       0      0      0 I   0.0   0.0   0:00.00 [inet_frag_wq]                                                   
     32 root      20   0       0      0      0 S   0.0   0.0   0:00.02 [kauditd]                                                        
     33 root      20   0       0      0      0 S   0.0   0.0   0:00.00 [oom_reaper]                                                     
     34 root       0 -20       0      0      0 I   0.0   0.0   0:00.00 [writeback]                                                      
     35 root      20   0       0      0      0 S   0.0   0.0   0:00.01 [kcompactd0]                                                     
     36 root      39  19       0      0      0 S   0.0   0.0   0:00.00 [khugepaged]                                                     
     37 root       0 -20       0      0      0 I   0.0   0.0   0:00.00 [kblockd]                                                        
     38 root       0 -20       0      0      0 I   0.0   0.0   0:00.00 [blkcg_punt_bio]                                                 
     39 root       0 -20       0      0      0 I   0.0   0.0   0:00.00 [edac-poller]                                                    
     40 root     -51   0       0      0      0 S   0.0   0.0   0:00.00 [watchdogd]                                                      top - 09:40:08 up 10 min,  2 users,  load average: 0.52, 0.71, 0.45
Tasks: 169 total,   4 running, 165 sleeping,   0 stopped,   0 zombie
%Cpu(s):  7.4 us, 10.9 sy,  0.0 ni, 79.7 id,  0.2 wa,  0.0 hi,  1.8 si,  0.0 st
MiB Mem :    986.7 total,    252.9 free,    154.4 used,    579.3 buff/cache
MiB Swap:      0.0 total,      0.0 free,      0.0 used.    295.6 avail Mem 


  18054 root      20   0    8304   6556   5340 R  12.5   0.6   0:00.38 /usr/bin/ssh -oForwardX11 no -oPermitLocalCommand no -oClearAll+ 
   5068 root      20   0   88276   2972   1840 S   6.6   0.3   0:39.09 dpd-smp -u 5                                                     
  18053 root      20   0    6900   5056   4292 R   6.3   0.5   0:00.19 sftp -o StrictHostKeyChecking=no -o UserKnownHostsFile=/var/run+ 
   5920 root      20   0  304008  19748   4388 S   5.9   2.0   0:07.46 /usr/bin/sysrepod                                                
   6606 root      20   0  609132  12848   7584 S   5.3   1.3   0:14.51 /usr/bin/netopeer2-server -U -m 0770 -v 1                        
   6693 root      20   0  633272   7940   4576 S   4.6   0.8   0:22.86 /usr/bin/sync_timing_ptp2stack /etc/sync_timing_ptp2_default.co+ 
   5892 root      20   0    6616   3216   2796 S   3.3   0.3   0:16.12 /usr/local/bin/oda                                               
     10 root      20   0       0      0      0 R   2.3   0.0   0:02.03 [ksoftirqd/0]                                                    
   5860 root      20   0  244384   4616   3800 S   2.0   0.5   0:10.36 /usr/bin/sync_timing_core_driver                                 
   2033 root      20   0       0      0      0 S   1.3   0.0   0:06.90 [fpga_drvd]                                                      
   5999 root      20   0  103452  11676   8304 S   1.0   1.2   0:06.31 /usr/local/bin/rud                                               
   2241 root      20   0    2164   1056    852 S   0.7   0.1   0:03.40 /sbin/syslogd -n -S -s 10000 -b 20                               
   4318 root      20   0  201072  15040   1580 S   0.7   1.5   0:00.74 /usr/local/bin/dscllogd                                          
   4370 root      20   0    3704   2416   1572 S   0.7   0.2   0:03.82 /usr/local/bin/dsclswell                                         
   5969 root      20   0    9456   4380   3416 S   0.7   0.4   0:05.09 /usr/local/bin/devif                                             
   6324 root      20   0  384060   4188   3632 S   0.7   0.4   0:03.57 /usr/local/bin/ptp_ctrl 0                                        
   6354 root      20   0  605084   4260   3512 S   0.7   0.4   0:01.00 /usr/local/bin/synce_ctrl 0                                      
  17012 admin     20   0    5808   2792   2108 R   0.7   0.3   0:00.37 top                                                              
     11 root      20   0       0      0      0 I   0.3   0.0   0:00.75 [rcu_sched]                                                      
   1914 message+  20   0    5796   3616   3132 S   0.3   0.4   0:06.30 /usr/bin/dbus-daemon --system --address=systemd: --nofork --nop+ 
   4550 root      20   0    2376    816    716 S   0.3   0.1   0:00.87 /usr/local/bin/gpio_ctrl                                         
   5072 root      20   0    3888   2868   2560 S   0.3   0.3   0:00.66 /bin/sh /usr/local/script/run_rfsoc_hard_ip_b.sh                 
  10402 admin     20   0   12968   8816   6532 S   0.3   0.9   0:01.76 /lib/systemd/systemd --user                                      
      1 root      20   0   97840  10856   6716 S   0.0   1.1   0:13.31 /init                                                            
      2 root      20   0       0      0      0 S   0.0   0.0   0:00.01 [kthreadd]                                                       
      3 root       0 -20       0      0      0 I   0.0   0.0   0:00.00 [rcu_gp]                                                         
      4 root       0 -20       0      0      0 I   0.0   0.0   0:00.00 [rcu_par_gp]                                                     
      5 root       0 -20       0      0      0 I   0.0   0.0   0:00.00 [netns]                                                          
      7 root       0 -20       0      0      0 I   0.0   0.0   0:00.27 [kworker/0:0H-mmc_complete]                                      
      8 root      20   0       0      0      0 I   0.0   0.0   0:05.19 [kworker/u8:0-ext4-rsv-conversion]                               
      9 root       0 -20       0      0      0 I   0.0   0.0   0:00.00 [mm_percpu_wq]                                                   
     12 root      rt   0       0      0      0 S   0.0   0.0   0:00.00 [migration/0]                                                    
     13 root      20   0       0      0      0 S   0.0   0.0   0:00.00 [cpuhp/0]                                                        
     14 root      20   0       0      0      0 S   0.0   0.0   0:00.00 [cpuhp/1]                                                        
     15 root      rt   0       0      0      0 S   0.0   0.0   0:00.00 [migration/1]                                                    
     16 root      20   0       0      0      0 S   0.0   0.0   0:00.33 [ksoftirqd/1]                                                    
     19 root      20   0       0      0      0 S   0.0   0.0   0:00.00 [cpuhp/2]                                                        
     20 root      rt   0       0      0      0 S   0.0   0.0   0:00.00 [migration/2]                                                    
     21 root      20   0       0      0      0 S   0.0   0.0   0:00.40 [ksoftirqd/2]                                                    
     23 root       0 -20       0      0      0 I   0.0   0.0   0:00.16 [kworker/2:0H-kblockd]                                           
     24 root      20   0       0      0      0 S   0.0   0.0   0:00.00 [cpuhp/3]                                                        
     25 root      rt   0       0      0      0 S   0.0   0.0   0:00.00 [migration/3]                                                    
     26 root      20   0       0      0      0 S   0.0   0.0   0:00.00 [ksoftirqd/3]                                                    
     27 root      20   0       0      0      0 I   0.0   0.0   0:00.00 [kworker/3:0-mm_percpu_wq]                                       
     28 root       0 -20       0      0      0 I   0.0   0.0   0:00.00 [kworker/3:0H]                                                   
     29 root      20   0       0      0      0 S   0.0   0.0   0:00.01 [kdevtmpfs]                                                      
     30 root       0 -20       0      0      0 I   0.0   0.0   0:00.00 [inet_frag_wq]                                                   
     32 root      20   0       0      0      0 S   0.0   0.0   0:00.02 [kauditd]                                                        
     33 root      20   0       0      0      0 S   0.0   0.0   0:00.00 [oom_reaper]                                                     
     34 root       0 -20       0      0      0 I   0.0   0.0   0:00.00 [writeback]                                                      
     35 root      20   0       0      0      0 S   0.0   0.0   0:00.01 [kcompactd0]                                                     
     36 root      39  19       0      0      0 S   0.0   0.0   0:00.00 [khugepaged]                                                     
     37 root       0 -20       0      0      0 I   0.0   0.0   0:00.00 [kblockd]                                                        
     38 root       0 -20       0      0      0 I   0.0   0.0   0:00.00 [blkcg_punt_bio]                                                 top - 09:40:11 up 10 min,  2 users,  load average: 0.56, 0.71, 0.45

%Cpu(s): 20.8 us, 24.7 sy,  0.0 ni, 38.7 id,  0.0 wa,  0.0 hi, 15.7 si,  0.0 st
MiB Mem :    986.7 total,     75.4 free,    150.2 used,    761.0 buff/cache
MiB Swap:      0.0 total,      0.0 free,      0.0 used.    118.2 avail Mem 


  18054 root      20   0    8996   7244   5340 R  97.1   0.7   0:03.38 /usr/bin/ssh -oForwardX11 no -oPermitLocalCommand no -oClearAll+ 
  18053 root      20   0    6900   5056   4292 R  37.5   0.5   0:01.35 sftp -o StrictHostKeyChecking=no -o UserKnownHostsFile=/var/run+ 
     10 root      20   0       0      0      0 R  17.8   0.0   0:02.58 [ksoftirqd/0]                                                    
   6693 root      20   0  633272   7940   4576 S   9.4   0.8   0:23.15 /usr/bin/sync_timing_ptp2stack /etc/sync_timing_ptp2_default.co+ 
   5068 root      20   0   88276   2972   1840 S   7.1   0.3   0:39.31 dpd-smp -u 5                                                     
   6606 root      20   0  609132  12848   7584 S   5.8   1.3   0:14.69 /usr/bin/netopeer2-server -U -m 0770 -v 1                        
   5892 root      20   0    6616   3216   2796 S   4.2   0.3   0:16.25 /usr/local/bin/oda                                               
   5860 root      20   0  244384   4616   3800 S   3.2   0.5   0:10.46 /usr/bin/sync_timing_core_driver                                 
   2033 root      20   0       0      0      0 S   2.9   0.0   0:06.99 [fpga_drvd]                                                      
   5969 root      20   0    9456   4380   3416 S   2.3   0.4   0:05.16 /usr/local/bin/devif                                             
   5999 root      20   0  103452  11676   8304 S   1.9   1.2   0:06.37 /usr/local/bin/rud                                               
   6324 root      20   0  384060   4188   3632 S   1.6   0.4   0:03.62 /usr/local/bin/ptp_ctrl 0                                        
    191 root      20   0   34496  15060  14268 S   1.3   1.5   0:03.73 /lib/systemd/systemd-journald                                    
  17012 admin     20   0    5808   2792   2108 R   1.3   0.3   0:00.41 top                                                              
   2241 root      20   0    2164   1056    852 S   1.0   0.1   0:03.43 /sbin/syslogd -n -S -s 10000 -b 20                               
     11 root      20   0       0      0      0 I   0.6   0.0   0:00.77 [rcu_sched]                                                      
   4370 root      20   0    3704   2416   1572 S   0.6   0.2   0:03.84 /usr/local/bin/dsclswell                                         
      1 root      20   0   97840  10856   6716 S   0.3   1.1   0:13.32 /init                                                            
     52 root      20   0       0      0      0 I   0.3   0.0   0:00.26 [kworker/0:2-ipv6_addrconf]                                      
     53 root      20   0       0      0      0 I   0.3   0.0   0:00.38 [kworker/u8:2-edac-poller]                                       
     55 root      20   0       0      0      0 S   0.3   0.0   0:00.09 [kpktgend_0]                                                     
   1905 systemd+  20   0   83588   2572   2152 S   0.3   0.3   0:00.38 /lib/systemd/systemd-timesyncd                                   
   1914 message+  20   0    5796   3616   3132 S   0.3   0.4   0:06.31 /usr/bin/dbus-daemon --system --address=systemd: --nofork --nop+ 
   1927 root      20   0    9940   5096   4572 S   0.3   0.5   0:00.60 /lib/systemd/systemd-logind                                      
   4441 systemd+  20   0   11136   6008   5360 S   0.3   0.6   0:00.41 /lib/systemd/systemd-networkd                                    
   4496 root      20   0    2532    840    732 S   0.3   0.1   0:00.09 /usr/local/bin/if_i2c_ctrl /dev/i2c-1                            
   5094 root      20   0  151308   2512   2052 S   0.3   0.2   0:01.00 /usr/local/bin/rfdcd                                             
   6354 root      20   0  605084   4260   3512 S   0.3   0.4   0:01.01 /usr/local/bin/synce_ctrl 0                                      
   6950 root      20   0   76244    832    720 S   0.3   0.1   0:00.18 /usr/local/bin/netstat_ctrl 0                                    
      2 root      20   0       0      0      0 S   0.0   0.0   0:00.01 [kthreadd]                                                       
      3 root       0 -20       0      0      0 I   0.0   0.0   0:00.00 [rcu_gp]                                                         
      4 root       0 -20       0      0      0 I   0.0   0.0   0:00.00 [rcu_par_gp]                                                     
      5 root       0 -20       0      0      0 I   0.0   0.0   0:00.00 [netns]                                                          
      7 root       0 -20       0      0      0 I   0.0   0.0   0:00.27 [kworker/0:0H-mmc_complete]                                      
      8 root      20   0       0      0      0 I   0.0   0.0   0:05.19 [kworker/u8:0-ext4-rsv-conversion]                               
      9 root       0 -20       0      0      0 I   0.0   0.0   0:00.00 [mm_percpu_wq]                                                   
     12 root      rt   0       0      0      0 S   0.0   0.0   0:00.00 [migration/0]                                                    
     13 root      20   0       0      0      0 S   0.0   0.0   0:00.00 [cpuhp/0]                                                        
     14 root      20   0       0      0      0 S   0.0   0.0   0:00.00 [cpuhp/1]                                                        
     15 root      rt   0       0      0      0 S   0.0   0.0   0:00.00 [migration/1]                                                    
     16 root      20   0       0      0      0 S   0.0   0.0   0:00.33 [ksoftirqd/1]                                                    
     19 root      20   0       0      0      0 S   0.0   0.0   0:00.00 [cpuhp/2]                                                        
     20 root      rt   0       0      0      0 S   0.0   0.0   0:00.00 [migration/2]                                                    
     21 root      20   0       0      0      0 S   0.0   0.0   0:00.40 [ksoftirqd/2]                                                    
     23 root       0 -20       0      0      0 I   0.0   0.0   0:00.16 [kworker/2:0H-kblockd]                                           
     24 root      20   0       0      0      0 S   0.0   0.0   0:00.00 [cpuhp/3]                                                        
     25 root      rt   0       0      0      0 S   0.0   0.0   0:00.00 [migration/3]                                                    
     26 root      20   0       0      0      0 S   0.0   0.0   0:00.00 [ksoftirqd/3]                                                    
     27 root      20   0       0      0      0 I   0.0   0.0   0:00.00 [kworker/3:0-mm_percpu_wq]                                       
     28 root       0 -20       0      0      0 I   0.0   0.0   0:00.00 [kworker/3:0H]                                                   
     29 root      20   0       0      0      0 S   0.0   0.0   0:00.01 [kdevtmpfs]                                                      
     30 root       0 -20       0      0      0 I   0.0   0.0   0:00.00 [inet_frag_wq]                                                   
     32 root      20   0       0      0      0 S   0.0   0.0   0:00.02 [kauditd]                                                        
     33 root      20   0       0      0      0 S   0.0   0.0   0:00.00 [oom_reaper]                                                     top - 09:40:14 up 10 min,  2 users,  load average: 0.56, 0.71, 0.45
Tasks: 165 total,   1 running, 164 sleeping,   0 stopped,   0 zombie
%Cpu(s):  7.5 us, 12.6 sy,  0.0 ni, 77.9 id,  0.7 wa,  0.0 hi,  1.3 si,  0.0 st
MiB Mem :    986.7 total,     56.4 free,    154.3 used,    775.9 buff/cache
MiB Swap:      0.0 total,      0.0 free,      0.0 used.     99.4 avail Mem 


   5920 root      20   0  304008  19748   4388 S   7.4   2.0   0:07.69 /usr/bin/sysrepod                                                
   5068 root      20   0   88276   2972   1840 S   6.8   0.3   0:39.52 dpd-smp -u 5                                                     
   6606 root      20   0  609132  12848   7584 S   6.8   1.3   0:14.90 /usr/bin/netopeer2-server -U -m 0770 -v 1                        
   6693 root      20   0  633272   7940   4576 S   6.1   0.8   0:23.34 /usr/bin/sync_timing_ptp2stack /etc/sync_timing_ptp2_default.co+ 
   5892 root      20   0    6616   3216   2796 S   3.6   0.3   0:16.36 /usr/local/bin/oda                                               
   5999 root      20   0  103452  11676   8304 S   2.6   1.2   0:06.45 /usr/local/bin/rud                                               
     10 root      20   0       0      0      0 S   2.3   0.0   0:02.65 [ksoftirqd/0]                                                    
   5860 root      20   0  244384   4616   3800 S   2.3   0.5   0:10.53 /usr/bin/sync_timing_core_driver                                 
   2033 root      20   0       0      0      0 S   1.6   0.0   0:07.04 [fpga_drvd]                                                      
   2241 root      20   0    2164   1056    852 S   1.0   0.1   0:03.46 /sbin/syslogd -n -S -s 10000 -b 20                               
   4370 root      20   0    3704   2416   1572 S   1.0   0.2   0:03.87 /usr/local/bin/dsclswell                                         
   5969 root      20   0    9456   4380   3416 S   1.0   0.4   0:05.19 /usr/local/bin/devif                                             
   6324 root      20   0  384060   4188   3632 S   1.0   0.4   0:03.65 /usr/local/bin/ptp_ctrl 0                                        
     11 root      20   0       0      0      0 I   0.6   0.0   0:00.79 [rcu_sched]                                                      
  17012 admin     20   0    5808   2792   2108 R   0.6   0.3   0:00.43 top                                                              
      7 root       0 -20       0      0      0 I   0.3   0.0   0:00.28 [kworker/0:0H-mmc_complete]                                      
     16 root      20   0       0      0      0 S   0.3   0.0   0:00.34 [ksoftirqd/1]                                                    
     21 root      20   0       0      0      0 S   0.3   0.0   0:00.41 [ksoftirqd/2]                                                    
     55 root      20   0       0      0      0 S   0.3   0.0   0:00.10 [kpktgend_0]                                                     
    191 root      20   0   34496  15060  14268 S   0.3   1.5   0:03.74 /lib/systemd/systemd-journald                                    
    202 root      20   0       0      0      0 I   0.3   0.0   0:00.47 [kworker/2:3-events_long]                                        
   1068 root      20   0       0      0      0 S   0.3   0.0   0:00.03 [jbd2/mmcblk0p9-8]                                               
   1914 message+  20   0    5796   3616   3132 S   0.3   0.4   0:06.32 /usr/bin/dbus-daemon --system --address=systemd: --nofork --nop+ 
   4318 root      20   0  201072  15040   1580 S   0.3   1.5   0:00.75 /usr/local/bin/dscllogd                                          
   4550 root      20   0    2376    816    716 S   0.3   0.1   0:00.88 /usr/local/bin/gpio_ctrl                                         
   5094 root      20   0  151308   2512   2052 S   0.3   0.2   0:01.01 /usr/local/bin/rfdcd                                             
   6244 root      20   0    4020   2904   2548 S   0.3   0.3   0:00.50 /bin/sh /usr/local/script/watchdog_clear.sh                      
   6295 root      20   0   13596   8860   5804 S   0.3   0.9   0:00.60 /usr/local/bin/ncld                                              
      1 root      20   0   97840  10856   6716 S   0.0   1.1   0:13.32 /init                                                            




      8 root      20   0       0      0      0 I   0.0   0.0   0:05.19 [kworker/u8:0-ext4-rsv-conversion]                               
      9 root       0 -20       0      0      0 I   0.0   0.0   0:00.00 [mm_percpu_wq]                                                   
     12 root      rt   0       0      0      0 S   0.0   0.0   0:00.00 [migration/0]                                                    
     13 root      20   0       0      0      0 S   0.0   0.0   0:00.00 [cpuhp/0]                                                        
     14 root      20   0       0      0      0 S   0.0   0.0   0:00.00 [cpuhp/1]                                                        
     15 root      rt   0       0      0      0 S   0.0   0.0   0:00.00 [migration/1]                                                    
     19 root      20   0       0      0      0 S   0.0   0.0   0:00.00 [cpuhp/2]                                                        
     20 root      rt   0       0      0      0 S   0.0   0.0   0:00.00 [migration/2]                                                    
     23 root       0 -20       0      0      0 I   0.0   0.0   0:00.16 [kworker/2:0H-kblockd]                                           
     24 root      20   0       0      0      0 S   0.0   0.0   0:00.00 [cpuhp/3]                                                        
     25 root      rt   0       0      0      0 S   0.0   0.0   0:00.00 [migration/3]                                                    
     26 root      20   0       0      0      0 S   0.0   0.0   0:00.00 [ksoftirqd/3]                                                    
     27 root      20   0       0      0      0 I   0.0   0.0   0:00.00 [kworker/3:0-mm_percpu_wq]                                       
     28 root       0 -20       0      0      0 I   0.0   0.0   0:00.00 [kworker/3:0H]                                                   
     29 root      20   0       0      0      0 S   0.0   0.0   0:00.01 [kdevtmpfs]                                                      
     30 root       0 -20       0      0      0 I   0.0   0.0   0:00.00 [inet_frag_wq]                                                   
     32 root      20   0       0      0      0 S   0.0   0.0   0:00.02 [kauditd]                                                        
     33 root      20   0       0      0      0 S   0.0   0.0   0:00.00 [oom_reaper]                                                     
     34 root       0 -20       0      0      0 I   0.0   0.0   0:00.00 [writeback]                                                      
     35 root      20   0       0      0      0 S   0.0   0.0   0:00.01 [kcompactd0]                                                     
     36 root      39  19       0      0      0 S   0.0   0.0   0:00.00 [khugepaged]                                                     top - 09:40:17 up 10 min,  2 users,  load average: 0.52, 0.70, 0.45
Tasks: 167 total,   2 running, 165 sleeping,   0 stopped,   0 zombie
%Cpu(s):  3.3 us,  8.2 sy,  0.0 ni, 88.5 id,  0.0 wa,  0.0 hi,  0.0 si,  0.0 st
MiB Mem :    986.7 total,     56.2 free,    154.5 used,    776.0 buff/cache
MiB Swap:      0.0 total,      0.0 free,      0.0 used.     99.2 avail Mem 


   5068 root      20   0   88276   2972   1840 S   6.3   0.3   0:39.71 dpd-smp -u 5                                                     
   6693 root      20   0  633272   7940   4576 S   4.3   0.8   0:23.47 /usr/bin/sync_timing_ptp2stack /etc/sync_timing_ptp2_default.co+ 
   5892 root      20   0    6616   3216   2796 S   3.3   0.3   0:16.46 /usr/local/bin/oda                                               
   5860 root      20   0  244384   4616   3800 S   2.0   0.5   0:10.59 /usr/bin/sync_timing_core_driver                                 
   6606 root      20   0  609132  12848   7584 S   2.0   1.3   0:14.96 /usr/bin/netopeer2-server -U -m 0770 -v 1                        
   2033 root      20   0       0      0      0 S   1.3   0.0   0:07.08 [fpga_drvd]                                                      
   5999 root      20   0  103452  11676   8304 S   1.3   1.2   0:06.49 /usr/local/bin/rud                                               
    191 root      20   0   34496  15060  14268 S   1.0   1.5   0:03.77 /lib/systemd/systemd-journald                                    
   5969 root      20   0    9456   4380   3416 S   1.0   0.4   0:05.22 /usr/local/bin/devif                                             
  17012 admin     20   0    5808   2792   2108 R   0.7   0.3   0:00.45 top                                                              
     58 root      20   0       0      0      0 S   0.3   0.0   0:00.05 [kpktgend_3]                                                     
    132 root      20   0       0      0      0 I   0.3   0.0   0:00.02 [kworker/3:1-events]                                             
   1914 message+  20   0    5796   3616   3132 S   0.3   0.4   0:06.33 /usr/bin/dbus-daemon --system --address=systemd: --nofork --nop+ 
   2241 root      20   0    2164   1056    852 S   0.3   0.1   0:03.47 /sbin/syslogd -n -S -s 10000 -b 20                               
   4318 root      20   0  201072  15040   1580 S   0.3   1.5   0:00.76 /usr/local/bin/dscllogd                                          
   4370 root      20   0    3704   2416   1572 S   0.3   0.2   0:03.88 /usr/local/bin/dsclswell                                         
   5262 root      20   0    3444    996    856 S   0.3   0.1   0:00.11 /usr/local/bin/sfp_ctrl 0 1 0x50 0x180 0x188 FPGA 0x190 0x198 0  
   6324 root      20   0  384060   4188   3632 S   0.3   0.4   0:03.66 /usr/local/bin/ptp_ctrl 0                                        
  12606 admin     20   0   11412   5276   4132 S   0.3   0.5   0:00.05 sshd: admin@pts/0                                                
      1 root      20   0   97840  10856   6716 S   0.0   1.1   0:13.32 /init                                                            
      2 root      20   0       0      0      0 S   0.0   0.0   0:00.01 [kthreadd]                                                       
      3 root       0 -20       0      0      0 I   0.0   0.0   0:00.00 [rcu_gp]                                                         
      4 root       0 -20       0      0      0 I   0.0   0.0   0:00.00 [rcu_par_gp]                                                     
      5 root       0 -20       0      0      0 I   0.0   0.0   0:00.00 [netns]                                                          
      7 root       0 -20       0      0      0 I   0.0   0.0   0:00.28 [kworker/0:0H-mmc_complete]                                      
      8 root      20   0       0      0      0 I   0.0   0.0   0:05.19 [kworker/u8:0-ext4-rsv-conversion]                               
      9 root       0 -20       0      0      0 I   0.0   0.0   0:00.00 [mm_percpu_wq]                                                   
     10 root      20   0       0      0      0 S   0.0   0.0   0:02.65 [ksoftirqd/0]                                                    
     11 root      20   0       0      0      0 I   0.0   0.0   0:00.79 [rcu_sched]                                                      
     12 root      rt   0       0      0      0 S   0.0   0.0   0:00.00 [migration/0]                                                    
     13 root      20   0       0      0      0 S   0.0   0.0   0:00.00 [cpuhp/0]                                                        
     14 root      20   0       0      0      0 S   0.0   0.0   0:00.00 [cpuhp/1]                                                        
     15 root      rt   0       0      0      0 S   0.0   0.0   0:00.00 [migration/1]                                                    
     16 root      20   0       0      0      0 S   0.0   0.0   0:00.34 [ksoftirqd/1]                                                    
     19 root      20   0       0      0      0 S   0.0   0.0   0:00.00 [cpuhp/2]                                                        
     20 root      rt   0       0      0      0 S   0.0   0.0   0:00.00 [migration/2]                                                    
     21 root      20   0       0      0      0 S   0.0   0.0   0:00.41 [ksoftirqd/2]                                                    
     23 root       0 -20       0      0      0 I   0.0   0.0   0:00.16 [kworker/2:0H-kblockd]                                           
     24 root      20   0       0      0      0 S   0.0   0.0   0:00.00 [cpuhp/3]                                                        
     25 root      rt   0       0      0      0 S   0.0   0.0   0:00.00 [migration/3]                                                    
     26 root      20   0       0      0      0 S   0.0   0.0   0:00.00 [ksoftirqd/3]                                                    
     27 root      20   0       0      0      0 I   0.0   0.0   0:00.00 [kworker/3:0-mm_percpu_wq]                                       
     28 root       0 -20       0      0      0 I   0.0   0.0   0:00.00 [kworker/3:0H]                                                   
     29 root      20   0       0      0      0 S   0.0   0.0   0:00.01 [kdevtmpfs]                                                      
     30 root       0 -20       0      0      0 I   0.0   0.0   0:00.00 [inet_frag_wq]                                                   
     32 root      20   0       0      0      0 S   0.0   0.0   0:00.02 [kauditd]                                                        
     33 root      20   0       0      0      0 S   0.0   0.0   0:00.00 [oom_reaper]                                                     
     34 root       0 -20       0      0      0 I   0.0   0.0   0:00.00 [writeback]                                                      
     35 root      20   0       0      0      0 S   0.0   0.0   0:00.01 [kcompactd0]                                                     
     36 root      39  19       0      0      0 S   0.0   0.0   0:00.00 [khugepaged]                                                     
     37 root       0 -20       0      0      0 I   0.0   0.0   0:00.00 [kblockd]                                                        
     38 root       0 -20       0      0      0 I   0.0   0.0   0:00.00 [blkcg_punt_bio]                                                 
     39 root       0 -20       0      0      0 I   0.0   0.0   0:00.00 [edac-poller]                                                    
     40 root     -51   0       0      0      0 S   0.0   0.0   0:00.00 [watchdogd]                                                      top - 09:40:20 up 10 min,  2 users,  load average: 0.52, 0.70, 0.45
Tasks: 164 total,   2 running, 162 sleeping,   0 stopped,   0 zombie
%Cpu(s):  3.4 us,  7.2 sy,  0.0 ni, 89.3 id,  0.0 wa,  0.0 hi,  0.1 si,  0.0 st
MiB Mem :    986.7 total,     56.2 free,    154.4 used,    776.1 buff/cache
MiB Swap:      0.0 total,      0.0 free,      0.0 used.     99.4 avail Mem 


   5068 root      20   0   88276   2972   1840 R   6.6   0.3   0:39.91 dpd-smp -u 5                                                     
   6693 root      20   0  633272   7940   4576 S   4.3   0.8   0:23.60 /usr/bin/sync_timing_ptp2stack /etc/sync_timing_ptp2_default.co+ 
   5892 root      20   0    6616   3216   2796 S   3.3   0.3   0:16.56 /usr/local/bin/oda                                               
   6606 root      20   0  609132  12848   7584 S   2.0   1.3   0:15.02 /usr/bin/netopeer2-server -U -m 0770 -v 1                        
   5860 root      20   0  244384   4616   3800 S   1.7   0.5   0:10.64 /usr/bin/sync_timing_core_driver                                 
   2033 root      20   0       0      0      0 S   1.3   0.0   0:07.12 [fpga_drvd]                                                      
   5999 root      20   0  103452  11676   8304 S   1.0   1.2   0:06.52 /usr/local/bin/rud                                               
   2241 root      20   0    2164   1056    852 S   0.7   0.1   0:03.49 /sbin/syslogd -n -S -s 10000 -b 20                               
   4370 root      20   0    3704   2416   1572 S   0.7   0.2   0:03.90 /usr/local/bin/dsclswell                                         
   5969 root      20   0    9456   4380   3416 S   0.7   0.4   0:05.24 /usr/local/bin/devif                                             
   6324 root      20   0  384060   4188   3632 S   0.7   0.4   0:03.68 /usr/local/bin/ptp_ctrl 0                                        
  17012 admin     20   0    5808   2792   2108 R   0.7   0.3   0:00.47 top                                                              
      1 root      20   0   97840  10856   6716 S   0.3   1.1   0:13.33 /init                                                            
   1914 message+  20   0    5796   3616   3132 S   0.3   0.4   0:06.34 /usr/bin/dbus-daemon --system --address=systemd: --nofork --nop+ 
   4550 root      20   0    2376    816    716 S   0.3   0.1   0:00.89 /usr/local/bin/gpio_ctrl                                         
   5072 root      20   0    3888   2868   2560 S   0.3   0.3   0:00.67 /bin/sh /usr/local/script/run_rfsoc_hard_ip_b.sh                 
   5920 root      20   0  304008  19748   4388 S   0.3   2.0   0:07.70 /usr/bin/sysrepod                                                
   6025 root      20   0    9212   3224   2828 S   0.3   0.3   0:00.22 /usr/local/bin/watchdogd                                         
   6354 root      20   0  605084   4260   3512 S   0.3   0.4   0:01.02 /usr/local/bin/synce_ctrl 0                                      
  10918 root      20   0       0      0      0 I   0.3   0.0   0:00.09 [kworker/u8:1-edac-poller]                                       

































top - 09:40:23 up 10 min,  2 users,  load average: 0.47, 0.69, 0.45
Tasks: 164 total,   1 running, 163 sleeping,   0 stopped,   0 zombie
%Cpu(s):  3.4 us,  7.3 sy,  0.0 ni, 89.2 id,  0.0 wa,  0.0 hi,  0.1 si,  0.0 st
MiB Mem :    986.7 total,     56.2 free,    154.3 used,    776.2 buff/cache



   5068 root      20   0   88276   2972   1840 S   6.6   0.3   0:40.11 dpd-smp -u 5                                                     
   6693 root      20   0  633272   7940   4576 S   4.3   0.8   0:23.73 /usr/bin/sync_timing_ptp2stack /etc/sync_timing_ptp2_default.co+ 
   5892 root      20   0    6616   3216   2796 S   3.0   0.3   0:16.65 /usr/local/bin/oda                                               
   6606 root      20   0  609132  12848   7584 S   2.3   1.3   0:15.09 /usr/bin/netopeer2-server -U -m 0770 -v 1                        
   5860 root      20   0  244384   4616   3800 S   2.0   0.5   0:10.70 /usr/bin/sync_timing_core_driver                                 
   2033 root      20   0       0      0      0 S   1.3   0.0   0:07.16 [fpga_drvd]                                                      
   5969 root      20   0    9456   4380   3416 S   1.3   0.4   0:05.28 /usr/local/bin/devif                                             
    191 root      20   0   34496  15060  14268 S   1.0   1.5   0:03.80 /lib/systemd/systemd-journald                                    
   5999 root      20   0  103452  11676   8304 S   1.0   1.2   0:06.55 /usr/local/bin/rud                                               
   6324 root      20   0  384060   4188   3632 S   1.0   0.4   0:03.71 /usr/local/bin/ptp_ctrl 0                                        
  17012 admin     20   0    5808   2792   2108 R   1.0   0.3   0:00.50 top                                                              
   2241 root      20   0    2164   1056    852 S   0.7   0.1   0:03.51 /sbin/syslogd -n -S -s 10000 -b 20                               
   4370 root      20   0    3704   2416   1572 S   0.7   0.2   0:03.92 /usr/local/bin/dsclswell                                         
     11 root      20   0       0      0      0 I   0.3   0.0   0:00.80 [rcu_sched]                                                      
   1914 message+  20   0    5796   3616   3132 S   0.3   0.4   0:06.35 /usr/bin/dbus-daemon --system --address=systemd: --nofork --nop+ 
   4318 root      20   0  201072  15040   1580 S   0.3   1.5   0:00.77 /usr/local/bin/dscllogd                                          
   4398 root      20   0    2380    820    720 S   0.3   0.1   0:00.05 /usr/local/bin/pkg_ctrl                                          
   5094 root      20   0  151308   2512   2052 S   0.3   0.2   0:01.02 /usr/local/bin/rfdcd                                             
   5374 root      20   0    2536    980    860 S   0.3   0.1   0:00.12 /usr/local/bin/sfp_led_ctrl 0 EMIO 2 47 46 45 44                 
   6950 root      20   0   76244    832    720 S   0.3   0.1   0:00.19 /usr/local/bin/netstat_ctrl 0                                    
      1 root      20   0   97840  10856   6716 S   0.0   1.1   0:13.33 /init                                                            
      2 root      20   0       0      0      0 S   0.0   0.0   0:00.01 [kthreadd]                                                       
      3 root       0 -20       0      0      0 I   0.0   0.0   0:00.00 [rcu_gp]                                                         
      4 root       0 -20       0      0      0 I   0.0   0.0   0:00.00 [rcu_par_gp]                                                     
      5 root       0 -20       0      0      0 I   0.0   0.0   0:00.00 [netns]                                                          
      7 root       0 -20       0      0      0 I   0.0   0.0   0:00.28 [kworker/0:0H-mmc_complete]                                      
      8 root      20   0       0      0      0 I   0.0   0.0   0:05.19 [kworker/u8:0-ext4-rsv-conversion]                               
      9 root       0 -20       0      0      0 I   0.0   0.0   0:00.00 [mm_percpu_wq]                                                   
     10 root      20   0       0      0      0 S   0.0   0.0   0:02.65 [ksoftirqd/0]                                                    
























top - 09:40:26 up 10 min,  2 users,  load average: 0.52, 0.69, 0.45
Tasks: 164 total,   2 running, 162 sleeping,   0 stopped,   0 zombie
%Cpu(s):  2.9 us,  6.6 sy,  0.0 ni, 90.4 id,  0.0 wa,  0.0 hi,  0.1 si,  0.0 st
MiB Mem :    986.7 total,     55.9 free,    154.4 used,    776.3 buff/cache
MiB Swap:      0.0 total,      0.0 free,      0.0 used.     99.3 avail Mem 


   5068 root      20   0   88276   2972   1840 S   6.6   0.3   0:40.31 dpd-smp -u 5                                                     
   6693 root      20   0  633272   7940   4576 S   4.3   0.8   0:23.86 /usr/bin/sync_timing_ptp2stack /etc/sync_timing_ptp2_default.co+ 
   5892 root      20   0    6616   3216   2796 R   3.0   0.3   0:16.74 /usr/local/bin/oda                                               
   6606 root      20   0  609132  12848   7584 S   2.3   1.3   0:15.16 /usr/bin/netopeer2-server -U -m 0770 -v 1                        
   5860 root      20   0  244384   4616   3800 S   2.0   0.5   0:10.76 /usr/bin/sync_timing_core_driver                                 
   2033 root      20   0       0      0      0 S   1.3   0.0   0:07.20 [fpga_drvd]                                                      
   5999 root      20   0  103452  11676   8304 S   1.3   1.2   0:06.59 /usr/local/bin/rud                                               
   2241 root      20   0    2164   1056    852 S   1.0   0.1   0:03.54 /sbin/syslogd -n -S -s 10000 -b 20                               
   4370 root      20   0    3704   2416   1572 S   1.0   0.2   0:03.95 /usr/local/bin/dsclswell                                         
   5969 root      20   0    9456   4380   3416 S   1.0   0.4   0:05.31 /usr/local/bin/devif                                             
  17012 admin     20   0    5808   2792   2108 R   0.7   0.3   0:00.52 top                                                              
     21 root      20   0       0      0      0 S   0.3   0.0   0:00.42 [ksoftirqd/2]                                                    
    202 root      20   0       0      0      0 I   0.3   0.0   0:00.48 [kworker/2:3-events_long]                                        
   1914 message+  20   0    5796   3616   3132 S   0.3   0.4   0:06.36 /usr/bin/dbus-daemon --system --address=systemd: --nofork --nop+ 
   4847 root      20   0   10800    972    852 S   0.3   0.1   0:00.11 /usr/local/bin/led_ctrl 0 EMIO 41 42 43 0                        
   5072 root      20   0    3888   2868   2560 S   0.3   0.3   0:00.68 /bin/sh /usr/local/script/run_rfsoc_hard_ip_b.sh                 
   6324 root      20   0  384060   4188   3632 S   0.3   0.4   0:03.72 /usr/local/bin/ptp_ctrl 0                                        
   6354 root      20   0  605084   4260   3512 S   0.3   0.4   0:01.03 /usr/local/bin/synce_ctrl 0                                      
      1 root      20   0   97840  10856   6716 S   0.0   1.1   0:13.33 /init                                                            
      2 root      20   0       0      0      0 S   0.0   0.0   0:00.01 [kthreadd]                                                       
      3 root       0 -20       0      0      0 I   0.0   0.0   0:00.00 [rcu_gp]                                                         
      4 root       0 -20       0      0      0 I   0.0   0.0   0:00.00 [rcu_par_gp]                                                     
      5 root       0 -20       0      0      0 I   0.0   0.0   0:00.00 [netns]                                                          
      7 root       0 -20       0      0      0 I   0.0   0.0   0:00.28 [kworker/0:0H-mmc_complete]                                      
      8 root      20   0       0      0      0 I   0.0   0.0   0:05.19 [kworker/u8:0-ext4-rsv-conversion]                               
      9 root       0 -20       0      0      0 I   0.0   0.0   0:00.00 [mm_percpu_wq]                                                   
     10 root      20   0       0      0      0 S   0.0   0.0   0:02.65 [ksoftirqd/0]                                                    
     11 root      20   0       0      0      0 I   0.0   0.0   0:00.80 [rcu_sched]                                                      
     12 root      rt   0       0      0      0 S   0.0   0.0   0:00.00 [migration/0]                                                    
     13 root      20   0       0      0      0 S   0.0   0.0   0:00.00 [cpuhp/0]                                                        
     14 root      20   0       0      0      0 S   0.0   0.0   0:00.00 [cpuhp/1]                                                        
     15 root      rt   0       0      0      0 S   0.0   0.0   0:00.00 [migration/1]                                                    
     16 root      20   0       0      0      0 S   0.0   0.0   0:00.34 [ksoftirqd/1]                                                    
     19 root      20   0       0      0      0 S   0.0   0.0   0:00.00 [cpuhp/2]                                                        
     20 root      rt   0       0      0      0 S   0.0   0.0   0:00.00 [migration/2]                                                    
     23 root       0 -20       0      0      0 I   0.0   0.0   0:00.16 [kworker/2:0H-kblockd]                                           
     24 root      20   0       0      0      0 S   0.0   0.0   0:00.00 [cpuhp/3]                                                        
     25 root      rt   0       0      0      0 S   0.0   0.0   0:00.00 [migration/3]                                                    
     26 root      20   0       0      0      0 S   0.0   0.0   0:00.00 [ksoftirqd/3]                                                    
     27 root      20   0       0      0      0 I   0.0   0.0   0:00.00 [kworker/3:0-mm_percpu_wq]                                       
     28 root       0 -20       0      0      0 I   0.0   0.0   0:00.00 [kworker/3:0H]                                                   
     29 root      20   0       0      0      0 S   0.0   0.0   0:00.01 [kdevtmpfs]                                                      
     30 root       0 -20       0      0      0 I   0.0   0.0   0:00.00 [inet_frag_wq]                                                   
     32 root      20   0       0      0      0 S   0.0   0.0   0:00.02 [kauditd]                                                        
     33 root      20   0       0      0      0 S   0.0   0.0   0:00.00 [oom_reaper]                                                     
     34 root       0 -20       0      0      0 I   0.0   0.0   0:00.00 [writeback]                                                      
     35 root      20   0       0      0      0 S   0.0   0.0   0:00.01 [kcompactd0]                                                     
     36 root      39  19       0      0      0 S   0.0   0.0   0:00.00 [khugepaged]                                                     
     37 root       0 -20       0      0      0 I   0.0   0.0   0:00.00 [kblockd]                                                        
     38 root       0 -20       0      0      0 I   0.0   0.0   0:00.00 [blkcg_punt_bio]                                                 
     39 root       0 -20       0      0      0 I   0.0   0.0   0:00.00 [edac-poller]                                                    
     40 root     -51   0       0      0      0 S   0.0   0.0   0:00.00 [watchdogd]                                                      
     42 root      20   0       0      0      0 I   0.0   0.0   0:00.11 [kworker/1:1-cgroup_destroy]                                     
     43 root       0 -20       0      0      0 I   0.0   0.0   0:00.00 [rpciod]                                                         top - 09:40:29 up 10 min,  2 users,  load average: 0.52, 0.69, 0.45
Tasks: 163 total,   1 running, 162 sleeping,   0 stopped,   0 zombie
%Cpu(s):  3.6 us,  8.2 sy,  0.0 ni, 88.0 id,  0.0 wa,  0.0 hi,  0.2 si,  0.0 st
MiB Mem :    986.7 total,     55.2 free,    155.1 used,    776.4 buff/cache
MiB Swap:      0.0 total,      0.0 free,      0.0 used.     98.7 avail Mem 


   5068 root      20   0   88276   2972   1840 S   6.6   0.3   0:40.51 dpd-smp -u 5                                                     
   6693 root      20   0  633272   7940   4576 S   4.3   0.8   0:23.99 /usr/bin/sync_timing_ptp2stack /etc/sync_timing_ptp2_default.co+ 
   5892 root      20   0    6616   3216   2796 S   3.0   0.3   0:16.83 /usr/local/bin/oda                                               
   5860 root      20   0  244384   4616   3800 S   2.3   0.5   0:10.83 /usr/bin/sync_timing_core_driver                                 
   6606 root      20   0  609132  12848   7584 S   2.0   1.3   0:15.22 /usr/bin/netopeer2-server -U -m 0770 -v 1                        
   2033 root      20   0       0      0      0 S   1.3   0.0   0:07.24 [fpga_drvd]                                                      
   5969 root      20   0    9456   4380   3416 S   1.3   0.4   0:05.35 /usr/local/bin/devif                                             
   5999 root      20   0  103452  11676   8304 S   1.3   1.2   0:06.63 /usr/local/bin/rud                                               
   6324 root      20   0  384060   4188   3632 S   1.0   0.4   0:03.75 /usr/local/bin/ptp_ctrl 0                                        
    191 root      20   0   34496  15324  14532 S   0.7   1.5   0:03.82 /lib/systemd/systemd-journald                                    
   2241 root      20   0    2164   1056    852 S   0.7   0.1   0:03.56 /sbin/syslogd -n -S -s 10000 -b 20                               
   4370 root      20   0    3704   2416   1572 S   0.7   0.2   0:03.97 /usr/local/bin/dsclswell                                         
   5094 root      20   0  151308   2512   2052 S   0.7   0.2   0:01.04 /usr/local/bin/rfdcd                                             
  17012 admin     20   0    5808   2792   2108 R   0.7   0.3   0:00.54 top                                                              
      1 root      20   0   97840  10856   6716 S   0.3   1.1   0:13.34 /init                                                            
     10 root      20   0       0      0      0 S   0.3   0.0   0:02.66 [ksoftirqd/0]                                                    
   1914 message+  20   0    5796   3616   3132 S   0.3   0.4   0:06.37 /usr/bin/dbus-daemon --system --address=systemd: --nofork --nop+ 
   4496 root      20   0    2532    840    732 S   0.3   0.1   0:00.10 /usr/local/bin/if_i2c_ctrl /dev/i2c-1                            
   4550 root      20   0    2376    816    716 S   0.3   0.1   0:00.90 /usr/local/bin/gpio_ctrl                                         
   4673 root      20   0    2640    852    732 S   0.3   0.1   0:00.07 /usr/local/bin/eeprom_ctrl 0 0 0x56                              
  10402 admin     20   0   12968   8816   6532 S   0.3   0.9   0:01.77 /lib/systemd/systemd --user                                      
      2 root      20   0       0      0      0 S   0.0   0.0   0:00.01 [kthreadd]                                                       
      3 root       0 -20       0      0      0 I   0.0   0.0   0:00.00 [rcu_gp]                                                         
      4 root       0 -20       0      0      0 I   0.0   0.0   0:00.00 [rcu_par_gp]                                                     
      5 root       0 -20       0      0      0 I   0.0   0.0   0:00.00 [netns]                                                          
      7 root       0 -20       0      0      0 I   0.0   0.0   0:00.28 [kworker/0:0H-mmc_complete]                                      
      8 root      20   0       0      0      0 I   0.0   0.0   0:05.19 [kworker/u8:0-ext4-rsv-conversion]                               
      9 root       0 -20       0      0      0 I   0.0   0.0   0:00.00 [mm_percpu_wq]                                                   
     11 root      20   0       0      0      0 I   0.0   0.0   0:00.80 [rcu_sched]                                                      
     12 root      rt   0       0      0      0 S   0.0   0.0   0:00.00 [migration/0]                                                    
     13 root      20   0       0      0      0 S   0.0   0.0   0:00.00 [cpuhp/0]                                                        
     14 root      20   0       0      0      0 S   0.0   0.0   0:00.00 [cpuhp/1]                                                        
     15 root      rt   0       0      0      0 S   0.0   0.0   0:00.00 [migration/1]                                                    
     16 root      20   0       0      0      0 S   0.0   0.0   0:00.34 [ksoftirqd/1]                                                    
     19 root      20   0       0      0      0 S   0.0   0.0   0:00.00 [cpuhp/2]                                                        
     20 root      rt   0       0      0      0 S   0.0   0.0   0:00.00 [migration/2]                                                    
     21 root      20   0       0      0      0 S   0.0   0.0   0:00.42 [ksoftirqd/2]                                                    
     23 root       0 -20       0      0      0 I   0.0   0.0   0:00.16 [kworker/2:0H-kblockd]                                           
     24 root      20   0       0      0      0 S   0.0   0.0   0:00.00 [cpuhp/3]                                                        
     25 root      rt   0       0      0      0 S   0.0   0.0   0:00.00 [migration/3]                                                    
     26 root      20   0       0      0      0 S   0.0   0.0   0:00.00 [ksoftirqd/3]                                                    
     27 root      20   0       0      0      0 I   0.0   0.0   0:00.00 [kworker/3:0-mm_percpu_wq]                                       
     28 root       0 -20       0      0      0 I   0.0   0.0   0:00.00 [kworker/3:0H]                                                   
     29 root      20   0       0      0      0 S   0.0   0.0   0:00.01 [kdevtmpfs]                                                      
     30 root       0 -20       0      0      0 I   0.0   0.0   0:00.00 [inet_frag_wq]                                                   
     32 root      20   0       0      0      0 S   0.0   0.0   0:00.02 [kauditd]                                                        
     33 root      20   0       0      0      0 S   0.0   0.0   0:00.00 [oom_reaper]                                                     
     34 root       0 -20       0      0      0 I   0.0   0.0   0:00.00 [writeback]                                                      
     35 root      20   0       0      0      0 S   0.0   0.0   0:00.01 [kcompactd0]                                                     
     36 root      39  19       0      0      0 S   0.0   0.0   0:00.00 [khugepaged]                                                     
     37 root       0 -20       0      0      0 I   0.0   0.0   0:00.00 [kblockd]                                                        
     38 root       0 -20       0      0      0 I   0.0   0.0   0:00.00 [blkcg_punt_bio]                                                 
     39 root       0 -20       0      0      0 I   0.0   0.0   0:00.00 [edac-poller]                                                    
     40 root     -51   0       0      0      0 S   0.0   0.0   0:00.00 [watchdogd]                                                      top - 09:40:32 up 10 min,  2 users,  load average: 0.47, 0.68, 0.45
Tasks: 165 total,   2 running, 163 sleeping,   0 stopped,   0 zombie
%Cpu(s):  3.4 us,  9.4 sy,  0.0 ni, 87.0 id,  0.0 wa,  0.0 hi,  0.3 si,  0.0 st
MiB Mem :    986.7 total,     64.1 free,    146.6 used,    775.9 buff/cache
MiB Swap:      0.0 total,      0.0 free,      0.0 used.    107.2 avail Mem 


   5068 root      20   0   88276   2972   1840 S   6.6   0.3   0:40.71 dpd-smp -u 5                                                     
   6693 root      20   0  633272   7940   4576 S   4.6   0.8   0:24.13 /usr/bin/sync_timing_ptp2stack /etc/sync_timing_ptp2_default.co+ 
   5892 root      20   0    6616   3216   2796 S   3.0   0.3   0:16.92 /usr/local/bin/oda                                               
   6606 root      20   0  609132  12848   7584 S   2.0   1.3   0:15.28 /usr/bin/netopeer2-server -U -m 0770 -v 1                        
   5860 root      20   0  244384   4616   3800 S   1.7   0.5   0:10.88 /usr/bin/sync_timing_core_driver                                 
   2033 root      20   0       0      0      0 S   1.3   0.0   0:07.28 [fpga_drvd]                                                      
   5999 root      20   0  103452  11676   8304 S   1.3   1.2   0:06.67 /usr/local/bin/rud                                               
   2241 root      20   0    2164   1056    852 S   0.7   0.1   0:03.58 /sbin/syslogd -n -S -s 10000 -b 20                               
   4370 root      20   0    3704   2416   1572 S   0.7   0.2   0:03.99 /usr/local/bin/dsclswell                                         
   5969 root      20   0    9456   4380   3416 S   0.7   0.4   0:05.37 /usr/local/bin/devif                                             
   6324 root      20   0  384060   4188   3632 S   0.7   0.4   0:03.77 /usr/local/bin/ptp_ctrl 0                                        
  17012 admin     20   0    5808   2792   2108 R   0.7   0.3   0:00.56 top                                                              
     11 root      20   0       0      0      0 I   0.3   0.0   0:00.81 [rcu_sched]                                                      
     16 root      20   0       0      0      0 S   0.3   0.0   0:00.35 [ksoftirqd/1]                                                    
     47 root      20   0       0      0      0 S   0.3   0.0   0:00.34 [kswapd0]                                                        
    191 root      20   0   34496  15324  14532 S   0.3   1.5   0:03.83 /lib/systemd/systemd-journald                                    
   1914 message+  20   0    5796   3616   3132 S   0.3   0.4   0:06.38 /usr/bin/dbus-daemon --system --address=systemd: --nofork --nop+ 
   5151 root      20   0  156404   4068   2064 S   0.3   0.4   0:00.60 /usr/local/bin/ccd                                               
   6244 root      20   0    4020   2904   2548 S   0.3   0.3   0:00.51 /bin/sh /usr/local/script/watchdog_clear.sh                      
   6354 root      20   0  605084   4260   3512 S   0.3   0.4   0:01.04 /usr/local/bin/synce_ctrl 0                                      
      1 root      20   0   97840  10856   6716 S   0.0   1.1   0:13.34 /init                                                            







     10 root      20   0       0      0      0 S   0.0   0.0   0:02.66 [ksoftirqd/0]                                                    




     19 root      20   0       0      0      0 S   0.0   0.0   0:00.00 [cpuhp/2]                                                        
     20 root      rt   0       0      0      0 S   0.0   0.0   0:00.00 [migration/2]                                                    
     21 root      20   0       0      0      0 S   0.0   0.0   0:00.42 [ksoftirqd/2]                                                    
     23 root       0 -20       0      0      0 I   0.0   0.0   0:00.16 [kworker/2:0H-kblockd]                                           
     24 root      20   0       0      0      0 S   0.0   0.0   0:00.00 [cpuhp/3]                                                        
     25 root      rt   0       0      0      0 S   0.0   0.0   0:00.00 [migration/3]                                                    
     26 root      20   0       0      0      0 S   0.0   0.0   0:00.00 [ksoftirqd/3]                                                    
     27 root      20   0       0      0      0 I   0.0   0.0   0:00.00 [kworker/3:0-mm_percpu_wq]                                       
     28 root       0 -20       0      0      0 I   0.0   0.0   0:00.00 [kworker/3:0H]                                                   
     29 root      20   0       0      0      0 S   0.0   0.0   0:00.01 [kdevtmpfs]                                                      
     30 root       0 -20       0      0      0 I   0.0   0.0   0:00.00 [inet_frag_wq]                                                   
     32 root      20   0       0      0      0 S   0.0   0.0   0:00.02 [kauditd]                                                        
     33 root      20   0       0      0      0 S   0.0   0.0   0:00.00 [oom_reaper]                                                     
     34 root       0 -20       0      0      0 I   0.0   0.0   0:00.00 [writeback]                                                      
     35 root      20   0       0      0      0 S   0.0   0.0   0:00.01 [kcompactd0]                                                     
     36 root      39  19       0      0      0 S   0.0   0.0   0:00.00 [khugepaged]                                                     
     37 root       0 -20       0      0      0 I   0.0   0.0   0:00.00 [kblockd]                                                        
     38 root       0 -20       0      0      0 I   0.0   0.0   0:00.00 [blkcg_punt_bio]                                                 
     39 root       0 -20       0      0      0 I   0.0   0.0   0:00.00 [edac-poller]                                                    
     40 root     -51   0       0      0      0 S   0.0   0.0   0:00.00 [watchdogd]                                                      
     42 root      20   0       0      0      0 I   0.0   0.0   0:00.11 [kworker/1:1-cgroup_destroy]                                     top - 09:40:35 up 11 min,  2 users,  load average: 0.47, 0.68, 0.45
Tasks: 164 total,   1 running, 163 sleeping,   0 stopped,   0 zombie
%Cpu(s):  2.4 us,  7.5 sy,  0.0 ni, 89.8 id,  0.1 wa,  0.0 hi,  0.2 si,  0.0 st
MiB Mem :    986.7 total,     62.4 free,    148.2 used,    776.1 buff/cache
MiB Swap:      0.0 total,      0.0 free,      0.0 used.    105.5 avail Mem 


   5068 root      20   0   88276   2972   1840 S   6.6   0.3   0:40.91 dpd-smp -u 5                                                     
   6693 root      20   0  633272   7940   4576 S   4.0   0.8   0:24.25 /usr/bin/sync_timing_ptp2stack /etc/sync_timing_ptp2_default.co+ 
   5892 root      20   0    6616   3216   2796 S   2.6   0.3   0:17.00 /usr/local/bin/oda                                               
   6606 root      20   0  609132  12848   7584 S   2.3   1.3   0:15.35 /usr/bin/netopeer2-server -U -m 0770 -v 1                        
   5860 root      20   0  244384   4616   3800 S   2.0   0.5   0:10.94 /usr/bin/sync_timing_core_driver                                 
   2033 root      20   0       0      0      0 S   1.3   0.0   0:07.32 [fpga_drvd]                                                      
    191 root      20   0   34496  15324  14532 S   1.0   1.5   0:03.86 /lib/systemd/systemd-journald                                    
  17012 admin     20   0    5808   2792   2108 R   1.0   0.3   0:00.59 top                                                              
   4370 root      20   0    3704   2416   1572 S   0.7   0.2   0:04.01 /usr/local/bin/dsclswell                                         
   5969 root      20   0    9456   4380   3416 S   0.7   0.4   0:05.39 /usr/local/bin/devif                                             
   5999 root      20   0  103452  11676   8304 S   0.7   1.2   0:06.69 /usr/local/bin/rud                                               
   6324 root      20   0  384060   4188   3632 S   0.7   0.4   0:03.79 /usr/local/bin/ptp_ctrl 0                                        
   1914 message+  20   0    5796   3616   3132 S   0.3   0.4   0:06.39 /usr/bin/dbus-daemon --system --address=systemd: --nofork --nop+ 
   2241 root      20   0    2164   1056    852 S   0.3   0.1   0:03.59 /sbin/syslogd -n -S -s 10000 -b 20                               
   4318 root      20   0  201072  15040   1580 S   0.3   1.5   0:00.78 /usr/local/bin/dscllogd                                          
   4550 root      20   0    2376    816    716 S   0.3   0.1   0:00.91 /usr/local/bin/gpio_ctrl                                         
   5072 root      20   0    3888   2868   2560 S   0.3   0.3   0:00.69 /bin/sh /usr/local/script/run_rfsoc_hard_ip_b.sh                 
   5094 root      20   0  151308   2512   2052 S   0.3   0.2   0:01.05 /usr/local/bin/rfdcd                                             
   5920 root      20   0  304008  19748   4388 S   0.3   2.0   0:07.71 /usr/bin/sysrepod                                                
   6354 root      20   0  605084   4260   3512 S   0.3   0.4   0:01.05 /usr/local/bin/synce_ctrl 0                                      





      7 root       0 -20       0      0      0 I   0.0   0.0   0:00.28 [kworker/0:0H-kblockd]                                           



     11 root      20   0       0      0      0 I   0.0   0.0   0:00.81 [rcu_sched]                                                      
     12 root      rt   0       0      0      0 S   0.0   0.0   0:00.00 [migration/0]                                                    
     13 root      20   0       0      0      0 S   0.0   0.0   0:00.00 [cpuhp/0]                                                        
     14 root      20   0       0      0      0 S   0.0   0.0   0:00.00 [cpuhp/1]                                                        
     15 root      rt   0       0      0      0 S   0.0   0.0   0:00.00 [migration/1]                                                    
     16 root      20   0       0      0      0 S   0.0   0.0   0:00.35 [ksoftirqd/1]                                                    
     19 root      20   0       0      0      0 S   0.0   0.0   0:00.00 [cpuhp/2]                                                        
     20 root      rt   0       0      0      0 S   0.0   0.0   0:00.00 [migration/2]                                                    
     21 root      20   0       0      0      0 S   0.0   0.0   0:00.42 [ksoftirqd/2]                                                    
     23 root       0 -20       0      0      0 I   0.0   0.0   0:00.16 [kworker/2:0H-kblockd]                                           
     24 root      20   0       0      0      0 S   0.0   0.0   0:00.00 [cpuhp/3]                                                        
     25 root      rt   0       0      0      0 S   0.0   0.0   0:00.00 [migration/3]                                                    
     26 root      20   0       0      0      0 S   0.0   0.0   0:00.00 [ksoftirqd/3]                                                    
     27 root      20   0       0      0      0 I   0.0   0.0   0:00.00 [kworker/3:0-mm_percpu_wq]                                       
     28 root       0 -20       0      0      0 I   0.0   0.0   0:00.00 [kworker/3:0H]                                                   
     29 root      20   0       0      0      0 S   0.0   0.0   0:00.01 [kdevtmpfs]                                                      
     30 root       0 -20       0      0      0 I   0.0   0.0   0:00.00 [inet_frag_wq]                                                   
     32 root      20   0       0      0      0 S   0.0   0.0   0:00.02 [kauditd]                                                        
     33 root      20   0       0      0      0 S   0.0   0.0   0:00.00 [oom_reaper]                                                     
     34 root       0 -20       0      0      0 I   0.0   0.0   0:00.00 [writeback]                                                      
     35 root      20   0       0      0      0 S   0.0   0.0   0:00.01 [kcompactd0]                                                     
     36 root      39  19       0      0      0 S   0.0   0.0   0:00.00 [khugepaged]                                                     
     37 root       0 -20       0      0      0 I   0.0   0.0   0:00.00 [kblockd]                                                        
     38 root       0 -20       0      0      0 I   0.0   0.0   0:00.00 [blkcg_punt_bio]                                                 
     39 root       0 -20       0      0      0 I   0.0   0.0   0:00.00 [edac-poller]                                                    top - 09:40:38 up 11 min,  2 users,  load average: 0.52, 0.69, 0.45
Tasks: 164 total,   2 running, 162 sleeping,   0 stopped,   0 zombie
%Cpu(s):  2.3 us,  8.0 sy,  0.0 ni, 89.7 id,  0.0 wa,  0.0 hi,  0.0 si,  0.0 st
MiB Mem :    986.7 total,     61.4 free,    149.1 used,    776.2 buff/cache
MiB Swap:      0.0 total,      0.0 free,      0.0 used.    104.7 avail Mem 


   5068 root      20   0   88276   2972   1840 S   6.6   0.3   0:41.11 dpd-smp -u 5                                                     
   6693 root      20   0  633272   7940   4576 S   4.6   0.8   0:24.39 /usr/bin/sync_timing_ptp2stack /etc/sync_timing_ptp2_default.co+ 
   5892 root      20   0    6616   3216   2796 R   3.3   0.3   0:17.10 /usr/local/bin/oda                                               
   5860 root      20   0  244384   4616   3800 S   2.0   0.5   0:11.00 /usr/bin/sync_timing_core_driver                                 
   6606 root      20   0  609132  12848   7584 S   2.0   1.3   0:15.41 /usr/bin/netopeer2-server -U -m 0770 -v 1                        
   5969 root      20   0    9456   4380   3416 S   1.3   0.4   0:05.43 /usr/local/bin/devif                                             
   5999 root      20   0  103452  11676   8304 S   1.3   1.2   0:06.73 /usr/local/bin/rud                                               
   2033 root      20   0       0      0      0 S   1.0   0.0   0:07.35 [fpga_drvd]                                                      
   2241 root      20   0    2164   1056    852 S   0.7   0.1   0:03.61 /sbin/syslogd -n -S -s 10000 -b 20                               
   4370 root      20   0    3704   2416   1572 S   0.7   0.2   0:04.03 /usr/local/bin/dsclswell                                         
   6324 root      20   0  384060   4188   3632 S   0.7   0.4   0:03.81 /usr/local/bin/ptp_ctrl 0                                        
  17012 admin     20   0    5808   2792   2108 R   0.7   0.3   0:00.61 top                                                              
      1 root      20   0   97840  10856   6716 S   0.3   1.1   0:13.35 /init                                                            
     11 root      20   0       0      0      0 I   0.3   0.0   0:00.82 [rcu_sched]                                                      
   1914 message+  20   0    5796   3616   3132 S   0.3   0.4   0:06.40 /usr/bin/dbus-daemon --system --address=systemd: --nofork --nop+ 
   5262 root      20   0    3444    996    856 S   0.3   0.1   0:00.12 /usr/local/bin/sfp_ctrl 0 1 0x50 0x180 0x188 FPGA 0x190 0x198 0  
   6295 root      20   0   13596   8860   5804 S   0.3   0.9   0:00.61 /usr/local/bin/ncld                                              
      2 root      20   0       0      0      0 S   0.0   0.0   0:00.01 [kthreadd]                                                       
      3 root       0 -20       0      0      0 I   0.0   0.0   0:00.00 [rcu_gp]                                                         
      4 root       0 -20       0      0      0 I   0.0   0.0   0:00.00 [rcu_par_gp]                                                     
      5 root       0 -20       0      0      0 I   0.0   0.0   0:00.00 [netns]                                                          
      7 root       0 -20       0      0      0 I   0.0   0.0   0:00.28 [kworker/0:0H-mmc_complete]                                      
      8 root      20   0       0      0      0 I   0.0   0.0   0:05.19 [kworker/u8:0-ext4-rsv-conversion]                               
      9 root       0 -20       0      0      0 I   0.0   0.0   0:00.00 [mm_percpu_wq]                                                   
     10 root      20   0       0      0      0 S   0.0   0.0   0:02.66 [ksoftirqd/0]                                                    
     12 root      rt   0       0      0      0 S   0.0   0.0   0:00.00 [migration/0]                                                    
     13 root      20   0       0      0      0 S   0.0   0.0   0:00.00 [cpuhp/0]                                                        
     14 root      20   0       0      0      0 S   0.0   0.0   0:00.00 [cpuhp/1]                                                        
     15 root      rt   0       0      0      0 S   0.0   0.0   0:00.00 [migration/1]                                                    
     16 root      20   0       0      0      0 S   0.0   0.0   0:00.35 [ksoftirqd/1]                                                    
     19 root      20   0       0      0      0 S   0.0   0.0   0:00.00 [cpuhp/2]                                                        
     20 root      rt   0       0      0      0 S   0.0   0.0   0:00.00 [migration/2]                                                    
     21 root      20   0       0      0      0 S   0.0   0.0   0:00.42 [ksoftirqd/2]                                                    
     23 root       0 -20       0      0      0 I   0.0   0.0   0:00.16 [kworker/2:0H-kblockd]                                           
     24 root      20   0       0      0      0 S   0.0   0.0   0:00.00 [cpuhp/3]                                                        
     25 root      rt   0       0      0      0 S   0.0   0.0   0:00.00 [migration/3]                                                    
     26 root      20   0       0      0      0 S   0.0   0.0   0:00.00 [ksoftirqd/3]                                                    
     27 root      20   0       0      0      0 I   0.0   0.0   0:00.00 [kworker/3:0-mm_percpu_wq]                                       
     28 root       0 -20       0      0      0 I   0.0   0.0   0:00.00 [kworker/3:0H]                                                   
     29 root      20   0       0      0      0 S   0.0   0.0   0:00.01 [kdevtmpfs]                                                      
     30 root       0 -20       0      0      0 I   0.0   0.0   0:00.00 [inet_frag_wq]                                                   
     32 root      20   0       0      0      0 S   0.0   0.0   0:00.02 [kauditd]                                                        
     33 root      20   0       0      0      0 S   0.0   0.0   0:00.00 [oom_reaper]                                                     
     34 root       0 -20       0      0      0 I   0.0   0.0   0:00.00 [writeback]                                                      
     35 root      20   0       0      0      0 S   0.0   0.0   0:00.01 [kcompactd0]                                                     
     36 root      39  19       0      0      0 S   0.0   0.0   0:00.00 [khugepaged]                                                     
     37 root       0 -20       0      0      0 I   0.0   0.0   0:00.00 [kblockd]                                                        
     38 root       0 -20       0      0      0 I   0.0   0.0   0:00.00 [blkcg_punt_bio]                                                 
     39 root       0 -20       0      0      0 I   0.0   0.0   0:00.00 [edac-poller]                                                    
     40 root     -51   0       0      0      0 S   0.0   0.0   0:00.00 [watchdogd]                                                      
     42 root      20   0       0      0      0 I   0.0   0.0   0:00.11 [kworker/1:1-cgroup_destroy]                                     
     43 root       0 -20       0      0      0 I   0.0   0.0   0:00.00 [rpciod]                                                         
     45 root       0 -20       0      0      0 I   0.0   0.0   0:00.00 [xprtiod]                                                        
     47 root      20   0       0      0      0 S   0.0   0.0   0:00.34 [kswapd0]                                                        top - 09:40:41 up 11 min,  2 users,  load average: 0.48, 0.68, 0.45

%Cpu(s):  2.8 us,  7.9 sy,  0.0 ni, 89.3 id,  0.0 wa,  0.0 hi,  0.0 si,  0.0 st
MiB Mem :    986.7 total,     61.2 free,    149.2 used,    776.2 buff/cache
MiB Swap:      0.0 total,      0.0 free,      0.0 used.    104.5 avail Mem 


   5068 root      20   0   88276   2972   1840 R   6.6   0.3   0:41.31 dpd-smp -u 5                                                     
   6693 root      20   0  633272   7940   4576 S   4.3   0.8   0:24.52 /usr/bin/sync_timing_ptp2stack /etc/sync_timing_ptp2_default.co+ 
   5892 root      20   0    6616   3216   2796 S   2.6   0.3   0:17.18 /usr/local/bin/oda                                               
   6606 root      20   0  609132  12848   7584 S   2.3   1.3   0:15.48 /usr/bin/netopeer2-server -U -m 0770 -v 1                        
   5860 root      20   0  244384   4616   3800 S   2.0   0.5   0:11.06 /usr/bin/sync_timing_core_driver                                 
   2033 root      20   0       0      0      0 S   1.7   0.0   0:07.40 [fpga_drvd]                                                      
   2241 root      20   0    2164   1056    852 S   1.0   0.1   0:03.64 /sbin/syslogd -n -S -s 10000 -b 20                               
   5969 root      20   0    9456   4380   3416 S   1.0   0.4   0:05.46 /usr/local/bin/devif                                             
   5999 root      20   0  103452  11676   8304 S   1.0   1.2   0:06.76 /usr/local/bin/rud                                               
    191 root      20   0   34496  15324  14532 S   0.7   1.5   0:03.88 /lib/systemd/systemd-journald                                    
   4370 root      20   0    3704   2416   1572 S   0.7   0.2   0:04.05 /usr/local/bin/dsclswell                                         
   6324 root      20   0  384060   4188   3632 S   0.7   0.4   0:03.83 /usr/local/bin/ptp_ctrl 0                                        
  17012 admin     20   0    5808   2792   2108 R   0.7   0.3   0:00.63 top                                                              
     21 root      20   0       0      0      0 S   0.3   0.0   0:00.43 [ksoftirqd/2]                                                    
    202 root      20   0       0      0      0 I   0.3   0.0   0:00.49 [kworker/2:3-events_long]                                        
   1914 message+  20   0    5796   3616   3132 S   0.3   0.4   0:06.41 /usr/bin/dbus-daemon --system --address=systemd: --nofork --nop+ 
   4318 root      20   0  201072  15040   1580 S   0.3   1.5   0:00.79 /usr/local/bin/dscllogd                                          
   4550 root      20   0    2376    816    716 S   0.3   0.1   0:00.92 /usr/local/bin/gpio_ctrl                                         
   5072 root      20   0    3888   2868   2560 S   0.3   0.3   0:00.70 /bin/sh /usr/local/script/run_rfsoc_hard_ip_b.sh                 
   5920 root      20   0  304008  19748   4388 S   0.3   2.0   0:07.72 /usr/bin/sysrepod                                                
   6354 root      20   0  605084   4260   3512 S   0.3   0.4   0:01.06 /usr/local/bin/synce_ctrl 0                                      
      1 root      20   0   97840  10856   6716 S   0.0   1.1   0:13.35 /init                                                            
      2 root      20   0       0      0      0 S   0.0   0.0   0:00.01 [kthreadd]                                                       
      3 root       0 -20       0      0      0 I   0.0   0.0   0:00.00 [rcu_gp]                                                         
      4 root       0 -20       0      0      0 I   0.0   0.0   0:00.00 [rcu_par_gp]                                                     
      5 root       0 -20       0      0      0 I   0.0   0.0   0:00.00 [netns]                                                          
      7 root       0 -20       0      0      0 I   0.0   0.0   0:00.28 [kworker/0:0H-mmc_complete]                                      
      8 root      20   0       0      0      0 I   0.0   0.0   0:05.19 [kworker/u8:0-ext4-rsv-conversion]                               
      9 root       0 -20       0      0      0 I   0.0   0.0   0:00.00 [mm_percpu_wq]                                                   
     10 root      20   0       0      0      0 S   0.0   0.0   0:02.66 [ksoftirqd/0]                                                    
     11 root      20   0       0      0      0 I   0.0   0.0   0:00.82 [rcu_sched]                                                      
     12 root      rt   0       0      0      0 S   0.0   0.0   0:00.00 [migration/0]                                                    
     13 root      20   0       0      0      0 S   0.0   0.0   0:00.00 [cpuhp/0]                                                        
     14 root      20   0       0      0      0 S   0.0   0.0   0:00.00 [cpuhp/1]                                                        
     15 root      rt   0       0      0      0 S   0.0   0.0   0:00.00 [migration/1]                                                    
     16 root      20   0       0      0      0 S   0.0   0.0   0:00.35 [ksoftirqd/1]                                                    
     19 root      20   0       0      0      0 S   0.0   0.0   0:00.00 [cpuhp/2]                                                        
     20 root      rt   0       0      0      0 S   0.0   0.0   0:00.00 [migration/2]                                                    
     23 root       0 -20       0      0      0 I   0.0   0.0   0:00.16 [kworker/2:0H-kblockd]                                           
     24 root      20   0       0      0      0 S   0.0   0.0   0:00.00 [cpuhp/3]                                                        
     25 root      rt   0       0      0      0 S   0.0   0.0   0:00.00 [migration/3]                                                    
     26 root      20   0       0      0      0 S   0.0   0.0   0:00.00 [ksoftirqd/3]                                                    
     27 root      20   0       0      0      0 I   0.0   0.0   0:00.00 [kworker/3:0-mm_percpu_wq]                                       
     28 root       0 -20       0      0      0 I   0.0   0.0   0:00.00 [kworker/3:0H]                                                   
     29 root      20   0       0      0      0 S   0.0   0.0   0:00.01 [kdevtmpfs]                                                      
     30 root       0 -20       0      0      0 I   0.0   0.0   0:00.00 [inet_frag_wq]                                                   
     32 root      20   0       0      0      0 S   0.0   0.0   0:00.02 [kauditd]                                                        
     33 root      20   0       0      0      0 S   0.0   0.0   0:00.00 [oom_reaper]                                                     
     34 root       0 -20       0      0      0 I   0.0   0.0   0:00.00 [writeback]                                                      
     35 root      20   0       0      0      0 S   0.0   0.0   0:00.01 [kcompactd0]                                                     
     36 root      39  19       0      0      0 S   0.0   0.0   0:00.00 [khugepaged]                                                     
     37 root       0 -20       0      0      0 I   0.0   0.0   0:00.00 [kblockd]                                                        
     38 root       0 -20       0      0      0 I   0.0   0.0   0:00.00 [blkcg_punt_bio]                                                 
     39 root       0 -20       0      0      0 I   0.0   0.0   0:00.00 [edac-poller]                                                    top - 09:40:44 up 11 min,  2 users,  load average: 0.48, 0.68, 0.45
Tasks: 164 total,   1 running, 163 sleeping,   0 stopped,   0 zombie
%Cpu(s):  3.8 us,  8.5 sy,  0.0 ni, 87.5 id,  0.0 wa,  0.0 hi,  0.2 si,  0.0 st
MiB Mem :    986.7 total,     60.4 free,    149.9 used,    776.4 buff/cache
MiB Swap:      0.0 total,      0.0 free,      0.0 used.    103.9 avail Mem 


   5068 root      20   0   88276   2972   1840 S   6.6   0.3   0:41.51 dpd-smp -u 5                                                     
   6693 root      20   0  633272   7940   4576 S   4.3   0.8   0:24.65 /usr/bin/sync_timing_ptp2stack /etc/sync_timing_ptp2_default.co+ 
   5892 root      20   0    6616   3216   2796 S   3.3   0.3   0:17.28 /usr/local/bin/oda                                               
   5860 root      20   0  244384   4616   3800 S   2.0   0.5   0:11.12 /usr/bin/sync_timing_core_driver                                 
   6606 root      20   0  609132  12848   7584 S   2.0   1.3   0:15.54 /usr/bin/netopeer2-server -U -m 0770 -v 1                        
   5969 root      20   0    9456   4380   3416 S   1.3   0.4   0:05.50 /usr/local/bin/devif                                             
   5999 root      20   0  103452  11676   8304 S   1.3   1.2   0:06.80 /usr/local/bin/rud                                               
   2033 root      20   0       0      0      0 S   1.0   0.0   0:07.43 [fpga_drvd]                                                      
   1914 message+  20   0    5796   3616   3132 S   0.7   0.4   0:06.43 /usr/bin/dbus-daemon --system --address=systemd: --nofork --nop+ 
   2241 root      20   0    2164   1056    852 S   0.7   0.1   0:03.66 /sbin/syslogd -n -S -s 10000 -b 20                               
   4370 root      20   0    3704   2416   1572 S   0.7   0.2   0:04.07 /usr/local/bin/dsclswell                                         
   6324 root      20   0  384060   4188   3632 S   0.7   0.4   0:03.85 /usr/local/bin/ptp_ctrl 0                                        
  17012 admin     20   0    5808   2792   2108 R   0.7   0.3   0:00.65 top                                                              
     52 root      20   0       0      0      0 I   0.3   0.0   0:00.27 [kworker/0:2-events]                                             
     56 root      20   0       0      0      0 S   0.3   0.0   0:00.07 [kpktgend_1]                                                     
    191 root      20   0   34496  15324  14532 S   0.3   1.5   0:03.89 /lib/systemd/systemd-journald                                    
   5094 root      20   0  151308   2512   2052 S   0.3   0.2   0:01.06 /usr/local/bin/rfdcd                                             
   6244 root      20   0    4020   2904   2548 S   0.3   0.3   0:00.52 /bin/sh /usr/local/script/watchdog_clear.sh                      
   6560 root      20   0    3712   1616   1472 S   0.3   0.2   0:00.37 /usr/local/bin/if_mdio_ctrl 0 eth0                               
   6950 root      20   0   76244    832    720 S   0.3   0.1   0:00.20 /usr/local/bin/netstat_ctrl 0                                    
      1 root      20   0   97840  10856   6716 S   0.0   1.1   0:13.35 /init                                                            
      2 root      20   0       0      0      0 S   0.0   0.0   0:00.01 [kthreadd]                                                       
      3 root       0 -20       0      0      0 I   0.0   0.0   0:00.00 [rcu_gp]                                                         
      4 root       0 -20       0      0      0 I   0.0   0.0   0:00.00 [rcu_par_gp]                                                     
      5 root       0 -20       0      0      0 I   0.0   0.0   0:00.00 [netns]                                                          
      7 root       0 -20       0      0      0 I   0.0   0.0   0:00.28 [kworker/0:0H-mmc_complete]                                      
      8 root      20   0       0      0      0 I   0.0   0.0   0:05.19 [kworker/u8:0-ext4-rsv-conversion]                               
      9 root       0 -20       0      0      0 I   0.0   0.0   0:00.00 [mm_percpu_wq]                                                   
     10 root      20   0       0      0      0 S   0.0   0.0   0:02.66 [ksoftirqd/0]                                                    
     11 root      20   0       0      0      0 I   0.0   0.0   0:00.82 [rcu_sched]                                                      
     12 root      rt   0       0      0      0 S   0.0   0.0   0:00.00 [migration/0]                                                    
     13 root      20   0       0      0      0 S   0.0   0.0   0:00.00 [cpuhp/0]                                                        
     14 root      20   0       0      0      0 S   0.0   0.0   0:00.00 [cpuhp/1]                                                        
     15 root      rt   0       0      0      0 S   0.0   0.0   0:00.00 [migration/1]                                                    
     16 root      20   0       0      0      0 S   0.0   0.0   0:00.35 [ksoftirqd/1]                                                    
     19 root      20   0       0      0      0 S   0.0   0.0   0:00.00 [cpuhp/2]                                                        
     20 root      rt   0       0      0      0 S   0.0   0.0   0:00.00 [migration/2]                                                    
     21 root      20   0       0      0      0 S   0.0   0.0   0:00.43 [ksoftirqd/2]                                                    















top - 09:40:48 up 11 min,  2 users,  load average: 0.44, 0.66, 0.45
Tasks: 165 total,   1 running, 164 sleeping,   0 stopped,   0 zombie
%Cpu(s):  3.8 us,  8.0 sy,  0.0 ni, 88.1 id,  0.0 wa,  0.0 hi,  0.0 si,  0.0 st
MiB Mem :    986.7 total,     59.5 free,    150.7 used,    776.5 buff/cache
MiB Swap:      0.0 total,      0.0 free,      0.0 used.    103.0 avail Mem 


   5068 root      20   0   88276   2972   1840 S   6.6   0.3   0:41.71 dpd-smp -u 5                                                     
   6693 root      20   0  633272   7940   4576 S   4.3   0.8   0:24.78 /usr/bin/sync_timing_ptp2stack /etc/sync_timing_ptp2_default.co+ 
   5892 root      20   0    6616   3216   2796 S   3.3   0.3   0:17.38 /usr/local/bin/oda                                               
   6606 root      20   0  609132  12848   7584 S   2.3   1.3   0:15.61 /usr/bin/netopeer2-server -U -m 0770 -v 1                        
   5860 root      20   0  244384   4616   3800 S   2.0   0.5   0:11.18 /usr/bin/sync_timing_core_driver                                 
   2033 root      20   0       0      0      0 S   1.3   0.0   0:07.47 [fpga_drvd]                                                      
   5999 root      20   0  103452  11676   8304 S   1.3   1.2   0:06.84 /usr/local/bin/rud                                               
   4370 root      20   0    3704   2416   1572 S   1.0   0.2   0:04.10 /usr/local/bin/dsclswell                                         
   5969 root      20   0    9456   4380   3416 S   1.0   0.4   0:05.53 /usr/local/bin/devif                                             
  17012 admin     20   0    5808   2792   2108 R   1.0   0.3   0:00.68 top                                                              
    191 root      20   0   34496  15588  14796 S   0.7   1.5   0:03.91 /lib/systemd/systemd-journald                                    
   2241 root      20   0    2164   1056    852 S   0.7   0.1   0:03.68 /sbin/syslogd -n -S -s 10000 -b 20                               
   6324 root      20   0  384060   4188   3632 S   0.7   0.4   0:03.87 /usr/local/bin/ptp_ctrl 0                                        
      1 root      20   0   97840  10856   6716 S   0.3   1.1   0:13.36 /init                                                            
     11 root      20   0       0      0      0 I   0.3   0.0   0:00.83 [rcu_sched]                                                      
   1914 message+  20   0    5796   3616   3132 S   0.3   0.4   0:06.44 /usr/bin/dbus-daemon --system --address=systemd: --nofork --nop+ 
   4550 root      20   0    2376    816    716 S   0.3   0.1   0:00.93 /usr/local/bin/gpio_ctrl                                         
   5094 root      20   0  151308   2512   2052 S   0.3   0.2   0:01.07 /usr/local/bin/rfdcd                                             
   6025 root      20   0    9212   3224   2828 S   0.3   0.3   0:00.23 /usr/local/bin/watchdogd                                         
   6354 root      20   0  605084   4260   3512 S   0.3   0.4   0:01.07 /usr/local/bin/synce_ctrl 0                                      
  10918 root      20   0       0      0      0 I   0.3   0.0   0:00.10 [kworker/u8:1-edac-poller]                                       




      7 root       0 -20       0      0      0 I   0.0   0.0   0:00.28 [kworker/0:0H-kblockd]                                           



     12 root      rt   0       0      0      0 S   0.0   0.0   0:00.00 [migration/0]                                                    
     13 root      20   0       0      0      0 S   0.0   0.0   0:00.00 [cpuhp/0]                                                        
     14 root      20   0       0      0      0 S   0.0   0.0   0:00.00 [cpuhp/1]                                                        
     15 root      rt   0       0      0      0 S   0.0   0.0   0:00.00 [migration/1]                                                    
     16 root      20   0       0      0      0 S   0.0   0.0   0:00.35 [ksoftirqd/1]                                                    
     19 root      20   0       0      0      0 S   0.0   0.0   0:00.00 [cpuhp/2]                                                        
     20 root      rt   0       0      0      0 S   0.0   0.0   0:00.00 [migration/2]                                                    
     21 root      20   0       0      0      0 S   0.0   0.0   0:00.43 [ksoftirqd/2]                                                    
     23 root       0 -20       0      0      0 I   0.0   0.0   0:00.16 [kworker/2:0H-kblockd]                                           
     24 root      20   0       0      0      0 S   0.0   0.0   0:00.00 [cpuhp/3]                                                        
     25 root      rt   0       0      0      0 S   0.0   0.0   0:00.00 [migration/3]                                                    
     26 root      20   0       0      0      0 S   0.0   0.0   0:00.00 [ksoftirqd/3]                                                    
     27 root      20   0       0      0      0 I   0.0   0.0   0:00.00 [kworker/3:0-mm_percpu_wq]                                       
     28 root       0 -20       0      0      0 I   0.0   0.0   0:00.00 [kworker/3:0H]                                                   
     29 root      20   0       0      0      0 S   0.0   0.0   0:00.01 [kdevtmpfs]                                                      
     30 root       0 -20       0      0      0 I   0.0   0.0   0:00.00 [inet_frag_wq]                                                   
     32 root      20   0       0      0      0 S   0.0   0.0   0:00.02 [kauditd]                                                        
     33 root      20   0       0      0      0 S   0.0   0.0   0:00.00 [oom_reaper]                                                     
     34 root       0 -20       0      0      0 I   0.0   0.0   0:00.00 [writeback]                                                      
     35 root      20   0       0      0      0 S   0.0   0.0   0:00.01 [kcompactd0]                                                     
     36 root      39  19       0      0      0 S   0.0   0.0   0:00.00 [khugepaged]                                                     
     37 root       0 -20       0      0      0 I   0.0   0.0   0:00.00 [kblockd]                                                        
     38 root       0 -20       0      0      0 I   0.0   0.0   0:00.00 [blkcg_punt_bio]                                                 
     39 root       0 -20       0      0      0 I   0.0   0.0   0:00.00 [edac-poller]                                                    
     40 root     -51   0       0      0      0 S   0.0   0.0   0:00.00 [watchdogd]                                                      top - 09:40:51 up 11 min,  2 users,  load average: 0.44, 0.66, 0.45
Tasks: 165 total,   3 running, 162 sleeping,   0 stopped,   0 zombie
%Cpu(s):  2.7 us,  7.5 sy,  0.0 ni, 89.7 id,  0.1 wa,  0.0 hi,  0.0 si,  0.0 st
MiB Mem :    986.7 total,     59.2 free,    150.9 used,    776.5 buff/cache
MiB Swap:      0.0 total,      0.0 free,      0.0 used.    102.8 avail Mem 


   5068 root      20   0   88276   2972   1840 S   6.6   0.3   0:41.91 dpd-smp -u 5                                                     
   6693 root      20   0  633272   7940   4576 S   4.3   0.8   0:24.91 /usr/bin/sync_timing_ptp2stack /etc/sync_timing_ptp2_default.co+ 
   5892 root      20   0    6616   3216   2796 S   3.0   0.3   0:17.47 /usr/local/bin/oda                                               
   5860 root      20   0  244384   4616   3800 S   2.0   0.5   0:11.24 /usr/bin/sync_timing_core_driver                                 
   6606 root      20   0  609132  12848   7584 S   2.0   1.3   0:15.67 /usr/bin/netopeer2-server -U -m 0770 -v 1                        
   2033 root      20   0       0      0      0 S   1.3   0.0   0:07.51 [fpga_drvd]                                                      
   5999 root      20   0  103452  11676   8304 R   1.0   1.2   0:06.87 /usr/local/bin/rud                                               
   2241 root      20   0    2164   1056    852 S   0.7   0.1   0:03.70 /sbin/syslogd -n -S -s 10000 -b 20                               
   4370 root      20   0    3704   2416   1572 S   0.7   0.2   0:04.12 /usr/local/bin/dsclswell                                         
   5969 root      20   0    9456   4380   3416 R   0.7   0.4   0:05.55 /usr/local/bin/devif                                             
   6324 root      20   0  384060   4188   3632 S   0.7   0.4   0:03.89 /usr/local/bin/ptp_ctrl 0                                        
  17012 admin     20   0    5808   2792   2108 R   0.7   0.3   0:00.70 top                                                              
     35 root      20   0       0      0      0 S   0.3   0.0   0:00.02 [kcompactd0]                                                     
    191 root      20   0   34496  15588  14796 S   0.3   1.5   0:03.92 /lib/systemd/systemd-journald                                    
   1914 message+  20   0    5796   3616   3132 S   0.3   0.4   0:06.45 /usr/bin/dbus-daemon --system --address=systemd: --nofork --nop+ 
   4727 root      20   0    2504    844    728 S   0.3   0.1   0:00.05 /usr/local/bin/lm73_ctrl 0 1 0x4d                                
   4847 root      20   0   10800    972    852 S   0.3   0.1   0:00.12 /usr/local/bin/led_ctrl 0 EMIO 41 42 43 0                        
   5094 root      20   0  151308   2512   2052 S   0.3   0.2   0:01.08 /usr/local/bin/rfdcd                                             
   5119 root      20   0  558256   5180   2348 S   0.3   0.5   0:00.77 /usr/local/bin/dfed                                              
      1 root      20   0   97840  10856   6716 S   0.0   1.1   0:13.36 /init                                                            
      2 root      20   0       0      0      0 S   0.0   0.0   0:00.01 [kthreadd]                                                       
      3 root       0 -20       0      0      0 I   0.0   0.0   0:00.00 [rcu_gp]                                                         
      4 root       0 -20       0      0      0 I   0.0   0.0   0:00.00 [rcu_par_gp]                                                     
      5 root       0 -20       0      0      0 I   0.0   0.0   0:00.00 [netns]                                                          
      7 root       0 -20       0      0      0 I   0.0   0.0   0:00.28 [kworker/0:0H-mmc_complete]                                      
      8 root      20   0       0      0      0 I   0.0   0.0   0:05.19 [kworker/u8:0-ext4-rsv-conversion]                               
      9 root       0 -20       0      0      0 I   0.0   0.0   0:00.00 [mm_percpu_wq]                                                   
     10 root      20   0       0      0      0 S   0.0   0.0   0:02.66 [ksoftirqd/0]                                                    
     11 root      20   0       0      0      0 I   0.0   0.0   0:00.83 [rcu_sched]                                                      



















     36 root      39  19       0      0      0 S   0.0   0.0   0:00.00 [khugepaged]                                                     
     37 root       0 -20       0      0      0 I   0.0   0.0   0:00.00 [kblockd]                                                        
     38 root       0 -20       0      0      0 I   0.0   0.0   0:00.00 [blkcg_punt_bio]                                                 
     39 root       0 -20       0      0      0 I   0.0   0.0   0:00.00 [edac-poller]                                                    
     40 root     -51   0       0      0      0 S   0.0   0.0   0:00.00 [watchdogd]                                                      
     42 root      20   0       0      0      0 I   0.0   0.0   0:00.11 [kworker/1:1-cgroup_destroy]                                     top - 09:40:54 up 11 min,  2 users,  load average: 0.40, 0.65, 0.44
Tasks: 164 total,   1 running, 163 sleeping,   0 stopped,   0 zombie
%Cpu(s):  2.3 us,  7.4 sy,  0.0 ni, 90.3 id,  0.0 wa,  0.0 hi,  0.0 si,  0.0 st
MiB Mem :    986.7 total,     58.2 free,    151.8 used,    776.6 buff/cache
MiB Swap:      0.0 total,      0.0 free,      0.0 used.    101.9 avail Mem 


   5068 root      20   0   88276   2972   1840 S   6.3   0.3   0:42.10 dpd-smp -u 5                                                     
   6693 root      20   0  633272   7940   4576 S   4.3   0.8   0:25.04 /usr/bin/sync_timing_ptp2stack /etc/sync_timing_ptp2_default.co+ 
   5892 root      20   0    6616   3216   2796 S   2.6   0.3   0:17.55 /usr/local/bin/oda                                               
   5860 root      20   0  244384   4616   3800 S   2.0   0.5   0:11.30 /usr/bin/sync_timing_core_driver                                 
   6606 root      20   0  609132  12848   7584 S   2.0   1.3   0:15.73 /usr/bin/netopeer2-server -U -m 0770 -v 1                        
   2033 root      20   0       0      0      0 S   1.3   0.0   0:07.55 [fpga_drvd]                                                      
   5969 root      20   0    9456   4380   3416 S   1.0   0.4   0:05.58 /usr/local/bin/devif                                             
   5999 root      20   0  103452  11676   8304 S   1.0   1.2   0:06.90 /usr/local/bin/rud                                               
   2241 root      20   0    2164   1056    852 S   0.7   0.1   0:03.72 /sbin/syslogd -n -S -s 10000 -b 20                               
   4370 root      20   0    3704   2416   1572 S   0.7   0.2   0:04.14 /usr/local/bin/dsclswell                                         
   6324 root      20   0  384060   4188   3632 S   0.7   0.4   0:03.91 /usr/local/bin/ptp_ctrl 0                                        
  17012 admin     20   0    5808   2792   2108 R   0.7   0.3   0:00.72 top                                                              
     10 root      20   0       0      0      0 S   0.3   0.0   0:02.67 [ksoftirqd/0]                                                    
     16 root      20   0       0      0      0 S   0.3   0.0   0:00.36 [ksoftirqd/1]                                                    
    191 root      20   0   34496  15588  14796 S   0.3   1.5   0:03.93 /lib/systemd/systemd-journald                                    
    202 root      20   0       0      0      0 I   0.3   0.0   0:00.50 [kworker/2:3-events_long]                                        
   1914 message+  20   0    5796   3616   3132 S   0.3   0.4   0:06.46 /usr/bin/dbus-daemon --system --address=systemd: --nofork --nop+ 
   1952 root      20   0       0      0      0 I   0.3   0.0   0:00.09 [kworker/1:3-events]                                             
   5072 root      20   0    3888   2868   2560 S   0.3   0.3   0:00.71 /bin/sh /usr/local/script/run_rfsoc_hard_ip_b.sh                 
   5288 root      20   0    3444    992    856 S   0.3   0.1   0:00.06 /usr/local/bin/sfp_ctrl 1 1 0x51 0x180 0x188 FPGA 0x190 0x198 0  
   6244 root      20   0    4020   2904   2548 S   0.3   0.3   0:00.53 /bin/sh /usr/local/script/watchdog_clear.sh                      
   6354 root      20   0  605084   4260   3512 S   0.3   0.4   0:01.08 /usr/local/bin/synce_ctrl 0                                      
      1 root      20   0   97840  10856   6716 S   0.0   1.1   0:13.36 /init                                                            
      2 root      20   0       0      0      0 S   0.0   0.0   0:00.01 [kthreadd]                                                       
      3 root       0 -20       0      0      0 I   0.0   0.0   0:00.00 [rcu_gp]                                                         
      4 root       0 -20       0      0      0 I   0.0   0.0   0:00.00 [rcu_par_gp]                                                     
      5 root       0 -20       0      0      0 I   0.0   0.0   0:00.00 [netns]                                                          
      7 root       0 -20       0      0      0 I   0.0   0.0   0:00.28 [kworker/0:0H-mmc_complete]                                      
      8 root      20   0       0      0      0 I   0.0   0.0   0:05.19 [kworker/u8:0-ext4-rsv-conversion]                               
      9 root       0 -20       0      0      0 I   0.0   0.0   0:00.00 [mm_percpu_wq]                                                   
     11 root      20   0       0      0      0 I   0.0   0.0   0:00.83 [rcu_sched]                                                      
     12 root      rt   0       0      0      0 S   0.0   0.0   0:00.00 [migration/0]                                                    
     13 root      20   0       0      0      0 S   0.0   0.0   0:00.00 [cpuhp/0]                                                        
     14 root      20   0       0      0      0 S   0.0   0.0   0:00.00 [cpuhp/1]                                                        
     15 root      rt   0       0      0      0 S   0.0   0.0   0:00.00 [migration/1]                                                    
     19 root      20   0       0      0      0 S   0.0   0.0   0:00.00 [cpuhp/2]                                                        
     20 root      rt   0       0      0      0 S   0.0   0.0   0:00.00 [migration/2]                                                    
     21 root      20   0       0      0      0 S   0.0   0.0   0:00.43 [ksoftirqd/2]                                                    
     23 root       0 -20       0      0      0 I   0.0   0.0   0:00.16 [kworker/2:0H-kblockd]                                           
     24 root      20   0       0      0      0 S   0.0   0.0   0:00.00 [cpuhp/3]                                                        
     25 root      rt   0       0      0      0 S   0.0   0.0   0:00.00 [migration/3]                                                    
     26 root      20   0       0      0      0 S   0.0   0.0   0:00.00 [ksoftirqd/3]                                                    
     27 root      20   0       0      0      0 I   0.0   0.0   0:00.00 [kworker/3:0-mm_percpu_wq]                                       
     28 root       0 -20       0      0      0 I   0.0   0.0   0:00.00 [kworker/3:0H]                                                   
     29 root      20   0       0      0      0 S   0.0   0.0   0:00.01 [kdevtmpfs]                                                      
     30 root       0 -20       0      0      0 I   0.0   0.0   0:00.00 [inet_frag_wq]                                                   
     32 root      20   0       0      0      0 S   0.0   0.0   0:00.02 [kauditd]                                                        
     33 root      20   0       0      0      0 S   0.0   0.0   0:00.00 [oom_reaper]                                                     
     34 root       0 -20       0      0      0 I   0.0   0.0   0:00.00 [writeback]                                                      
     35 root      20   0       0      0      0 S   0.0   0.0   0:00.02 [kcompactd0]                                                     
     36 root      39  19       0      0      0 S   0.0   0.0   0:00.00 [khugepaged]                                                     
     37 root       0 -20       0      0      0 I   0.0   0.0   0:00.00 [kblockd]                                                        
     38 root       0 -20       0      0      0 I   0.0   0.0   0:00.00 [blkcg_punt_bio]                                                 
     39 root       0 -20       0      0      0 I   0.0   0.0   0:00.00 [edac-poller]                                                    top - 09:40:57 up 11 min,  2 users,  load average: 0.53, 0.68, 0.45
Tasks: 165 total,   1 running, 164 sleeping,   0 stopped,   0 zombie
%Cpu(s):  7.6 us,  9.8 sy,  0.0 ni, 82.1 id,  0.5 wa,  0.0 hi,  0.1 si,  0.0 st
MiB Mem :    986.7 total,     63.2 free,    149.5 used,    774.0 buff/cache
MiB Swap:      0.0 total,      0.0 free,      0.0 used.    104.3 avail Mem 


   6606 root      20   0  609132  12848   7584 S  12.9   1.3   0:16.12 /usr/bin/netopeer2-server -U -m 0770 -v 1                        
   5920 root      20   0  304008  19748   4388 S   7.3   2.0   0:07.94 /usr/bin/sysrepod                                                
   5068 root      20   0   88276   2972   1840 S   6.9   0.3   0:42.31 dpd-smp -u 5                                                     
   6693 root      20   0  633272   7940   4576 S   4.6   0.8   0:25.18 /usr/bin/sync_timing_ptp2stack /etc/sync_timing_ptp2_default.co+ 
   5892 root      20   0    6616   3216   2796 S   3.3   0.3   0:17.65 /usr/local/bin/oda                                               
   5860 root      20   0  244384   4616   3800 S   2.0   0.5   0:11.36 /usr/bin/sync_timing_core_driver                                 
   2033 root      20   0       0      0      0 S   1.3   0.0   0:07.59 [fpga_drvd]                                                      
   5969 root      20   0    9456   4380   3416 S   1.3   0.4   0:05.62 /usr/local/bin/devif                                             
   5999 root      20   0  103452  11676   8304 S   1.0   1.2   0:06.93 /usr/local/bin/rud                                               
    191 root      20   0   34496  15588  14796 S   0.7   1.5   0:03.95 /lib/systemd/systemd-journald                                    
   2241 root      20   0    2164   1056    852 S   0.7   0.1   0:03.74 /sbin/syslogd -n -S -s 10000 -b 20                               
   6324 root      20   0  384060   4188   3632 S   0.7   0.4   0:03.93 /usr/local/bin/ptp_ctrl 0                                        
  17012 admin     20   0    5808   2792   2108 R   0.7   0.3   0:00.74 top                                                              
      1 root      20   0   97840  10856   6716 S   0.3   1.1   0:13.37 /init                                                            
      7 root       0 -20       0      0      0 I   0.3   0.0   0:00.29 [kworker/0:0H-mmc_complete]                                      
     11 root      20   0       0      0      0 I   0.3   0.0   0:00.84 [rcu_sched]                                                      
     47 root      20   0       0      0      0 S   0.3   0.0   0:00.35 [kswapd0]                                                        
   1914 message+  20   0    5796   3616   3132 S   0.3   0.4   0:06.47 /usr/bin/dbus-daemon --system --address=systemd: --nofork --nop+ 
   4318 root      20   0  201072  15040   1580 S   0.3   1.5   0:00.80 /usr/local/bin/dscllogd                                          
   4344 root      20   0    2364    796    708 S   0.3   0.1   0:00.14 /usr/local/bin/dsclrotate                                        
   4370 root      20   0    3704   2416   1572 S   0.3   0.2   0:04.15 /usr/local/bin/dsclswell                                         
   4441 systemd+  20   0   11136   6008   5360 S   0.3   0.6   0:00.42 /lib/systemd/systemd-networkd                                    
   4550 root      20   0    2376    816    716 S   0.3   0.1   0:00.94 /usr/local/bin/gpio_ctrl                                         
   5094 root      20   0  151308   2512   2052 S   0.3   0.2   0:01.09 /usr/local/bin/rfdcd                                             
      2 root      20   0       0      0      0 S   0.0   0.0   0:00.01 [kthreadd]                                                       
      3 root       0 -20       0      0      0 I   0.0   0.0   0:00.00 [rcu_gp]                                                         
      4 root       0 -20       0      0      0 I   0.0   0.0   0:00.00 [rcu_par_gp]                                                     
      5 root       0 -20       0      0      0 I   0.0   0.0   0:00.00 [netns]                                                          


     10 root      20   0       0      0      0 S   0.0   0.0   0:02.67 [ksoftirqd/0]                                                    




     16 root      20   0       0      0      0 S   0.0   0.0   0:00.36 [ksoftirqd/1]                                                    
     19 root      20   0       0      0      0 S   0.0   0.0   0:00.00 [cpuhp/2]                                                        
     20 root      rt   0       0      0      0 S   0.0   0.0   0:00.00 [migration/2]                                                    
     21 root      20   0       0      0      0 S   0.0   0.0   0:00.43 [ksoftirqd/2]                                                    
     23 root       0 -20       0      0      0 I   0.0   0.0   0:00.16 [kworker/2:0H-kblockd]                                           
     24 root      20   0       0      0      0 S   0.0   0.0   0:00.00 [cpuhp/3]                                                        
     25 root      rt   0       0      0      0 S   0.0   0.0   0:00.00 [migration/3]                                                    
     26 root      20   0       0      0      0 S   0.0   0.0   0:00.00 [ksoftirqd/3]                                                    
     27 root      20   0       0      0      0 I   0.0   0.0   0:00.00 [kworker/3:0-mm_percpu_wq]                                       
     28 root       0 -20       0      0      0 I   0.0   0.0   0:00.00 [kworker/3:0H]                                                   
     29 root      20   0       0      0      0 S   0.0   0.0   0:00.01 [kdevtmpfs]                                                      
     30 root       0 -20       0      0      0 I   0.0   0.0   0:00.00 [inet_frag_wq]                                                   
     32 root      20   0       0      0      0 S   0.0   0.0   0:00.02 [kauditd]                                                        
     33 root      20   0       0      0      0 S   0.0   0.0   0:00.00 [oom_reaper]                                                     
     34 root       0 -20       0      0      0 I   0.0   0.0   0:00.00 [writeback]                                                      
     35 root      20   0       0      0      0 S   0.0   0.0   0:00.02 [kcompactd0]                                                     
     36 root      39  19       0      0      0 S   0.0   0.0   0:00.00 [khugepaged]                                                     
     37 root       0 -20       0      0      0 I   0.0   0.0   0:00.00 [kblockd]                                                        
     38 root       0 -20       0      0      0 I   0.0   0.0   0:00.00 [blkcg_punt_bio]                                                 top - 09:41:00 up 11 min,  2 users,  load average: 0.53, 0.68, 0.45
Tasks: 164 total,   1 running, 163 sleeping,   0 stopped,   0 zombie
%Cpu(s):  4.2 us,  9.7 sy,  0.0 ni, 85.9 id,  0.2 wa,  0.0 hi,  0.0 si,  0.0 st
MiB Mem :    986.7 total,     63.0 free,    149.5 used,    774.2 buff/cache
MiB Swap:      0.0 total,      0.0 free,      0.0 used.    104.2 avail Mem 


   5068 root      20   0   88276   2972   1840 S   6.6   0.3   0:42.51 dpd-smp -u 5                                                     
   5920 root      20   0  304008  19760   4388 S   6.0   2.0   0:08.12 /usr/bin/sysrepod                                                
   6606 root      20   0  609132  12848   7584 S   4.6   1.3   0:16.26 /usr/bin/netopeer2-server -U -m 0770 -v 1                        
   6693 root      20   0  633272   7940   4576 S   4.3   0.8   0:25.31 /usr/bin/sync_timing_ptp2stack /etc/sync_timing_ptp2_default.co+ 
   5892 root      20   0    6616   3216   2796 S   3.3   0.3   0:17.75 /usr/local/bin/oda                                               
   5860 root      20   0  244384   4616   3800 S   2.0   0.5   0:11.42 /usr/bin/sync_timing_core_driver                                 
   5999 root      20   0  103452  11676   8304 S   2.0   1.2   0:06.99 /usr/local/bin/rud                                               
   2033 root      20   0       0      0      0 S   1.3   0.0   0:07.63 [fpga_drvd]                                                      
    191 root      20   0   34496  15588  14796 S   0.7   1.5   0:03.97 /lib/systemd/systemd-journald                                    
   2241 root      20   0    2164   1056    852 S   0.7   0.1   0:03.76 /sbin/syslogd -n -S -s 10000 -b 20                               
   4370 root      20   0    3704   2416   1572 S   0.7   0.2   0:04.17 /usr/local/bin/dsclswell                                         
   5969 root      20   0    9456   4380   3416 S   0.7   0.4   0:05.64 /usr/local/bin/devif                                             
   6324 root      20   0  384060   4188   3632 S   0.7   0.4   0:03.95 /usr/local/bin/ptp_ctrl 0                                        
  17012 admin     20   0    5808   2792   2108 R   0.7   0.3   0:00.76 top                                                              
     21 root      20   0       0      0      0 S   0.3   0.0   0:00.44 [ksoftirqd/2]                                                    
   1914 message+  20   0    5796   3616   3132 S   0.3   0.4   0:06.48 /usr/bin/dbus-daemon --system --address=systemd: --nofork --nop+ 
   5072 root      20   0    3888   2868   2560 S   0.3   0.3   0:00.72 /bin/sh /usr/local/script/run_rfsoc_hard_ip_b.sh                 
   6295 root      20   0   13596   8860   5804 S   0.3   0.9   0:00.62 /usr/local/bin/ncld                                              
   6354 root      20   0  605084   4260   3512 S   0.3   0.4   0:01.09 /usr/local/bin/synce_ctrl 0                                      
      1 root      20   0   97840  10856   6716 S   0.0   1.1   0:13.37 /init                                                            
      2 root      20   0       0      0      0 S   0.0   0.0   0:00.01 [kthreadd]                                                       
      3 root       0 -20       0      0      0 I   0.0   0.0   0:00.00 [rcu_gp]                                                         
      4 root       0 -20       0      0      0 I   0.0   0.0   0:00.00 [rcu_par_gp]                                                     
      5 root       0 -20       0      0      0 I   0.0   0.0   0:00.00 [netns]                                                          
      7 root       0 -20       0      0      0 I   0.0   0.0   0:00.29 [kworker/0:0H-mmc_complete]                                      
      8 root      20   0       0      0      0 I   0.0   0.0   0:05.19 [kworker/u8:0-ext4-rsv-conversion]                               
      9 root       0 -20       0      0      0 I   0.0   0.0   0:00.00 [mm_percpu_wq]                                                   
     10 root      20   0       0      0      0 S   0.0   0.0   0:02.67 [ksoftirqd/0]                                                    
     11 root      20   0       0      0      0 I   0.0   0.0   0:00.84 [rcu_sched]                                                      
     12 root      rt   0       0      0      0 S   0.0   0.0   0:00.00 [migration/0]                                                    
     13 root      20   0       0      0      0 S   0.0   0.0   0:00.00 [cpuhp/0]                                                        
     14 root      20   0       0      0      0 S   0.0   0.0   0:00.00 [cpuhp/1]                                                        
     15 root      rt   0       0      0      0 S   0.0   0.0   0:00.00 [migration/1]                                                    
     16 root      20   0       0      0      0 S   0.0   0.0   0:00.36 [ksoftirqd/1]                                                    
     19 root      20   0       0      0      0 S   0.0   0.0   0:00.00 [cpuhp/2]                                                        
     20 root      rt   0       0      0      0 S   0.0   0.0   0:00.00 [migration/2]                                                    
     23 root       0 -20       0      0      0 I   0.0   0.0   0:00.16 [kworker/2:0H-kblockd]                                           
     24 root      20   0       0      0      0 S   0.0   0.0   0:00.00 [cpuhp/3]                                                        
     25 root      rt   0       0      0      0 S   0.0   0.0   0:00.00 [migration/3]                                                    
     26 root      20   0       0      0      0 S   0.0   0.0   0:00.00 [ksoftirqd/3]                                                    
     27 root      20   0       0      0      0 I   0.0   0.0   0:00.00 [kworker/3:0-mm_percpu_wq]                                       
     28 root       0 -20       0      0      0 I   0.0   0.0   0:00.00 [kworker/3:0H]                                                   
     29 root      20   0       0      0      0 S   0.0   0.0   0:00.01 [kdevtmpfs]                                                      
     30 root       0 -20       0      0      0 I   0.0   0.0   0:00.00 [inet_frag_wq]                                                   
     32 root      20   0       0      0      0 S   0.0   0.0   0:00.02 [kauditd]                                                        
     33 root      20   0       0      0      0 S   0.0   0.0   0:00.00 [oom_reaper]                                                     
     34 root       0 -20       0      0      0 I   0.0   0.0   0:00.00 [writeback]                                                      
     35 root      20   0       0      0      0 S   0.0   0.0   0:00.02 [kcompactd0]                                                     
     36 root      39  19       0      0      0 S   0.0   0.0   0:00.00 [khugepaged]                                                     
     37 root       0 -20       0      0      0 I   0.0   0.0   0:00.00 [kblockd]                                                        
     38 root       0 -20       0      0      0 I   0.0   0.0   0:00.00 [blkcg_punt_bio]                                                 
     39 root       0 -20       0      0      0 I   0.0   0.0   0:00.00 [edac-poller]                                                    
     40 root     -51   0       0      0      0 S   0.0   0.0   0:00.00 [watchdogd]                                                      
     42 root      20   0       0      0      0 I   0.0   0.0   0:00.11 [kworker/1:1-cgroup_destroy]                                     top - 09:41:03 up 11 min,  2 users,  load average: 0.49, 0.66, 0.45
Tasks: 168 total,   4 running, 164 sleeping,   0 stopped,   0 zombie
%Cpu(s): 12.2 us, 16.2 sy,  0.0 ni, 62.5 id,  0.0 wa,  0.0 hi,  9.1 si,  0.0 st
MiB Mem :    986.7 total,    181.7 free,    155.2 used,    649.7 buff/cache
MiB Swap:      0.0 total,      0.0 free,      0.0 used.    223.0 avail Mem 


  19353 root      20   0    8888   7136   5340 R  51.0   0.7   0:01.54 /usr/bin/ssh -oForwardX11 no -oPermitLocalCommand no -oClearAll+ 
  19352 root      20   0    6900   5060   4292 R  33.8   0.5   0:01.02 sftp -o StrictHostKeyChecking=no -o UserKnownHostsFile=/var/run+ 
   5068 root      20   0   88276   2972   1840 S   7.0   0.3   0:42.72 dpd-smp -u 5                                                     
     10 root      20   0       0      0      0 S   6.0   0.0   0:02.85 [ksoftirqd/0]                                                    
   6693 root      20   0  633272   7940   4576 S   6.0   0.8   0:25.49 /usr/bin/sync_timing_ptp2stack /etc/sync_timing_ptp2_default.co+ 
   6606 root      20   0  609132  12848   7584 S   3.6   1.3   0:16.37 /usr/bin/netopeer2-server -U -m 0770 -v 1                        
   5892 root      20   0    6616   3216   2796 S   3.3   0.3   0:17.85 /usr/local/bin/oda                                               
   5860 root      20   0  244384   4616   3800 S   3.0   0.5   0:11.51 /usr/bin/sync_timing_core_driver                                 
   2033 root      20   0       0      0      0 S   1.3   0.0   0:07.67 [fpga_drvd]                                                      
   4370 root      20   0    3704   2416   1572 S   1.0   0.2   0:04.20 /usr/local/bin/dsclswell                                         
   5969 root      20   0    9456   4380   3416 S   1.0   0.4   0:05.67 /usr/local/bin/devif                                             
   5999 root      20   0  103488  11676   8304 D   1.0   1.2   0:07.02 /usr/local/bin/rud                                               
   6324 root      20   0  384060   4188   3632 S   1.0   0.4   0:03.98 /usr/local/bin/ptp_ctrl 0                                        
  17012 admin     20   0    5808   2792   2108 R   1.0   0.3   0:00.79 top                                                              
   2241 root      20   0    2164   1056    852 S   0.7   0.1   0:03.78 /sbin/syslogd -n -S -s 10000 -b 20                               
     11 root      20   0       0      0      0 R   0.3   0.0   0:00.85 [rcu_sched]                                                      
   1914 message+  20   0    5796   3616   3132 S   0.3   0.4   0:06.49 /usr/bin/dbus-daemon --system --address=systemd: --nofork --nop+ 
   4318 root      20   0  201072  15040   1580 S   0.3   1.5   0:00.81 /usr/local/bin/dscllogd                                          
   4550 root      20   0    2376    816    716 S   0.3   0.1   0:00.95 /usr/local/bin/gpio_ctrl                                         
   5094 root      20   0  151308   2512   2052 S   0.3   0.2   0:01.10 /usr/local/bin/rfdcd                                             
   6244 root      20   0    4020   2904   2548 S   0.3   0.3   0:00.54 /bin/sh /usr/local/script/watchdog_clear.sh                      
   6354 root      20   0  605084   4260   3512 S   0.3   0.4   0:01.10 /usr/local/bin/synce_ctrl 0                                      
  10402 admin     20   0   12968   8816   6532 S   0.3   0.9   0:01.78 /lib/systemd/systemd --user                                      
      1 root      20   0   97840  10856   6716 S   0.0   1.1   0:13.37 /init                                                            
      2 root      20   0       0      0      0 S   0.0   0.0   0:00.01 [kthreadd]                                                       
      3 root       0 -20       0      0      0 I   0.0   0.0   0:00.00 [rcu_gp]                                                         
      4 root       0 -20       0      0      0 I   0.0   0.0   0:00.00 [rcu_par_gp]                                                     
      5 root       0 -20       0      0      0 I   0.0   0.0   0:00.00 [netns]                                                          
      7 root       0 -20       0      0      0 I   0.0   0.0   0:00.29 [kworker/0:0H-mmc_complete]                                      
      8 root      20   0       0      0      0 I   0.0   0.0   0:05.19 [kworker/u8:0-ext4-rsv-conversion]                               
      9 root       0 -20       0      0      0 I   0.0   0.0   0:00.00 [mm_percpu_wq]                                                   
     12 root      rt   0       0      0      0 S   0.0   0.0   0:00.00 [migration/0]                                                    
     13 root      20   0       0      0      0 S   0.0   0.0   0:00.00 [cpuhp/0]                                                        
     14 root      20   0       0      0      0 S   0.0   0.0   0:00.00 [cpuhp/1]                                                        
     15 root      rt   0       0      0      0 S   0.0   0.0   0:00.00 [migration/1]                                                    
     16 root      20   0       0      0      0 S   0.0   0.0   0:00.36 [ksoftirqd/1]                                                    
     19 root      20   0       0      0      0 S   0.0   0.0   0:00.00 [cpuhp/2]                                                        
     20 root      rt   0       0      0      0 S   0.0   0.0   0:00.00 [migration/2]                                                    
     21 root      20   0       0      0      0 S   0.0   0.0   0:00.44 [ksoftirqd/2]                                                    
     23 root       0 -20       0      0      0 I   0.0   0.0   0:00.16 [kworker/2:0H-kblockd]                                           
     24 root      20   0       0      0      0 S   0.0   0.0   0:00.00 [cpuhp/3]                                                        
     25 root      rt   0       0      0      0 S   0.0   0.0   0:00.00 [migration/3]                                                    
     26 root      20   0       0      0      0 S   0.0   0.0   0:00.00 [ksoftirqd/3]                                                    
     27 root      20   0       0      0      0 I   0.0   0.0   0:00.00 [kworker/3:0-mm_percpu_wq]                                       
     28 root       0 -20       0      0      0 I   0.0   0.0   0:00.00 [kworker/3:0H]                                                   
     29 root      20   0       0      0      0 S   0.0   0.0   0:00.01 [kdevtmpfs]                                                      
     30 root       0 -20       0      0      0 I   0.0   0.0   0:00.00 [inet_frag_wq]                                                   
     32 root      20   0       0      0      0 S   0.0   0.0   0:00.02 [kauditd]                                                        
     33 root      20   0       0      0      0 S   0.0   0.0   0:00.00 [oom_reaper]                                                     
     34 root       0 -20       0      0      0 I   0.0   0.0   0:00.00 [writeback]                                                      
     35 root      20   0       0      0      0 S   0.0   0.0   0:00.02 [kcompactd0]                                                     
     36 root      39  19       0      0      0 S   0.0   0.0   0:00.00 [khugepaged]                                                     
     37 root       0 -20       0      0      0 I   0.0   0.0   0:00.00 [kblockd]                                                        
     38 root       0 -20       0      0      0 I   0.0   0.0   0:00.00 [blkcg_punt_bio]                                                 top - 09:41:06 up 11 min,  2 users,  load average: 0.49, 0.66, 0.45
Tasks: 165 total,   1 running, 164 sleeping,   0 stopped,   0 zombie
%Cpu(s): 17.9 us, 21.2 sy,  0.0 ni, 49.2 id,  0.0 wa,  0.0 hi, 11.6 si,  0.0 st
MiB Mem :    986.7 total,     56.4 free,    155.9 used,    774.3 buff/cache
MiB Swap:      0.0 total,      0.0 free,      0.0 used.     97.8 avail Mem 


     10 root      20   0       0      0      0 S   8.2   0.0   0:03.10 [ksoftirqd/0]                                                    
   5068 root      20   0   88276   2972   1840 S   6.6   0.3   0:42.92 dpd-smp -u 5                                                     
   6693 root      20   0  633272   7940   4576 S   6.2   0.8   0:25.68 /usr/bin/sync_timing_ptp2stack /etc/sync_timing_ptp2_default.co+ 
   6606 root      20   0  609132  12848   7584 S   3.6   1.3   0:16.48 /usr/bin/netopeer2-server -U -m 0770 -v 1                        
   5892 root      20   0    6616   3216   2796 S   3.3   0.3   0:17.95 /usr/local/bin/oda                                               
   5860 root      20   0  244384   4616   3800 S   2.6   0.5   0:11.59 /usr/bin/sync_timing_core_driver                                 
   5999 root      20   0  103452  11676   8304 S   2.6   1.2   0:07.10 /usr/local/bin/rud                                               
   2033 root      20   0       0      0      0 S   1.3   0.0   0:07.71 [fpga_drvd]                                                      
   5920 root      20   0  304008  19760   4388 S   1.3   2.0   0:08.16 /usr/bin/sysrepod                                                
   5969 root      20   0    9456   4380   3416 S   1.3   0.4   0:05.71 /usr/local/bin/devif                                             
    191 root      20   0   34496  15852  15060 S   1.0   1.6   0:04.00 /lib/systemd/systemd-journald                                    
   2241 root      20   0    2164   1056    852 S   1.0   0.1   0:03.81 /sbin/syslogd -n -S -s 10000 -b 20                               
   6324 root      20   0  384060   4188   3632 S   1.0   0.4   0:04.01 /usr/local/bin/ptp_ctrl 0                                        
   4370 root      20   0    3704   2416   1572 S   0.7   0.2   0:04.22 /usr/local/bin/dsclswell                                         
  17012 admin     20   0    5808   2792   2108 R   0.7   0.3   0:00.81 top                                                              
      1 root      20   0   97840  10856   6716 S   0.3   1.1   0:13.38 /init                                                            
     16 root      20   0       0      0      0 S   0.3   0.0   0:00.37 [ksoftirqd/1]                                                    
     55 root      20   0       0      0      0 S   0.3   0.0   0:00.11 [kpktgend_0]                                                     
     57 root      20   0       0      0      0 S   0.3   0.0   0:00.07 [kpktgend_2]                                                     
    202 root      20   0       0      0      0 I   0.3   0.0   0:00.51 [kworker/2:3-events_long]                                        
   1914 message+  20   0    5796   3616   3132 S   0.3   0.4   0:06.50 /usr/bin/dbus-daemon --system --address=systemd: --nofork --nop+ 
   4753 root      20   0    2456    828    716 S   0.3   0.1   0:00.05 /usr/local/bin/si5518_ctrl 0 1                                   
   5072 root      20   0    3888   2868   2560 S   0.3   0.3   0:00.73 /bin/sh /usr/local/script/run_rfsoc_hard_ip_b.sh                 
   6354 root      20   0  605084   4260   3512 S   0.3   0.4   0:01.11 /usr/local/bin/synce_ctrl 0                                      







     11 root      20   0       0      0      0 I   0.0   0.0   0:00.85 [rcu_sched]                                                      
     12 root      rt   0       0      0      0 S   0.0   0.0   0:00.00 [migration/0]                                                    
     13 root      20   0       0      0      0 S   0.0   0.0   0:00.00 [cpuhp/0]                                                        
     14 root      20   0       0      0      0 S   0.0   0.0   0:00.00 [cpuhp/1]                                                        
     15 root      rt   0       0      0      0 S   0.0   0.0   0:00.00 [migration/1]                                                    

















top - 09:41:09 up 11 min,  2 users,  load average: 0.53, 0.67, 0.45
Tasks: 166 total,   1 running, 165 sleeping,   0 stopped,   0 zombie
%Cpu(s):  5.1 us,  9.5 sy,  0.0 ni, 84.4 id,  0.7 wa,  0.0 hi,  0.3 si,  0.0 st
MiB Mem :    986.7 total,     64.7 free,    147.6 used,    774.4 buff/cache
MiB Swap:      0.0 total,      0.0 free,      0.0 used.    106.2 avail Mem 


   5068 root      20   0   88276   2972   1840 S   6.9   0.3   0:43.13 dpd-smp -u 5                                                     
   5920 root      20   0  304008  19772   4388 S   6.6   2.0   0:08.36 /usr/bin/sysrepod                                                
   6606 root      20   0  609132  12848   7584 S   6.3   1.3   0:16.67 /usr/bin/netopeer2-server -U -m 0770 -v 1                        
   6693 root      20   0  633272   7940   4576 S   5.0   0.8   0:25.83 /usr/bin/sync_timing_ptp2stack /etc/sync_timing_ptp2_default.co+ 
   5892 root      20   0    6616   3216   2796 S   3.0   0.3   0:18.04 /usr/local/bin/oda                                               
   5860 root      20   0  244384   4616   3800 S   2.0   0.5   0:11.65 /usr/bin/sync_timing_core_driver                                 
   2033 root      20   0       0      0      0 S   1.3   0.0   0:07.75 [fpga_drvd]                                                      
   5999 root      20   0  103452  11676   8304 S   1.3   1.2   0:07.14 /usr/local/bin/rud                                               
   5969 root      20   0    9456   4380   3416 S   1.0   0.4   0:05.74 /usr/local/bin/devif                                             
   6324 root      20   0  384060   4188   3632 S   1.0   0.4   0:04.04 /usr/local/bin/ptp_ctrl 0                                        
    191 root      20   0   34496  15852  15060 S   0.7   1.6   0:04.02 /lib/systemd/systemd-journald                                    
   2241 root      20   0    2164   1056    852 S   0.7   0.1   0:03.83 /sbin/syslogd -n -S -s 10000 -b 20                               
   4370 root      20   0    3704   2416   1572 S   0.7   0.2   0:04.24 /usr/local/bin/dsclswell                                         
  17012 admin     20   0    5808   2792   2108 R   0.7   0.3   0:00.83 top                                                              
     11 root      20   0       0      0      0 I   0.3   0.0   0:00.86 [rcu_sched]                                                      
   1914 message+  20   0    5796   3616   3132 S   0.3   0.4   0:06.51 /usr/bin/dbus-daemon --system --address=systemd: --nofork --nop+ 
   1927 root      20   0    9940   5096   4572 S   0.3   0.5   0:00.61 /lib/systemd/systemd-logind                                      
   4318 root      20   0  201072  15040   1580 S   0.3   1.5   0:00.82 /usr/local/bin/dscllogd                                          
   4550 root      20   0    2376    816    716 S   0.3   0.1   0:00.96 /usr/local/bin/gpio_ctrl                                         
   5094 root      20   0  151308   2512   2052 S   0.3   0.2   0:01.11 /usr/local/bin/rfdcd                                             
  10918 root      20   0       0      0      0 I   0.3   0.0   0:00.11 [kworker/u8:1-edac-poller]                                       
      1 root      20   0   97840  10856   6716 S   0.0   1.1   0:13.38 /init                                                            
      2 root      20   0       0      0      0 S   0.0   0.0   0:00.01 [kthreadd]                                                       
      3 root       0 -20       0      0      0 I   0.0   0.0   0:00.00 [rcu_gp]                                                         
      4 root       0 -20       0      0      0 I   0.0   0.0   0:00.00 [rcu_par_gp]                                                     
      5 root       0 -20       0      0      0 I   0.0   0.0   0:00.00 [netns]                                                          
      7 root       0 -20       0      0      0 I   0.0   0.0   0:00.29 [kworker/0:0H-mmc_complete]                                      
      8 root      20   0       0      0      0 I   0.0   0.0   0:05.19 [kworker/u8:0-ext4-rsv-conversion]                               
      9 root       0 -20       0      0      0 I   0.0   0.0   0:00.00 [mm_percpu_wq]                                                   
     10 root      20   0       0      0      0 S   0.0   0.0   0:03.10 [ksoftirqd/0]                                                    
     12 root      rt   0       0      0      0 S   0.0   0.0   0:00.00 [migration/0]                                                    
     13 root      20   0       0      0      0 S   0.0   0.0   0:00.00 [cpuhp/0]                                                        
     14 root      20   0       0      0      0 S   0.0   0.0   0:00.00 [cpuhp/1]                                                        
     15 root      rt   0       0      0      0 S   0.0   0.0   0:00.00 [migration/1]                                                    
     16 root      20   0       0      0      0 S   0.0   0.0   0:00.37 [ksoftirqd/1]                                                    
     19 root      20   0       0      0      0 S   0.0   0.0   0:00.00 [cpuhp/2]                                                        
     20 root      rt   0       0      0      0 S   0.0   0.0   0:00.00 [migration/2]                                                    
     21 root      20   0       0      0      0 S   0.0   0.0   0:00.44 [ksoftirqd/2]                                                    
     23 root       0 -20       0      0      0 I   0.0   0.0   0:00.16 [kworker/2:0H-kblockd]                                           
     24 root      20   0       0      0      0 S   0.0   0.0   0:00.00 [cpuhp/3]                                                        
     25 root      rt   0       0      0      0 S   0.0   0.0   0:00.00 [migration/3]                                                    
     26 root      20   0       0      0      0 S   0.0   0.0   0:00.00 [ksoftirqd/3]                                                    
     27 root      20   0       0      0      0 I   0.0   0.0   0:00.00 [kworker/3:0-mm_percpu_wq]                                       
     28 root       0 -20       0      0      0 I   0.0   0.0   0:00.00 [kworker/3:0H]                                                   
     29 root      20   0       0      0      0 S   0.0   0.0   0:00.01 [kdevtmpfs]                                                      
     30 root       0 -20       0      0      0 I   0.0   0.0   0:00.00 [inet_frag_wq]                                                   
     32 root      20   0       0      0      0 S   0.0   0.0   0:00.02 [kauditd]                                                        
     33 root      20   0       0      0      0 S   0.0   0.0   0:00.00 [oom_reaper]                                                     
     34 root       0 -20       0      0      0 I   0.0   0.0   0:00.00 [writeback]                                                      
     35 root      20   0       0      0      0 S   0.0   0.0   0:00.02 [kcompactd0]                                                     
     36 root      39  19       0      0      0 S   0.0   0.0   0:00.00 [khugepaged]                                                     
     37 root       0 -20       0      0      0 I   0.0   0.0   0:00.00 [kblockd]                                                        
     38 root       0 -20       0      0      0 I   0.0   0.0   0:00.00 [blkcg_punt_bio]                                                 
     39 root       0 -20       0      0      0 I   0.0   0.0   0:00.00 [edac-poller]                                                    top - 09:41:12 up 11 min,  2 users,  load average: 0.49, 0.66, 0.45

%Cpu(s):  3.4 us,  7.0 sy,  0.0 ni, 89.5 id,  0.0 wa,  0.0 hi,  0.1 si,  0.0 st
MiB Mem :    986.7 total,     64.4 free,    147.7 used,    774.5 buff/cache
MiB Swap:      0.0 total,      0.0 free,      0.0 used.    106.0 avail Mem 


   5068 root      20   0   88276   2972   1840 S   6.3   0.3   0:43.32 dpd-smp -u 5                                                     
   6693 root      20   0  633272   7940   4576 S   4.0   0.8   0:25.95 /usr/bin/sync_timing_ptp2stack /etc/sync_timing_ptp2_default.co+ 
   5892 root      20   0    6616   3216   2796 S   3.3   0.3   0:18.14 /usr/local/bin/oda                                               
   6606 root      20   0  609132  12848   7584 S   2.3   1.3   0:16.74 /usr/bin/netopeer2-server -U -m 0770 -v 1                        
   5860 root      20   0  244384   4616   3800 S   2.0   0.5   0:11.71 /usr/bin/sync_timing_core_driver                                 
   2033 root      20   0       0      0      0 S   1.3   0.0   0:07.79 [fpga_drvd]                                                      
  17012 admin     20   0    5808   2792   2108 R   1.0   0.3   0:00.86 top                                                              
   4370 root      20   0    3704   2416   1572 S   0.7   0.2   0:04.26 /usr/local/bin/dsclswell                                         
   5969 root      20   0    9456   4380   3416 S   0.7   0.4   0:05.76 /usr/local/bin/devif                                             
   5999 root      20   0  103452  11676   8304 S   0.7   1.2   0:07.16 /usr/local/bin/rud                                               
   1914 message+  20   0    5796   3616   3132 S   0.3   0.4   0:06.52 /usr/bin/dbus-daemon --system --address=systemd: --nofork --nop+ 
   2241 root      20   0    2164   1056    852 S   0.3   0.1   0:03.84 /sbin/syslogd -n -S -s 10000 -b 20                               
   4318 root      20   0  201072  15040   1580 S   0.3   1.5   0:00.83 /usr/local/bin/dscllogd                                          
   5072 root      20   0    3888   2868   2560 S   0.3   0.3   0:00.74 /bin/sh /usr/local/script/run_rfsoc_hard_ip_b.sh                 
   5094 root      20   0  151308   2512   2052 S   0.3   0.2   0:01.12 /usr/local/bin/rfdcd                                             
   5340 root      20   0    3444    996    856 S   0.3   0.1   0:00.03 /usr/local/bin/sfp_ctrl 3 0 0x51 0x180 0x188 FPGA 0x190 0x198 1  
   5374 root      20   0    2536    980    860 S   0.3   0.1   0:00.13 /usr/local/bin/sfp_led_ctrl 0 EMIO 2 47 46 45 44                 
   6324 root      20   0  384060   4188   3632 S   0.3   0.4   0:04.05 /usr/local/bin/ptp_ctrl 0                                        
   6354 root      20   0  605084   4260   3512 S   0.3   0.4   0:01.12 /usr/local/bin/synce_ctrl 0                                      
      1 root      20   0   97840  10856   6716 S   0.0   1.1   0:13.38 /init                                                            
      2 root      20   0       0      0      0 S   0.0   0.0   0:00.01 [kthreadd]                                                       
      3 root       0 -20       0      0      0 I   0.0   0.0   0:00.00 [rcu_gp]                                                         
      4 root       0 -20       0      0      0 I   0.0   0.0   0:00.00 [rcu_par_gp]                                                     
      5 root       0 -20       0      0      0 I   0.0   0.0   0:00.00 [netns]                                                          
      7 root       0 -20       0      0      0 I   0.0   0.0   0:00.29 [kworker/0:0H-mmc_complete]                                      
      8 root      20   0       0      0      0 I   0.0   0.0   0:05.19 [kworker/u8:0-ext4-rsv-conversion]                               
      9 root       0 -20       0      0      0 I   0.0   0.0   0:00.00 [mm_percpu_wq]                                                   
     10 root      20   0       0      0      0 S   0.0   0.0   0:03.10 [ksoftirqd/0]                                                    
     11 root      20   0       0      0      0 I   0.0   0.0   0:00.86 [rcu_sched]                                                      
     12 root      rt   0       0      0      0 S   0.0   0.0   0:00.00 [migration/0]                                                    
     13 root      20   0       0      0      0 S   0.0   0.0   0:00.00 [cpuhp/0]                                                        
     14 root      20   0       0      0      0 S   0.0   0.0   0:00.00 [cpuhp/1]                                                        
     15 root      rt   0       0      0      0 S   0.0   0.0   0:00.00 [migration/1]                                                    
     16 root      20   0       0      0      0 S   0.0   0.0   0:00.37 [ksoftirqd/1]                                                    
     19 root      20   0       0      0      0 S   0.0   0.0   0:00.00 [cpuhp/2]                                                        
     20 root      rt   0       0      0      0 S   0.0   0.0   0:00.00 [migration/2]                                                    
     21 root      20   0       0      0      0 S   0.0   0.0   0:00.44 [ksoftirqd/2]                                                    
     23 root       0 -20       0      0      0 I   0.0   0.0   0:00.16 [kworker/2:0H-kblockd]                                           
     24 root      20   0       0      0      0 S   0.0   0.0   0:00.00 [cpuhp/3]                                                        
     25 root      rt   0       0      0      0 S   0.0   0.0   0:00.00 [migration/3]                                                    
     26 root      20   0       0      0      0 S   0.0   0.0   0:00.00 [ksoftirqd/3]                                                    
     27 root      20   0       0      0      0 I   0.0   0.0   0:00.00 [kworker/3:0-mm_percpu_wq]                                       
     28 root       0 -20       0      0      0 I   0.0   0.0   0:00.00 [kworker/3:0H]                                                   
     29 root      20   0       0      0      0 S   0.0   0.0   0:00.01 [kdevtmpfs]                                                      
     30 root       0 -20       0      0      0 I   0.0   0.0   0:00.00 [inet_frag_wq]                                                   
     32 root      20   0       0      0      0 S   0.0   0.0   0:00.02 [kauditd]                                                        
     33 root      20   0       0      0      0 S   0.0   0.0   0:00.00 [oom_reaper]                                                     
     34 root       0 -20       0      0      0 I   0.0   0.0   0:00.00 [writeback]                                                      
     35 root      20   0       0      0      0 S   0.0   0.0   0:00.02 [kcompactd0]                                                     
     36 root      39  19       0      0      0 S   0.0   0.0   0:00.00 [khugepaged]                                                     
     37 root       0 -20       0      0      0 I   0.0   0.0   0:00.00 [kblockd]                                                        
     38 root       0 -20       0      0      0 I   0.0   0.0   0:00.00 [blkcg_punt_bio]                                                 
     39 root       0 -20       0      0      0 I   0.0   0.0   0:00.00 [edac-poller]                                                    
     40 root     -51   0       0      0      0 S   0.0   0.0   0:00.00 [watchdogd]                                                      top - 09:41:15 up 11 min,  2 users,  load average: 0.49, 0.66, 0.45
Tasks: 166 total,   2 running, 163 sleeping,   0 stopped,   1 zombie
%Cpu(s):  3.1 us,  8.3 sy,  0.0 ni, 88.5 id,  0.0 wa,  0.0 hi,  0.1 si,  0.0 st
MiB Mem :    986.7 total,     62.8 free,    149.3 used,    774.6 buff/cache
MiB Swap:      0.0 total,      0.0 free,      0.0 used.    104.4 avail Mem 


   5068 root      20   0   88276   2972   1840 S   6.6   0.3   0:43.52 dpd-smp -u 5                                                     
   6693 root      20   0  633272   7940   4576 S   4.3   0.8   0:26.08 /usr/bin/sync_timing_ptp2stack /etc/sync_timing_ptp2_default.co+ 
   5892 root      20   0    6616   3216   2796 S   3.3   0.3   0:18.24 /usr/local/bin/oda                                               
   5860 root      20   0  244384   4616   3800 S   2.0   0.5   0:11.77 /usr/bin/sync_timing_core_driver                                 
   6606 root      20   0  609132  12848   7584 S   2.0   1.3   0:16.80 /usr/bin/netopeer2-server -U -m 0770 -v 1                        
   5999 root      20   0  103452  11676   8304 S   1.7   1.2   0:07.21 /usr/local/bin/rud                                               
   2033 root      20   0       0      0      0 S   1.3   0.0   0:07.83 [fpga_drvd]                                                      
   5969 root      20   0    9456   4380   3416 S   1.3   0.4   0:05.80 /usr/local/bin/devif                                             
   4370 root      20   0    3704   2416   1572 S   1.0   0.2   0:04.29 /usr/local/bin/dsclswell                                         
    191 root      20   0   34496  15852  15060 S   0.7   1.6   0:04.04 /lib/systemd/systemd-journald                                    
   2241 root      20   0    2164   1056    852 S   0.7   0.1   0:03.86 /sbin/syslogd -n -S -s 10000 -b 20                               
   6324 root      20   0  384060   4188   3632 S   0.7   0.4   0:04.07 /usr/local/bin/ptp_ctrl 0                                        
  17012 admin     20   0    5808   2792   2108 R   0.7   0.3   0:00.88 top                                                              
      1 root      20   0   97840  10856   6716 S   0.3   1.1   0:13.39 /init                                                            
     21 root      20   0       0      0      0 S   0.3   0.0   0:00.45 [ksoftirqd/2]                                                    
    202 root      20   0       0      0      0 R   0.3   0.0   0:00.52 [kworker/2:3-events_long]                                        
   1914 message+  20   0    5796   3616   3132 S   0.3   0.4   0:06.53 /usr/bin/dbus-daemon --system --address=systemd: --nofork --nop+ 
   6244 root      20   0    4020   2904   2548 S   0.3   0.3   0:00.55 /bin/sh /usr/local/script/watchdog_clear.sh                      
   6950 root      20   0   76244    832    720 S   0.3   0.1   0:00.21 /usr/local/bin/netstat_ctrl 0                                    
      2 root      20   0       0      0      0 S   0.0   0.0   0:00.01 [kthreadd]                                                       
      3 root       0 -20       0      0      0 I   0.0   0.0   0:00.00 [rcu_gp]                                                         
      4 root       0 -20       0      0      0 I   0.0   0.0   0:00.00 [rcu_par_gp]                                                     
      5 root       0 -20       0      0      0 I   0.0   0.0   0:00.00 [netns]                                                          
      7 root       0 -20       0      0      0 I   0.0   0.0   0:00.29 [kworker/0:0H-mmc_complete]                                      
      8 root      20   0       0      0      0 I   0.0   0.0   0:05.19 [kworker/u8:0-ext4-rsv-conversion]                               
      9 root       0 -20       0      0      0 I   0.0   0.0   0:00.00 [mm_percpu_wq]                                                   
     10 root      20   0       0      0      0 S   0.0   0.0   0:03.10 [ksoftirqd/0]                                                    
     11 root      20   0       0      0      0 I   0.0   0.0   0:00.86 [rcu_sched]                                                      
     12 root      rt   0       0      0      0 S   0.0   0.0   0:00.00 [migration/0]                                                    
     13 root      20   0       0      0      0 S   0.0   0.0   0:00.00 [cpuhp/0]                                                        
     14 root      20   0       0      0      0 S   0.0   0.0   0:00.00 [cpuhp/1]                                                        
     15 root      rt   0       0      0      0 S   0.0   0.0   0:00.00 [migration/1]                                                    
     16 root      20   0       0      0      0 S   0.0   0.0   0:00.37 [ksoftirqd/1]                                                    
     19 root      20   0       0      0      0 S   0.0   0.0   0:00.00 [cpuhp/2]                                                        
     20 root      rt   0       0      0      0 S   0.0   0.0   0:00.00 [migration/2]                                                    
     23 root       0 -20       0      0      0 I   0.0   0.0   0:00.16 [kworker/2:0H-kblockd]                                           
     24 root      20   0       0      0      0 S   0.0   0.0   0:00.00 [cpuhp/3]                                                        
     25 root      rt   0       0      0      0 S   0.0   0.0   0:00.00 [migration/3]                                                    
     26 root      20   0       0      0      0 S   0.0   0.0   0:00.00 [ksoftirqd/3]                                                    
     27 root      20   0       0      0      0 I   0.0   0.0   0:00.00 [kworker/3:0-mm_percpu_wq]                                       
     28 root       0 -20       0      0      0 I   0.0   0.0   0:00.00 [kworker/3:0H]                                                   
     29 root      20   0       0      0      0 S   0.0   0.0   0:00.01 [kdevtmpfs]                                                      
     30 root       0 -20       0      0      0 I   0.0   0.0   0:00.00 [inet_frag_wq]                                                   
     32 root      20   0       0      0      0 S   0.0   0.0   0:00.02 [kauditd]                                                        
     33 root      20   0       0      0      0 S   0.0   0.0   0:00.00 [oom_reaper]                                                     
     34 root       0 -20       0      0      0 I   0.0   0.0   0:00.00 [writeback]                                                      
     35 root      20   0       0      0      0 S   0.0   0.0   0:00.02 [kcompactd0]                                                     
     36 root      39  19       0      0      0 S   0.0   0.0   0:00.00 [khugepaged]                                                     
     37 root       0 -20       0      0      0 I   0.0   0.0   0:00.00 [kblockd]                                                        
     38 root       0 -20       0      0      0 I   0.0   0.0   0:00.00 [blkcg_punt_bio]                                                 
     39 root       0 -20       0      0      0 I   0.0   0.0   0:00.00 [edac-poller]                                                    
     40 root     -51   0       0      0      0 S   0.0   0.0   0:00.00 [watchdogd]                                                      
     42 root      20   0       0      0      0 I   0.0   0.0   0:00.11 [kworker/1:1-cgroup_destroy]                                     
     43 root       0 -20       0      0      0 I   0.0   0.0   0:00.00 [rpciod]                                                         top - 09:41:18 up 11 min,  2 users,  load average: 0.45, 0.65, 0.45
Tasks: 165 total,   1 running, 164 sleeping,   0 stopped,   0 zombie
%Cpu(s):  3.2 us,  7.5 sy,  0.0 ni, 89.2 id,  0.1 wa,  0.0 hi,  0.0 si,  0.0 st
MiB Mem :    986.7 total,     62.8 free,    149.2 used,    774.7 buff/cache
MiB Swap:      0.0 total,      0.0 free,      0.0 used.    104.5 avail Mem 


   5068 root      20   0   88276   2972   1840 S   6.6   0.3   0:43.72 dpd-smp -u 5                                                     
   6693 root      20   0  633272   7940   4576 S   4.6   0.8   0:26.22 /usr/bin/sync_timing_ptp2stack /etc/sync_timing_ptp2_default.co+ 
   5892 root      20   0    6616   3216   2796 S   3.3   0.3   0:18.34 /usr/local/bin/oda                                               
   6606 root      20   0  609132  12848   7584 S   2.3   1.3   0:16.87 /usr/bin/netopeer2-server -U -m 0770 -v 1                        
   5860 root      20   0  244384   4616   3800 S   2.0   0.5   0:11.83 /usr/bin/sync_timing_core_driver                                 
   2033 root      20   0       0      0      0 S   1.3   0.0   0:07.87 [fpga_drvd]                                                      
   2241 root      20   0    2164   1056    852 S   1.0   0.1   0:03.89 /sbin/syslogd -n -S -s 10000 -b 20                               
   5969 root      20   0    9456   4380   3416 S   1.0   0.4   0:05.83 /usr/local/bin/devif                                             
   5999 root      20   0  103452  11676   8304 S   1.0   1.2   0:07.24 /usr/local/bin/rud                                               
   4370 root      20   0    3704   2416   1572 S   0.7   0.2   0:04.31 /usr/local/bin/dsclswell                                         
   6324 root      20   0  384060   4188   3632 S   0.7   0.4   0:04.09 /usr/local/bin/ptp_ctrl 0                                        
  17012 admin     20   0    5808   2792   2108 R   0.7   0.3   0:00.90 top                                                              
     11 root      20   0       0      0      0 I   0.3   0.0   0:00.87 [rcu_sched]                                                      
     53 root      20   0       0      0      0 I   0.3   0.0   0:00.39 [kworker/u8:2-edac-poller]                                       
   1914 message+  20   0    5796   3616   3132 S   0.3   0.4   0:06.54 /usr/bin/dbus-daemon --system --address=systemd: --nofork --nop+ 
   4318 root      20   0  201072  15040   1580 S   0.3   1.5   0:00.84 /usr/local/bin/dscllogd                                          
   4496 root      20   0    2532    840    732 S   0.3   0.1   0:00.11 /usr/local/bin/if_i2c_ctrl /dev/i2c-1                            
   4550 root      20   0    2376    816    716 S   0.3   0.1   0:00.97 /usr/local/bin/gpio_ctrl                                         
   5094 root      20   0  151308   2512   2052 S   0.3   0.2   0:01.13 /usr/local/bin/rfdcd                                             
   5288 root      20   0    3444    992    856 S   0.3   0.1   0:00.07 /usr/local/bin/sfp_ctrl 1 1 0x51 0x180 0x188 FPGA 0x190 0x198 0  
   6025 root      20   0    9212   3224   2828 S   0.3   0.3   0:00.24 /usr/local/bin/watchdogd                                         
   6354 root      20   0  605084   4260   3512 S   0.3   0.4   0:01.13 /usr/local/bin/synce_ctrl 0                                      
  12606 admin     20   0   11412   5276   4132 S   0.3   0.5   0:00.06 sshd: admin@pts/0                                                
      1 root      20   0   97840  10856   6716 S   0.0   1.1   0:13.39 /init                                                            
      2 root      20   0       0      0      0 S   0.0   0.0   0:00.01 [kthreadd]                                                       
      3 root       0 -20       0      0      0 I   0.0   0.0   0:00.00 [rcu_gp]                                                         
      4 root       0 -20       0      0      0 I   0.0   0.0   0:00.00 [rcu_par_gp]                                                     
      5 root       0 -20       0      0      0 I   0.0   0.0   0:00.00 [netns]                                                          
      7 root       0 -20       0      0      0 I   0.0   0.0   0:00.29 [kworker/0:0H-mmc_complete]                                      
      8 root      20   0       0      0      0 I   0.0   0.0   0:05.19 [kworker/u8:0-ext4-rsv-conversion]                               
      9 root       0 -20       0      0      0 I   0.0   0.0   0:00.00 [mm_percpu_wq]                                                   
     10 root      20   0       0      0      0 S   0.0   0.0   0:03.10 [ksoftirqd/0]                                                    
     12 root      rt   0       0      0      0 S   0.0   0.0   0:00.00 [migration/0]                                                    
     13 root      20   0       0      0      0 S   0.0   0.0   0:00.00 [cpuhp/0]                                                        
     14 root      20   0       0      0      0 S   0.0   0.0   0:00.00 [cpuhp/1]                                                        
     15 root      rt   0       0      0      0 S   0.0   0.0   0:00.00 [migration/1]                                                    
     16 root      20   0       0      0      0 S   0.0   0.0   0:00.37 [ksoftirqd/1]                                                    
     19 root      20   0       0      0      0 S   0.0   0.0   0:00.00 [cpuhp/2]                                                        
     20 root      rt   0       0      0      0 S   0.0   0.0   0:00.00 [migration/2]                                                    
     21 root      20   0       0      0      0 S   0.0   0.0   0:00.45 [ksoftirqd/2]                                                    
     23 root       0 -20       0      0      0 I   0.0   0.0   0:00.16 [kworker/2:0H-kblockd]                                           
     24 root      20   0       0      0      0 S   0.0   0.0   0:00.00 [cpuhp/3]                                                        
     25 root      rt   0       0      0      0 S   0.0   0.0   0:00.00 [migration/3]                                                    
     26 root      20   0       0      0      0 S   0.0   0.0   0:00.00 [ksoftirqd/3]                                                    
     27 root      20   0       0      0      0 I   0.0   0.0   0:00.00 [kworker/3:0-mm_percpu_wq]                                       
     28 root       0 -20       0      0      0 I   0.0   0.0   0:00.00 [kworker/3:0H]                                                   
     29 root      20   0       0      0      0 S   0.0   0.0   0:00.01 [kdevtmpfs]                                                      
     30 root       0 -20       0      0      0 I   0.0   0.0   0:00.00 [inet_frag_wq]                                                   
     32 root      20   0       0      0      0 S   0.0   0.0   0:00.02 [kauditd]                                                        
     33 root      20   0       0      0      0 S   0.0   0.0   0:00.00 [oom_reaper]                                                     
     34 root       0 -20       0      0      0 I   0.0   0.0   0:00.00 [writeback]                                                      
     35 root      20   0       0      0      0 S   0.0   0.0   0:00.02 [kcompactd0]                                                     
     36 root      39  19       0      0      0 S   0.0   0.0   0:00.00 [khugepaged]                                                     
     37 root       0 -20       0      0      0 I   0.0   0.0   0:00.00 [kblockd]                                                        top - 09:41:21 up 11 min,  2 users,  load average: 0.45, 0.65, 0.45
Tasks: 166 total,   2 running, 164 sleeping,   0 stopped,   0 zombie
%Cpu(s):  4.4 us,  8.4 sy,  0.0 ni, 87.1 id,  0.0 wa,  0.0 hi,  0.1 si,  0.0 st
MiB Mem :    986.7 total,     60.8 free,    151.1 used,    774.8 buff/cache
MiB Swap:      0.0 total,      0.0 free,      0.0 used.    102.6 avail Mem 


   5068 root      20   0   88276   2972   1840 S   6.6   0.3   0:43.92 dpd-smp -u 5                                                     
   6693 root      20   0  633272   7940   4576 S   4.3   0.8   0:26.35 /usr/bin/sync_timing_ptp2stack /etc/sync_timing_ptp2_default.co+ 
   5892 root      20   0    6616   3216   2796 S   3.0   0.3   0:18.43 /usr/local/bin/oda                                               
   5860 root      20   0  244384   4616   3800 S   2.0   0.5   0:11.89 /usr/bin/sync_timing_core_driver                                 
   6606 root      20   0  609132  12848   7584 S   2.0   1.3   0:16.93 /usr/bin/netopeer2-server -U -m 0770 -v 1                        
   5999 root      20   0  103452  11676   8304 S   1.7   1.2   0:07.29 /usr/local/bin/rud                                               
   2033 root      20   0       0      0      0 S   1.3   0.0   0:07.91 [fpga_drvd]                                                      
   5969 root      20   0    9456   4380   3416 S   1.3   0.4   0:05.87 /usr/local/bin/devif                                             
    191 root      20   0   34496  16116  15324 S   1.0   1.6   0:04.07 /lib/systemd/systemd-journald                                    
   2241 root      20   0    2164   1056    852 S   0.7   0.1   0:03.91 /sbin/syslogd -n -S -s 10000 -b 20                               
   4370 root      20   0    3704   2416   1572 S   0.7   0.2   0:04.33 /usr/local/bin/dsclswell                                         
   6324 root      20   0  384060   4188   3632 S   0.7   0.4   0:04.11 /usr/local/bin/ptp_ctrl 0                                        
  17012 admin     20   0    5808   2792   2108 R   0.7   0.3   0:00.92 top                                                              
   1914 message+  20   0    5796   3616   3132 S   0.3   0.4   0:06.55 /usr/bin/dbus-daemon --system --address=systemd: --nofork --nop+ 
   1927 root      20   0    9940   5096   4572 S   0.3   0.5   0:00.62 /lib/systemd/systemd-logind                                      
      1 root      20   0   97840  10856   6716 S   0.0   1.1   0:13.39 /init                                                            
      2 root      20   0       0      0      0 S   0.0   0.0   0:00.01 [kthreadd]                                                       
      3 root       0 -20       0      0      0 I   0.0   0.0   0:00.00 [rcu_gp]                                                         
      4 root       0 -20       0      0      0 I   0.0   0.0   0:00.00 [rcu_par_gp]                                                     
      5 root       0 -20       0      0      0 I   0.0   0.0   0:00.00 [netns]                                                          
      7 root       0 -20       0      0      0 I   0.0   0.0   0:00.29 [kworker/0:0H-mmc_complete]                                      
      8 root      20   0       0      0      0 I   0.0   0.0   0:05.19 [kworker/u8:0-ext4-rsv-conversion]                               
      9 root       0 -20       0      0      0 I   0.0   0.0   0:00.00 [mm_percpu_wq]                                                   
     10 root      20   0       0      0      0 S   0.0   0.0   0:03.10 [ksoftirqd/0]                                                    
     11 root      20   0       0      0      0 I   0.0   0.0   0:00.87 [rcu_sched]                                                      
     12 root      rt   0       0      0      0 S   0.0   0.0   0:00.00 [migration/0]                                                    
     13 root      20   0       0      0      0 S   0.0   0.0   0:00.00 [cpuhp/0]                                                        
     14 root      20   0       0      0      0 S   0.0   0.0   0:00.00 [cpuhp/1]                                                        
     15 root      rt   0       0      0      0 S   0.0   0.0   0:00.00 [migration/1]                                                    
     16 root      20   0       0      0      0 S   0.0   0.0   0:00.37 [ksoftirqd/1]                                                    
     19 root      20   0       0      0      0 S   0.0   0.0   0:00.00 [cpuhp/2]                                                        
     20 root      rt   0       0      0      0 S   0.0   0.0   0:00.00 [migration/2]                                                    
     21 root      20   0       0      0      0 S   0.0   0.0   0:00.45 [ksoftirqd/2]                                                    
     23 root       0 -20       0      0      0 I   0.0   0.0   0:00.16 [kworker/2:0H-kblockd]                                           
     24 root      20   0       0      0      0 S   0.0   0.0   0:00.00 [cpuhp/3]                                                        
     25 root      rt   0       0      0      0 S   0.0   0.0   0:00.00 [migration/3]                                                    
     26 root      20   0       0      0      0 S   0.0   0.0   0:00.00 [ksoftirqd/3]                                                    
     27 root      20   0       0      0      0 I   0.0   0.0   0:00.00 [kworker/3:0-mm_percpu_wq]                                       
     28 root       0 -20       0      0      0 I   0.0   0.0   0:00.00 [kworker/3:0H]                                                   
     29 root      20   0       0      0      0 S   0.0   0.0   0:00.01 [kdevtmpfs]                                                      
     30 root       0 -20       0      0      0 I   0.0   0.0   0:00.00 [inet_frag_wq]                                                   
     32 root      20   0       0      0      0 S   0.0   0.0   0:00.02 [kauditd]                                                        
     33 root      20   0       0      0      0 S   0.0   0.0   0:00.00 [oom_reaper]                                                     
     34 root       0 -20       0      0      0 I   0.0   0.0   0:00.00 [writeback]                                                      
     35 root      20   0       0      0      0 S   0.0   0.0   0:00.02 [kcompactd0]                                                     
     36 root      39  19       0      0      0 S   0.0   0.0   0:00.00 [khugepaged]                                                     
     37 root       0 -20       0      0      0 I   0.0   0.0   0:00.00 [kblockd]                                                        
     38 root       0 -20       0      0      0 I   0.0   0.0   0:00.00 [blkcg_punt_bio]                                                 
     39 root       0 -20       0      0      0 I   0.0   0.0   0:00.00 [edac-poller]                                                    
     40 root     -51   0       0      0      0 S   0.0   0.0   0:00.00 [watchdogd]                                                      
     42 root      20   0       0      0      0 I   0.0   0.0   0:00.11 [kworker/1:1-cgroup_destroy]                                     
     43 root       0 -20       0      0      0 I   0.0   0.0   0:00.00 [rpciod]                                                         
     45 root       0 -20       0      0      0 I   0.0   0.0   0:00.00 [xprtiod]                                                        
     47 root      20   0       0      0      0 S   0.0   0.0   0:00.35 [kswapd0]                                                        top - 09:41:24 up 11 min,  2 users,  load average: 0.41, 0.64, 0.45

%Cpu(s):  3.5 us,  7.5 sy,  0.0 ni, 89.0 id,  0.0 wa,  0.0 hi,  0.0 si,  0.0 st
MiB Mem :    986.7 total,     60.8 free,    151.0 used,    774.9 buff/cache
MiB Swap:      0.0 total,      0.0 free,      0.0 used.    102.7 avail Mem 


   5068 root      20   0   88276   2972   1840 S   6.6   0.3   0:44.12 dpd-smp -u 5                                                     
   6693 root      20   0  633272   7940   4576 S   4.3   0.8   0:26.48 /usr/bin/sync_timing_ptp2stack /etc/sync_timing_ptp2_default.co+ 
   5892 root      20   0    6616   3216   2796 S   3.0   0.3   0:18.52 /usr/local/bin/oda                                               
   6606 root      20   0  609132  12848   7584 S   2.3   1.3   0:17.00 /usr/bin/netopeer2-server -U -m 0770 -v 1                        
   5860 root      20   0  244384   4616   3800 S   2.0   0.5   0:11.95 /usr/bin/sync_timing_core_driver                                 
   2033 root      20   0       0      0      0 S   1.3   0.0   0:07.95 [fpga_drvd]                                                      
   5969 root      20   0    9456   4380   3416 S   1.0   0.4   0:05.90 /usr/local/bin/devif                                             
   5999 root      20   0  103452  11676   8304 S   1.0   1.2   0:07.32 /usr/local/bin/rud                                               
  17012 admin     20   0    5808   2792   2108 R   1.0   0.3   0:00.95 top                                                              
   2241 root      20   0    2164   1056    852 S   0.7   0.1   0:03.93 /sbin/syslogd -n -S -s 10000 -b 20                               
   4370 root      20   0    3704   2416   1572 S   0.7   0.2   0:04.35 /usr/local/bin/dsclswell                                         
   5920 root      20   0  304008  19772   4388 S   0.7   2.0   0:08.38 /usr/bin/sysrepod                                                
   6324 root      20   0  384060   4188   3632 S   0.7   0.4   0:04.13 /usr/local/bin/ptp_ctrl 0                                        
      1 root      20   0   97840  10856   6716 S   0.3   1.1   0:13.40 /init                                                            
     10 root      20   0       0      0      0 S   0.3   0.0   0:03.11 [ksoftirqd/0]                                                    
     16 root      20   0       0      0      0 S   0.3   0.0   0:00.38 [ksoftirqd/1]                                                    
    191 root      20   0   34496  16116  15324 S   0.3   1.6   0:04.08 /lib/systemd/systemd-journald                                    
   1914 message+  20   0    5796   3616   3132 S   0.3   0.4   0:06.56 /usr/bin/dbus-daemon --system --address=systemd: --nofork --nop+ 
   4550 root      20   0    2376    816    716 S   0.3   0.1   0:00.98 /usr/local/bin/gpio_ctrl                                         
   5072 root      20   0    3888   2868   2560 S   0.3   0.3   0:00.75 /bin/sh /usr/local/script/run_rfsoc_hard_ip_b.sh                 
   5094 root      20   0  151308   2512   2052 S   0.3   0.2   0:01.14 /usr/local/bin/rfdcd                                             
   6244 root      20   0    4020   2904   2548 S   0.3   0.3   0:00.56 /bin/sh /usr/local/script/watchdog_clear.sh                      
   6295 root      20   0   13596   8860   5804 S   0.3   0.9   0:00.63 /usr/local/bin/ncld                                              
   6354 root      20   0  605084   4260   3512 S   0.3   0.4   0:01.14 /usr/local/bin/synce_ctrl 0                                      
  12606 admin     20   0   11412   5276   4132 S   0.3   0.5   0:00.07 sshd: admin@pts/0                                                
      2 root      20   0       0      0      0 S   0.0   0.0   0:00.01 [kthreadd]                                                       
      3 root       0 -20       0      0      0 I   0.0   0.0   0:00.00 [rcu_gp]                                                         
      4 root       0 -20       0      0      0 I   0.0   0.0   0:00.00 [rcu_par_gp]                                                     
      5 root       0 -20       0      0      0 I   0.0   0.0   0:00.00 [netns]                                                          
      7 root       0 -20       0      0      0 I   0.0   0.0   0:00.29 [kworker/0:0H-mmc_complete]                                      
      8 root      20   0       0      0      0 I   0.0   0.0   0:05.19 [kworker/u8:0-ext4-rsv-conversion]                               
      9 root       0 -20       0      0      0 I   0.0   0.0   0:00.00 [mm_percpu_wq]                                                   
     11 root      20   0       0      0      0 I   0.0   0.0   0:00.87 [rcu_sched]                                                      
     12 root      rt   0       0      0      0 S   0.0   0.0   0:00.00 [migration/0]                                                    
     13 root      20   0       0      0      0 S   0.0   0.0   0:00.00 [cpuhp/0]                                                        
     14 root      20   0       0      0      0 S   0.0   0.0   0:00.00 [cpuhp/1]                                                        
     15 root      rt   0       0      0      0 S   0.0   0.0   0:00.00 [migration/1]                                                    
     19 root      20   0       0      0      0 S   0.0   0.0   0:00.00 [cpuhp/2]                                                        
     20 root      rt   0       0      0      0 S   0.0   0.0   0:00.00 [migration/2]                                                    
     21 root      20   0       0      0      0 S   0.0   0.0   0:00.45 [ksoftirqd/2]                                                    
     23 root       0 -20       0      0      0 I   0.0   0.0   0:00.16 [kworker/2:0H-kblockd]                                           
     24 root      20   0       0      0      0 S   0.0   0.0   0:00.00 [cpuhp/3]                                                        
     25 root      rt   0       0      0      0 S   0.0   0.0   0:00.00 [migration/3]                                                    
     26 root      20   0       0      0      0 S   0.0   0.0   0:00.00 [ksoftirqd/3]                                                    
     27 root      20   0       0      0      0 I   0.0   0.0   0:00.00 [kworker/3:0-mm_percpu_wq]                                       
     28 root       0 -20       0      0      0 I   0.0   0.0   0:00.00 [kworker/3:0H]                                                   
     29 root      20   0       0      0      0 S   0.0   0.0   0:00.01 [kdevtmpfs]                                                      
     30 root       0 -20       0      0      0 I   0.0   0.0   0:00.00 [inet_frag_wq]                                                   
     32 root      20   0       0      0      0 S   0.0   0.0   0:00.02 [kauditd]                                                        
     33 root      20   0       0      0      0 S   0.0   0.0   0:00.00 [oom_reaper]                                                     
     34 root       0 -20       0      0      0 I   0.0   0.0   0:00.00 [writeback]                                                      
     35 root      20   0       0      0      0 S   0.0   0.0   0:00.02 [kcompactd0]                                                     
     36 root      39  19       0      0      0 S   0.0   0.0   0:00.00 [khugepaged]                                                     
     37 root       0 -20       0      0      0 I   0.0   0.0   0:00.00 [kblockd]                                                        top - 09:41:27 up 11 min,  2 users,  load average: 0.54, 0.66, 0.45

%Cpu(s):  2.6 us,  8.1 sy,  0.0 ni, 89.2 id,  0.0 wa,  0.0 hi,  0.1 si,  0.0 st
MiB Mem :    986.7 total,     60.3 free,    151.4 used,    775.0 buff/cache
MiB Swap:      0.0 total,      0.0 free,      0.0 used.    102.3 avail Mem 


   5068 root      20   0   88276   2972   1840 S   6.6   0.3   0:44.32 dpd-smp -u 5                                                     
   6693 root      20   0  633272   7940   4576 S   4.3   0.8   0:26.61 /usr/bin/sync_timing_ptp2stack /etc/sync_timing_ptp2_default.co+ 
   5892 root      20   0    6616   3216   2796 S   3.0   0.3   0:18.61 /usr/local/bin/oda                                               
   5860 root      20   0  244384   4616   3800 S   2.3   0.5   0:12.02 /usr/bin/sync_timing_core_driver                                 
   6606 root      20   0  609132  12848   7584 S   2.0   1.3   0:17.06 /usr/bin/netopeer2-server -U -m 0770 -v 1                        
   2033 root      20   0       0      0      0 S   1.0   0.0   0:07.98 [fpga_drvd]                                                      
   5999 root      20   0  103488  11676   8304 R   1.0   1.2   0:07.35 /usr/local/bin/rud                                               
    191 root      20   0   34496  16116  15324 S   0.7   1.6   0:04.10 /lib/systemd/systemd-journald                                    
   2241 root      20   0    2164   1056    852 S   0.7   0.1   0:03.95 /sbin/syslogd -n -S -s 10000 -b 20                               
   4370 root      20   0    3704   2416   1572 S   0.7   0.2   0:04.37 /usr/local/bin/dsclswell                                         
   5969 root      20   0    9456   4380   3416 S   0.7   0.4   0:05.92 /usr/local/bin/devif                                             
   6324 root      20   0  384060   4188   3632 S   0.7   0.4   0:04.15 /usr/local/bin/ptp_ctrl 0                                        
  17012 admin     20   0    5808   2792   2108 R   0.7   0.3   0:00.97 top                                                              
     11 root      20   0       0      0      0 I   0.3   0.0   0:00.88 [rcu_sched]                                                      
    202 root      20   0       0      0      0 I   0.3   0.0   0:00.53 [kworker/2:3-events_long]                                        
   1914 message+  20   0    5796   3616   3132 S   0.3   0.4   0:06.57 /usr/bin/dbus-daemon --system --address=systemd: --nofork --nop+ 
   5072 root      20   0    3888   2868   2560 S   0.3   0.3   0:00.76 /bin/sh /usr/local/script/run_rfsoc_hard_ip_b.sh                 
   5262 root      20   0    3444    996    856 S   0.3   0.1   0:00.13 /usr/local/bin/sfp_ctrl 0 1 0x50 0x180 0x188 FPGA 0x190 0x198 0  
      1 root      20   0   97840  10856   6716 S   0.0   1.1   0:13.40 /init                                                            
      2 root      20   0       0      0      0 S   0.0   0.0   0:00.01 [kthreadd]                                                       
      3 root       0 -20       0      0      0 I   0.0   0.0   0:00.00 [rcu_gp]                                                         
      4 root       0 -20       0      0      0 I   0.0   0.0   0:00.00 [rcu_par_gp]                                                     
      5 root       0 -20       0      0      0 I   0.0   0.0   0:00.00 [netns]                                                          
      7 root       0 -20       0      0      0 I   0.0   0.0   0:00.29 [kworker/0:0H-mmc_complete]                                      
      8 root      20   0       0      0      0 I   0.0   0.0   0:05.19 [kworker/u8:0-ext4-rsv-conversion]                               
      9 root       0 -20       0      0      0 I   0.0   0.0   0:00.00 [mm_percpu_wq]                                                   
     10 root      20   0       0      0      0 S   0.0   0.0   0:03.11 [ksoftirqd/0]                                                    
     12 root      rt   0       0      0      0 S   0.0   0.0   0:00.00 [migration/0]                                                    
     13 root      20   0       0      0      0 S   0.0   0.0   0:00.00 [cpuhp/0]                                                        
     14 root      20   0       0      0      0 S   0.0   0.0   0:00.00 [cpuhp/1]                                                        
     15 root      rt   0       0      0      0 S   0.0   0.0   0:00.00 [migration/1]                                                    
     16 root      20   0       0      0      0 S   0.0   0.0   0:00.38 [ksoftirqd/1]                                                    
     19 root      20   0       0      0      0 S   0.0   0.0   0:00.00 [cpuhp/2]                                                        
     20 root      rt   0       0      0      0 S   0.0   0.0   0:00.00 [migration/2]                                                    
     21 root      20   0       0      0      0 S   0.0   0.0   0:00.45 [ksoftirqd/2]                                                    
     23 root       0 -20       0      0      0 I   0.0   0.0   0:00.16 [kworker/2:0H-kblockd]                                           
     24 root      20   0       0      0      0 S   0.0   0.0   0:00.00 [cpuhp/3]                                                        
     25 root      rt   0       0      0      0 S   0.0   0.0   0:00.00 [migration/3]                                                    
     26 root      20   0       0      0      0 S   0.0   0.0   0:00.00 [ksoftirqd/3]                                                    
     27 root      20   0       0      0      0 I   0.0   0.0   0:00.00 [kworker/3:0-mm_percpu_wq]                                       
     28 root       0 -20       0      0      0 I   0.0   0.0   0:00.00 [kworker/3:0H]                                                   
     29 root      20   0       0      0      0 S   0.0   0.0   0:00.01 [kdevtmpfs]                                                      
     30 root       0 -20       0      0      0 I   0.0   0.0   0:00.00 [inet_frag_wq]                                                   
     32 root      20   0       0      0      0 S   0.0   0.0   0:00.02 [kauditd]                                                        
     33 root      20   0       0      0      0 S   0.0   0.0   0:00.00 [oom_reaper]                                                     
     34 root       0 -20       0      0      0 I   0.0   0.0   0:00.00 [writeback]                                                      
     35 root      20   0       0      0      0 S   0.0   0.0   0:00.02 [kcompactd0]                                                     
     36 root      39  19       0      0      0 S   0.0   0.0   0:00.00 [khugepaged]                                                     
     37 root       0 -20       0      0      0 I   0.0   0.0   0:00.00 [kblockd]                                                        
     38 root       0 -20       0      0      0 I   0.0   0.0   0:00.00 [blkcg_punt_bio]                                                 
     39 root       0 -20       0      0      0 I   0.0   0.0   0:00.00 [edac-poller]                                                    
     40 root     -51   0       0      0      0 S   0.0   0.0   0:00.00 [watchdogd]                                                      
     42 root      20   0       0      0      0 I   0.0   0.0   0:00.11 [kworker/1:1-cgroup_destroy]                                     
     43 root       0 -20       0      0      0 I   0.0   0.0   0:00.00 [rpciod]                                                         top - 09:41:30 up 11 min,  2 users,  load average: 0.54, 0.66, 0.45
Tasks: 166 total,   1 running, 164 sleeping,   0 stopped,   1 zombie
%Cpu(s):  3.2 us,  7.6 sy,  0.0 ni, 89.2 id,  0.0 wa,  0.0 hi,  0.1 si,  0.0 st
MiB Mem :    986.7 total,     59.6 free,    152.0 used,    775.1 buff/cache
MiB Swap:      0.0 total,      0.0 free,      0.0 used.    101.7 avail Mem 


   5068 root      20   0   88276   2972   1840 S   6.6   0.3   0:44.52 dpd-smp -u 5                                                     
   6693 root      20   0  633272   7940   4576 S   4.3   0.8   0:26.74 /usr/bin/sync_timing_ptp2stack /etc/sync_timing_ptp2_default.co+ 
   5892 root      20   0    6616   3216   2796 S   3.0   0.3   0:18.70 /usr/local/bin/oda                                               
   6606 root      20   0  609132  12848   7584 S   2.3   1.3   0:17.13 /usr/bin/netopeer2-server -U -m 0770 -v 1                        
   2033 root      20   0       0      0      0 S   1.7   0.0   0:08.03 [fpga_drvd]                                                      
   5860 root      20   0  244384   4616   3800 S   1.7   0.5   0:12.07 /usr/bin/sync_timing_core_driver                                 
   5999 root      20   0  103452  11676   8304 S   1.3   1.2   0:07.39 /usr/local/bin/rud                                               
   5969 root      20   0    9456   4380   3416 S   1.0   0.4   0:05.95 /usr/local/bin/devif                                             
   2241 root      20   0    2164   1056    852 S   0.7   0.1   0:03.97 /sbin/syslogd -n -S -s 10000 -b 20                               
   4370 root      20   0    3704   2416   1572 S   0.7   0.2   0:04.39 /usr/local/bin/dsclswell                                         
   6324 root      20   0  384060   4188   3632 S   0.7   0.4   0:04.17 /usr/local/bin/ptp_ctrl 0                                        
  17012 admin     20   0    5808   2792   2108 R   0.7   0.3   0:00.99 top                                                              
     21 root      20   0       0      0      0 S   0.3   0.0   0:00.46 [ksoftirqd/2]                                                    
     52 root      20   0       0      0      0 I   0.3   0.0   0:00.28 [kworker/0:2-events]                                             
    191 root      20   0   34496  16116  15324 S   0.3   1.6   0:04.11 /lib/systemd/systemd-journald                                    
   1914 message+  20   0    5796   3616   3132 S   0.3   0.4   0:06.58 /usr/bin/dbus-daemon --system --address=systemd: --nofork --nop+ 
   5094 root      20   0  151308   2512   2052 S   0.3   0.2   0:01.15 /usr/local/bin/rfdcd                                             
   6354 root      20   0  605084   4260   3512 S   0.3   0.4   0:01.15 /usr/local/bin/synce_ctrl 0                                      
  10402 admin     20   0   12968   8816   6532 S   0.3   0.9   0:01.79 /lib/systemd/systemd --user                                      
      1 root      20   0   97840  10856   6716 S   0.0   1.1   0:13.40 /init                                                            
      2 root      20   0       0      0      0 S   0.0   0.0   0:00.01 [kthreadd]                                                       
      3 root       0 -20       0      0      0 I   0.0   0.0   0:00.00 [rcu_gp]                                                         
      4 root       0 -20       0      0      0 I   0.0   0.0   0:00.00 [rcu_par_gp]                                                     
      5 root       0 -20       0      0      0 I   0.0   0.0   0:00.00 [netns]                                                          
      7 root       0 -20       0      0      0 I   0.0   0.0   0:00.29 [kworker/0:0H-mmc_complete]                                      
      8 root      20   0       0      0      0 I   0.0   0.0   0:05.19 [kworker/u8:0-ext4-rsv-conversion]                               
      9 root       0 -20       0      0      0 I   0.0   0.0   0:00.00 [mm_percpu_wq]                                                   
     10 root      20   0       0      0      0 S   0.0   0.0   0:03.11 [ksoftirqd/0]                                                    
     11 root      20   0       0      0      0 I   0.0   0.0   0:00.88 [rcu_sched]                                                      
     12 root      rt   0       0      0      0 S   0.0   0.0   0:00.00 [migration/0]                                                    
     13 root      20   0       0      0      0 S   0.0   0.0   0:00.00 [cpuhp/0]                                                        
     14 root      20   0       0      0      0 S   0.0   0.0   0:00.00 [cpuhp/1]                                                        
     15 root      rt   0       0      0      0 S   0.0   0.0   0:00.00 [migration/1]                                                    
     16 root      20   0       0      0      0 S   0.0   0.0   0:00.38 [ksoftirqd/1]                                                    
     19 root      20   0       0      0      0 S   0.0   0.0   0:00.00 [cpuhp/2]                                                        
     20 root      rt   0       0      0      0 S   0.0   0.0   0:00.00 [migration/2]                                                    
     23 root       0 -20       0      0      0 I   0.0   0.0   0:00.16 [kworker/2:0H-kblockd]                                           
     24 root      20   0       0      0      0 S   0.0   0.0   0:00.00 [cpuhp/3]                                                        
     25 root      rt   0       0      0      0 S   0.0   0.0   0:00.00 [migration/3]                                                    
     26 root      20   0       0      0      0 S   0.0   0.0   0:00.00 [ksoftirqd/3]                                                    
     27 root      20   0       0      0      0 I   0.0   0.0   0:00.00 [kworker/3:0-mm_percpu_wq]                                       
     28 root       0 -20       0      0      0 I   0.0   0.0   0:00.00 [kworker/3:0H]                                                   
     29 root      20   0       0      0      0 S   0.0   0.0   0:00.01 [kdevtmpfs]                                                      
     30 root       0 -20       0      0      0 I   0.0   0.0   0:00.00 [inet_frag_wq]                                                   
     32 root      20   0       0      0      0 S   0.0   0.0   0:00.02 [kauditd]                                                        
     33 root      20   0       0      0      0 S   0.0   0.0   0:00.00 [oom_reaper]                                                     
     34 root       0 -20       0      0      0 I   0.0   0.0   0:00.00 [writeback]                                                      
     35 root      20   0       0      0      0 S   0.0   0.0   0:00.02 [kcompactd0]                                                     
     36 root      39  19       0      0      0 S   0.0   0.0   0:00.00 [khugepaged]                                                     
     37 root       0 -20       0      0      0 I   0.0   0.0   0:00.00 [kblockd]                                                        
     38 root       0 -20       0      0      0 I   0.0   0.0   0:00.00 [blkcg_punt_bio]                                                 
     39 root       0 -20       0      0      0 I   0.0   0.0   0:00.00 [edac-poller]                                                    
     40 root     -51   0       0      0      0 S   0.0   0.0   0:00.00 [watchdogd]                                                      
     42 root      20   0       0      0      0 I   0.0   0.0   0:00.11 [kworker/1:1-cgroup_destroy]                                     top - 09:41:33 up 11 min,  2 users,  load average: 0.66, 0.68, 0.46
Tasks: 165 total,   1 running, 164 sleeping,   0 stopped,   0 zombie
%Cpu(s):  3.4 us,  8.0 sy,  0.0 ni, 88.4 id,  0.1 wa,  0.0 hi,  0.0 si,  0.0 st
MiB Mem :    986.7 total,     58.6 free,    152.9 used,    775.1 buff/cache
MiB Swap:      0.0 total,      0.0 free,      0.0 used.    100.8 avail Mem 


   5068 root      20   0   88276   2972   1840 S   6.6   0.3   0:44.72 dpd-smp -u 5                                                     
   6693 root      20   0  633272   7940   4576 S   4.6   0.8   0:26.88 /usr/bin/sync_timing_ptp2stack /etc/sync_timing_ptp2_default.co+ 
   5892 root      20   0    6616   3216   2796 S   2.6   0.3   0:18.78 /usr/local/bin/oda                                               
   5860 root      20   0  244384   4616   3800 S   2.0   0.5   0:12.13 /usr/bin/sync_timing_core_driver                                 
   6606 root      20   0  609132  12848   7584 S   2.0   1.3   0:17.19 /usr/bin/netopeer2-server -U -m 0770 -v 1                        
   5969 root      20   0    9456   4380   3416 S   1.3   0.4   0:05.99 /usr/local/bin/devif                                             
   2033 root      20   0       0      0      0 S   1.0   0.0   0:08.06 [fpga_drvd]                                                      
   5999 root      20   0  103452  11676   8304 S   1.0   1.2   0:07.42 /usr/local/bin/rud                                               
    191 root      20   0   34496  16116  15324 S   0.7   1.6   0:04.13 /lib/systemd/systemd-journald                                    
   2241 root      20   0    2164   1056    852 S   0.7   0.1   0:03.99 /sbin/syslogd -n -S -s 10000 -b 20                               
   6324 root      20   0  384060   4188   3632 S   0.7   0.4   0:04.19 /usr/local/bin/ptp_ctrl 0                                        
  17012 admin     20   0    5808   2792   2108 R   0.7   0.3   0:01.01 top                                                              
      1 root      20   0   97840  10856   6716 S   0.3   1.1   0:13.41 /init                                                            
     11 root      20   0       0      0      0 I   0.3   0.0   0:00.89 [rcu_sched]                                                      
   1914 message+  20   0    5796   3616   3132 S   0.3   0.4   0:06.59 /usr/bin/dbus-daemon --system --address=systemd: --nofork --nop+ 
   4318 root      20   0  201072  15040   1580 S   0.3   1.5   0:00.85 /usr/local/bin/dscllogd                                          
   4370 root      20   0    3704   2416   1572 S   0.3   0.2   0:04.40 /usr/local/bin/dsclswell                                         
   4550 root      20   0    2376    816    716 S   0.3   0.1   0:00.99 /usr/local/bin/gpio_ctrl                                         
   5094 root      20   0  151308   2512   2052 S   0.3   0.2   0:01.16 /usr/local/bin/rfdcd                                             
   6244 root      20   0    4020   2904   2548 S   0.3   0.3   0:00.57 /bin/sh /usr/local/script/watchdog_clear.sh                      








     12 root      rt   0       0      0      0 S   0.0   0.0   0:00.00 [migration/0]                                                    
     13 root      20   0       0      0      0 S   0.0   0.0   0:00.00 [cpuhp/0]                                                        
     14 root      20   0       0      0      0 S   0.0   0.0   0:00.00 [cpuhp/1]                                                        
     15 root      rt   0       0      0      0 S   0.0   0.0   0:00.00 [migration/1]                                                    
     16 root      20   0       0      0      0 S   0.0   0.0   0:00.38 [ksoftirqd/1]                                                    
     19 root      20   0       0      0      0 S   0.0   0.0   0:00.00 [cpuhp/2]                                                        
     20 root      rt   0       0      0      0 S   0.0   0.0   0:00.00 [migration/2]                                                    
     21 root      20   0       0      0      0 S   0.0   0.0   0:00.46 [ksoftirqd/2]                                                    

















top - 09:41:36 up 12 min,  2 users,  load average: 0.66, 0.68, 0.46
Tasks: 166 total,   1 running, 165 sleeping,   0 stopped,   0 zombie
%Cpu(s):  3.2 us,  9.4 sy,  0.0 ni, 87.3 id,  0.0 wa,  0.0 hi,  0.1 si,  0.0 st
MiB Mem :    986.7 total,     57.9 free,    153.5 used,    775.3 buff/cache
MiB Swap:      0.0 total,      0.0 free,      0.0 used.    100.2 avail Mem 


   5068 root      20   0   88276   2972   1840 S   6.6   0.3   0:44.92 dpd-smp -u 5                                                     
   6693 root      20   0  633272   7940   4576 S   4.3   0.8   0:27.01 /usr/bin/sync_timing_ptp2stack /etc/sync_timing_ptp2_default.co+ 
   5892 root      20   0    6616   3216   2796 S   3.3   0.3   0:18.88 /usr/local/bin/oda                                               
   6606 root      20   0  609132  12848   7584 S   2.3   1.3   0:17.26 /usr/bin/netopeer2-server -U -m 0770 -v 1                        
   5860 root      20   0  244384   4616   3800 S   2.0   0.5   0:12.19 /usr/bin/sync_timing_core_driver                                 
   2033 root      20   0       0      0      0 S   1.7   0.0   0:08.11 [fpga_drvd]                                                      
   5999 root      20   0  103452  11676   8304 S   1.3   1.2   0:07.46 /usr/local/bin/rud                                               
   4370 root      20   0    3704   2416   1572 S   1.0   0.2   0:04.43 /usr/local/bin/dsclswell                                         
   5969 root      20   0    9456   4380   3416 S   1.0   0.4   0:06.02 /usr/local/bin/devif                                             
   6324 root      20   0  384060   4188   3632 S   1.0   0.4   0:04.22 /usr/local/bin/ptp_ctrl 0                                        
   2241 root      20   0    2164   1056    852 S   0.7   0.1   0:04.01 /sbin/syslogd -n -S -s 10000 -b 20                               
  17012 admin     20   0    5808   2792   2108 R   0.7   0.3   0:01.03 top                                                              
    191 root      20   0   34496  16116  15324 S   0.3   1.6   0:04.14 /lib/systemd/systemd-journald                                    
   1914 message+  20   0    5796   3616   3132 S   0.3   0.4   0:06.60 /usr/bin/dbus-daemon --system --address=systemd: --nofork --nop+ 
   5072 root      20   0    3888   2868   2560 S   0.3   0.3   0:00.77 /bin/sh /usr/local/script/run_rfsoc_hard_ip_b.sh                 
   6354 root      20   0  605084   4260   3512 S   0.3   0.4   0:01.16 /usr/local/bin/synce_ctrl 0                                      
   6924 root      20   0    2584    836    716 S   0.3   0.1   0:00.08 /usr/local/bin/switchover_link                                   
      1 root      20   0   97840  10856   6716 S   0.0   1.1   0:13.41 /init                                                            
      2 root      20   0       0      0      0 S   0.0   0.0   0:00.01 [kthreadd]                                                       
      3 root       0 -20       0      0      0 I   0.0   0.0   0:00.00 [rcu_gp]                                                         
      4 root       0 -20       0      0      0 I   0.0   0.0   0:00.00 [rcu_par_gp]                                                     
      5 root       0 -20       0      0      0 I   0.0   0.0   0:00.00 [netns]                                                          
      7 root       0 -20       0      0      0 I   0.0   0.0   0:00.29 [kworker/0:0H-mmc_complete]                                      
      8 root      20   0       0      0      0 I   0.0   0.0   0:05.19 [kworker/u8:0-ext4-rsv-conversion]                               
      9 root       0 -20       0      0      0 I   0.0   0.0   0:00.00 [mm_percpu_wq]                                                   
     10 root      20   0       0      0      0 S   0.0   0.0   0:03.11 [ksoftirqd/0]                                                    
     11 root      20   0       0      0      0 I   0.0   0.0   0:00.89 [rcu_sched]                                                      
     12 root      rt   0       0      0      0 S   0.0   0.0   0:00.00 [migration/0]                                                    
     13 root      20   0       0      0      0 S   0.0   0.0   0:00.00 [cpuhp/0]                                                        
     14 root      20   0       0      0      0 S   0.0   0.0   0:00.00 [cpuhp/1]                                                        
     15 root      rt   0       0      0      0 S   0.0   0.0   0:00.00 [migration/1]                                                    
     16 root      20   0       0      0      0 S   0.0   0.0   0:00.38 [ksoftirqd/1]                                                    
     19 root      20   0       0      0      0 S   0.0   0.0   0:00.00 [cpuhp/2]                                                        
     20 root      rt   0       0      0      0 S   0.0   0.0   0:00.00 [migration/2]                                                    
     21 root      20   0       0      0      0 S   0.0   0.0   0:00.46 [ksoftirqd/2]                                                    
     23 root       0 -20       0      0      0 I   0.0   0.0   0:00.16 [kworker/2:0H-kblockd]                                           
     24 root      20   0       0      0      0 S   0.0   0.0   0:00.00 [cpuhp/3]                                                        
     25 root      rt   0       0      0      0 S   0.0   0.0   0:00.00 [migration/3]                                                    
     26 root      20   0       0      0      0 S   0.0   0.0   0:00.00 [ksoftirqd/3]                                                    
     27 root      20   0       0      0      0 I   0.0   0.0   0:00.00 [kworker/3:0-mm_percpu_wq]                                       
     28 root       0 -20       0      0      0 I   0.0   0.0   0:00.00 [kworker/3:0H]                                                   
     29 root      20   0       0      0      0 S   0.0   0.0   0:00.01 [kdevtmpfs]                                                      
     30 root       0 -20       0      0      0 I   0.0   0.0   0:00.00 [inet_frag_wq]                                                   
     32 root      20   0       0      0      0 S   0.0   0.0   0:00.02 [kauditd]                                                        
     33 root      20   0       0      0      0 S   0.0   0.0   0:00.00 [oom_reaper]                                                     
     34 root       0 -20       0      0      0 I   0.0   0.0   0:00.00 [writeback]                                                      
     35 root      20   0       0      0      0 S   0.0   0.0   0:00.02 [kcompactd0]                                                     
     36 root      39  19       0      0      0 S   0.0   0.0   0:00.00 [khugepaged]                                                     
     37 root       0 -20       0      0      0 I   0.0   0.0   0:00.00 [kblockd]                                                        
     38 root       0 -20       0      0      0 I   0.0   0.0   0:00.00 [blkcg_punt_bio]                                                 
     39 root       0 -20       0      0      0 I   0.0   0.0   0:00.00 [edac-poller]                                                    
     40 root     -51   0       0      0      0 S   0.0   0.0   0:00.00 [watchdogd]                                                      
     42 root      20   0       0      0      0 I   0.0   0.0   0:00.11 [kworker/1:1-cgroup_destroy]                                     
     43 root       0 -20       0      0      0 I   0.0   0.0   0:00.00 [rpciod]                                                         top - 09:41:39 up 12 min,  2 users,  load average: 0.68, 0.69, 0.47

%Cpu(s):  3.1 us,  8.0 sy,  0.0 ni, 88.8 id,  0.0 wa,  0.0 hi,  0.1 si,  0.0 st
MiB Mem :    986.7 total,     57.9 free,    153.4 used,    775.3 buff/cache
MiB Swap:      0.0 total,      0.0 free,      0.0 used.    100.3 avail Mem 


   5068 root      20   0   88276   2972   1840 S   6.6   0.3   0:45.12 dpd-smp -u 5                                                     
   6693 root      20   0  633272   7940   4576 S   4.6   0.8   0:27.15 /usr/bin/sync_timing_ptp2stack /etc/sync_timing_ptp2_default.co+ 
   5892 root      20   0    6616   3216   2796 S   3.0   0.3   0:18.97 /usr/local/bin/oda                                               
   5860 root      20   0  244384   4616   3800 S   2.0   0.5   0:12.25 /usr/bin/sync_timing_core_driver                                 
   6606 root      20   0  609132  12848   7584 S   2.0   1.3   0:17.32 /usr/bin/netopeer2-server -U -m 0770 -v 1                        
   2033 root      20   0       0      0      0 S   1.3   0.0   0:08.15 [fpga_drvd]                                                      
   5999 root      20   0  103452  11676   8304 S   1.3   1.2   0:07.50 /usr/local/bin/rud                                               
   5969 root      20   0    9456   4380   3416 S   1.0   0.4   0:06.05 /usr/local/bin/devif                                             
    191 root      20   0   34496  16380  15588 S   0.7   1.6   0:04.16 /lib/systemd/systemd-journald                                    
   2241 root      20   0    2164   1056    852 S   0.7   0.1   0:04.03 /sbin/syslogd -n -S -s 10000 -b 20                               
   4370 root      20   0    3704   2416   1572 S   0.7   0.2   0:04.45 /usr/local/bin/dsclswell                                         
   6324 root      20   0  384060   4188   3632 S   0.7   0.4   0:04.24 /usr/local/bin/ptp_ctrl 0                                        
  17012 admin     20   0    5808   2792   2108 R   0.7   0.3   0:01.05 top                                                              
     23 root       0 -20       0      0      0 I   0.3   0.0   0:00.17 [kworker/2:0H-kblockd]                                           
   1914 message+  20   0    5796   3616   3132 S   0.3   0.4   0:06.61 /usr/bin/dbus-daemon --system --address=systemd: --nofork --nop+ 
   4550 root      20   0    2376    816    716 S   0.3   0.1   0:01.00 /usr/local/bin/gpio_ctrl                                         
   5094 root      20   0  151308   2512   2052 S   0.3   0.2   0:01.17 /usr/local/bin/rfdcd                                             
   5314 root      20   0    3444    996    856 S   0.3   0.1   0:00.05 /usr/local/bin/sfp_ctrl 2 0 0x50 0x180 0x188 FPGA 0x190 0x198 1  
   5920 root      20   0  304008  19772   4388 S   0.3   2.0   0:08.39 /usr/bin/sysrepod                                                
   6354 root      20   0  605084   4260   3512 S   0.3   0.4   0:01.17 /usr/local/bin/synce_ctrl 0                                      
      1 root      20   0   97840  10856   6716 S   0.0   1.1   0:13.41 /init                                                            
      2 root      20   0       0      0      0 S   0.0   0.0   0:00.01 [kthreadd]                                                       
      3 root       0 -20       0      0      0 I   0.0   0.0   0:00.00 [rcu_gp]                                                         
      4 root       0 -20       0      0      0 I   0.0   0.0   0:00.00 [rcu_par_gp]                                                     
      5 root       0 -20       0      0      0 I   0.0   0.0   0:00.00 [netns]                                                          
      7 root       0 -20       0      0      0 I   0.0   0.0   0:00.29 [kworker/0:0H-mmc_complete]                                      
      8 root      20   0       0      0      0 I   0.0   0.0   0:05.19 [kworker/u8:0-ext4-rsv-conversion]                               
      9 root       0 -20       0      0      0 I   0.0   0.0   0:00.00 [mm_percpu_wq]                                                   
     10 root      20   0       0      0      0 S   0.0   0.0   0:03.11 [ksoftirqd/0]                                                    
     11 root      20   0       0      0      0 I   0.0   0.0   0:00.89 [rcu_sched]                                                      
     12 root      rt   0       0      0      0 S   0.0   0.0   0:00.00 [migration/0]                                                    
     13 root      20   0       0      0      0 S   0.0   0.0   0:00.00 [cpuhp/0]                                                        
     14 root      20   0       0      0      0 S   0.0   0.0   0:00.00 [cpuhp/1]                                                        
     15 root      rt   0       0      0      0 S   0.0   0.0   0:00.00 [migration/1]                                                    
     16 root      20   0       0      0      0 S   0.0   0.0   0:00.38 [ksoftirqd/1]                                                    
     19 root      20   0       0      0      0 S   0.0   0.0   0:00.00 [cpuhp/2]                                                        
     20 root      rt   0       0      0      0 S   0.0   0.0   0:00.00 [migration/2]                                                    
     21 root      20   0       0      0      0 S   0.0   0.0   0:00.46 [ksoftirqd/2]                                                    
     24 root      20   0       0      0      0 S   0.0   0.0   0:00.00 [cpuhp/3]                                                        
     25 root      rt   0       0      0      0 S   0.0   0.0   0:00.00 [migration/3]                                                    
     26 root      20   0       0      0      0 S   0.0   0.0   0:00.00 [ksoftirqd/3]                                                    
     27 root      20   0       0      0      0 I   0.0   0.0   0:00.00 [kworker/3:0-mm_percpu_wq]                                       
     28 root       0 -20       0      0      0 I   0.0   0.0   0:00.00 [kworker/3:0H]                                                   
     29 root      20   0       0      0      0 S   0.0   0.0   0:00.01 [kdevtmpfs]                                                      
     30 root       0 -20       0      0      0 I   0.0   0.0   0:00.00 [inet_frag_wq]                                                   
     32 root      20   0       0      0      0 S   0.0   0.0   0:00.02 [kauditd]                                                        
     33 root      20   0       0      0      0 S   0.0   0.0   0:00.00 [oom_reaper]                                                     
     34 root       0 -20       0      0      0 I   0.0   0.0   0:00.00 [writeback]                                                      
     35 root      20   0       0      0      0 S   0.0   0.0   0:00.02 [kcompactd0]                                                     
     36 root      39  19       0      0      0 S   0.0   0.0   0:00.00 [khugepaged]                                                     
     37 root       0 -20       0      0      0 I   0.0   0.0   0:00.00 [kblockd]                                                        
     38 root       0 -20       0      0      0 I   0.0   0.0   0:00.00 [blkcg_punt_bio]                                                 
     39 root       0 -20       0      0      0 I   0.0   0.0   0:00.00 [edac-poller]                                                    
     40 root     -51   0       0      0      0 S   0.0   0.0   0:00.00 [watchdogd]                                                      top - 09:41:42 up 12 min,  2 users,  load average: 0.63, 0.68, 0.46

%Cpu(s):  3.3 us,  7.4 sy,  0.0 ni, 89.2 id,  0.1 wa,  0.0 hi,  0.0 si,  0.0 st
MiB Mem :    986.7 total,     57.7 free,    153.6 used,    775.4 buff/cache
MiB Swap:      0.0 total,      0.0 free,      0.0 used.    100.2 avail Mem 


   5068 root      20   0   88276   2972   1840 S   6.6   0.3   0:45.32 dpd-smp -u 5                                                     
   6693 root      20   0  633272   7940   4576 S   4.3   0.8   0:27.28 /usr/bin/sync_timing_ptp2stack /etc/sync_timing_ptp2_default.co+ 
   5892 root      20   0    6616   3216   2796 S   3.0   0.3   0:19.06 /usr/local/bin/oda                                               
   6606 root      20   0  609132  12848   7584 S   2.3   1.3   0:17.39 /usr/bin/netopeer2-server -U -m 0770 -v 1                        
   5860 root      20   0  244384   4616   3800 S   2.0   0.5   0:12.31 /usr/bin/sync_timing_core_driver                                 
   2033 root      20   0       0      0      0 S   1.3   0.0   0:08.19 [fpga_drvd]                                                      
   5969 root      20   0    9456   4380   3416 S   1.3   0.4   0:06.09 /usr/local/bin/devif                                             
   5999 root      20   0  103452  11676   8304 S   1.0   1.2   0:07.53 /usr/local/bin/rud                                               
  17012 admin     20   0    5808   2792   2108 R   1.0   0.3   0:01.08 top                                                              
   2241 root      20   0    2164   1056    852 S   0.7   0.1   0:04.05 /sbin/syslogd -n -S -s 10000 -b 20                               
   4370 root      20   0    3704   2416   1572 S   0.7   0.2   0:04.47 /usr/local/bin/dsclswell                                         
   6324 root      20   0  384060   4188   3632 S   0.7   0.4   0:04.26 /usr/local/bin/ptp_ctrl 0                                        
      1 root      20   0   97840  10856   6716 S   0.3   1.1   0:13.42 /init                                                            
     11 root      20   0       0      0      0 I   0.3   0.0   0:00.90 [rcu_sched]                                                      
    202 root      20   0       0      0      0 I   0.3   0.0   0:00.54 [kworker/2:3-events_long]                                        
   1914 message+  20   0    5796   3616   3132 S   0.3   0.4   0:06.62 /usr/bin/dbus-daemon --system --address=systemd: --nofork --nop+ 
   4318 root      20   0  201072  15040   1580 S   0.3   1.5   0:00.86 /usr/local/bin/dscllogd                                          
   5119 root      20   0  558256   5180   2348 S   0.3   0.5   0:00.78 /usr/local/bin/dfed                                              
   6560 root      20   0    3712   1616   1472 S   0.3   0.2   0:00.38 /usr/local/bin/if_mdio_ctrl 0 eth0                               
      2 root      20   0       0      0      0 S   0.0   0.0   0:00.01 [kthreadd]                                                       
      3 root       0 -20       0      0      0 I   0.0   0.0   0:00.00 [rcu_gp]                                                         
      4 root       0 -20       0      0      0 I   0.0   0.0   0:00.00 [rcu_par_gp]                                                     
      5 root       0 -20       0      0      0 I   0.0   0.0   0:00.00 [netns]                                                          
      7 root       0 -20       0      0      0 I   0.0   0.0   0:00.29 [kworker/0:0H-mmc_complete]                                      
      8 root      20   0       0      0      0 I   0.0   0.0   0:05.19 [kworker/u8:0-ext4-rsv-conversion]                               
      9 root       0 -20       0      0      0 I   0.0   0.0   0:00.00 [mm_percpu_wq]                                                   
     10 root      20   0       0      0      0 S   0.0   0.0   0:03.11 [ksoftirqd/0]                                                    
     12 root      rt   0       0      0      0 S   0.0   0.0   0:00.00 [migration/0]                                                    
     13 root      20   0       0      0      0 S   0.0   0.0   0:00.00 [cpuhp/0]                                                        
     14 root      20   0       0      0      0 S   0.0   0.0   0:00.00 [cpuhp/1]                                                        
     15 root      rt   0       0      0      0 S   0.0   0.0   0:00.00 [migration/1]                                                    
     16 root      20   0       0      0      0 S   0.0   0.0   0:00.38 [ksoftirqd/1]                                                    
     19 root      20   0       0      0      0 S   0.0   0.0   0:00.00 [cpuhp/2]                                                        
     20 root      rt   0       0      0      0 S   0.0   0.0   0:00.00 [migration/2]                                                    
     21 root      20   0       0      0      0 S   0.0   0.0   0:00.46 [ksoftirqd/2]                                                    
     23 root       0 -20       0      0      0 I   0.0   0.0   0:00.17 [kworker/2:0H-kblockd]                                           
     24 root      20   0       0      0      0 S   0.0   0.0   0:00.00 [cpuhp/3]                                                        
     25 root      rt   0       0      0      0 S   0.0   0.0   0:00.00 [migration/3]                                                    
     26 root      20   0       0      0      0 S   0.0   0.0   0:00.00 [ksoftirqd/3]                                                    
     27 root      20   0       0      0      0 I   0.0   0.0   0:00.00 [kworker/3:0-mm_percpu_wq]                                       
     28 root       0 -20       0      0      0 I   0.0   0.0   0:00.00 [kworker/3:0H]                                                   
     29 root      20   0       0      0      0 S   0.0   0.0   0:00.01 [kdevtmpfs]                                                      
     30 root       0 -20       0      0      0 I   0.0   0.0   0:00.00 [inet_frag_wq]                                                   
     32 root      20   0       0      0      0 S   0.0   0.0   0:00.02 [kauditd]                                                        
     33 root      20   0       0      0      0 S   0.0   0.0   0:00.00 [oom_reaper]                                                     
     34 root       0 -20       0      0      0 I   0.0   0.0   0:00.00 [writeback]                                                      
     35 root      20   0       0      0      0 S   0.0   0.0   0:00.02 [kcompactd0]                                                     
     36 root      39  19       0      0      0 S   0.0   0.0   0:00.00 [khugepaged]                                                     
     37 root       0 -20       0      0      0 I   0.0   0.0   0:00.00 [kblockd]                                                        
     38 root       0 -20       0      0      0 I   0.0   0.0   0:00.00 [blkcg_punt_bio]                                                 
     39 root       0 -20       0      0      0 I   0.0   0.0   0:00.00 [edac-poller]                                                    
     40 root     -51   0       0      0      0 S   0.0   0.0   0:00.00 [watchdogd]                                                      
     42 root      20   0       0      0      0 I   0.0   0.0   0:00.11 [kworker/1:1-cgroup_destroy]                                     
     43 root       0 -20       0      0      0 I   0.0   0.0   0:00.00 [rpciod]                                                         top - 09:41:45 up 12 min,  2 users,  load average: 0.63, 0.68, 0.46
Tasks: 166 total,   1 running, 164 sleeping,   0 stopped,   1 zombie
%Cpu(s):  3.5 us,  7.4 sy,  0.0 ni, 89.0 id,  0.0 wa,  0.0 hi,  0.1 si,  0.0 st
MiB Mem :    986.7 total,     58.4 free,    152.7 used,    775.5 buff/cache
MiB Swap:      0.0 total,      0.0 free,      0.0 used.    101.0 avail Mem 


   5068 root      20   0   88276   2972   1840 S   6.6   0.3   0:45.52 dpd-smp -u 5                                                     
   6693 root      20   0  633272   7940   4576 S   4.6   0.8   0:27.42 /usr/bin/sync_timing_ptp2stack /etc/sync_timing_ptp2_default.co+ 
   5892 root      20   0    6616   3216   2796 S   2.6   0.3   0:19.14 /usr/local/bin/oda                                               
   6606 root      20   0  609132  12848   7584 S   2.3   1.3   0:17.46 /usr/bin/netopeer2-server -U -m 0770 -v 1                        
   5860 root      20   0  244384   4616   3800 S   2.0   0.5   0:12.37 /usr/bin/sync_timing_core_driver                                 
   2033 root      20   0       0      0      0 S   1.3   0.0   0:08.23 [fpga_drvd]                                                      
    191 root      20   0   34496  16380  15588 S   0.7   1.6   0:04.18 /lib/systemd/systemd-journald                                    
   4370 root      20   0    3704   2416   1572 S   0.7   0.2   0:04.49 /usr/local/bin/dsclswell                                         
   5999 root      20   0  103452  11676   8304 S   0.7   1.2   0:07.55 /usr/local/bin/rud                                               
   6324 root      20   0  384060   4188   3632 S   0.7   0.4   0:04.28 /usr/local/bin/ptp_ctrl 0                                        
   1914 message+  20   0    5796   3616   3132 S   0.3   0.4   0:06.63 /usr/bin/dbus-daemon --system --address=systemd: --nofork --nop+ 
   2241 root      20   0    2164   1056    852 S   0.3   0.1   0:04.06 /sbin/syslogd -n -S -s 10000 -b 20                               
   4318 root      20   0  201072  15040   1580 S   0.3   1.5   0:00.87 /usr/local/bin/dscllogd                                          
   4550 root      20   0    2376    816    716 S   0.3   0.1   0:01.01 /usr/local/bin/gpio_ctrl                                         
   5094 root      20   0  151308   2512   2052 S   0.3   0.2   0:01.18 /usr/local/bin/rfdcd                                             
   5969 root      20   0    9456   4380   3416 S   0.3   0.4   0:06.10 /usr/local/bin/devif                                             
   6244 root      20   0    4020   2904   2548 S   0.3   0.3   0:00.58 /bin/sh /usr/local/script/watchdog_clear.sh                      
   6295 root      20   0   13596   8860   5804 S   0.3   0.9   0:00.64 /usr/local/bin/ncld                                              
   6950 root      20   0   76244    832    720 S   0.3   0.1   0:00.22 /usr/local/bin/netstat_ctrl 0                                    
  17012 admin     20   0    5808   2792   2108 R   0.3   0.3   0:01.09 top                                                              
      1 root      20   0   97840  10856   6716 S   0.0   1.1   0:13.42 /init                                                            
      2 root      20   0       0      0      0 S   0.0   0.0   0:00.01 [kthreadd]                                                       
      3 root       0 -20       0      0      0 I   0.0   0.0   0:00.00 [rcu_gp]                                                         
      4 root       0 -20       0      0      0 I   0.0   0.0   0:00.00 [rcu_par_gp]                                                     
      5 root       0 -20       0      0      0 I   0.0   0.0   0:00.00 [netns]                                                          
      7 root       0 -20       0      0      0 I   0.0   0.0   0:00.29 [kworker/0:0H-mmc_complete]                                      
      8 root      20   0       0      0      0 I   0.0   0.0   0:05.19 [kworker/u8:0-ext4-rsv-conversion]                               
      9 root       0 -20       0      0      0 I   0.0   0.0   0:00.00 [mm_percpu_wq]                                                   
     10 root      20   0       0      0      0 S   0.0   0.0   0:03.11 [ksoftirqd/0]                                                    
     11 root      20   0       0      0      0 I   0.0   0.0   0:00.90 [rcu_sched]                                                      
     12 root      rt   0       0      0      0 S   0.0   0.0   0:00.00 [migration/0]                                                    
     13 root      20   0       0      0      0 S   0.0   0.0   0:00.00 [cpuhp/0]                                                        
     14 root      20   0       0      0      0 S   0.0   0.0   0:00.00 [cpuhp/1]                                                        
     15 root      rt   0       0      0      0 S   0.0   0.0   0:00.00 [migration/1]                                                    
     16 root      20   0       0      0      0 S   0.0   0.0   0:00.38 [ksoftirqd/1]                                                    
     19 root      20   0       0      0      0 S   0.0   0.0   0:00.00 [cpuhp/2]                                                        
     20 root      rt   0       0      0      0 S   0.0   0.0   0:00.00 [migration/2]                                                    
     21 root      20   0       0      0      0 S   0.0   0.0   0:00.46 [ksoftirqd/2]                                                    
     23 root       0 -20       0      0      0 I   0.0   0.0   0:00.17 [kworker/2:0H-kblockd]                                           
     24 root      20   0       0      0      0 S   0.0   0.0   0:00.00 [cpuhp/3]                                                        
     25 root      rt   0       0      0      0 S   0.0   0.0   0:00.00 [migration/3]                                                    
     26 root      20   0       0      0      0 S   0.0   0.0   0:00.00 [ksoftirqd/3]                                                    
     27 root      20   0       0      0      0 I   0.0   0.0   0:00.00 [kworker/3:0-mm_percpu_wq]                                       
     28 root       0 -20       0      0      0 I   0.0   0.0   0:00.00 [kworker/3:0H]                                                   
     29 root      20   0       0      0      0 S   0.0   0.0   0:00.01 [kdevtmpfs]                                                      
     30 root       0 -20       0      0      0 I   0.0   0.0   0:00.00 [inet_frag_wq]                                                   
     32 root      20   0       0      0      0 S   0.0   0.0   0:00.02 [kauditd]                                                        
     33 root      20   0       0      0      0 S   0.0   0.0   0:00.00 [oom_reaper]                                                     
     34 root       0 -20       0      0      0 I   0.0   0.0   0:00.00 [writeback]                                                      
     35 root      20   0       0      0      0 S   0.0   0.0   0:00.02 [kcompactd0]                                                     
     36 root      39  19       0      0      0 S   0.0   0.0   0:00.00 [khugepaged]                                                     
     37 root       0 -20       0      0      0 I   0.0   0.0   0:00.00 [kblockd]                                                        
     38 root       0 -20       0      0      0 I   0.0   0.0   0:00.00 [blkcg_punt_bio]                                                 
     39 root       0 -20       0      0      0 I   0.0   0.0   0:00.00 [edac-poller]                                                    top - 09:41:48 up 12 min,  2 users,  load average: 0.58, 0.66, 0.46
Tasks: 165 total,   1 running, 164 sleeping,   0 stopped,   0 zombie
%Cpu(s):  2.9 us,  7.4 sy,  0.0 ni, 89.6 id,  0.0 wa,  0.0 hi,  0.1 si,  0.0 st
MiB Mem :    986.7 total,     59.1 free,    151.9 used,    775.7 buff/cache
MiB Swap:      0.0 total,      0.0 free,      0.0 used.    101.8 avail Mem 


   5068 root      20   0   88276   2972   1840 S   6.6   0.3   0:45.72 dpd-smp -u 5                                                     
   6693 root      20   0  633272   7940   4576 S   4.0   0.8   0:27.54 /usr/bin/sync_timing_ptp2stack /etc/sync_timing_ptp2_default.co+ 
   5892 root      20   0    6616   3216   2796 S   3.3   0.3   0:19.24 /usr/local/bin/oda                                               
   5860 root      20   0  244384   4616   3800 S   2.3   0.5   0:12.44 /usr/bin/sync_timing_core_driver                                 
   6606 root      20   0  609132  12848   7584 S   2.0   1.3   0:17.52 /usr/bin/netopeer2-server -U -m 0770 -v 1                        
   5999 root      20   0  103452  11676   8304 S   1.7   1.2   0:07.60 /usr/local/bin/rud                                               
   5969 root      20   0    9456   4380   3416 S   1.3   0.4   0:06.14 /usr/local/bin/devif                                             
   2033 root      20   0       0      0      0 S   1.0   0.0   0:08.26 [fpga_drvd]                                                      
   2241 root      20   0    2164   1056    852 S   1.0   0.1   0:04.09 /sbin/syslogd -n -S -s 10000 -b 20                               
  17012 admin     20   0    5808   2792   2108 R   1.0   0.3   0:01.12 top                                                              
   1914 message+  20   0    5796   3616   3132 S   0.7   0.4   0:06.65 /usr/bin/dbus-daemon --system --address=systemd: --nofork --nop+ 
   4370 root      20   0    3704   2416   1572 S   0.7   0.2   0:04.51 /usr/local/bin/dsclswell                                         
      1 root      20   0   97840  10856   6716 S   0.3   1.1   0:13.43 /init                                                            
     16 root      20   0       0      0      0 S   0.3   0.0   0:00.39 [ksoftirqd/1]                                                    
     21 root      20   0       0      0      0 S   0.3   0.0   0:00.47 [ksoftirqd/2]                                                    
    191 root      20   0   34496  16380  15588 S   0.3   1.6   0:04.19 /lib/systemd/systemd-journald                                    
   5072 root      20   0    3888   2868   2560 S   0.3   0.3   0:00.78 /bin/sh /usr/local/script/run_rfsoc_hard_ip_b.sh                 
   6324 root      20   0  384060   4188   3632 S   0.3   0.4   0:04.29 /usr/local/bin/ptp_ctrl 0                                        
   6354 root      20   0  605084   4260   3512 S   0.3   0.4   0:01.18 /usr/local/bin/synce_ctrl 0                                      
      2 root      20   0       0      0      0 S   0.0   0.0   0:00.01 [kthreadd]                                                       
      3 root       0 -20       0      0      0 I   0.0   0.0   0:00.00 [rcu_gp]                                                         
      4 root       0 -20       0      0      0 I   0.0   0.0   0:00.00 [rcu_par_gp]                                                     
      5 root       0 -20       0      0      0 I   0.0   0.0   0:00.00 [netns]                                                          
      7 root       0 -20       0      0      0 I   0.0   0.0   0:00.29 [kworker/0:0H-mmc_complete]                                      
      8 root      20   0       0      0      0 I   0.0   0.0   0:05.19 [kworker/u8:0-ext4-rsv-conversion]                               
      9 root       0 -20       0      0      0 I   0.0   0.0   0:00.00 [mm_percpu_wq]                                                   
     10 root      20   0       0      0      0 S   0.0   0.0   0:03.11 [ksoftirqd/0]                                                    
     11 root      20   0       0      0      0 I   0.0   0.0   0:00.90 [rcu_sched]                                                      
     12 root      rt   0       0      0      0 S   0.0   0.0   0:00.00 [migration/0]                                                    
     13 root      20   0       0      0      0 S   0.0   0.0   0:00.00 [cpuhp/0]                                                        
     14 root      20   0       0      0      0 S   0.0   0.0   0:00.00 [cpuhp/1]                                                        
     15 root      rt   0       0      0      0 S   0.0   0.0   0:00.00 [migration/1]                                                    
     19 root      20   0       0      0      0 S   0.0   0.0   0:00.00 [cpuhp/2]                                                        
     20 root      rt   0       0      0      0 S   0.0   0.0   0:00.00 [migration/2]                                                    
     23 root       0 -20       0      0      0 I   0.0   0.0   0:00.17 [kworker/2:0H-kblockd]                                           
     24 root      20   0       0      0      0 S   0.0   0.0   0:00.00 [cpuhp/3]                                                        
     25 root      rt   0       0      0      0 S   0.0   0.0   0:00.00 [migration/3]                                                    
     26 root      20   0       0      0      0 S   0.0   0.0   0:00.00 [ksoftirqd/3]                                                    
     27 root      20   0       0      0      0 I   0.0   0.0   0:00.00 [kworker/3:0-mm_percpu_wq]                                       
     28 root       0 -20       0      0      0 I   0.0   0.0   0:00.00 [kworker/3:0H]                                                   
     29 root      20   0       0      0      0 S   0.0   0.0   0:00.01 [kdevtmpfs]                                                      
     30 root       0 -20       0      0      0 I   0.0   0.0   0:00.00 [inet_frag_wq]                                                   
     32 root      20   0       0      0      0 S   0.0   0.0   0:00.02 [kauditd]                                                        
     33 root      20   0       0      0      0 S   0.0   0.0   0:00.00 [oom_reaper]                                                     
     34 root       0 -20       0      0      0 I   0.0   0.0   0:00.00 [writeback]                                                      
     35 root      20   0       0      0      0 S   0.0   0.0   0:00.02 [kcompactd0]                                                     
     36 root      39  19       0      0      0 S   0.0   0.0   0:00.00 [khugepaged]                                                     
     37 root       0 -20       0      0      0 I   0.0   0.0   0:00.00 [kblockd]                                                        
     38 root       0 -20       0      0      0 I   0.0   0.0   0:00.00 [blkcg_punt_bio]                                                 
     39 root       0 -20       0      0      0 I   0.0   0.0   0:00.00 [edac-poller]                                                    
     40 root     -51   0       0      0      0 S   0.0   0.0   0:00.00 [watchdogd]                                                      
     42 root      20   0       0      0      0 I   0.0   0.0   0:00.11 [kworker/1:1-cgroup_destroy]                                     
     43 root       0 -20       0      0      0 I   0.0   0.0   0:00.00 [rpciod]                                                         
     45 root       0 -20       0      0      0 I   0.0   0.0   0:00.00 [xprtiod]                                                        top - 09:41:51 up 12 min,  2 users,  load average: 0.53, 0.65, 0.46
Tasks: 166 total,   3 running, 163 sleeping,   0 stopped,   0 zombie
%Cpu(s):  4.4 us,  7.5 sy,  0.0 ni, 88.0 id,  0.0 wa,  0.0 hi,  0.1 si,  0.0 st
MiB Mem :    986.7 total,     58.7 free,    152.3 used,    775.7 buff/cache
MiB Swap:      0.0 total,      0.0 free,      0.0 used.    101.4 avail Mem 


   5068 root      20   0   88276   2972   1840 R   6.6   0.3   0:45.92 dpd-smp -u 5                                                     
   6693 root      20   0  633272   7940   4576 S   4.6   0.8   0:27.68 /usr/bin/sync_timing_ptp2stack /etc/sync_timing_ptp2_default.co+ 
   5892 root      20   0    6616   3216   2796 R   3.0   0.3   0:19.33 /usr/local/bin/oda                                               
   5860 root      20   0  244384   4616   3800 S   2.0   0.5   0:12.50 /usr/bin/sync_timing_core_driver                                 
   6606 root      20   0  609132  12848   7584 S   2.0   1.3   0:17.58 /usr/bin/netopeer2-server -U -m 0770 -v 1                        
   2033 root      20   0       0      0      0 S   1.3   0.0   0:08.30 [fpga_drvd]                                                      
   5999 root      20   0  103452  11676   8304 S   1.3   1.2   0:07.64 /usr/local/bin/rud                                               
    191 root      20   0   34496  16380  15588 S   1.0   1.6   0:04.22 /lib/systemd/systemd-journald                                    
   5969 root      20   0    9456   4380   3416 S   1.0   0.4   0:06.17 /usr/local/bin/devif                                             
   2241 root      20   0    2164   1056    852 S   0.7   0.1   0:04.11 /sbin/syslogd -n -S -s 10000 -b 20                               
   4370 root      20   0    3704   2416   1572 S   0.7   0.2   0:04.53 /usr/local/bin/dsclswell                                         
   4441 systemd+  20   0   11136   6008   5360 S   0.7   0.6   0:00.44 /lib/systemd/systemd-networkd                                    
   6324 root      20   0  384060   4188   3632 S   0.7   0.4   0:04.31 /usr/local/bin/ptp_ctrl 0                                        
  17012 admin     20   0    5808   2792   2108 R   0.7   0.3   0:01.14 top                                                              
     10 root      20   0       0      0      0 S   0.3   0.0   0:03.12 [ksoftirqd/0]                                                    
     11 root      20   0       0      0      0 I   0.3   0.0   0:00.91 [rcu_sched]                                                      
   4344 root      20   0    2364    796    708 S   0.3   0.1   0:00.15 /usr/local/bin/dsclrotate                                        
   4550 root      20   0    2376    816    716 S   0.3   0.1   0:01.02 /usr/local/bin/gpio_ctrl                                         
   4847 root      20   0   10800    972    852 S   0.3   0.1   0:00.13 /usr/local/bin/led_ctrl 0 EMIO 41 42 43 0                        
   5072 root      20   0    3888   2868   2560 S   0.3   0.3   0:00.79 /bin/sh /usr/local/script/run_rfsoc_hard_ip_b.sh                 
   6354 root      20   0  605084   4260   3512 S   0.3   0.4   0:01.19 /usr/local/bin/synce_ctrl 0                                      
  10918 root      20   0       0      0      0 I   0.3   0.0   0:00.12 [kworker/u8:1-edac-poller]                                       
      1 root      20   0   97840  10856   6716 S   0.0   1.1   0:13.43 /init                                                            
      2 root      20   0       0      0      0 S   0.0   0.0   0:00.01 [kthreadd]                                                       
      3 root       0 -20       0      0      0 I   0.0   0.0   0:00.00 [rcu_gp]                                                         
      4 root       0 -20       0      0      0 I   0.0   0.0   0:00.00 [rcu_par_gp]                                                     
      5 root       0 -20       0      0      0 I   0.0   0.0   0:00.00 [netns]                                                          
      7 root       0 -20       0      0      0 I   0.0   0.0   0:00.29 [kworker/0:0H-mmc_complete]                                      
      8 root      20   0       0      0      0 I   0.0   0.0   0:05.19 [kworker/u8:0-ext4-rsv-conversion]                               
      9 root       0 -20       0      0      0 I   0.0   0.0   0:00.00 [mm_percpu_wq]                                                   
     12 root      rt   0       0      0      0 S   0.0   0.0   0:00.00 [migration/0]                                                    
     13 root      20   0       0      0      0 S   0.0   0.0   0:00.00 [cpuhp/0]                                                        
     14 root      20   0       0      0      0 S   0.0   0.0   0:00.00 [cpuhp/1]                                                        
     15 root      rt   0       0      0      0 S   0.0   0.0   0:00.00 [migration/1]                                                    
     16 root      20   0       0      0      0 S   0.0   0.0   0:00.39 [ksoftirqd/1]                                                    
     19 root      20   0       0      0      0 S   0.0   0.0   0:00.00 [cpuhp/2]                                                        
     20 root      rt   0       0      0      0 S   0.0   0.0   0:00.00 [migration/2]                                                    
     21 root      20   0       0      0      0 S   0.0   0.0   0:00.47 [ksoftirqd/2]                                                    
     23 root       0 -20       0      0      0 I   0.0   0.0   0:00.17 [kworker/2:0H-kblockd]                                           
     24 root      20   0       0      0      0 S   0.0   0.0   0:00.00 [cpuhp/3]                                                        
     25 root      rt   0       0      0      0 S   0.0   0.0   0:00.00 [migration/3]                                                    
     26 root      20   0       0      0      0 S   0.0   0.0   0:00.00 [ksoftirqd/3]                                                    
     27 root      20   0       0      0      0 I   0.0   0.0   0:00.00 [kworker/3:0-mm_percpu_wq]                                       
     28 root       0 -20       0      0      0 I   0.0   0.0   0:00.00 [kworker/3:0H]                                                   
     29 root      20   0       0      0      0 S   0.0   0.0   0:00.01 [kdevtmpfs]                                                      
     30 root       0 -20       0      0      0 I   0.0   0.0   0:00.00 [inet_frag_wq]                                                   
     32 root      20   0       0      0      0 S   0.0   0.0   0:00.02 [kauditd]                                                        
     33 root      20   0       0      0      0 S   0.0   0.0   0:00.00 [oom_reaper]                                                     
     34 root       0 -20       0      0      0 I   0.0   0.0   0:00.00 [writeback]                                                      
     35 root      20   0       0      0      0 S   0.0   0.0   0:00.02 [kcompactd0]                                                     
     36 root      39  19       0      0      0 S   0.0   0.0   0:00.00 [khugepaged]                                                     
     37 root       0 -20       0      0      0 I   0.0   0.0   0:00.00 [kblockd]                                                        
     38 root       0 -20       0      0      0 I   0.0   0.0   0:00.00 [blkcg_punt_bio]                                                 
     39 root       0 -20       0      0      0 I   0.0   0.0   0:00.00 [edac-poller]                                                    top - 09:41:54 up 12 min,  2 users,  load average: 0.53, 0.65, 0.46
Tasks: 166 total,   1 running, 165 sleeping,   0 stopped,   0 zombie
%Cpu(s):  2.6 us,  8.5 sy,  0.0 ni, 88.8 id,  0.0 wa,  0.0 hi,  0.1 si,  0.0 st
MiB Mem :    986.7 total,     58.5 free,    152.3 used,    775.9 buff/cache



   5068 root      20   0   88276   2972   1840 S   6.3   0.3   0:46.11 dpd-smp -u 5                                                     
   6693 root      20   0  633272   7940   4576 S   4.3   0.8   0:27.81 /usr/bin/sync_timing_ptp2stack /etc/sync_timing_ptp2_default.co+ 
   5892 root      20   0    6616   3216   2796 S   3.3   0.3   0:19.43 /usr/local/bin/oda                                               
   6606 root      20   0  609132  12848   7584 S   2.3   1.3   0:17.65 /usr/bin/netopeer2-server -U -m 0770 -v 1                        
   5860 root      20   0  244384   4616   3800 S   2.0   0.5   0:12.56 /usr/bin/sync_timing_core_driver                                 
   2033 root      20   0       0      0      0 S   1.3   0.0   0:08.34 [fpga_drvd]                                                      
   5969 root      20   0    9456   4380   3416 S   1.0   0.4   0:06.20 /usr/local/bin/devif                                             
   5999 root      20   0  103452  11676   8304 S   1.0   1.2   0:07.67 /usr/local/bin/rud                                               
   6324 root      20   0  384060   4188   3632 S   1.0   0.4   0:04.34 /usr/local/bin/ptp_ctrl 0                                        
   2241 root      20   0    2164   1056    852 S   0.7   0.1   0:04.13 /sbin/syslogd -n -S -s 10000 -b 20                               
   4370 root      20   0    3704   2416   1572 S   0.7   0.2   0:04.55 /usr/local/bin/dsclswell                                         
  17012 admin     20   0    5808   2792   2108 R   0.7   0.3   0:01.16 top                                                              
     53 root      20   0       0      0      0 I   0.3   0.0   0:00.40 [kworker/u8:2-edac-poller]                                       
    202 root      20   0       0      0      0 I   0.3   0.0   0:00.55 [kworker/2:3-events_long]                                        
   1905 systemd+  20   0   83588   2572   2152 S   0.3   0.3   0:00.39 /lib/systemd/systemd-timesyncd                                   
   1914 message+  20   0    5796   3616   3132 S   0.3   0.4   0:06.66 /usr/bin/dbus-daemon --system --address=systemd: --nofork --nop+ 
   5094 root      20   0  151308   2512   2052 S   0.3   0.2   0:01.19 /usr/local/bin/rfdcd                                             
   6025 root      20   0    9212   3224   2828 S   0.3   0.3   0:00.25 /usr/local/bin/watchdogd                                         
      1 root      20   0   97840  10856   6716 S   0.0   1.1   0:13.43 /init                                                            
      2 root      20   0       0      0      0 S   0.0   0.0   0:00.01 [kthreadd]                                                       
      3 root       0 -20       0      0      0 I   0.0   0.0   0:00.00 [rcu_gp]                                                         
      4 root       0 -20       0      0      0 I   0.0   0.0   0:00.00 [rcu_par_gp]                                                     
      5 root       0 -20       0      0      0 I   0.0   0.0   0:00.00 [netns]                                                          
      7 root       0 -20       0      0      0 I   0.0   0.0   0:00.29 [kworker/0:0H-mmc_complete]                                      
      8 root      20   0       0      0      0 I   0.0   0.0   0:05.19 [kworker/u8:0-ext4-rsv-conversion]                               
      9 root       0 -20       0      0      0 I   0.0   0.0   0:00.00 [mm_percpu_wq]                                                   
     10 root      20   0       0      0      0 S   0.0   0.0   0:03.12 [ksoftirqd/0]                                                    
     11 root      20   0       0      0      0 I   0.0   0.0   0:00.91 [rcu_sched]                                                      
     12 root      rt   0       0      0      0 S   0.0   0.0   0:00.00 [migration/0]                                                    
     13 root      20   0       0      0      0 S   0.0   0.0   0:00.00 [cpuhp/0]                                                        
     14 root      20   0       0      0      0 S   0.0   0.0   0:00.00 [cpuhp/1]                                                        
     15 root      rt   0       0      0      0 S   0.0   0.0   0:00.00 [migration/1]                                                    
     16 root      20   0       0      0      0 S   0.0   0.0   0:00.39 [ksoftirqd/1]                                                    
     19 root      20   0       0      0      0 S   0.0   0.0   0:00.00 [cpuhp/2]                                                        
     20 root      rt   0       0      0      0 S   0.0   0.0   0:00.00 [migration/2]                                                    
     21 root      20   0       0      0      0 S   0.0   0.0   0:00.47 [ksoftirqd/2]                                                    
     23 root       0 -20       0      0      0 I   0.0   0.0   0:00.17 [kworker/2:0H-kblockd]                                           
     24 root      20   0       0      0      0 S   0.0   0.0   0:00.00 [cpuhp/3]                                                        
     25 root      rt   0       0      0      0 S   0.0   0.0   0:00.00 [migration/3]                                                    
     26 root      20   0       0      0      0 S   0.0   0.0   0:00.00 [ksoftirqd/3]                                                    
     27 root      20   0       0      0      0 I   0.0   0.0   0:00.00 [kworker/3:0-mm_percpu_wq]                                       
     28 root       0 -20       0      0      0 I   0.0   0.0   0:00.00 [kworker/3:0H]                                                   
     29 root      20   0       0      0      0 S   0.0   0.0   0:00.01 [kdevtmpfs]                                                      
     30 root       0 -20       0      0      0 I   0.0   0.0   0:00.00 [inet_frag_wq]                                                   
     32 root      20   0       0      0      0 S   0.0   0.0   0:00.02 [kauditd]                                                        
     33 root      20   0       0      0      0 S   0.0   0.0   0:00.00 [oom_reaper]                                                     
     34 root       0 -20       0      0      0 I   0.0   0.0   0:00.00 [writeback]                                                      
     35 root      20   0       0      0      0 S   0.0   0.0   0:00.02 [kcompactd0]                                                     
     36 root      39  19       0      0      0 S   0.0   0.0   0:00.00 [khugepaged]                                                     
     37 root       0 -20       0      0      0 I   0.0   0.0   0:00.00 [kblockd]                                                        
     38 root       0 -20       0      0      0 I   0.0   0.0   0:00.00 [blkcg_punt_bio]                                                 
     39 root       0 -20       0      0      0 I   0.0   0.0   0:00.00 [edac-poller]                                                    
     40 root     -51   0       0      0      0 S   0.0   0.0   0:00.00 [watchdogd]                                                      
     42 root      20   0       0      0      0 I   0.0   0.0   0:00.11 [kworker/1:1-cgroup_destroy]                                     top - 09:41:57 up 12 min,  2 users,  load average: 0.49, 0.64, 0.45

%Cpu(s):  2.8 us,  8.2 sy,  0.0 ni, 88.9 id,  0.0 wa,  0.0 hi,  0.2 si,  0.0 st
MiB Mem :    986.7 total,     58.5 free,    152.2 used,    776.0 buff/cache
MiB Swap:      0.0 total,      0.0 free,      0.0 used.    101.5 avail Mem 


   5068 root      20   0   88276   2972   1840 S   7.0   0.3   0:46.32 dpd-smp -u 5                                                     
   6693 root      20   0  633272   7940   4576 S   4.3   0.8   0:27.94 /usr/bin/sync_timing_ptp2stack /etc/sync_timing_ptp2_default.co+ 
   5892 root      20   0    6616   3216   2796 S   3.0   0.3   0:19.52 /usr/local/bin/oda                                               
   6606 root      20   0  609132  12848   7584 S   2.3   1.3   0:17.72 /usr/bin/netopeer2-server -U -m 0770 -v 1                        
   5860 root      20   0  244384   4616   3800 S   1.7   0.5   0:12.61 /usr/bin/sync_timing_core_driver                                 
   2033 root      20   0       0      0      0 S   1.3   0.0   0:08.38 [fpga_drvd]                                                      
    191 root      20   0   34496  16644  15852 S   1.0   1.6   0:04.25 /lib/systemd/systemd-journald                                    
   4370 root      20   0    3704   2416   1572 S   1.0   0.2   0:04.58 /usr/local/bin/dsclswell                                         
   5969 root      20   0    9456   4380   3416 S   1.0   0.4   0:06.23 /usr/local/bin/devif                                             
   5999 root      20   0  103452  11676   8304 S   1.0   1.2   0:07.70 /usr/local/bin/rud                                               
   2241 root      20   0    2164   1056    852 S   0.7   0.1   0:04.15 /sbin/syslogd -n -S -s 10000 -b 20                               
   6324 root      20   0  384060   4188   3632 S   0.7   0.4   0:04.36 /usr/local/bin/ptp_ctrl 0                                        
  17012 admin     20   0    5808   2792   2108 R   0.7   0.3   0:01.18 top                                                              
      1 root      20   0   97840  10856   6716 S   0.3   1.1   0:13.44 /init                                                            
   1914 message+  20   0    5796   3616   3132 S   0.3   0.4   0:06.67 /usr/bin/dbus-daemon --system --address=systemd: --nofork --nop+ 
   5072 root      20   0    3888   2868   2560 S   0.3   0.3   0:00.80 /bin/sh /usr/local/script/run_rfsoc_hard_ip_b.sh                 
   5094 root      20   0  151308   2512   2052 S   0.3   0.2   0:01.20 /usr/local/bin/rfdcd                                             
   6354 root      20   0  605084   4260   3512 S   0.3   0.4   0:01.20 /usr/local/bin/synce_ctrl 0                                      
   6950 root      20   0   76244    832    720 S   0.3   0.1   0:00.23 /usr/local/bin/netstat_ctrl 0                                    


































top - 09:42:00 up 12 min,  2 users,  load average: 0.49, 0.64, 0.45
Tasks: 166 total,   1 running, 164 sleeping,   0 stopped,   1 zombie
%Cpu(s):  3.1 us,  7.9 sy,  0.0 ni, 88.9 id,  0.0 wa,  0.0 hi,  0.2 si,  0.0 st
MiB Mem :    986.7 total,     58.2 free,    152.4 used,    776.0 buff/cache
MiB Swap:      0.0 total,      0.0 free,      0.0 used.    101.3 avail Mem 


   5068 root      20   0   88276   2972   1840 S   6.3   0.3   0:46.51 dpd-smp -u 5                                                     
   6693 root      20   0  633272   7940   4576 S   4.6   0.8   0:28.08 /usr/bin/sync_timing_ptp2stack /etc/sync_timing_ptp2_default.co+ 
   5892 root      20   0    6616   3216   2796 S   2.6   0.3   0:19.60 /usr/local/bin/oda                                               
   5860 root      20   0  244384   4616   3800 S   2.0   0.5   0:12.67 /usr/bin/sync_timing_core_driver                                 
   6606 root      20   0  609132  12848   7584 S   2.0   1.3   0:17.78 /usr/bin/netopeer2-server -U -m 0770 -v 1                        
   2033 root      20   0       0      0      0 S   1.3   0.0   0:08.42 [fpga_drvd]                                                      
   5969 root      20   0    9456   4380   3416 S   1.0   0.4   0:06.26 /usr/local/bin/devif                                             
   5999 root      20   0  103452  11676   8304 S   1.0   1.2   0:07.73 /usr/local/bin/rud                                               
  17012 admin     20   0    5808   2792   2108 R   1.0   0.3   0:01.21 top                                                              
   2241 root      20   0    2164   1056    852 S   0.7   0.1   0:04.17 /sbin/syslogd -n -S -s 10000 -b 20                               
   6324 root      20   0  384060   4188   3632 S   0.7   0.4   0:04.38 /usr/local/bin/ptp_ctrl 0                                        
     11 root      20   0       0      0      0 I   0.3   0.0   0:00.92 [rcu_sched]                                                      
     21 root      20   0       0      0      0 S   0.3   0.0   0:00.48 [ksoftirqd/2]                                                    
   1914 message+  20   0    5796   3616   3132 S   0.3   0.4   0:06.68 /usr/bin/dbus-daemon --system --address=systemd: --nofork --nop+ 
   4318 root      20   0  201072  15040   1580 S   0.3   1.5   0:00.88 /usr/local/bin/dscllogd                                          
   4370 root      20   0    3704   2416   1572 S   0.3   0.2   0:04.59 /usr/local/bin/dsclswell                                         
   4550 root      20   0    2376    816    716 S   0.3   0.1   0:01.03 /usr/local/bin/gpio_ctrl                                         
      1 root      20   0   97840  10856   6716 S   0.0   1.1   0:13.44 /init                                                            
      2 root      20   0       0      0      0 S   0.0   0.0   0:00.01 [kthreadd]                                                       
      3 root       0 -20       0      0      0 I   0.0   0.0   0:00.00 [rcu_gp]                                                         
      4 root       0 -20       0      0      0 I   0.0   0.0   0:00.00 [rcu_par_gp]                                                     
      5 root       0 -20       0      0      0 I   0.0   0.0   0:00.00 [netns]                                                          
      7 root       0 -20       0      0      0 I   0.0   0.0   0:00.29 [kworker/0:0H-kblockd]                                           
      8 root      20   0       0      0      0 I   0.0   0.0   0:05.19 [kworker/u8:0-ext4-rsv-conversion]                               
      9 root       0 -20       0      0      0 I   0.0   0.0   0:00.00 [mm_percpu_wq]                                                   
     10 root      20   0       0      0      0 S   0.0   0.0   0:03.12 [ksoftirqd/0]                                                    
     12 root      rt   0       0      0      0 S   0.0   0.0   0:00.00 [migration/0]                                                    
     13 root      20   0       0      0      0 S   0.0   0.0   0:00.00 [cpuhp/0]                                                        
     14 root      20   0       0      0      0 S   0.0   0.0   0:00.00 [cpuhp/1]                                                        
     15 root      rt   0       0      0      0 S   0.0   0.0   0:00.00 [migration/1]                                                    
     16 root      20   0       0      0      0 S   0.0   0.0   0:00.39 [ksoftirqd/1]                                                    
     19 root      20   0       0      0      0 S   0.0   0.0   0:00.00 [cpuhp/2]                                                        
     20 root      rt   0       0      0      0 S   0.0   0.0   0:00.00 [migration/2]                                                    
     23 root       0 -20       0      0      0 I   0.0   0.0   0:00.17 [kworker/2:0H-kblockd]                                           
     24 root      20   0       0      0      0 S   0.0   0.0   0:00.00 [cpuhp/3]                                                        
     25 root      rt   0       0      0      0 S   0.0   0.0   0:00.00 [migration/3]                                                    
     26 root      20   0       0      0      0 S   0.0   0.0   0:00.00 [ksoftirqd/3]                                                    
     27 root      20   0       0      0      0 I   0.0   0.0   0:00.00 [kworker/3:0-mm_percpu_wq]                                       
     28 root       0 -20       0      0      0 I   0.0   0.0   0:00.00 [kworker/3:0H]                                                   
     29 root      20   0       0      0      0 S   0.0   0.0   0:00.01 [kdevtmpfs]                                                      
     30 root       0 -20       0      0      0 I   0.0   0.0   0:00.00 [inet_frag_wq]                                                   
     32 root      20   0       0      0      0 S   0.0   0.0   0:00.02 [kauditd]                                                        
     33 root      20   0       0      0      0 S   0.0   0.0   0:00.00 [oom_reaper]                                                     
     34 root       0 -20       0      0      0 I   0.0   0.0   0:00.00 [writeback]                                                      
     35 root      20   0       0      0      0 S   0.0   0.0   0:00.02 [kcompactd0]                                                     
     36 root      39  19       0      0      0 S   0.0   0.0   0:00.00 [khugepaged]                                                     
     37 root       0 -20       0      0      0 I   0.0   0.0   0:00.00 [kblockd]                                                        
     38 root       0 -20       0      0      0 I   0.0   0.0   0:00.00 [blkcg_punt_bio]                                                 
     39 root       0 -20       0      0      0 I   0.0   0.0   0:00.00 [edac-poller]                                                    
     40 root     -51   0       0      0      0 S   0.0   0.0   0:00.00 [watchdogd]                                                      
     42 root      20   0       0      0      0 I   0.0   0.0   0:00.11 [kworker/1:1-cgroup_destroy]                                     
     43 root       0 -20       0      0      0 I   0.0   0.0   0:00.00 [rpciod]                                                         
     45 root       0 -20       0      0      0 I   0.0   0.0   0:00.00 [xprtiod]                                                        
     47 root      20   0       0      0      0 S   0.0   0.0   0:00.35 [kswapd0]                                                        top - 09:42:03 up 12 min,  2 users,  load average: 0.45, 0.63, 0.45
Tasks: 165 total,   3 running, 162 sleeping,   0 stopped,   0 zombie
%Cpu(s):  7.0 us,  9.9 sy,  0.0 ni, 82.2 id,  0.6 wa,  0.0 hi,  0.3 si,  0.0 st
MiB Mem :    986.7 total,     62.8 free,    147.7 used,    776.2 buff/cache
MiB Swap:      0.0 total,      0.0 free,      0.0 used.    106.0 avail Mem 


   6606 root      20   0  609132  12848   7584 S  12.6   1.3   0:18.16 /usr/bin/netopeer2-server -U -m 0770 -v 1                        
   5920 root      20   0  304008  19772   4388 S   7.9   2.0   0:08.63 /usr/bin/sysrepod                                                
   5068 root      20   0   88276   2972   1840 R   6.6   0.3   0:46.71 dpd-smp -u 5                                                     
   6693 root      20   0  633272   7940   4576 S   4.3   0.8   0:28.21 /usr/bin/sync_timing_ptp2stack /etc/sync_timing_ptp2_default.co+ 
   5892 root      20   0    6616   3216   2796 R   3.0   0.3   0:19.69 /usr/local/bin/oda                                               
   5860 root      20   0  244384   4616   3800 S   2.3   0.5   0:12.74 /usr/bin/sync_timing_core_driver                                 
   2033 root      20   0       0      0      0 S   1.3   0.0   0:08.46 [fpga_drvd]                                                      
   5999 root      20   0  103452  11676   8304 S   1.3   1.2   0:07.77 /usr/local/bin/rud                                               
   2241 root      20   0    2164   1056    852 S   1.0   0.1   0:04.20 /sbin/syslogd -n -S -s 10000 -b 20                               
   4370 root      20   0    3704   2416   1572 S   1.0   0.2   0:04.62 /usr/local/bin/dsclswell                                         
   5969 root      20   0    9456   4380   3416 S   1.0   0.4   0:06.29 /usr/local/bin/devif                                             
    191 root      20   0   34496  16644  15852 S   0.7   1.6   0:04.27 /lib/systemd/systemd-journald                                    
   6244 root      20   0    4020   2904   2548 S   0.7   0.3   0:00.60 /bin/sh /usr/local/script/watchdog_clear.sh                      
   6324 root      20   0  384060   4188   3632 S   0.7   0.4   0:04.40 /usr/local/bin/ptp_ctrl 0                                        
  17012 admin     20   0    5808   2792   2108 R   0.7   0.3   0:01.23 top                                                              
      7 root       0 -20       0      0      0 I   0.3   0.0   0:00.30 [kworker/0:0H-mmc_complete]                                      
    549 root       0 -20       0      0      0 I   0.3   0.0   0:00.45 [kworker/1:2H-kblockd]                                           
   1914 message+  20   0    5796   3616   3132 S   0.3   0.4   0:06.69 /usr/bin/dbus-daemon --system --address=systemd: --nofork --nop+ 
   1952 root      20   0       0      0      0 I   0.3   0.0   0:00.10 [kworker/1:3-events]                                             
   4318 root      20   0  201072  15040   1580 S   0.3   1.5   0:00.89 /usr/local/bin/dscllogd                                          
   5094 root      20   0  151308   2512   2052 S   0.3   0.2   0:01.21 /usr/local/bin/rfdcd                                             
   5119 root      20   0  558256   5180   2348 S   0.3   0.5   0:00.79 /usr/local/bin/dfed                                              
   6354 root      20   0  605084   4260   3512 S   0.3   0.4   0:01.21 /usr/local/bin/synce_ctrl 0                                      
      1 root      20   0   97840  10856   6716 S   0.0   1.1   0:13.44 /init                                                            
      2 root      20   0       0      0      0 S   0.0   0.0   0:00.01 [kthreadd]                                                       
      3 root       0 -20       0      0      0 I   0.0   0.0   0:00.00 [rcu_gp]                                                         
      4 root       0 -20       0      0      0 I   0.0   0.0   0:00.00 [rcu_par_gp]                                                     
      5 root       0 -20       0      0      0 I   0.0   0.0   0:00.00 [netns]                                                          
      8 root      20   0       0      0      0 I   0.0   0.0   0:05.19 [kworker/u8:0-ext4-rsv-conversion]                               
      9 root       0 -20       0      0      0 I   0.0   0.0   0:00.00 [mm_percpu_wq]                                                   
     10 root      20   0       0      0      0 S   0.0   0.0   0:03.12 [ksoftirqd/0]                                                    
     11 root      20   0       0      0      0 I   0.0   0.0   0:00.92 [rcu_sched]                                                      
     12 root      rt   0       0      0      0 S   0.0   0.0   0:00.00 [migration/0]                                                    
     13 root      20   0       0      0      0 S   0.0   0.0   0:00.00 [cpuhp/0]                                                        
     14 root      20   0       0      0      0 S   0.0   0.0   0:00.00 [cpuhp/1]                                                        
     15 root      rt   0       0      0      0 S   0.0   0.0   0:00.00 [migration/1]                                                    
     16 root      20   0       0      0      0 S   0.0   0.0   0:00.39 [ksoftirqd/1]                                                    
     19 root      20   0       0      0      0 S   0.0   0.0   0:00.00 [cpuhp/2]                                                        
     20 root      rt   0       0      0      0 S   0.0   0.0   0:00.00 [migration/2]                                                    
     21 root      20   0       0      0      0 S   0.0   0.0   0:00.48 [ksoftirqd/2]                                                    
     23 root       0 -20       0      0      0 I   0.0   0.0   0:00.17 [kworker/2:0H-kblockd]                                           
     24 root      20   0       0      0      0 S   0.0   0.0   0:00.00 [cpuhp/3]                                                        
     25 root      rt   0       0      0      0 S   0.0   0.0   0:00.00 [migration/3]                                                    
     26 root      20   0       0      0      0 S   0.0   0.0   0:00.00 [ksoftirqd/3]                                                    
     27 root      20   0       0      0      0 I   0.0   0.0   0:00.00 [kworker/3:0-mm_percpu_wq]                                       
     28 root       0 -20       0      0      0 I   0.0   0.0   0:00.00 [kworker/3:0H]                                                   
     29 root      20   0       0      0      0 S   0.0   0.0   0:00.01 [kdevtmpfs]                                                      
     30 root       0 -20       0      0      0 I   0.0   0.0   0:00.00 [inet_frag_wq]                                                   
     32 root      20   0       0      0      0 S   0.0   0.0   0:00.02 [kauditd]                                                        
     33 root      20   0       0      0      0 S   0.0   0.0   0:00.00 [oom_reaper]                                                     
     34 root       0 -20       0      0      0 I   0.0   0.0   0:00.00 [writeback]                                                      
     35 root      20   0       0      0      0 S   0.0   0.0   0:00.02 [kcompactd0]                                                     
     36 root      39  19       0      0      0 S   0.0   0.0   0:00.00 [khugepaged]                                                     
     37 root       0 -20       0      0      0 I   0.0   0.0   0:00.00 [kblockd]                                                        top - 09:42:06 up 12 min,  2 users,  load average: 0.49, 0.64, 0.45
Tasks: 167 total,   1 running, 165 sleeping,   0 stopped,   1 zombie
%Cpu(s):  5.0 us, 10.6 sy,  0.0 ni, 84.2 id,  0.2 wa,  0.0 hi,  0.0 si,  0.0 st
MiB Mem :    986.7 total,     60.1 free,    150.3 used,    776.3 buff/cache
MiB Swap:      0.0 total,      0.0 free,      0.0 used.    103.4 avail Mem 


   5068 root      20   0   88276   2972   1840 S   6.6   0.3   0:46.91 dpd-smp -u 5                                                     
   5920 root      20   0  304008  19772   4388 S   5.6   2.0   0:08.80 /usr/bin/sysrepod                                                
   6606 root      20   0  609132  12848   7584 S   5.0   1.3   0:18.31 /usr/bin/netopeer2-server -U -m 0770 -v 1                        
   6693 root      20   0  633272   7940   4576 S   4.6   0.8   0:28.35 /usr/bin/sync_timing_ptp2stack /etc/sync_timing_ptp2_default.co+ 
   5892 root      20   0    6616   3216   2796 S   3.3   0.3   0:19.79 /usr/local/bin/oda                                               
   5860 root      20   0  244384   4616   3800 S   2.0   0.5   0:12.80 /usr/bin/sync_timing_core_driver                                 
   5999 root      20   0  103452  11676   8304 S   1.7   1.2   0:07.82 /usr/local/bin/rud                                               
   2033 root      20   0       0      0      0 S   1.3   0.0   0:08.50 [fpga_drvd]                                                      
   5969 root      20   0    9456   4380   3416 S   1.0   0.4   0:06.32 /usr/local/bin/devif                                             
  17012 admin     20   0    5808   2792   2108 R   1.0   0.3   0:01.26 top                                                              
    191 root      20   0   34496  16644  15852 S   0.7   1.6   0:04.29 /lib/systemd/systemd-journald                                    
   2241 root      20   0    2164   1056    852 S   0.7   0.1   0:04.22 /sbin/syslogd -n -S -s 10000 -b 20                               
   4370 root      20   0    3704   2416   1572 S   0.7   0.2   0:04.64 /usr/local/bin/dsclswell                                         
   6324 root      20   0  384060   4188   3632 S   0.7   0.4   0:04.42 /usr/local/bin/ptp_ctrl 0                                        
      1 root      20   0   97840  10856   6716 S   0.3   1.1   0:13.45 /init                                                            
     11 root      20   0       0      0      0 I   0.3   0.0   0:00.93 [rcu_sched]                                                      
    202 root      20   0       0      0      0 I   0.3   0.0   0:00.56 [kworker/2:3-events_long]                                        
   1914 message+  20   0    5796   3616   3132 S   0.3   0.4   0:06.70 /usr/bin/dbus-daemon --system --address=systemd: --nofork --nop+ 
   1927 root      20   0    9940   5096   4572 S   0.3   0.5   0:00.63 /lib/systemd/systemd-logind                                      
   4318 root      20   0  201072  15040   1580 S   0.3   1.5   0:00.90 /usr/local/bin/dscllogd                                          
   4550 root      20   0    2376    816    716 S   0.3   0.1   0:01.04 /usr/local/bin/gpio_ctrl                                         
  10402 admin     20   0   12968   8816   6532 S   0.3   0.9   0:01.80 /lib/systemd/systemd --user                                      
      2 root      20   0       0      0      0 S   0.0   0.0   0:00.01 [kthreadd]                                                       
      3 root       0 -20       0      0      0 I   0.0   0.0   0:00.00 [rcu_gp]                                                         
      4 root       0 -20       0      0      0 I   0.0   0.0   0:00.00 [rcu_par_gp]                                                     
      5 root       0 -20       0      0      0 I   0.0   0.0   0:00.00 [netns]                                                          
      7 root       0 -20       0      0      0 I   0.0   0.0   0:00.30 [kworker/0:0H-mmc_complete]                                      
      8 root      20   0       0      0      0 I   0.0   0.0   0:05.19 [kworker/u8:0-ext4-rsv-conversion]                               
      9 root       0 -20       0      0      0 I   0.0   0.0   0:00.00 [mm_percpu_wq]                                                   
     10 root      20   0       0      0      0 S   0.0   0.0   0:03.12 [ksoftirqd/0]                                                    
     12 root      rt   0       0      0      0 S   0.0   0.0   0:00.00 [migration/0]                                                    
     13 root      20   0       0      0      0 S   0.0   0.0   0:00.00 [cpuhp/0]                                                        
     14 root      20   0       0      0      0 S   0.0   0.0   0:00.00 [cpuhp/1]                                                        
     15 root      rt   0       0      0      0 S   0.0   0.0   0:00.00 [migration/1]                                                    
     16 root      20   0       0      0      0 S   0.0   0.0   0:00.39 [ksoftirqd/1]                                                    
     19 root      20   0       0      0      0 S   0.0   0.0   0:00.00 [cpuhp/2]                                                        
     20 root      rt   0       0      0      0 S   0.0   0.0   0:00.00 [migration/2]                                                    
     21 root      20   0       0      0      0 S   0.0   0.0   0:00.48 [ksoftirqd/2]                                                    
     23 root       0 -20       0      0      0 I   0.0   0.0   0:00.17 [kworker/2:0H-kblockd]                                           
     24 root      20   0       0      0      0 S   0.0   0.0   0:00.00 [cpuhp/3]                                                        
     25 root      rt   0       0      0      0 S   0.0   0.0   0:00.00 [migration/3]                                                    
     26 root      20   0       0      0      0 S   0.0   0.0   0:00.00 [ksoftirqd/3]                                                    
     27 root      20   0       0      0      0 I   0.0   0.0   0:00.00 [kworker/3:0-mm_percpu_wq]                                       
     28 root       0 -20       0      0      0 I   0.0   0.0   0:00.00 [kworker/3:0H]                                                   
     29 root      20   0       0      0      0 S   0.0   0.0   0:00.01 [kdevtmpfs]                                                      
     30 root       0 -20       0      0      0 I   0.0   0.0   0:00.00 [inet_frag_wq]                                                   
     32 root      20   0       0      0      0 S   0.0   0.0   0:00.02 [kauditd]                                                        
     33 root      20   0       0      0      0 S   0.0   0.0   0:00.00 [oom_reaper]                                                     
     34 root       0 -20       0      0      0 I   0.0   0.0   0:00.00 [writeback]                                                      
     35 root      20   0       0      0      0 S   0.0   0.0   0:00.02 [kcompactd0]                                                     
     36 root      39  19       0      0      0 S   0.0   0.0   0:00.00 [khugepaged]                                                     
     37 root       0 -20       0      0      0 I   0.0   0.0   0:00.00 [kblockd]                                                        
     38 root       0 -20       0      0      0 I   0.0   0.0   0:00.00 [blkcg_punt_bio]                                                 
     39 root       0 -20       0      0      0 I   0.0   0.0   0:00.00 [edac-poller]                                                    top - 09:42:09 up 12 min,  2 users,  load average: 0.49, 0.64, 0.45
Tasks: 170 total,   3 running, 167 sleeping,   0 stopped,   0 zombie
%Cpu(s): 18.8 us, 20.6 sy,  0.0 ni, 47.5 id,  0.0 wa,  0.0 hi, 13.1 si,  0.0 st
MiB Mem :    986.7 total,    123.4 free,    152.2 used,    711.0 buff/cache
MiB Swap:      0.0 total,      0.0 free,      0.0 used.    166.9 avail Mem 


  20932 root      20   0    9000   7248   5340 R  82.1   0.7   0:02.48 /usr/bin/ssh -oForwardX11 no -oPermitLocalCommand no -oClearAll+ 
  20931 root      20   0    6900   5064   4300 S  34.8   0.5   0:01.05 sftp -o StrictHostKeyChecking=no -o UserKnownHostsFile=/var/run+ 
     10 root      20   0       0      0      0 R   9.9   0.0   0:03.42 [ksoftirqd/0]                                                    
   5068 root      20   0   88276   2972   1840 S   7.0   0.3   0:47.12 dpd-smp -u 5                                                     
   6693 root      20   0  633272   7940   4576 S   6.3   0.8   0:28.54 /usr/bin/sync_timing_ptp2stack /etc/sync_timing_ptp2_default.co+ 
   6606 root      20   0  609132  12848   7584 S   4.6   1.3   0:18.45 /usr/bin/netopeer2-server -U -m 0770 -v 1                        
   5892 root      20   0    6616   3216   2796 S   3.6   0.3   0:19.90 /usr/local/bin/oda                                               
   5860 root      20   0  244384   4616   3800 S   2.6   0.5   0:12.88 /usr/bin/sync_timing_core_driver                                 
   2033 root      20   0       0      0      0 S   1.3   0.0   0:08.54 [fpga_drvd]                                                      
   5969 root      20   0    9456   4380   3416 S   1.3   0.4   0:06.36 /usr/local/bin/devif                                             
   5999 root      20   0  103452  11676   8304 S   1.3   1.2   0:07.86 /usr/local/bin/rud                                               
   6324 root      20   0  384060   4188   3632 S   1.3   0.4   0:04.46 /usr/local/bin/ptp_ctrl 0                                        
   2241 root      20   0    2164   1056    852 S   0.7   0.1   0:04.24 /sbin/syslogd -n -S -s 10000 -b 20                               
   4370 root      20   0    3704   2416   1572 S   0.7   0.2   0:04.66 /usr/local/bin/dsclswell                                         
   5072 root      20   0    3888   2868   2560 S   0.7   0.3   0:00.82 /bin/sh /usr/local/script/run_rfsoc_hard_ip_b.sh                 
  17012 admin     20   0    5808   2792   2108 R   0.7   0.3   0:01.28 top                                                              
   1914 message+  20   0    5796   3616   3132 S   0.3   0.4   0:06.71 /usr/bin/dbus-daemon --system --address=systemd: --nofork --nop+ 
   5094 root      20   0  151308   2512   2052 S   0.3   0.2   0:01.22 /usr/local/bin/rfdcd                                             
   5374 root      20   0    2536    980    860 S   0.3   0.1   0:00.14 /usr/local/bin/sfp_led_ctrl 0 EMIO 2 47 46 45 44                 
   5920 root      20   0  304008  19772   4388 S   0.3   2.0   0:08.81 /usr/bin/sysrepod                                                
   6295 root      20   0   13596   8860   5804 S   0.3   0.9   0:00.65 /usr/local/bin/ncld                                              
   6354 root      20   0  605084   4260   3512 S   0.3   0.4   0:01.22 /usr/local/bin/synce_ctrl 0                                      
      1 root      20   0   97840  10856   6716 S   0.0   1.1   0:13.45 /init                                                            
      2 root      20   0       0      0      0 S   0.0   0.0   0:00.01 [kthreadd]                                                       
      3 root       0 -20       0      0      0 I   0.0   0.0   0:00.00 [rcu_gp]                                                         
      4 root       0 -20       0      0      0 I   0.0   0.0   0:00.00 [rcu_par_gp]                                                     
      5 root       0 -20       0      0      0 I   0.0   0.0   0:00.00 [netns]                                                          
      7 root       0 -20       0      0      0 I   0.0   0.0   0:00.30 [kworker/0:0H-kblockd]                                           
      8 root      20   0       0      0      0 I   0.0   0.0   0:05.19 [kworker/u8:0-ext4-rsv-conversion]                               
      9 root       0 -20       0      0      0 I   0.0   0.0   0:00.00 [mm_percpu_wq]                                                   
     11 root      20   0       0      0      0 I   0.0   0.0   0:00.93 [rcu_sched]                                                      
     12 root      rt   0       0      0      0 S   0.0   0.0   0:00.00 [migration/0]                                                    
     13 root      20   0       0      0      0 S   0.0   0.0   0:00.00 [cpuhp/0]                                                        
     14 root      20   0       0      0      0 S   0.0   0.0   0:00.00 [cpuhp/1]                                                        
     15 root      rt   0       0      0      0 S   0.0   0.0   0:00.00 [migration/1]                                                    
     16 root      20   0       0      0      0 S   0.0   0.0   0:00.39 [ksoftirqd/1]                                                    
     19 root      20   0       0      0      0 S   0.0   0.0   0:00.00 [cpuhp/2]                                                        
     20 root      rt   0       0      0      0 S   0.0   0.0   0:00.00 [migration/2]                                                    
     21 root      20   0       0      0      0 S   0.0   0.0   0:00.48 [ksoftirqd/2]                                                    
     23 root       0 -20       0      0      0 I   0.0   0.0   0:00.17 [kworker/2:0H-kblockd]                                           
     24 root      20   0       0      0      0 S   0.0   0.0   0:00.00 [cpuhp/3]                                                        
     25 root      rt   0       0      0      0 S   0.0   0.0   0:00.00 [migration/3]                                                    
     26 root      20   0       0      0      0 S   0.0   0.0   0:00.00 [ksoftirqd/3]                                                    
     27 root      20   0       0      0      0 I   0.0   0.0   0:00.00 [kworker/3:0-mm_percpu_wq]                                       
     28 root       0 -20       0      0      0 I   0.0   0.0   0:00.00 [kworker/3:0H]                                                   
     29 root      20   0       0      0      0 S   0.0   0.0   0:00.01 [kdevtmpfs]                                                      
     30 root       0 -20       0      0      0 I   0.0   0.0   0:00.00 [inet_frag_wq]                                                   
     32 root      20   0       0      0      0 S   0.0   0.0   0:00.02 [kauditd]                                                        
     33 root      20   0       0      0      0 S   0.0   0.0   0:00.00 [oom_reaper]                                                     
     34 root       0 -20       0      0      0 I   0.0   0.0   0:00.00 [writeback]                                                      
     35 root      20   0       0      0      0 S   0.0   0.0   0:00.02 [kcompactd0]                                                     
     36 root      39  19       0      0      0 S   0.0   0.0   0:00.00 [khugepaged]                                                     
     37 root       0 -20       0      0      0 I   0.0   0.0   0:00.00 [kblockd]                                                        
     38 root       0 -20       0      0      0 I   0.0   0.0   0:00.00 [blkcg_punt_bio]                                                 top - 09:42:12 up 12 min,  2 users,  load average: 0.53, 0.64, 0.46
Tasks: 166 total,   2 running, 164 sleeping,   0 stopped,   0 zombie
%Cpu(s): 13.1 us, 17.2 sy,  0.0 ni, 64.5 id,  0.5 wa,  0.0 hi,  4.8 si,  0.0 st
MiB Mem :    986.7 total,     63.6 free,    147.0 used,    776.0 buff/cache
MiB Swap:      0.0 total,      0.0 free,      0.0 used.    106.7 avail Mem 


   6606 root      20   0  609132  12848   7584 S   8.2   1.3   0:18.70 /usr/bin/netopeer2-server -U -m 0770 -v 1                        
   5920 root      20   0  304008  19772   4388 S   7.6   2.0   0:09.04 /usr/bin/sysrepod                                                
   5068 root      20   0   88276   2972   1840 S   7.2   0.3   0:47.34 dpd-smp -u 5                                                     
   6693 root      20   0  633272   7940   4576 S   4.9   0.8   0:28.69 /usr/bin/sync_timing_ptp2stack /etc/sync_timing_ptp2_default.co+ 
     10 root      20   0       0      0      0 S   3.9   0.0   0:03.54 [ksoftirqd/0]                                                    
   5892 root      20   0    6616   3216   2796 S   3.0   0.3   0:19.99 /usr/local/bin/oda                                               
   5860 root      20   0  244384   4616   3800 S   2.3   0.5   0:12.95 /usr/bin/sync_timing_core_driver                                 
   5999 root      20   0  103452  11676   8304 S   2.3   1.2   0:07.93 /usr/local/bin/rud                                               
    191 root      20   0   34496  16644  15852 S   1.3   1.6   0:04.33 /lib/systemd/systemd-journald                                    
   2033 root      20   0       0      0      0 S   1.3   0.0   0:08.58 [fpga_drvd]                                                      
   6324 root      20   0  384060   4188   3632 S   1.3   0.4   0:04.50 /usr/local/bin/ptp_ctrl 0                                        
   1914 message+  20   0    5796   3616   3132 S   1.0   0.4   0:06.74 /usr/bin/dbus-daemon --system --address=systemd: --nofork --nop+ 
   2241 root      20   0    2164   1056    852 S   1.0   0.1   0:04.27 /sbin/syslogd -n -S -s 10000 -b 20                               
   4370 root      20   0    3704   2416   1572 R   1.0   0.2   0:04.69 /usr/local/bin/dsclswell                                         
   5969 root      20   0    9456   4380   3416 S   1.0   0.4   0:06.39 /usr/local/bin/devif                                             
  17012 admin     20   0    5808   2792   2108 R   0.7   0.3   0:01.30 top                                                              
      1 root      20   0   97840  10856   6716 S   0.3   1.1   0:13.46 /init                                                            
      7 root       0 -20       0      0      0 I   0.3   0.0   0:00.31 [kworker/0:0H-mmc_complete]                                      
     11 root      20   0       0      0      0 I   0.3   0.0   0:00.94 [rcu_sched]                                                      
     16 root      20   0       0      0      0 S   0.3   0.0   0:00.40 [ksoftirqd/1]                                                    
     21 root      20   0       0      0      0 S   0.3   0.0   0:00.49 [ksoftirqd/2]                                                    
     52 root      20   0       0      0      0 I   0.3   0.0   0:00.29 [kworker/0:2-mm_percpu_wq]                                       
     53 root      20   0       0      0      0 I   0.3   0.0   0:00.41 [kworker/u8:2-edac-poller]                                       
   4318 root      20   0  201072  15040   1580 S   0.3   1.5   0:00.91 /usr/local/bin/dscllogd                                          
   4550 root      20   0    2376    816    716 S   0.3   0.1   0:01.05 /usr/local/bin/gpio_ctrl                                         
   5094 root      20   0  151308   2512   2052 S   0.3   0.2   0:01.23 /usr/local/bin/rfdcd                                             
      2 root      20   0       0      0      0 S   0.0   0.0   0:00.01 [kthreadd]                                                       
      3 root       0 -20       0      0      0 I   0.0   0.0   0:00.00 [rcu_gp]                                                         
      4 root       0 -20       0      0      0 I   0.0   0.0   0:00.00 [rcu_par_gp]                                                     
      5 root       0 -20       0      0      0 I   0.0   0.0   0:00.00 [netns]                                                          
      8 root      20   0       0      0      0 I   0.0   0.0   0:05.19 [kworker/u8:0-ext4-rsv-conversion]                               
      9 root       0 -20       0      0      0 I   0.0   0.0   0:00.00 [mm_percpu_wq]                                                   
     12 root      rt   0       0      0      0 S   0.0   0.0   0:00.00 [migration/0]                                                    
     13 root      20   0       0      0      0 S   0.0   0.0   0:00.00 [cpuhp/0]                                                        
     14 root      20   0       0      0      0 S   0.0   0.0   0:00.00 [cpuhp/1]                                                        
     15 root      rt   0       0      0      0 S   0.0   0.0   0:00.00 [migration/1]                                                    


     23 root       0 -20       0      0      0 I   0.0   0.0   0:00.17 [kworker/2:0H-kblockd]                                           
     24 root      20   0       0      0      0 S   0.0   0.0   0:00.00 [cpuhp/3]                                                        
     25 root      rt   0       0      0      0 S   0.0   0.0   0:00.00 [migration/3]                                                    
     26 root      20   0       0      0      0 S   0.0   0.0   0:00.00 [ksoftirqd/3]                                                    
     27 root      20   0       0      0      0 I   0.0   0.0   0:00.00 [kworker/3:0-mm_percpu_wq]                                       
     28 root       0 -20       0      0      0 I   0.0   0.0   0:00.00 [kworker/3:0H]                                                   
     29 root      20   0       0      0      0 S   0.0   0.0   0:00.01 [kdevtmpfs]                                                      
     30 root       0 -20       0      0      0 I   0.0   0.0   0:00.00 [inet_frag_wq]                                                   
     32 root      20   0       0      0      0 S   0.0   0.0   0:00.02 [kauditd]                                                        
     33 root      20   0       0      0      0 S   0.0   0.0   0:00.00 [oom_reaper]                                                     
     34 root       0 -20       0      0      0 I   0.0   0.0   0:00.00 [writeback]                                                      
     35 root      20   0       0      0      0 S   0.0   0.0   0:00.02 [kcompactd0]                                                     
     36 root      39  19       0      0      0 S   0.0   0.0   0:00.00 [khugepaged]                                                     
     37 root       0 -20       0      0      0 I   0.0   0.0   0:00.00 [kblockd]                                                        
     38 root       0 -20       0      0      0 I   0.0   0.0   0:00.00 [blkcg_punt_bio]                                                 
     39 root       0 -20       0      0      0 I   0.0   0.0   0:00.00 [edac-poller]                                                    top - 09:42:15 up 12 min,  2 users,  load average: 0.53, 0.64, 0.46
Tasks: 166 total,   3 running, 163 sleeping,   0 stopped,   0 zombie
%Cpu(s):  3.3 us,  7.9 sy,  0.0 ni, 88.8 id,  0.0 wa,  0.0 hi,  0.0 si,  0.0 st
MiB Mem :    986.7 total,     61.4 free,    149.1 used,    776.1 buff/cache
MiB Swap:      0.0 total,      0.0 free,      0.0 used.    104.6 avail Mem 


   5068 root      20   0   88276   2972   1840 R   6.3   0.3   0:47.53 dpd-smp -u 5                                                     
   6693 root      20   0  633272   7940   4576 S   4.3   0.8   0:28.82 /usr/bin/sync_timing_ptp2stack /etc/sync_timing_ptp2_default.co+ 
   5892 root      20   0    6616   3216   2796 S   3.3   0.3   0:20.09 /usr/local/bin/oda                                               
   6606 root      20   0  609132  12848   7584 S   2.0   1.3   0:18.76 /usr/bin/netopeer2-server -U -m 0770 -v 1                        
   5860 root      20   0  244384   4616   3800 S   1.7   0.5   0:13.00 /usr/bin/sync_timing_core_driver                                 
   2033 root      20   0       0      0      0 S   1.3   0.0   0:08.62 [fpga_drvd]                                                      
   4370 root      20   0    3704   2416   1572 S   1.3   0.2   0:04.73 /usr/local/bin/dsclswell                                         
   5969 root      20   0    9456   4380   3416 S   1.0   0.4   0:06.42 /usr/local/bin/devif                                             
   5999 root      20   0  103452  11676   8304 S   1.0   1.2   0:07.96 /usr/local/bin/rud                                               
  17012 admin     20   0    5808   2792   2108 R   1.0   0.3   0:01.33 top                                                              
   6324 root      20   0  384060   4188   3632 S   0.7   0.4   0:04.52 /usr/local/bin/ptp_ctrl 0                                        
   1914 message+  20   0    5796   3616   3132 S   0.3   0.4   0:06.75 /usr/bin/dbus-daemon --system --address=systemd: --nofork --nop+ 
   2241 root      20   0    2164   1056    852 S   0.3   0.1   0:04.28 /sbin/syslogd -n -S -s 10000 -b 20                               
   5072 root      20   0    3888   2868   2560 S   0.3   0.3   0:00.83 /bin/sh /usr/local/script/run_rfsoc_hard_ip_b.sh                 
   5262 root      20   0    3444    996    856 S   0.3   0.1   0:00.14 /usr/local/bin/sfp_ctrl 0 1 0x50 0x180 0x188 FPGA 0x190 0x198 0  
   6244 root      20   0    4020   2904   2548 S   0.3   0.3   0:00.61 /bin/sh /usr/local/script/watchdog_clear.sh                      
      1 root      20   0   97840  10856   6716 S   0.0   1.1   0:13.46 /init                                                            
      2 root      20   0       0      0      0 S   0.0   0.0   0:00.01 [kthreadd]                                                       
      3 root       0 -20       0      0      0 I   0.0   0.0   0:00.00 [rcu_gp]                                                         
      4 root       0 -20       0      0      0 I   0.0   0.0   0:00.00 [rcu_par_gp]                                                     
      5 root       0 -20       0      0      0 I   0.0   0.0   0:00.00 [netns]                                                          
      7 root       0 -20       0      0      0 I   0.0   0.0   0:00.31 [kworker/0:0H-mmc_complete]                                      
      8 root      20   0       0      0      0 I   0.0   0.0   0:05.19 [kworker/u8:0-ext4-rsv-conversion]                               
      9 root       0 -20       0      0      0 I   0.0   0.0   0:00.00 [mm_percpu_wq]                                                   
     10 root      20   0       0      0      0 S   0.0   0.0   0:03.54 [ksoftirqd/0]                                                    
     11 root      20   0       0      0      0 R   0.0   0.0   0:00.94 [rcu_sched]                                                      
     12 root      rt   0       0      0      0 S   0.0   0.0   0:00.00 [migration/0]                                                    
     13 root      20   0       0      0      0 S   0.0   0.0   0:00.00 [cpuhp/0]                                                        
     14 root      20   0       0      0      0 S   0.0   0.0   0:00.00 [cpuhp/1]                                                        
     15 root      rt   0       0      0      0 S   0.0   0.0   0:00.00 [migration/1]                                                    
     16 root      20   0       0      0      0 S   0.0   0.0   0:00.40 [ksoftirqd/1]                                                    
     19 root      20   0       0      0      0 S   0.0   0.0   0:00.00 [cpuhp/2]                                                        
     20 root      rt   0       0      0      0 S   0.0   0.0   0:00.00 [migration/2]                                                    
     21 root      20   0       0      0      0 S   0.0   0.0   0:00.49 [ksoftirqd/2]                                                    
     23 root       0 -20       0      0      0 I   0.0   0.0   0:00.17 [kworker/2:0H-kblockd]                                           
     24 root      20   0       0      0      0 S   0.0   0.0   0:00.00 [cpuhp/3]                                                        
     25 root      rt   0       0      0      0 S   0.0   0.0   0:00.00 [migration/3]                                                    
     26 root      20   0       0      0      0 S   0.0   0.0   0:00.00 [ksoftirqd/3]                                                    
     27 root      20   0       0      0      0 I   0.0   0.0   0:00.00 [kworker/3:0-mm_percpu_wq]                                       
     28 root       0 -20       0      0      0 I   0.0   0.0   0:00.00 [kworker/3:0H]                                                   
     29 root      20   0       0      0      0 S   0.0   0.0   0:00.01 [kdevtmpfs]                                                      
     30 root       0 -20       0      0      0 I   0.0   0.0   0:00.00 [inet_frag_wq]                                                   
     32 root      20   0       0      0      0 S   0.0   0.0   0:00.02 [kauditd]                                                        
     33 root      20   0       0      0      0 S   0.0   0.0   0:00.00 [oom_reaper]                                                     
     34 root       0 -20       0      0      0 I   0.0   0.0   0:00.00 [writeback]                                                      
     35 root      20   0       0      0      0 S   0.0   0.0   0:00.02 [kcompactd0]                                                     
     36 root      39  19       0      0      0 S   0.0   0.0   0:00.00 [khugepaged]                                                     
     37 root       0 -20       0      0      0 I   0.0   0.0   0:00.00 [kblockd]                                                        
     38 root       0 -20       0      0      0 I   0.0   0.0   0:00.00 [blkcg_punt_bio]                                                 
     39 root       0 -20       0      0      0 I   0.0   0.0   0:00.00 [edac-poller]                                                    
     40 root     -51   0       0      0      0 S   0.0   0.0   0:00.00 [watchdogd]                                                      
     42 root      20   0       0      0      0 I   0.0   0.0   0:00.11 [kworker/1:1-cgroup_destroy]                                     
     43 root       0 -20       0      0      0 I   0.0   0.0   0:00.00 [rpciod]                                                         
     45 root       0 -20       0      0      0 I   0.0   0.0   0:00.00 [xprtiod]                                                        top - 09:42:18 up 12 min,  2 users,  load average: 0.49, 0.63, 0.45
Tasks: 165 total,   1 running, 164 sleeping,   0 stopped,   0 zombie
%Cpu(s):  2.4 us,  6.9 sy,  0.0 ni, 90.4 id,  0.1 wa,  0.0 hi,  0.2 si,  0.0 st
MiB Mem :    986.7 total,     61.2 free,    149.3 used,    776.2 buff/cache
MiB Swap:      0.0 total,      0.0 free,      0.0 used.    104.4 avail Mem 


   5068 root      20   0   88276   2972   1840 S   6.6   0.3   0:47.73 dpd-smp -u 5                                                     
   6693 root      20   0  633272   7940   4576 S   4.3   0.8   0:28.95 /usr/bin/sync_timing_ptp2stack /etc/sync_timing_ptp2_default.co+ 
   5892 root      20   0    6616   3216   2796 S   3.3   0.3   0:20.19 /usr/local/bin/oda                                               
   5860 root      20   0  244384   4616   3800 S   2.3   0.5   0:13.07 /usr/bin/sync_timing_core_driver                                 
   6606 root      20   0  609132  12848   7584 S   2.0   1.3   0:18.82 /usr/bin/netopeer2-server -U -m 0770 -v 1                        
   2033 root      20   0       0      0      0 S   1.3   0.0   0:08.66 [fpga_drvd]                                                      
   5999 root      20   0  103452  11676   8304 S   1.3   1.2   0:08.00 /usr/local/bin/rud                                               
   5969 root      20   0    9456   4380   3416 S   1.0   0.4   0:06.45 /usr/local/bin/devif                                             
    191 root      20   0   34496  16908  16116 S   0.7   1.7   0:04.35 /lib/systemd/systemd-journald                                    
   4370 root      20   0    3704   2416   1572 S   0.7   0.2   0:04.75 /usr/local/bin/dsclswell                                         
   6324 root      20   0  384060   4188   3632 S   0.7   0.4   0:04.54 /usr/local/bin/ptp_ctrl 0                                        
   6354 root      20   0  605084   4260   3512 S   0.7   0.4   0:01.24 /usr/local/bin/synce_ctrl 0                                      
  17012 admin     20   0    5808   2792   2108 R   0.7   0.3   0:01.35 top                                                              
      1 root      20   0   97840  10856   6716 S   0.3   1.1   0:13.47 /init                                                            
     11 root      20   0       0      0      0 I   0.3   0.0   0:00.95 [rcu_sched]                                                      
     55 root      20   0       0      0      0 S   0.3   0.0   0:00.12 [kpktgend_0]                                                     
     56 root      20   0       0      0      0 S   0.3   0.0   0:00.08 [kpktgend_1]                                                     
    202 root      20   0       0      0      0 I   0.3   0.0   0:00.57 [kworker/2:3-events_long]                                        
   1914 message+  20   0    5796   3616   3132 S   0.3   0.4   0:06.76 /usr/bin/dbus-daemon --system --address=systemd: --nofork --nop+ 
   2241 root      20   0    2164   1056    852 S   0.3   0.1   0:04.29 /sbin/syslogd -n -S -s 10000 -b 20                               
   4550 root      20   0    2376    816    716 S   0.3   0.1   0:01.06 /usr/local/bin/gpio_ctrl                                         
   5094 root      20   0  151308   2512   2052 S   0.3   0.2   0:01.24 /usr/local/bin/rfdcd                                             
      2 root      20   0       0      0      0 S   0.0   0.0   0:00.01 [kthreadd]                                                       
      3 root       0 -20       0      0      0 I   0.0   0.0   0:00.00 [rcu_gp]                                                         
      4 root       0 -20       0      0      0 I   0.0   0.0   0:00.00 [rcu_par_gp]                                                     
      5 root       0 -20       0      0      0 I   0.0   0.0   0:00.00 [netns]                                                          
      7 root       0 -20       0      0      0 I   0.0   0.0   0:00.31 [kworker/0:0H-mmc_complete]                                      
      8 root      20   0       0      0      0 I   0.0   0.0   0:05.19 [kworker/u8:0-ext4-rsv-conversion]                               
      9 root       0 -20       0      0      0 I   0.0   0.0   0:00.00 [mm_percpu_wq]                                                   
     10 root      20   0       0      0      0 S   0.0   0.0   0:03.54 [ksoftirqd/0]                                                    
     12 root      rt   0       0      0      0 S   0.0   0.0   0:00.00 [migration/0]                                                    
     13 root      20   0       0      0      0 S   0.0   0.0   0:00.00 [cpuhp/0]                                                        
     14 root      20   0       0      0      0 S   0.0   0.0   0:00.00 [cpuhp/1]                                                        
     15 root      rt   0       0      0      0 S   0.0   0.0   0:00.00 [migration/1]                                                    
     16 root      20   0       0      0      0 S   0.0   0.0   0:00.40 [ksoftirqd/1]                                                    
     19 root      20   0       0      0      0 S   0.0   0.0   0:00.00 [cpuhp/2]                                                        
     20 root      rt   0       0      0      0 S   0.0   0.0   0:00.00 [migration/2]                                                    
     21 root      20   0       0      0      0 S   0.0   0.0   0:00.49 [ksoftirqd/2]                                                    
     23 root       0 -20       0      0      0 I   0.0   0.0   0:00.17 [kworker/2:0H-kblockd]                                           
     24 root      20   0       0      0      0 S   0.0   0.0   0:00.00 [cpuhp/3]                                                        
     25 root      rt   0       0      0      0 S   0.0   0.0   0:00.00 [migration/3]                                                    
     26 root      20   0       0      0      0 S   0.0   0.0   0:00.00 [ksoftirqd/3]                                                    
     27 root      20   0       0      0      0 I   0.0   0.0   0:00.00 [kworker/3:0-mm_percpu_wq]                                       
     28 root       0 -20       0      0      0 I   0.0   0.0   0:00.00 [kworker/3:0H]                                                   
     29 root      20   0       0      0      0 S   0.0   0.0   0:00.01 [kdevtmpfs]                                                      
     30 root       0 -20       0      0      0 I   0.0   0.0   0:00.00 [inet_frag_wq]                                                   
     32 root      20   0       0      0      0 S   0.0   0.0   0:00.02 [kauditd]                                                        
     33 root      20   0       0      0      0 S   0.0   0.0   0:00.00 [oom_reaper]                                                     
     34 root       0 -20       0      0      0 I   0.0   0.0   0:00.00 [writeback]                                                      
     35 root      20   0       0      0      0 S   0.0   0.0   0:00.02 [kcompactd0]                                                     
     36 root      39  19       0      0      0 S   0.0   0.0   0:00.00 [khugepaged]                                                     
     37 root       0 -20       0      0      0 I   0.0   0.0   0:00.00 [kblockd]                                                        
     38 root       0 -20       0      0      0 I   0.0   0.0   0:00.00 [blkcg_punt_bio]                                                 
     39 root       0 -20       0      0      0 I   0.0   0.0   0:00.00 [edac-poller]                                                    top - 09:42:21 up 12 min,  2 users,  load average: 0.45, 0.62, 0.45
Tasks: 166 total,   1 running, 165 sleeping,   0 stopped,   0 zombie
%Cpu(s):  3.5 us,  8.6 sy,  0.0 ni, 87.8 id,  0.0 wa,  0.0 hi,  0.1 si,  0.0 st
MiB Mem :    986.7 total,     60.5 free,    149.9 used,    776.3 buff/cache
MiB Swap:      0.0 total,      0.0 free,      0.0 used.    103.8 avail Mem 


   5068 root      20   0   88276   2972   1840 S   6.3   0.3   0:47.92 dpd-smp -u 5                                                     
   6693 root      20   0  633272   7940   4576 S   4.6   0.8   0:29.09 /usr/bin/sync_timing_ptp2stack /etc/sync_timing_ptp2_default.co+ 
   5892 root      20   0    6616   3216   2796 S   3.0   0.3   0:20.28 /usr/local/bin/oda                                               
   6606 root      20   0  609132  12848   7584 S   2.3   1.3   0:18.89 /usr/bin/netopeer2-server -U -m 0770 -v 1                        
   5860 root      20   0  244384   4616   3800 S   1.7   0.5   0:13.12 /usr/bin/sync_timing_core_driver                                 
   2033 root      20   0       0      0      0 S   1.3   0.0   0:08.70 [fpga_drvd]                                                      
   5999 root      20   0  103452  11676   8304 S   1.3   1.2   0:08.04 /usr/local/bin/rud                                               
   2241 root      20   0    2164   1056    852 S   1.0   0.1   0:04.32 /sbin/syslogd -n -S -s 10000 -b 20                               
   4370 root      20   0    3704   2416   1572 S   1.0   0.2   0:04.78 /usr/local/bin/dsclswell                                         
   5969 root      20   0    9456   4380   3416 S   1.0   0.4   0:06.48 /usr/local/bin/devif                                             
   6324 root      20   0  384060   4188   3632 S   0.7   0.4   0:04.56 /usr/local/bin/ptp_ctrl 0                                        
  17012 admin     20   0    5808   2792   2108 R   0.7   0.3   0:01.37 top                                                              
     58 root      20   0       0      0      0 S   0.3   0.0   0:00.06 [kpktgend_3]                                                     
    191 root      20   0   34496  16908  16116 S   0.3   1.7   0:04.36 /lib/systemd/systemd-journald                                    
   1914 message+  20   0    5796   3616   3132 S   0.3   0.4   0:06.77 /usr/bin/dbus-daemon --system --address=systemd: --nofork --nop+ 
   4550 root      20   0    2376    816    716 S   0.3   0.1   0:01.07 /usr/local/bin/gpio_ctrl                                         
   6025 root      20   0    9212   3224   2828 S   0.3   0.3   0:00.26 /usr/local/bin/watchdogd                                         
      1 root      20   0   97840  10856   6716 S   0.0   1.1   0:13.47 /init                                                            
      2 root      20   0       0      0      0 S   0.0   0.0   0:00.01 [kthreadd]                                                       
      3 root       0 -20       0      0      0 I   0.0   0.0   0:00.00 [rcu_gp]                                                         
      4 root       0 -20       0      0      0 I   0.0   0.0   0:00.00 [rcu_par_gp]                                                     
      5 root       0 -20       0      0      0 I   0.0   0.0   0:00.00 [netns]                                                          
      7 root       0 -20       0      0      0 I   0.0   0.0   0:00.31 [kworker/0:0H-mmc_complete]                                      
      8 root      20   0       0      0      0 I   0.0   0.0   0:05.19 [kworker/u8:0-ext4-rsv-conversion]                               
      9 root       0 -20       0      0      0 I   0.0   0.0   0:00.00 [mm_percpu_wq]                                                   
     10 root      20   0       0      0      0 S   0.0   0.0   0:03.54 [ksoftirqd/0]                                                    
     11 root      20   0       0      0      0 I   0.0   0.0   0:00.95 [rcu_sched]                                                      
     12 root      rt   0       0      0      0 S   0.0   0.0   0:00.00 [migration/0]                                                    
     13 root      20   0       0      0      0 S   0.0   0.0   0:00.00 [cpuhp/0]                                                        
     14 root      20   0       0      0      0 S   0.0   0.0   0:00.00 [cpuhp/1]                                                        
     15 root      rt   0       0      0      0 S   0.0   0.0   0:00.00 [migration/1]                                                    
     16 root      20   0       0      0      0 S   0.0   0.0   0:00.40 [ksoftirqd/1]                                                    
     19 root      20   0       0      0      0 S   0.0   0.0   0:00.00 [cpuhp/2]                                                        
     20 root      rt   0       0      0      0 S   0.0   0.0   0:00.00 [migration/2]                                                    
     21 root      20   0       0      0      0 S   0.0   0.0   0:00.49 [ksoftirqd/2]                                                    
     23 root       0 -20       0      0      0 I   0.0   0.0   0:00.17 [kworker/2:0H-kblockd]                                           
     24 root      20   0       0      0      0 S   0.0   0.0   0:00.00 [cpuhp/3]                                                        
     25 root      rt   0       0      0      0 S   0.0   0.0   0:00.00 [migration/3]                                                    
     26 root      20   0       0      0      0 S   0.0   0.0   0:00.00 [ksoftirqd/3]                                                    
     27 root      20   0       0      0      0 I   0.0   0.0   0:00.00 [kworker/3:0-mm_percpu_wq]                                       
     28 root       0 -20       0      0      0 I   0.0   0.0   0:00.00 [kworker/3:0H]                                                   
     29 root      20   0       0      0      0 S   0.0   0.0   0:00.01 [kdevtmpfs]                                                      
     30 root       0 -20       0      0      0 I   0.0   0.0   0:00.00 [inet_frag_wq]                                                   
     32 root      20   0       0      0      0 S   0.0   0.0   0:00.02 [kauditd]                                                        
     33 root      20   0       0      0      0 S   0.0   0.0   0:00.00 [oom_reaper]                                                     
     34 root       0 -20       0      0      0 I   0.0   0.0   0:00.00 [writeback]                                                      
     35 root      20   0       0      0      0 S   0.0   0.0   0:00.02 [kcompactd0]                                                     
     36 root      39  19       0      0      0 S   0.0   0.0   0:00.00 [khugepaged]                                                     
     37 root       0 -20       0      0      0 I   0.0   0.0   0:00.00 [kblockd]                                                        
     38 root       0 -20       0      0      0 I   0.0   0.0   0:00.00 [blkcg_punt_bio]                                                 
     39 root       0 -20       0      0      0 I   0.0   0.0   0:00.00 [edac-poller]                                                    
     40 root     -51   0       0      0      0 S   0.0   0.0   0:00.00 [watchdogd]                                                      
     42 root      20   0       0      0      0 I   0.0   0.0   0:00.11 [kworker/1:1-cgroup_destroy]                                     
     43 root       0 -20       0      0      0 I   0.0   0.0   0:00.00 [rpciod]                                                         top - 09:42:24 up 12 min,  2 users,  load average: 0.45, 0.62, 0.45

%Cpu(s):  3.0 us,  8.4 sy,  0.0 ni, 88.5 id,  0.0 wa,  0.0 hi,  0.1 si,  0.0 st
MiB Mem :    986.7 total,     58.7 free,    151.5 used,    776.4 buff/cache
MiB Swap:      0.0 total,      0.0 free,      0.0 used.    102.2 avail Mem 


   5068 root      20   0   88276   2972   1840 S   6.9   0.3   0:48.13 dpd-smp -u 5                                                     
   6693 root      20   0  633272   7940   4576 S   4.3   0.8   0:29.22 /usr/bin/sync_timing_ptp2stack /etc/sync_timing_ptp2_default.co+ 
   5892 root      20   0    6616   3216   2796 S   3.3   0.3   0:20.38 /usr/local/bin/oda                                               
   5860 root      20   0  244384   4616   3800 S   2.0   0.5   0:13.18 /usr/bin/sync_timing_core_driver                                 
   6606 root      20   0  609132  12848   7584 S   2.0   1.3   0:18.95 /usr/bin/netopeer2-server -U -m 0770 -v 1                        
   2033 root      20   0       0      0      0 S   1.3   0.0   0:08.74 [fpga_drvd]                                                      
   5969 root      20   0    9456   4380   3416 S   1.3   0.4   0:06.52 /usr/local/bin/devif                                             
   5999 root      20   0  103452  11676   8304 S   1.0   1.2   0:08.07 /usr/local/bin/rud                                               
    191 root      20   0   34496  16908  16116 S   0.7   1.7   0:04.38 /lib/systemd/systemd-journald                                    
   2241 root      20   0    2164   1056    852 S   0.7   0.1   0:04.34 /sbin/syslogd -n -S -s 10000 -b 20                               
   6324 root      20   0  384060   4188   3632 S   0.7   0.4   0:04.58 /usr/local/bin/ptp_ctrl 0                                        
  17012 admin     20   0    5808   2792   2108 R   0.7   0.3   0:01.39 top                                                              
   1914 message+  20   0    5796   3616   3132 S   0.3   0.4   0:06.78 /usr/bin/dbus-daemon --system --address=systemd: --nofork --nop+ 
   4370 root      20   0    3704   2416   1572 S   0.3   0.2   0:04.79 /usr/local/bin/dsclswell                                         
   5094 root      20   0  151308   2512   2052 S   0.3   0.2   0:01.25 /usr/local/bin/rfdcd                                             
      1 root      20   0   97840  10856   6716 S   0.0   1.1   0:13.47 /init                                                            
      2 root      20   0       0      0      0 S   0.0   0.0   0:00.01 [kthreadd]                                                       
      3 root       0 -20       0      0      0 I   0.0   0.0   0:00.00 [rcu_gp]                                                         
      4 root       0 -20       0      0      0 I   0.0   0.0   0:00.00 [rcu_par_gp]                                                     
      5 root       0 -20       0      0      0 I   0.0   0.0   0:00.00 [netns]                                                          
      7 root       0 -20       0      0      0 I   0.0   0.0   0:00.31 [kworker/0:0H-kblockd]                                           
      8 root      20   0       0      0      0 I   0.0   0.0   0:05.19 [kworker/u8:0-ext4-rsv-conversion]                               
      9 root       0 -20       0      0      0 I   0.0   0.0   0:00.00 [mm_percpu_wq]                                                   
     10 root      20   0       0      0      0 S   0.0   0.0   0:03.54 [ksoftirqd/0]                                                    
     11 root      20   0       0      0      0 I   0.0   0.0   0:00.95 [rcu_sched]                                                      
     12 root      rt   0       0      0      0 S   0.0   0.0   0:00.00 [migration/0]                                                    
     13 root      20   0       0      0      0 S   0.0   0.0   0:00.00 [cpuhp/0]                                                        
     14 root      20   0       0      0      0 S   0.0   0.0   0:00.00 [cpuhp/1]                                                        
     15 root      rt   0       0      0      0 S   0.0   0.0   0:00.00 [migration/1]                                                    
     16 root      20   0       0      0      0 S   0.0   0.0   0:00.40 [ksoftirqd/1]                                                    
     19 root      20   0       0      0      0 S   0.0   0.0   0:00.00 [cpuhp/2]                                                        
     20 root      rt   0       0      0      0 S   0.0   0.0   0:00.00 [migration/2]                                                    
     21 root      20   0       0      0      0 S   0.0   0.0   0:00.49 [ksoftirqd/2]                                                    
     23 root       0 -20       0      0      0 I   0.0   0.0   0:00.17 [kworker/2:0H-kblockd]                                           
     24 root      20   0       0      0      0 S   0.0   0.0   0:00.00 [cpuhp/3]                                                        
     25 root      rt   0       0      0      0 S   0.0   0.0   0:00.00 [migration/3]                                                    
     26 root      20   0       0      0      0 S   0.0   0.0   0:00.00 [ksoftirqd/3]                                                    
     27 root      20   0       0      0      0 I   0.0   0.0   0:00.00 [kworker/3:0-mm_percpu_wq]                                       
     28 root       0 -20       0      0      0 I   0.0   0.0   0:00.00 [kworker/3:0H]                                                   
     29 root      20   0       0      0      0 S   0.0   0.0   0:00.01 [kdevtmpfs]                                                      
     30 root       0 -20       0      0      0 I   0.0   0.0   0:00.00 [inet_frag_wq]                                                   
     32 root      20   0       0      0      0 S   0.0   0.0   0:00.02 [kauditd]                                                        
     33 root      20   0       0      0      0 S   0.0   0.0   0:00.00 [oom_reaper]                                                     
     34 root       0 -20       0      0      0 I   0.0   0.0   0:00.00 [writeback]                                                      
     35 root      20   0       0      0      0 S   0.0   0.0   0:00.02 [kcompactd0]                                                     
     36 root      39  19       0      0      0 S   0.0   0.0   0:00.00 [khugepaged]                                                     
     37 root       0 -20       0      0      0 I   0.0   0.0   0:00.00 [kblockd]                                                        
     38 root       0 -20       0      0      0 I   0.0   0.0   0:00.00 [blkcg_punt_bio]                                                 
     39 root       0 -20       0      0      0 I   0.0   0.0   0:00.00 [edac-poller]                                                    
     40 root     -51   0       0      0      0 S   0.0   0.0   0:00.00 [watchdogd]                                                      
     42 root      20   0       0      0      0 I   0.0   0.0   0:00.11 [kworker/1:1-cgroup_destroy]                                     
     43 root       0 -20       0      0      0 I   0.0   0.0   0:00.00 [rpciod]                                                         
     45 root       0 -20       0      0      0 I   0.0   0.0   0:00.00 [xprtiod]                                                        
     47 root      20   0       0      0      0 S   0.0   0.0   0:00.35 [kswapd0]                                                        top - 09:42:27 up 12 min,  2 users,  load average: 0.50, 0.63, 0.46

%Cpu(s):  2.9 us,  7.9 sy,  0.0 ni, 89.3 id,  0.0 wa,  0.0 hi,  0.0 si,  0.0 st
MiB Mem :    986.7 total,     58.5 free,    151.7 used,    776.5 buff/cache
MiB Swap:      0.0 total,      0.0 free,      0.0 used.    102.0 avail Mem 


   5068 root      20   0   88276   2972   1840 S   6.6   0.3   0:48.33 dpd-smp -u 5                                                     
   6693 root      20   0  633272   7940   4576 S   4.3   0.8   0:29.35 /usr/bin/sync_timing_ptp2stack /etc/sync_timing_ptp2_default.co+ 
   5892 root      20   0    6616   3216   2796 S   3.3   0.3   0:20.48 /usr/local/bin/oda                                               
   6606 root      20   0  609132  12848   7584 S   2.3   1.3   0:19.02 /usr/bin/netopeer2-server -U -m 0770 -v 1                        
   5860 root      20   0  244384   4616   3800 S   2.0   0.5   0:13.24 /usr/bin/sync_timing_core_driver                                 
   2033 root      20   0       0      0      0 S   1.3   0.0   0:08.78 [fpga_drvd]                                                      
   5999 root      20   0  103452  11676   8304 S   1.3   1.2   0:08.11 /usr/local/bin/rud                                               
  17012 admin     20   0    5808   2792   2108 R   1.0   0.3   0:01.42 top                                                              
   2241 root      20   0    2164   1056    852 S   0.7   0.1   0:04.36 /sbin/syslogd -n -S -s 10000 -b 20                               
   4370 root      20   0    3704   2416   1572 S   0.7   0.2   0:04.81 /usr/local/bin/dsclswell                                         
   5969 root      20   0    9456   4380   3416 S   0.7   0.4   0:06.54 /usr/local/bin/devif                                             
      1 root      20   0   97840  10856   6716 S   0.3   1.1   0:13.48 /init                                                            
     11 root      20   0       0      0      0 I   0.3   0.0   0:00.96 [rcu_sched]                                                      
     21 root      20   0       0      0      0 S   0.3   0.0   0:00.50 [ksoftirqd/2]                                                    
   1914 message+  20   0    5796   3616   3132 S   0.3   0.4   0:06.79 /usr/bin/dbus-daemon --system --address=systemd: --nofork --nop+ 
   4318 root      20   0  201072  15040   1580 S   0.3   1.5   0:00.92 /usr/local/bin/dscllogd                                          
   4496 root      20   0    2532    840    732 S   0.3   0.1   0:00.12 /usr/local/bin/if_i2c_ctrl /dev/i2c-1                            
   4550 root      20   0    2376    816    716 S   0.3   0.1   0:01.08 /usr/local/bin/gpio_ctrl                                         
   5072 root      20   0    3888   2868   2560 S   0.3   0.3   0:00.84 /bin/sh /usr/local/script/run_rfsoc_hard_ip_b.sh                 
   5374 root      20   0    2536    980    860 S   0.3   0.1   0:00.15 /usr/local/bin/sfp_led_ctrl 0 EMIO 2 47 46 45 44                 
   5920 root      20   0  304008  19772   4388 S   0.3   2.0   0:09.05 /usr/bin/sysrepod                                                
   6324 root      20   0  384060   4188   3632 S   0.3   0.4   0:04.59 /usr/local/bin/ptp_ctrl 0                                        
   6354 root      20   0  605084   4260   3512 S   0.3   0.4   0:01.25 /usr/local/bin/synce_ctrl 0                                      
      2 root      20   0       0      0      0 S   0.0   0.0   0:00.01 [kthreadd]                                                       
      3 root       0 -20       0      0      0 I   0.0   0.0   0:00.00 [rcu_gp]                                                         
      4 root       0 -20       0      0      0 I   0.0   0.0   0:00.00 [rcu_par_gp]                                                     
      5 root       0 -20       0      0      0 I   0.0   0.0   0:00.00 [netns]                                                          
      7 root       0 -20       0      0      0 I   0.0   0.0   0:00.31 [kworker/0:0H-kblockd]                                           
      8 root      20   0       0      0      0 I   0.0   0.0   0:05.19 [kworker/u8:0-ext4-rsv-conversion]                               
      9 root       0 -20       0      0      0 I   0.0   0.0   0:00.00 [mm_percpu_wq]                                                   
     10 root      20   0       0      0      0 S   0.0   0.0   0:03.54 [ksoftirqd/0]                                                    
     12 root      rt   0       0      0      0 S   0.0   0.0   0:00.00 [migration/0]                                                    
     13 root      20   0       0      0      0 S   0.0   0.0   0:00.00 [cpuhp/0]                                                        
     14 root      20   0       0      0      0 S   0.0   0.0   0:00.00 [cpuhp/1]                                                        
     15 root      rt   0       0      0      0 S   0.0   0.0   0:00.00 [migration/1]                                                    
     16 root      20   0       0      0      0 S   0.0   0.0   0:00.40 [ksoftirqd/1]                                                    
     19 root      20   0       0      0      0 S   0.0   0.0   0:00.00 [cpuhp/2]                                                        
     20 root      rt   0       0      0      0 S   0.0   0.0   0:00.00 [migration/2]                                                    
     23 root       0 -20       0      0      0 I   0.0   0.0   0:00.17 [kworker/2:0H-kblockd]                                           
     24 root      20   0       0      0      0 S   0.0   0.0   0:00.00 [cpuhp/3]                                                        
     25 root      rt   0       0      0      0 S   0.0   0.0   0:00.00 [migration/3]                                                    
     26 root      20   0       0      0      0 S   0.0   0.0   0:00.00 [ksoftirqd/3]                                                    
     27 root      20   0       0      0      0 I   0.0   0.0   0:00.00 [kworker/3:0-mm_percpu_wq]                                       
     28 root       0 -20       0      0      0 I   0.0   0.0   0:00.00 [kworker/3:0H]                                                   
     29 root      20   0       0      0      0 S   0.0   0.0   0:00.01 [kdevtmpfs]                                                      
     30 root       0 -20       0      0      0 I   0.0   0.0   0:00.00 [inet_frag_wq]                                                   
     32 root      20   0       0      0      0 S   0.0   0.0   0:00.02 [kauditd]                                                        
     33 root      20   0       0      0      0 S   0.0   0.0   0:00.00 [oom_reaper]                                                     
     34 root       0 -20       0      0      0 I   0.0   0.0   0:00.00 [writeback]                                                      
     35 root      20   0       0      0      0 S   0.0   0.0   0:00.02 [kcompactd0]                                                     
     36 root      39  19       0      0      0 S   0.0   0.0   0:00.00 [khugepaged]                                                     
     37 root       0 -20       0      0      0 I   0.0   0.0   0:00.00 [kblockd]                                                        
     38 root       0 -20       0      0      0 I   0.0   0.0   0:00.00 [blkcg_punt_bio]                                                 
     39 root       0 -20       0      0      0 I   0.0   0.0   0:00.00 [edac-poller]                                                    top - 09:42:30 up 12 min,  2 users,  load average: 0.50, 0.63, 0.46

%Cpu(s):  2.5 us,  8.6 sy,  0.0 ni, 88.8 id,  0.0 wa,  0.0 hi,  0.1 si,  0.0 st
MiB Mem :    986.7 total,     58.1 free,    152.1 used,    776.6 buff/cache
MiB Swap:      0.0 total,      0.0 free,      0.0 used.    101.6 avail Mem 


   5068 root      20   0   88276   2972   1840 S   6.3   0.3   0:48.52 dpd-smp -u 5                                                     
   6693 root      20   0  633272   7940   4576 S   4.0   0.8   0:29.47 /usr/bin/sync_timing_ptp2stack /etc/sync_timing_ptp2_default.co+ 
   5892 root      20   0    6616   3216   2796 S   3.0   0.3   0:20.57 /usr/local/bin/oda                                               
   6606 root      20   0  609132  12848   7584 S   2.3   1.3   0:19.09 /usr/bin/netopeer2-server -U -m 0770 -v 1                        
   5860 root      20   0  244384   4616   3800 S   2.0   0.5   0:13.30 /usr/bin/sync_timing_core_driver                                 
   2033 root      20   0       0      0      0 S   1.3   0.0   0:08.82 [fpga_drvd]                                                      
   5969 root      20   0    9456   4380   3416 S   1.3   0.4   0:06.58 /usr/local/bin/devif                                             
   5999 root      20   0  103452  11676   8304 S   1.3   1.2   0:08.15 /usr/local/bin/rud                                               
    191 root      20   0   34496  16908  16116 S   1.0   1.7   0:04.41 /lib/systemd/systemd-journald                                    
   2241 root      20   0    2164   1056    852 S   1.0   0.1   0:04.39 /sbin/syslogd -n -S -s 10000 -b 20                               
   4370 root      20   0    3704   2416   1572 S   1.0   0.2   0:04.84 /usr/local/bin/dsclswell                                         
   6324 root      20   0  384060   4188   3632 S   1.0   0.4   0:04.62 /usr/local/bin/ptp_ctrl 0                                        
  17012 admin     20   0    5808   2792   2108 R   0.7   0.3   0:01.44 top                                                              
    202 root      20   0       0      0      0 I   0.3   0.0   0:00.58 [kworker/2:3-events_long]                                        
   1914 message+  20   0    5796   3616   3132 S   0.3   0.4   0:06.80 /usr/bin/dbus-daemon --system --address=systemd: --nofork --nop+ 
   5094 root      20   0  151308   2512   2052 S   0.3   0.2   0:01.26 /usr/local/bin/rfdcd                                             
   6354 root      20   0  605084   4260   3512 S   0.3   0.4   0:01.26 /usr/local/bin/synce_ctrl 0                                      
      1 root      20   0   97840  10856   6716 S   0.0   1.1   0:13.48 /init                                                            
      2 root      20   0       0      0      0 S   0.0   0.0   0:00.01 [kthreadd]                                                       
      3 root       0 -20       0      0      0 I   0.0   0.0   0:00.00 [rcu_gp]                                                         
      4 root       0 -20       0      0      0 I   0.0   0.0   0:00.00 [rcu_par_gp]                                                     
      5 root       0 -20       0      0      0 I   0.0   0.0   0:00.00 [netns]                                                          
      7 root       0 -20       0      0      0 I   0.0   0.0   0:00.31 [kworker/0:0H-mmc_complete]                                      
      8 root      20   0       0      0      0 I   0.0   0.0   0:05.19 [kworker/u8:0-ext4-rsv-conversion]                               
      9 root       0 -20       0      0      0 I   0.0   0.0   0:00.00 [mm_percpu_wq]                                                   
     10 root      20   0       0      0      0 S   0.0   0.0   0:03.54 [ksoftirqd/0]                                                    
     11 root      20   0       0      0      0 I   0.0   0.0   0:00.96 [rcu_sched]                                                      
     12 root      rt   0       0      0      0 S   0.0   0.0   0:00.00 [migration/0]                                                    
     13 root      20   0       0      0      0 S   0.0   0.0   0:00.00 [cpuhp/0]                                                        
     14 root      20   0       0      0      0 S   0.0   0.0   0:00.00 [cpuhp/1]                                                        
     15 root      rt   0       0      0      0 S   0.0   0.0   0:00.00 [migration/1]                                                    
     16 root      20   0       0      0      0 S   0.0   0.0   0:00.40 [ksoftirqd/1]                                                    
     19 root      20   0       0      0      0 S   0.0   0.0   0:00.00 [cpuhp/2]                                                        
     20 root      rt   0       0      0      0 S   0.0   0.0   0:00.00 [migration/2]                                                    
     21 root      20   0       0      0      0 S   0.0   0.0   0:00.50 [ksoftirqd/2]                                                    
     23 root       0 -20       0      0      0 I   0.0   0.0   0:00.17 [kworker/2:0H-kblockd]                                           
     24 root      20   0       0      0      0 S   0.0   0.0   0:00.00 [cpuhp/3]                                                        
     25 root      rt   0       0      0      0 S   0.0   0.0   0:00.00 [migration/3]                                                    
     26 root      20   0       0      0      0 S   0.0   0.0   0:00.00 [ksoftirqd/3]                                                    
     27 root      20   0       0      0      0 I   0.0   0.0   0:00.00 [kworker/3:0-mm_percpu_wq]                                       
     28 root       0 -20       0      0      0 I   0.0   0.0   0:00.00 [kworker/3:0H]                                                   
     29 root      20   0       0      0      0 S   0.0   0.0   0:00.01 [kdevtmpfs]                                                      
     30 root       0 -20       0      0      0 I   0.0   0.0   0:00.00 [inet_frag_wq]                                                   
     32 root      20   0       0      0      0 S   0.0   0.0   0:00.02 [kauditd]                                                        
     33 root      20   0       0      0      0 S   0.0   0.0   0:00.00 [oom_reaper]                                                     
     34 root       0 -20       0      0      0 I   0.0   0.0   0:00.00 [writeback]                                                      
     35 root      20   0       0      0      0 S   0.0   0.0   0:00.02 [kcompactd0]                                                     
     36 root      39  19       0      0      0 S   0.0   0.0   0:00.00 [khugepaged]                                                     
     37 root       0 -20       0      0      0 I   0.0   0.0   0:00.00 [kblockd]                                                        
     38 root       0 -20       0      0      0 I   0.0   0.0   0:00.00 [blkcg_punt_bio]                                                 
     39 root       0 -20       0      0      0 I   0.0   0.0   0:00.00 [edac-poller]                                                    
     40 root     -51   0       0      0      0 S   0.0   0.0   0:00.00 [watchdogd]                                                      
     42 root      20   0       0      0      0 I   0.0   0.0   0:00.11 [kworker/1:1-cgroup_destroy]                                     
     43 root       0 -20       0      0      0 I   0.0   0.0   0:00.00 [rpciod]                                                         top - 09:42:33 up 12 min,  2 users,  load average: 0.54, 0.64, 0.46
Tasks: 164 total,   1 running, 163 sleeping,   0 stopped,   0 zombie
%Cpu(s):  2.9 us,  7.4 sy,  0.0 ni, 89.7 id,  0.0 wa,  0.0 hi,  0.1 si,  0.0 st
MiB Mem :    986.7 total,     58.1 free,    152.0 used,    776.7 buff/cache
MiB Swap:      0.0 total,      0.0 free,      0.0 used.    101.7 avail Mem 


   5068 root      20   0   88276   2972   1840 S   6.9   0.3   0:48.73 dpd-smp -u 5                                                     
   6693 root      20   0  633272   7940   4576 S   4.6   0.8   0:29.61 /usr/bin/sync_timing_ptp2stack /etc/sync_timing_ptp2_default.co+ 
   5892 root      20   0    6616   3216   2796 S   3.0   0.3   0:20.66 /usr/local/bin/oda                                               
   6606 root      20   0  609132  12848   7584 S   2.3   1.3   0:19.16 /usr/bin/netopeer2-server -U -m 0770 -v 1                        
   5860 root      20   0  244384   4616   3800 S   2.0   0.5   0:13.36 /usr/bin/sync_timing_core_driver                                 
   2033 root      20   0       0      0      0 S   1.3   0.0   0:08.86 [fpga_drvd]                                                      
   5999 root      20   0  103452  11676   8304 S   1.0   1.2   0:08.18 /usr/local/bin/rud                                               
   4370 root      20   0    3704   2416   1572 S   0.7   0.2   0:04.86 /usr/local/bin/dsclswell                                         
   5969 root      20   0    9456   4380   3416 S   0.7   0.4   0:06.60 /usr/local/bin/devif                                             
   6324 root      20   0  384060   4188   3632 S   0.7   0.4   0:04.64 /usr/local/bin/ptp_ctrl 0                                        
  17012 admin     20   0    5808   2792   2108 R   0.7   0.3   0:01.46 top                                                              
     10 root      20   0       0      0      0 S   0.3   0.0   0:03.55 [ksoftirqd/0]                                                    
   1914 message+  20   0    5796   3616   3132 S   0.3   0.4   0:06.81 /usr/bin/dbus-daemon --system --address=systemd: --nofork --nop+ 
   2241 root      20   0    2164   1056    852 S   0.3   0.1   0:04.40 /sbin/syslogd -n -S -s 10000 -b 20                               
   4550 root      20   0    2376    816    716 S   0.3   0.1   0:01.09 /usr/local/bin/gpio_ctrl                                         
   4753 root      20   0    2456    828    716 S   0.3   0.1   0:00.06 /usr/local/bin/si5518_ctrl 0 1                                   
   5072 root      20   0    3888   2868   2560 S   0.3   0.3   0:00.85 /bin/sh /usr/local/script/run_rfsoc_hard_ip_b.sh                 
   5094 root      20   0  151308   2512   2052 S   0.3   0.2   0:01.27 /usr/local/bin/rfdcd                                             
   5920 root      20   0  304008  19772   4388 S   0.3   2.0   0:09.06 /usr/bin/sysrepod                                                
   6025 root      20   0    9212   3224   2828 S   0.3   0.3   0:00.27 /usr/local/bin/watchdogd                                         
   6244 root      20   0    4020   2904   2548 S   0.3   0.3   0:00.62 /bin/sh /usr/local/script/watchdog_clear.sh                      
   6295 root      20   0   13596   8860   5804 S   0.3   0.9   0:00.66 /usr/local/bin/ncld                                              
  12606 admin     20   0   11412   5276   4132 S   0.3   0.5   0:00.08 sshd: admin@pts/0                                                
      1 root      20   0   97840  10856   6716 S   0.0   1.1   0:13.48 /init                                                            
      2 root      20   0       0      0      0 S   0.0   0.0   0:00.01 [kthreadd]                                                       
      3 root       0 -20       0      0      0 I   0.0   0.0   0:00.00 [rcu_gp]                                                         
      4 root       0 -20       0      0      0 I   0.0   0.0   0:00.00 [rcu_par_gp]                                                     
      5 root       0 -20       0      0      0 I   0.0   0.0   0:00.00 [netns]                                                          
      7 root       0 -20       0      0      0 I   0.0   0.0   0:00.31 [kworker/0:0H-mmc_complete]                                      
      8 root      20   0       0      0      0 I   0.0   0.0   0:05.19 [kworker/u8:0-ext4-rsv-conversion]                               
      9 root       0 -20       0      0      0 I   0.0   0.0   0:00.00 [mm_percpu_wq]                                                   
     11 root      20   0       0      0      0 I   0.0   0.0   0:00.96 [rcu_sched]                                                      
     12 root      rt   0       0      0      0 S   0.0   0.0   0:00.00 [migration/0]                                                    
     13 root      20   0       0      0      0 S   0.0   0.0   0:00.00 [cpuhp/0]                                                        
     14 root      20   0       0      0      0 S   0.0   0.0   0:00.00 [cpuhp/1]                                                        
     15 root      rt   0       0      0      0 S   0.0   0.0   0:00.00 [migration/1]                                                    
     16 root      20   0       0      0      0 S   0.0   0.0   0:00.40 [ksoftirqd/1]                                                    
     19 root      20   0       0      0      0 S   0.0   0.0   0:00.00 [cpuhp/2]                                                        
     20 root      rt   0       0      0      0 S   0.0   0.0   0:00.00 [migration/2]                                                    
     21 root      20   0       0      0      0 S   0.0   0.0   0:00.50 [ksoftirqd/2]                                                    
     23 root       0 -20       0      0      0 I   0.0   0.0   0:00.17 [kworker/2:0H-kblockd]                                           
     24 root      20   0       0      0      0 S   0.0   0.0   0:00.00 [cpuhp/3]                                                        
     25 root      rt   0       0      0      0 S   0.0   0.0   0:00.00 [migration/3]                                                    
     26 root      20   0       0      0      0 S   0.0   0.0   0:00.00 [ksoftirqd/3]                                                    
     27 root      20   0       0      0      0 I   0.0   0.0   0:00.00 [kworker/3:0-mm_percpu_wq]                                       
     28 root       0 -20       0      0      0 I   0.0   0.0   0:00.00 [kworker/3:0H]                                                   
     29 root      20   0       0      0      0 S   0.0   0.0   0:00.01 [kdevtmpfs]                                                      
     30 root       0 -20       0      0      0 I   0.0   0.0   0:00.00 [inet_frag_wq]                                                   
     32 root      20   0       0      0      0 S   0.0   0.0   0:00.02 [kauditd]                                                        
     33 root      20   0       0      0      0 S   0.0   0.0   0:00.00 [oom_reaper]                                                     
     34 root       0 -20       0      0      0 I   0.0   0.0   0:00.00 [writeback]                                                      
     35 root      20   0       0      0      0 S   0.0   0.0   0:00.02 [kcompactd0]                                                     
     36 root      39  19       0      0      0 S   0.0   0.0   0:00.00 [khugepaged]                                                     
     37 root       0 -20       0      0      0 I   0.0   0.0   0:00.00 [kblockd]                                                        top - 09:42:36 up 13 min,  2 users,  load average: 0.49, 0.62, 0.46
Tasks: 165 total,   1 running, 164 sleeping,   0 stopped,   0 zombie
%Cpu(s):  3.5 us,  8.6 sy,  0.0 ni, 87.8 id,  0.0 wa,  0.0 hi,  0.1 si,  0.0 st
MiB Mem :    986.7 total,     58.6 free,    151.3 used,    776.7 buff/cache
MiB Swap:      0.0 total,      0.0 free,      0.0 used.    102.3 avail Mem 


   5068 root      20   0   88276   2972   1840 S   6.6   0.3   0:48.93 dpd-smp -u 5                                                     
   6693 root      20   0  633272   7940   4576 S   4.3   0.8   0:29.74 /usr/bin/sync_timing_ptp2stack /etc/sync_timing_ptp2_default.co+ 
   5892 root      20   0    6616   3216   2796 S   3.0   0.3   0:20.75 /usr/local/bin/oda                                               
   5860 root      20   0  244384   4616   3800 S   2.0   0.5   0:13.42 /usr/bin/sync_timing_core_driver                                 
   6606 root      20   0  609132  12848   7584 S   2.0   1.3   0:19.22 /usr/bin/netopeer2-server -U -m 0770 -v 1                        
   2033 root      20   0       0      0      0 S   1.3   0.0   0:08.90 [fpga_drvd]                                                      
   5969 root      20   0    9456   4380   3416 S   1.0   0.4   0:06.63 /usr/local/bin/devif                                             
   5999 root      20   0  103452  11676   8304 S   1.0   1.2   0:08.21 /usr/local/bin/rud                                               
    191 root      20   0   34496  17172  16380 S   0.7   1.7   0:04.43 /lib/systemd/systemd-journald                                    
   2241 root      20   0    2164   1056    852 S   0.7   0.1   0:04.42 /sbin/syslogd -n -S -s 10000 -b 20                               
   4370 root      20   0    3704   2416   1572 S   0.7   0.2   0:04.88 /usr/local/bin/dsclswell                                         
   6324 root      20   0  384060   4188   3632 S   0.7   0.4   0:04.66 /usr/local/bin/ptp_ctrl 0                                        
  17012 admin     20   0    5808   2792   2108 R   0.7   0.3   0:01.48 top                                                              
      1 root      20   0   97840  10856   6716 S   0.3   1.1   0:13.49 /init                                                            
     11 root      20   0       0      0      0 I   0.3   0.0   0:00.97 [rcu_sched]                                                      
     16 root      20   0       0      0      0 S   0.3   0.0   0:00.41 [ksoftirqd/1]                                                    
   1914 message+  20   0    5796   3616   3132 S   0.3   0.4   0:06.82 /usr/bin/dbus-daemon --system --address=systemd: --nofork --nop+ 
   4318 root      20   0  201072  15040   1580 S   0.3   1.5   0:00.93 /usr/local/bin/dscllogd                                          
   6354 root      20   0  605084   4260   3512 S   0.3   0.4   0:01.27 /usr/local/bin/synce_ctrl 0                                      
   6560 root      20   0    3712   1616   1472 S   0.3   0.2   0:00.39 /usr/local/bin/if_mdio_ctrl 0 eth0                               
      2 root      20   0       0      0      0 S   0.0   0.0   0:00.01 [kthreadd]                                                       
      3 root       0 -20       0      0      0 I   0.0   0.0   0:00.00 [rcu_gp]                                                         
      4 root       0 -20       0      0      0 I   0.0   0.0   0:00.00 [rcu_par_gp]                                                     
      5 root       0 -20       0      0      0 I   0.0   0.0   0:00.00 [netns]                                                          
      7 root       0 -20       0      0      0 I   0.0   0.0   0:00.31 [kworker/0:0H-kblockd]                                           
      8 root      20   0       0      0      0 I   0.0   0.0   0:05.19 [kworker/u8:0-ext4-rsv-conversion]                               
      9 root       0 -20       0      0      0 I   0.0   0.0   0:00.00 [mm_percpu_wq]                                                   
     10 root      20   0       0      0      0 S   0.0   0.0   0:03.55 [ksoftirqd/0]                                                    
     12 root      rt   0       0      0      0 S   0.0   0.0   0:00.00 [migration/0]                                                    
     13 root      20   0       0      0      0 S   0.0   0.0   0:00.00 [cpuhp/0]                                                        
     14 root      20   0       0      0      0 S   0.0   0.0   0:00.00 [cpuhp/1]                                                        
     15 root      rt   0       0      0      0 S   0.0   0.0   0:00.00 [migration/1]                                                    
     19 root      20   0       0      0      0 S   0.0   0.0   0:00.00 [cpuhp/2]                                                        
     20 root      rt   0       0      0      0 S   0.0   0.0   0:00.00 [migration/2]                                                    
     21 root      20   0       0      0      0 S   0.0   0.0   0:00.50 [ksoftirqd/2]                                                    
     23 root       0 -20       0      0      0 I   0.0   0.0   0:00.17 [kworker/2:0H-kblockd]                                           
     24 root      20   0       0      0      0 S   0.0   0.0   0:00.00 [cpuhp/3]                                                        
     25 root      rt   0       0      0      0 S   0.0   0.0   0:00.00 [migration/3]                                                    
     26 root      20   0       0      0      0 S   0.0   0.0   0:00.00 [ksoftirqd/3]                                                    
     27 root      20   0       0      0      0 I   0.0   0.0   0:00.00 [kworker/3:0-mm_percpu_wq]                                       
     28 root       0 -20       0      0      0 I   0.0   0.0   0:00.00 [kworker/3:0H]                                                   
     29 root      20   0       0      0      0 S   0.0   0.0   0:00.01 [kdevtmpfs]                                                      
     30 root       0 -20       0      0      0 I   0.0   0.0   0:00.00 [inet_frag_wq]                                                   
     32 root      20   0       0      0      0 S   0.0   0.0   0:00.02 [kauditd]                                                        
     33 root      20   0       0      0      0 S   0.0   0.0   0:00.00 [oom_reaper]                                                     
     34 root       0 -20       0      0      0 I   0.0   0.0   0:00.00 [writeback]                                                      
     35 root      20   0       0      0      0 S   0.0   0.0   0:00.02 [kcompactd0]                                                     
     36 root      39  19       0      0      0 S   0.0   0.0   0:00.00 [khugepaged]                                                     
     37 root       0 -20       0      0      0 I   0.0   0.0   0:00.00 [kblockd]                                                        
     38 root       0 -20       0      0      0 I   0.0   0.0   0:00.00 [blkcg_punt_bio]                                                 
     39 root       0 -20       0      0      0 I   0.0   0.0   0:00.00 [edac-poller]                                                    
     40 root     -51   0       0      0      0 S   0.0   0.0   0:00.00 [watchdogd]                                                      
     42 root      20   0       0      0      0 I   0.0   0.0   0:00.11 [kworker/1:1-cgroup_destroy]                                     
     43 root       0 -20       0      0      0 I   0.0   0.0   0:00.00 [rpciod]                                                         top - 09:42:39 up 13 min,  2 users,  load average: 0.49, 0.62, 0.46
Tasks: 166 total,   2 running, 164 sleeping,   0 stopped,   0 zombie
%Cpu(s):  3.3 us,  7.4 sy,  0.0 ni, 89.1 id,  0.0 wa,  0.0 hi,  0.1 si,  0.0 st
MiB Mem : 89.7/986.7    [|||||||||||||||||||||||||||||||||||||||||||||||||||||||||||||||||||||||||||||||||||||||||           ]
MiB Swap:  0.0/0.0      [                                                                                                    ]

    PID USER      PR  NI    VIRT    RES    SHR S  %CPU  %MEM     TIME+ COMMAND                                                          
   5068 root      20   0   88276   2972   1840 R   6.4   0.3   0:49.10 dpd-smp -u 5                                                     
   6693 root      20   0  633272   7940   4576 S   4.1   0.8   0:29.85 /usr/bin/sync_timing_ptp2stack /etc/sync_timing_ptp2_default.co+ 
   5892 root      20   0    6616   3216   2796 S   3.4   0.3   0:20.84 /usr/local/bin/oda                                               
   6606 root      20   0  609132  12848   7584 S   2.2   1.3   0:19.28 /usr/bin/netopeer2-server -U -m 0770 -v 1                        
   5860 root      20   0  244384   4616   3800 S   1.9   0.5   0:13.47 /usr/bin/sync_timing_core_driver                                 
   2033 root      20   0       0      0      0 S   1.5   0.0   0:08.94 [fpga_drvd]                                                      
   5969 root      20   0    9456   4380   3416 S   1.5   0.4   0:06.67 /usr/local/bin/devif                                             
   5999 root      20   0  103452  11676   8304 S   1.5   1.2   0:08.25 /usr/local/bin/rud                                               
    191 root      20   0   34496  17172  16380 S   0.7   1.7   0:04.45 /lib/systemd/systemd-journald                                    
   2241 root      20   0    2164   1056    852 S   0.7   0.1   0:04.44 /sbin/syslogd -n -S -s 10000 -b 20                               
  17012 admin     20   0    5808   2792   2108 R   0.7   0.3   0:01.50 top                                                              
   1905 systemd+  20   0   83588   2572   2152 S   0.4   0.3   0:00.40 /lib/systemd/systemd-timesyncd                                   
   1914 message+  20   0    5796   3616   3132 S   0.4   0.4   0:06.83 /usr/bin/dbus-daemon --system --address=systemd: --nofork --nop+ 
   5094 root      20   0  151308   2512   2052 S   0.4   0.2   0:01.28 /usr/local/bin/rfdcd                                             
   6324 root      20   0  384060   4188   3632 S   0.4   0.4   0:04.67 /usr/local/bin/ptp_ctrl 0                                        
   6950 root      20   0   76244    832    720 S   0.4   0.1   0:00.24 /usr/local/bin/netstat_ctrl 0                                    
  10402 admin     20   0   12968   8816   6532 S   0.4   0.9   0:01.81 /lib/systemd/systemd --user                                      
      1 root      20   0   97840  10856   6716 S   0.0   1.1   0:13.49 /init                                                            
      2 root      20   0       0      0      0 S   0.0   0.0   0:00.01 [kthreadd]                                                       
      3 root       0 -20       0      0      0 I   0.0   0.0   0:00.00 [rcu_gp]                                                         
      4 root       0 -20       0      0      0 I   0.0   0.0   0:00.00 [rcu_par_gp]                                                     
      5 root       0 -20       0      0      0 I   0.0   0.0   0:00.00 [netns]                                                          
      7 root       0 -20       0      0      0 I   0.0   0.0   0:00.31 [kworker/0:0H-mmc_complete]                                      
      8 root      20   0       0      0      0 I   0.0   0.0   0:05.19 [kworker/u8:0-ext4-rsv-conversion]                               
      9 root       0 -20       0      0      0 I   0.0   0.0   0:00.00 [mm_percpu_wq]                                                   
     10 root      20   0       0      0      0 S   0.0   0.0   0:03.55 [ksoftirqd/0]                                                    
     11 root      20   0       0      0      0 I   0.0   0.0   0:00.97 [rcu_sched]                                                      
     12 root      rt   0       0      0      0 S   0.0   0.0   0:00.00 [migration/0]                                                    
     13 root      20   0       0      0      0 S   0.0   0.0   0:00.00 [cpuhp/0]                                                        
     14 root      20   0       0      0      0 S   0.0   0.0   0:00.00 [cpuhp/1]                                                        
     15 root      rt   0       0      0      0 S   0.0   0.0   0:00.00 [migration/1]                                                    
     16 root      20   0       0      0      0 S   0.0   0.0   0:00.41 [ksoftirqd/1]                                                    
     19 root      20   0       0      0      0 S   0.0   0.0   0:00.00 [cpuhp/2]                                                        
     20 root      rt   0       0      0      0 S   0.0   0.0   0:00.00 [migration/2]                                                    
     21 root      20   0       0      0      0 S   0.0   0.0   0:00.50 [ksoftirqd/2]                                                    
     23 root       0 -20       0      0      0 I   0.0   0.0   0:00.17 [kworker/2:0H-kblockd]                                           
     24 root      20   0       0      0      0 S   0.0   0.0   0:00.00 [cpuhp/3]                                                        
     25 root      rt   0       0      0      0 S   0.0   0.0   0:00.00 [migration/3]                                                    
     26 root      20   0       0      0      0 S   0.0   0.0   0:00.00 [ksoftirqd/3]                                                    
     27 root      20   0       0      0      0 I   0.0   0.0   0:00.00 [kworker/3:0-mm_percpu_wq]                                       
     28 root       0 -20       0      0      0 I   0.0   0.0   0:00.00 [kworker/3:0H]                                                   
     29 root      20   0       0      0      0 S   0.0   0.0   0:00.01 [kdevtmpfs]                                                      
     30 root       0 -20       0      0      0 I   0.0   0.0   0:00.00 [inet_frag_wq]                                                   
     32 root      20   0       0      0      0 S   0.0   0.0   0:00.02 [kauditd]                                                        
     33 root      20   0       0      0      0 S   0.0   0.0   0:00.00 [oom_reaper]                                                     
     34 root       0 -20       0      0      0 I   0.0   0.0   0:00.00 [writeback]                                                      
     35 root      20   0       0      0      0 S   0.0   0.0   0:00.02 [kcompactd0]                                                     
     36 root      39  19       0      0      0 S   0.0   0.0   0:00.00 [khugepaged]                                                     
     37 root       0 -20       0      0      0 I   0.0   0.0   0:00.00 [kblockd]                                                        
     38 root       0 -20       0      0      0 I   0.0   0.0   0:00.00 [blkcg_punt_bio]                                                 
     39 root       0 -20       0      0      0 I   0.0   0.0   0:00.00 [edac-poller]                                                    
     40 root     -51   0       0      0      0 S   0.0   0.0   0:00.00 [watchdogd]                                                      
     42 root      20   0       0      0      0 I   0.0   0.0   0:00.11 [kworker/1:1-cgroup_destroy]                                     
     43 root       0 -20       0      0      0 I   0.0   0.0   0:00.00 [rpciod]                                                         top - 09:42:42 up 13 min,  2 users,  load average: 0.53, 0.63, 0.46

%Cpu(s):  3.1 us,  6.7 sy,  0.0 ni, 90.2 id,  0.0 wa,  0.0 hi,  0.0 si,  0.0 st




   5068 root      20   0   88276   2972   1840 S   6.6   0.3   0:49.30 dpd-smp -u 5                                                     
   6693 root      20   0  633272   7940   4576 S   4.6   0.8   0:29.99 /usr/bin/sync_timing_ptp2stack /etc/sync_timing_ptp2_default.co+ 
   5892 root      20   0    6616   3216   2796 S   3.0   0.3   0:20.93 /usr/local/bin/oda                                               
   5860 root      20   0  244384   4616   3800 S   2.0   0.5   0:13.53 /usr/bin/sync_timing_core_driver                                 
   6606 root      20   0  609132  12848   7584 S   2.0   1.3   0:19.34 /usr/bin/netopeer2-server -U -m 0770 -v 1                        
   2033 root      20   0       0      0      0 S   1.3   0.0   0:08.98 [fpga_drvd]                                                      
   5999 root      20   0  103452  11676   8304 S   1.0   1.2   0:08.28 /usr/local/bin/rud                                               
   6324 root      20   0  384060   4188   3632 S   1.0   0.4   0:04.70 /usr/local/bin/ptp_ctrl 0                                        
    191 root      20   0   34496  17172  16380 S   0.7   1.7   0:04.47 /lib/systemd/systemd-journald                                    
   5969 root      20   0    9456   4380   3416 S   0.7   0.4   0:06.69 /usr/local/bin/devif                                             
  17012 admin     20   0    5808   2792   2108 R   0.7   0.3   0:01.52 top                                                              
     21 root      20   0       0      0      0 S   0.3   0.0   0:00.51 [ksoftirqd/2]                                                    
   1914 message+  20   0    5796   3616   3132 S   0.3   0.4   0:06.84 /usr/bin/dbus-daemon --system --address=systemd: --nofork --nop+ 
   1927 root      20   0    9940   5096   4572 S   0.3   0.5   0:00.64 /lib/systemd/systemd-logind                                      
   2241 root      20   0    2164   1056    852 S   0.3   0.1   0:04.45 /sbin/syslogd -n -S -s 10000 -b 20                               
   4344 root      20   0    2364    796    708 S   0.3   0.1   0:00.16 /usr/local/bin/dsclrotate                                        
   4370 root      20   0    3704   2416   1572 S   0.3   0.2   0:04.89 /usr/local/bin/dsclswell                                         
   4550 root      20   0    2376    816    716 S   0.3   0.1   0:01.10 /usr/local/bin/gpio_ctrl                                         
      1 root      20   0   97840  10856   6716 S   0.0   1.1   0:13.49 /init                                                            
      2 root      20   0       0      0      0 S   0.0   0.0   0:00.01 [kthreadd]                                                       
      3 root       0 -20       0      0      0 I   0.0   0.0   0:00.00 [rcu_gp]                                                         
      4 root       0 -20       0      0      0 I   0.0   0.0   0:00.00 [rcu_par_gp]                                                     
      5 root       0 -20       0      0      0 I   0.0   0.0   0:00.00 [netns]                                                          
      7 root       0 -20       0      0      0 I   0.0   0.0   0:00.31 [kworker/0:0H-mmc_complete]                                      
      8 root      20   0       0      0      0 I   0.0   0.0   0:05.19 [kworker/u8:0-ext4-rsv-conversion]                               
      9 root       0 -20       0      0      0 I   0.0   0.0   0:00.00 [mm_percpu_wq]                                                   
     10 root      20   0       0      0      0 S   0.0   0.0   0:03.55 [ksoftirqd/0]                                                    
     11 root      20   0       0      0      0 I   0.0   0.0   0:00.97 [rcu_sched]                                                      
     12 root      rt   0       0      0      0 S   0.0   0.0   0:00.00 [migration/0]                                                    
     13 root      20   0       0      0      0 S   0.0   0.0   0:00.00 [cpuhp/0]                                                        
     14 root      20   0       0      0      0 S   0.0   0.0   0:00.00 [cpuhp/1]                                                        
     15 root      rt   0       0      0      0 S   0.0   0.0   0:00.00 [migration/1]                                                    
     16 root      20   0       0      0      0 S   0.0   0.0   0:00.41 [ksoftirqd/1]                                                    
     19 root      20   0       0      0      0 S   0.0   0.0   0:00.00 [cpuhp/2]                                                        
     20 root      rt   0       0      0      0 S   0.0   0.0   0:00.00 [migration/2]                                                    


















top - 09:42:44 up 13 min,  2 users,  load average: 0.53, 0.63, 0.46
Tasks: 166 total,   1 running, 165 sleeping,   0 stopped,   0 zombie
%Cpu(s):  2.9 us,  8.6 sy,  0.0 ni, 88.2 id,  0.2 wa,  0.0 hi,  0.2 si,  0.0 st
MiB Mem : 89.8/986.7    [                                                                                                    ]
MiB Swap:  0.0/0.0      [                                                                                                    ]

    PID USER      PR  NI    VIRT    RES    SHR S  %CPU  %MEM     TIME+ COMMAND                                                          
   5068 root      20   0   88276   2972   1840 S   7.1   0.3   0:49.42 dpd-smp -u 5                                                     
   6693 root      20   0  633272   7940   4576 S   4.2   0.8   0:30.06 /usr/bin/sync_timing_ptp2stack /etc/sync_timing_ptp2_default.co+ 
   5892 root      20   0    6616   3216   2796 S   3.0   0.3   0:20.98 /usr/local/bin/oda                                               
   6606 root      20   0  609132  12848   7584 S   2.4   1.3   0:19.38 /usr/bin/netopeer2-server -U -m 0770 -v 1                        
   5860 root      20   0  244384   4616   3800 S   1.8   0.5   0:13.56 /usr/bin/sync_timing_core_driver                                 
  17012 admin     20   0    5808   2792   2108 R   1.8   0.3   0:01.55 top                                                              
   2033 root      20   0       0      0      0 S   1.2   0.0   0:09.00 [fpga_drvd]                                                      
   2241 root      20   0    2164   1056    852 S   1.2   0.1   0:04.47 /sbin/syslogd -n -S -s 10000 -b 20                               
   4370 root      20   0    3704   2416   1572 S   1.2   0.2   0:04.91 /usr/local/bin/dsclswell                                         
   5969 root      20   0    9456   4380   3416 S   1.2   0.4   0:06.71 /usr/local/bin/devif                                             
     11 root      20   0       0      0      0 I   0.6   0.0   0:00.98 [rcu_sched]                                                      
    202 root      20   0       0      0      0 I   0.6   0.0   0:00.59 [kworker/2:3-events_long]                                        
   1914 message+  20   0    5796   3616   3132 S   0.6   0.4   0:06.85 /usr/bin/dbus-daemon --system --address=systemd: --nofork --nop+ 
   5999 root      20   0  103452  11676   8304 S   0.6   1.2   0:08.29 /usr/local/bin/rud                                               
   6244 root      20   0    4020   2904   2548 S   0.6   0.3   0:00.63 /bin/sh /usr/local/script/watchdog_clear.sh                      
   6324 root      20   0  384060   4188   3632 S   0.6   0.4   0:04.71 /usr/local/bin/ptp_ctrl 0                                        
   6354 root      20   0  605084   4260   3512 S   0.6   0.4   0:01.28 /usr/local/bin/synce_ctrl 0                                      
  10918 root      20   0       0      0      0 I   0.6   0.0   0:00.13 [kworker/u8:1-events_unbound]                                    
      1 root      20   0   97840  10856   6716 S   0.0   1.1   0:13.49 /init                                                            
      2 root      20   0       0      0      0 S   0.0   0.0   0:00.01 [kthreadd]                                                       
      3 root       0 -20       0      0      0 I   0.0   0.0   0:00.00 [rcu_gp]                                                         
      4 root       0 -20       0      0      0 I   0.0   0.0   0:00.00 [rcu_par_gp]                                                     
      5 root       0 -20       0      0      0 I   0.0   0.0   0:00.00 [netns]                                                          
      7 root       0 -20       0      0      0 I   0.0   0.0   0:00.31 [kworker/0:0H-mmc_complete]                                      
      8 root      20   0       0      0      0 I   0.0   0.0   0:05.19 [kworker/u8:0-ext4-rsv-conversion]                               
      9 root       0 -20       0      0      0 I   0.0   0.0   0:00.00 [mm_percpu_wq]                                                   
     10 root      20   0       0      0      0 S   0.0   0.0   0:03.55 [ksoftirqd/0]                                                    
     12 root      rt   0       0      0      0 S   0.0   0.0   0:00.00 [migration/0]                                                    
     13 root      20   0       0      0      0 S   0.0   0.0   0:00.00 [cpuhp/0]                                                        
     14 root      20   0       0      0      0 S   0.0   0.0   0:00.00 [cpuhp/1]                                                        
     15 root      rt   0       0      0      0 S   0.0   0.0   0:00.00 [migration/1]                                                    
     16 root      20   0       0      0      0 S   0.0   0.0   0:00.41 [ksoftirqd/1]                                                    
     19 root      20   0       0      0      0 S   0.0   0.0   0:00.00 [cpuhp/2]                                                        
     20 root      rt   0       0      0      0 S   0.0   0.0   0:00.00 [migration/2]                                                    
     21 root      20   0       0      0      0 S   0.0   0.0   0:00.51 [ksoftirqd/2]                                                    
     23 root       0 -20       0      0      0 I   0.0   0.0   0:00.17 [kworker/2:0H-kblockd]                                           
     24 root      20   0       0      0      0 S   0.0   0.0   0:00.00 [cpuhp/3]                                                        
     25 root      rt   0       0      0      0 S   0.0   0.0   0:00.00 [migration/3]                                                    
     26 root      20   0       0      0      0 S   0.0   0.0   0:00.00 [ksoftirqd/3]                                                    
     27 root      20   0       0      0      0 I   0.0   0.0   0:00.00 [kworker/3:0-mm_percpu_wq]                                       
     28 root       0 -20       0      0      0 I   0.0   0.0   0:00.00 [kworker/3:0H]                                                   
     29 root      20   0       0      0      0 S   0.0   0.0   0:00.01 [kdevtmpfs]                                                      
     30 root       0 -20       0      0      0 I   0.0   0.0   0:00.00 [inet_frag_wq]                                                   
     32 root      20   0       0      0      0 S   0.0   0.0   0:00.02 [kauditd]                                                        
     33 root      20   0       0      0      0 S   0.0   0.0   0:00.00 [oom_reaper]                                                     
     34 root       0 -20       0      0      0 I   0.0   0.0   0:00.00 [writeback]                                                      
     35 root      20   0       0      0      0 S   0.0   0.0   0:00.02 [kcompactd0]                                                     
     36 root      39  19       0      0      0 S   0.0   0.0   0:00.00 [khugepaged]                                                     
     37 root       0 -20       0      0      0 I   0.0   0.0   0:00.00 [kblockd]                                                        
     38 root       0 -20       0      0      0 I   0.0   0.0   0:00.00 [blkcg_punt_bio]                                                 
     39 root       0 -20       0      0      0 I   0.0   0.0   0:00.00 [edac-poller]                                                    
     40 root     -51   0       0      0      0 S   0.0   0.0   0:00.00 [watchdogd]                                                      
     42 root      20   0       0      0      0 I   0.0   0.0   0:00.11 [kworker/1:1-cgroup_destroy]                                     
     43 root       0 -20       0      0      0 I   0.0   0.0   0:00.00 [rpciod]                                                         top - 09:42:46 up 13 min,  2 users,  load average: 0.53, 0.63, 0.46
Tasks: 166 total,   1 running, 165 sleeping,   0 stopped,   0 zombie
%Cpu(s):  3.1 us,  7.9 sy,  0.0 ni, 89.0 id,  0.0 wa,  0.0 hi,  0.0 si,  0.0 st

    PID USER      PR  NI    VIRT    RES    SHR S  %CPU  %MEM     TIME+ COMMAND                                                          
   5068 root      20   0   88276   2972   1840 S   6.3   0.3   0:49.53 dpd-smp -u 5                                                     
   6693 root      20   0  633272   7940   4576 S   4.6   0.8   0:30.14 /usr/bin/sync_timing_ptp2stack /etc/sync_timing_ptp2_default.co+ 
   5892 root      20   0    6616   3216   2796 S   3.4   0.3   0:21.04 /usr/local/bin/oda                                               
   5860 root      20   0  244384   4616   3800 S   2.9   0.5   0:13.61 /usr/bin/sync_timing_core_driver                                 
   6606 root      20   0  609132  12848   7584 S   2.3   1.3   0:19.42 /usr/bin/netopeer2-server -U -m 0770 -v 1                        
   5999 root      20   0  103452  11676   8304 S   1.7   1.2   0:08.32 /usr/local/bin/rud                                               
   2033 root      20   0       0      0      0 S   1.1   0.0   0:09.02 [fpga_drvd]                                                      
   2241 root      20   0    2164   1056    852 S   1.1   0.1   0:04.49 /sbin/syslogd -n -S -s 10000 -b 20                               
   4370 root      20   0    3704   2416   1572 S   1.1   0.2   0:04.93 /usr/local/bin/dsclswell                                         
   5969 root      20   0    9456   4380   3416 S   1.1   0.4   0:06.73 /usr/local/bin/devif                                             
  17012 admin     20   0    5808   2792   2108 R   1.1   0.3   0:01.57 top                                                              
      1 root      20   0   97840  10856   6716 S   0.6   1.1   0:13.50 /init                                                            
   4318 root      20   0  201072  15040   1580 S   0.6   1.5   0:00.94 /usr/local/bin/dscllogd                                          
   6324 root      20   0  384060   4188   3632 S   0.6   0.4   0:04.72 /usr/local/bin/ptp_ctrl 0                                        
   6950 root      20   0   76244    832    720 S   0.6   0.1   0:00.25 /usr/local/bin/netstat_ctrl 0                                    
      2 root      20   0       0      0      0 S   0.0   0.0   0:00.01 [kthreadd]                                                       
      3 root       0 -20       0      0      0 I   0.0   0.0   0:00.00 [rcu_gp]                                                         
      4 root       0 -20       0      0      0 I   0.0   0.0   0:00.00 [rcu_par_gp]                                                     
      5 root       0 -20       0      0      0 I   0.0   0.0   0:00.00 [netns]                                                          
      7 root       0 -20       0      0      0 I   0.0   0.0   0:00.31 [kworker/0:0H-mmc_complete]                                      
      8 root      20   0       0      0      0 I   0.0   0.0   0:05.19 [kworker/u8:0-ext4-rsv-conversion]                               
      9 root       0 -20       0      0      0 I   0.0   0.0   0:00.00 [mm_percpu_wq]                                                   
     10 root      20   0       0      0      0 S   0.0   0.0   0:03.55 [ksoftirqd/0]                                                    
     11 root      20   0       0      0      0 I   0.0   0.0   0:00.98 [rcu_sched]                                                      
     12 root      rt   0       0      0      0 S   0.0   0.0   0:00.00 [migration/0]                                                    
     13 root      20   0       0      0      0 S   0.0   0.0   0:00.00 [cpuhp/0]                                                        
     14 root      20   0       0      0      0 S   0.0   0.0   0:00.00 [cpuhp/1]                                                        
     15 root      rt   0       0      0      0 S   0.0   0.0   0:00.00 [migration/1]                                                    
     16 root      20   0       0      0      0 S   0.0   0.0   0:00.41 [ksoftirqd/1]                                                    
     19 root      20   0       0      0      0 S   0.0   0.0   0:00.00 [cpuhp/2]                                                        
     20 root      rt   0       0      0      0 S   0.0   0.0   0:00.00 [migration/2]                                                    
     21 root      20   0       0      0      0 S   0.0   0.0   0:00.51 [ksoftirqd/2]                                                    
     23 root       0 -20       0      0      0 I   0.0   0.0   0:00.17 [kworker/2:0H-kblockd]                                           
     24 root      20   0       0      0      0 S   0.0   0.0   0:00.00 [cpuhp/3]                                                        
     25 root      rt   0       0      0      0 S   0.0   0.0   0:00.00 [migration/3]                                                    
     26 root      20   0       0      0      0 S   0.0   0.0   0:00.00 [ksoftirqd/3]                                                    
     27 root      20   0       0      0      0 I   0.0   0.0   0:00.00 [kworker/3:0-mm_percpu_wq]                                       
     28 root       0 -20       0      0      0 I   0.0   0.0   0:00.00 [kworker/3:0H]                                                   
     29 root      20   0       0      0      0 S   0.0   0.0   0:00.01 [kdevtmpfs]                                                      
     30 root       0 -20       0      0      0 I   0.0   0.0   0:00.00 [inet_frag_wq]                                                   
     32 root      20   0       0      0      0 S   0.0   0.0   0:00.02 [kauditd]                                                        
     33 root      20   0       0      0      0 S   0.0   0.0   0:00.00 [oom_reaper]                                                     
     34 root       0 -20       0      0      0 I   0.0   0.0   0:00.00 [writeback]                                                      
     35 root      20   0       0      0      0 S   0.0   0.0   0:00.02 [kcompactd0]                                                     
     36 root      39  19       0      0      0 S   0.0   0.0   0:00.00 [khugepaged]                                                     
     37 root       0 -20       0      0      0 I   0.0   0.0   0:00.00 [kblockd]                                                        
     38 root       0 -20       0      0      0 I   0.0   0.0   0:00.00 [blkcg_punt_bio]                                                 
     39 root       0 -20       0      0      0 I   0.0   0.0   0:00.00 [edac-poller]                                                    
     40 root     -51   0       0      0      0 S   0.0   0.0   0:00.00 [watchdogd]                                                      
     42 root      20   0       0      0      0 I   0.0   0.0   0:00.11 [kworker/1:1-cgroup_destroy]                                     
     43 root       0 -20       0      0      0 I   0.0   0.0   0:00.00 [rpciod]                                                         
     45 root       0 -20       0      0      0 I   0.0   0.0   0:00.00 [xprtiod]                                                        
     47 root      20   0       0      0      0 S   0.0   0.0   0:00.35 [kswapd0]                                                        
     48 root      20   0       0      0      0 S   0.0   0.0   0:00.00 [ecryptfs-kthread]                                               
     49 root       0 -20       0      0      0 I   0.0   0.0   0:00.00 [nfsiod]                                                         
     51 root      20   0       0      0      0 S   0.0   0.0   0:00.00 [xenbus_probe]                                                   top - 09:42:47 up 13 min,  2 users,  load average: 0.49, 0.62, 0.46
Tasks: 165 total,   1 running, 164 sleeping,   0 stopped,   0 zombie
%Cpu(s):  3.7 us,  8.0 sy,  0.0 ni, 88.3 id,  0.0 wa,  0.0 hi,  0.0 si,  0.0 st
MiB Mem :    986.7 total,     56.9 free,    152.7 used,    777.1 buff/cache
MiB Swap:      0.0 total,      0.0 free,      0.0 used.    101.0 avail Mem 

    PID USER      PR  NI    VIRT    RES    SHR S  %CPU  %MEM     TIME+ COMMAND                                                          
   5068 root      20   0   88276   2972   1840 S   6.3   0.3   0:49.62 dpd-smp -u 5                                                     
   6693 root      20   0  633272   7940   4576 S   4.2   0.8   0:30.20 /usr/bin/sync_timing_ptp2stack /etc/sync_timing_ptp2_default.co+ 
   5892 root      20   0    6616   3216   2796 S   2.8   0.3   0:21.08 /usr/local/bin/oda                                               
   6606 root      20   0  609132  12848   7584 S   2.1   1.3   0:19.45 /usr/bin/netopeer2-server -U -m 0770 -v 1                        
   2033 root      20   0       0      0      0 S   1.4   0.0   0:09.04 [fpga_drvd]                                                      
   5860 root      20   0  244384   4616   3800 S   1.4   0.5   0:13.63 /usr/bin/sync_timing_core_driver                                 
  17012 admin     20   0    5808   2792   2108 R   1.4   0.3   0:01.59 top                                                              
     10 root      20   0       0      0      0 S   0.7   0.0   0:03.56 [ksoftirqd/0]                                                    
     52 root      20   0       0      0      0 I   0.7   0.0   0:00.30 [kworker/0:2-events]                                             
    191 root      20   0   34496  17172  16380 S   0.7   1.7   0:04.48 /lib/systemd/systemd-journald                                    
   1914 message+  20   0    5796   3616   3132 S   0.7   0.4   0:06.86 /usr/bin/dbus-daemon --system --address=systemd: --nofork --nop+ 
   4398 root      20   0    2380    820    720 S   0.7   0.1   0:00.06 /usr/local/bin/pkg_ctrl                                          
   4550 root      20   0    2376    816    716 S   0.7   0.1   0:01.11 /usr/local/bin/gpio_ctrl                                         
   5072 root      20   0    3888   2868   2560 S   0.7   0.3   0:00.86 /bin/sh /usr/local/script/run_rfsoc_hard_ip_b.sh                 
   5094 root      20   0  151308   2512   2052 S   0.7   0.2   0:01.29 /usr/local/bin/rfdcd                                             
   5969 root      20   0    9456   4380   3416 S   0.7   0.4   0:06.74 /usr/local/bin/devif                                             
   5999 root      20   0  103452  11676   8304 S   0.7   1.2   0:08.33 /usr/local/bin/rud                                               
   6324 root      20   0  384060   4188   3632 S   0.7   0.4   0:04.73 /usr/local/bin/ptp_ctrl 0                                        
   6354 root      20   0  605084   4260   3512 S   0.7   0.4   0:01.29 /usr/local/bin/synce_ctrl 0                                      
      1 root      20   0   97840  10856   6716 S   0.0   1.1   0:13.50 /init                                                            
      2 root      20   0       0      0      0 S   0.0   0.0   0:00.01 [kthreadd]                                                       
      3 root       0 -20       0      0      0 I   0.0   0.0   0:00.00 [rcu_gp]                                                         
      4 root       0 -20       0      0      0 I   0.0   0.0   0:00.00 [rcu_par_gp]                                                     
      5 root       0 -20       0      0      0 I   0.0   0.0   0:00.00 [netns]                                                          
      7 root       0 -20       0      0      0 I   0.0   0.0   0:00.31 [kworker/0:0H-mmc_complete]                                      
      8 root      20   0       0      0      0 I   0.0   0.0   0:05.19 [kworker/u8:0-ext4-rsv-conversion]                               
      9 root       0 -20       0      0      0 I   0.0   0.0   0:00.00 [mm_percpu_wq]                                                   
     11 root      20   0       0      0      0 I   0.0   0.0   0:00.98 [rcu_sched]                                                      
     12 root      rt   0       0      0      0 S   0.0   0.0   0:00.00 [migration/0]                                                    
     13 root      20   0       0      0      0 S   0.0   0.0   0:00.00 [cpuhp/0]                                                        
     14 root      20   0       0      0      0 S   0.0   0.0   0:00.00 [cpuhp/1]                                                        
     15 root      rt   0       0      0      0 S   0.0   0.0   0:00.00 [migration/1]                                                    
     16 root      20   0       0      0      0 S   0.0   0.0   0:00.41 [ksoftirqd/1]                                                    
     19 root      20   0       0      0      0 S   0.0   0.0   0:00.00 [cpuhp/2]                                                        
     20 root      rt   0       0      0      0 S   0.0   0.0   0:00.00 [migration/2]                                                    
     21 root      20   0       0      0      0 S   0.0   0.0   0:00.51 [ksoftirqd/2]                                                    
     23 root       0 -20       0      0      0 I   0.0   0.0   0:00.17 [kworker/2:0H-kblockd]                                           
     24 root      20   0       0      0      0 S   0.0   0.0   0:00.00 [cpuhp/3]                                                        
     25 root      rt   0       0      0      0 S   0.0   0.0   0:00.00 [migration/3]                                                    
     26 root      20   0       0      0      0 S   0.0   0.0   0:00.00 [ksoftirqd/3]                                                    
     27 root      20   0       0      0      0 I   0.0   0.0   0:00.00 [kworker/3:0-mm_percpu_wq]                                       
     28 root       0 -20       0      0      0 I   0.0   0.0   0:00.00 [kworker/3:0H]                                                   
     29 root      20   0       0      0      0 S   0.0   0.0   0:00.01 [kdevtmpfs]                                                      
     30 root       0 -20       0      0      0 I   0.0   0.0   0:00.00 [inet_frag_wq]                                                   
     32 root      20   0       0      0      0 S   0.0   0.0   0:00.02 [kauditd]                                                        
     33 root      20   0       0      0      0 S   0.0   0.0   0:00.00 [oom_reaper]                                                     
     34 root       0 -20       0      0      0 I   0.0   0.0   0:00.00 [writeback]                                                      
     35 root      20   0       0      0      0 S   0.0   0.0   0:00.02 [kcompactd0]                                                     
     36 root      39  19       0      0      0 S   0.0   0.0   0:00.00 [khugepaged]                                                     
     37 root       0 -20       0      0      0 I   0.0   0.0   0:00.00 [kblockd]                                                        
     38 root       0 -20       0      0      0 I   0.0   0.0   0:00.00 [blkcg_punt_bio]                                                 
     39 root       0 -20       0      0      0 I   0.0   0.0   0:00.00 [edac-poller]                                                    
     40 root     -51   0       0      0      0 S   0.0   0.0   0:00.00 [watchdogd]                                                      
     42 root      20   0       0      0      0 I   0.0   0.0   0:00.11 [kworker/1:1-cgroup_destroy]                                     top - 09:42:49 up 13 min,  2 users,  load average: 0.49, 0.62, 0.46
Tasks: 165 total,   2 running, 163 sleeping,   0 stopped,   0 zombie
%Cpu(s):  2.7 us,  7.5 sy,  0.0 ni, 89.7 id,  0.1 wa,  0.0 hi,  0.0 si,  0.0 st
MiB Mem : 89.8/986.7    [|||||||||||||||||||||||||||||||||||||||||||||||||||||||||||||||||||||||||||||||||||||||||           ]
MiB Swap:  0.0/0.0      [                                                                                                    ]

    PID USER      PR  NI    VIRT    RES    SHR S  %CPU  %MEM     TIME+ COMMAND                                                          
   5068 root      20   0   88276   2972   1840 S   6.9   0.3   0:49.79 dpd-smp -u 5                                                     
   6693 root      20   0  633272   7940   4576 S   4.1   0.8   0:30.30 /usr/bin/sync_timing_ptp2stack /etc/sync_timing_ptp2_default.co+ 
   5892 root      20   0    6616   3216   2796 R   3.3   0.3   0:21.16 /usr/local/bin/oda                                               
   5860 root      20   0  244384   4616   3800 S   2.0   0.5   0:13.68 /usr/bin/sync_timing_core_driver                                 
   6606 root      20   0  609132  12848   7584 S   2.0   1.3   0:19.50 /usr/bin/netopeer2-server -U -m 0770 -v 1                        
   2033 root      20   0       0      0      0 S   1.2   0.0   0:09.07 [fpga_drvd]                                                      
   4370 root      20   0    3704   2416   1572 S   1.2   0.2   0:04.96 /usr/local/bin/dsclswell                                         
   5969 root      20   0    9456   4380   3416 S   1.2   0.4   0:06.77 /usr/local/bin/devif                                             
  17012 admin     20   0    5808   2792   2108 R   1.2   0.3   0:01.62 top                                                              
    191 root      20   0   34496  17172  16380 S   0.8   1.7   0:04.50 /lib/systemd/systemd-journald                                    
   2241 root      20   0    2164   1056    852 S   0.8   0.1   0:04.51 /sbin/syslogd -n -S -s 10000 -b 20                               
   5999 root      20   0  103452  11676   8304 S   0.8   1.2   0:08.35 /usr/local/bin/rud                                               
   1914 message+  20   0    5796   3616   3132 S   0.4   0.4   0:06.87 /usr/bin/dbus-daemon --system --address=systemd: --nofork --nop+ 
   6324 root      20   0  384060   4188   3632 S   0.4   0.4   0:04.74 /usr/local/bin/ptp_ctrl 0                                        
      1 root      20   0   97840  10856   6716 S   0.0   1.1   0:13.50 /init                                                            
      2 root      20   0       0      0      0 S   0.0   0.0   0:00.01 [kthreadd]                                                       
      3 root       0 -20       0      0      0 I   0.0   0.0   0:00.00 [rcu_gp]                                                         
      4 root       0 -20       0      0      0 I   0.0   0.0   0:00.00 [rcu_par_gp]                                                     
      5 root       0 -20       0      0      0 I   0.0   0.0   0:00.00 [netns]                                                          
      7 root       0 -20       0      0      0 I   0.0   0.0   0:00.31 [kworker/0:0H-mmc_complete]                                      
      8 root      20   0       0      0      0 I   0.0   0.0   0:05.19 [kworker/u8:0-ext4-rsv-conversion]                               
      9 root       0 -20       0      0      0 I   0.0   0.0   0:00.00 [mm_percpu_wq]                                                   
     10 root      20   0       0      0      0 S   0.0   0.0   0:03.56 [ksoftirqd/0]                                                    
     11 root      20   0       0      0      0 I   0.0   0.0   0:00.98 [rcu_sched]                                                      
     12 root      rt   0       0      0      0 S   0.0   0.0   0:00.00 [migration/0]                                                    
     13 root      20   0       0      0      0 S   0.0   0.0   0:00.00 [cpuhp/0]                                                        
     14 root      20   0       0      0      0 S   0.0   0.0   0:00.00 [cpuhp/1]                                                        
     15 root      rt   0       0      0      0 S   0.0   0.0   0:00.00 [migration/1]                                                    
     16 root      20   0       0      0      0 S   0.0   0.0   0:00.41 [ksoftirqd/1]                                                    
     19 root      20   0       0      0      0 S   0.0   0.0   0:00.00 [cpuhp/2]                                                        
     20 root      rt   0       0      0      0 S   0.0   0.0   0:00.00 [migration/2]                                                    
     21 root      20   0       0      0      0 S   0.0   0.0   0:00.51 [ksoftirqd/2]                                                    
     23 root       0 -20       0      0      0 I   0.0   0.0   0:00.17 [kworker/2:0H-kblockd]                                           
     24 root      20   0       0      0      0 S   0.0   0.0   0:00.00 [cpuhp/3]                                                        
     25 root      rt   0       0      0      0 S   0.0   0.0   0:00.00 [migration/3]                                                    
     26 root      20   0       0      0      0 S   0.0   0.0   0:00.00 [ksoftirqd/3]                                                    
     27 root      20   0       0      0      0 I   0.0   0.0   0:00.00 [kworker/3:0-mm_percpu_wq]                                       
     28 root       0 -20       0      0      0 I   0.0   0.0   0:00.00 [kworker/3:0H]                                                   
     29 root      20   0       0      0      0 S   0.0   0.0   0:00.01 [kdevtmpfs]                                                      
     30 root       0 -20       0      0      0 I   0.0   0.0   0:00.00 [inet_frag_wq]                                                   
     32 root      20   0       0      0      0 S   0.0   0.0   0:00.02 [kauditd]                                                        
     33 root      20   0       0      0      0 S   0.0   0.0   0:00.00 [oom_reaper]                                                     
     34 root       0 -20       0      0      0 I   0.0   0.0   0:00.00 [writeback]                                                      
     35 root      20   0       0      0      0 S   0.0   0.0   0:00.02 [kcompactd0]                                                     
     36 root      39  19       0      0      0 S   0.0   0.0   0:00.00 [khugepaged]                                                     
     37 root       0 -20       0      0      0 I   0.0   0.0   0:00.00 [kblockd]                                                        
     38 root       0 -20       0      0      0 I   0.0   0.0   0:00.00 [blkcg_punt_bio]                                                 
     39 root       0 -20       0      0      0 I   0.0   0.0   0:00.00 [edac-poller]                                                    
     40 root     -51   0       0      0      0 S   0.0   0.0   0:00.00 [watchdogd]                                                      
     42 root      20   0       0      0      0 I   0.0   0.0   0:00.11 [kworker/1:1-cgroup_destroy]                                     
     43 root       0 -20       0      0      0 I   0.0   0.0   0:00.00 [rpciod]                                                         
     45 root       0 -20       0      0      0 I   0.0   0.0   0:00.00 [xprtiod]                                                        
     47 root      20   0       0      0      0 S   0.0   0.0   0:00.35 [kswapd0]                                                        
     48 root      20   0       0      0      0 S   0.0   0.0   0:00.00 [ecryptfs-kthread]                                               top - 09:42:52 up 13 min,  2 users,  load average: 0.45, 0.61, 0.45
Tasks: 166 total,   2 running, 164 sleeping,   0 stopped,   0 zombie
%Cpu(s):  3.1 us,  8.8 sy,  0.0 ni, 88.0 id,  0.0 wa,  0.0 hi,  0.0 si,  0.0 st
MiB Mem : 89.8/986.7    [                                                                                                    ]
MiB Swap:  0.0/0.0      [                                                                                                    ]

    PID USER      PR  NI    VIRT    RES    SHR S  %CPU  %MEM     TIME+ COMMAND                                                          
   5068 root      20   0   88276   2972   1840 S   6.3   0.3   0:49.92 dpd-smp -u 5                                                     
   6693 root      20   0  633272   7940   4576 S   4.4   0.8   0:30.39 /usr/bin/sync_timing_ptp2stack /etc/sync_timing_ptp2_default.co+ 
   5892 root      20   0    6616   3216   2796 S   2.9   0.3   0:21.22 /usr/local/bin/oda                                               
   5860 root      20   0  244384   4616   3800 S   2.0   0.5   0:13.72 /usr/bin/sync_timing_core_driver                                 
   6606 root      20   0  609132  12848   7584 S   2.0   1.3   0:19.54 /usr/bin/netopeer2-server -U -m 0770 -v 1                        
   2033 root      20   0       0      0      0 S   1.5   0.0   0:09.10 [fpga_drvd]                                                      
   5999 root      20   0  103452  11676   8304 S   1.5   1.2   0:08.38 /usr/local/bin/rud                                               
   4370 root      20   0    3704   2416   1572 S   1.0   0.2   0:04.98 /usr/local/bin/dsclswell                                         
   6324 root      20   0  384060   4188   3632 S   1.0   0.4   0:04.76 /usr/local/bin/ptp_ctrl 0                                        
     11 root      20   0       0      0      0 I   0.5   0.0   0:00.99 [rcu_sched]                                                      
     53 root      20   0       0      0      0 I   0.5   0.0   0:00.42 [kworker/u8:2-events_unbound]                                    
     57 root      20   0       0      0      0 S   0.5   0.0   0:00.08 [kpktgend_2]                                                     
   2241 root      20   0    2164   1056    852 S   0.5   0.1   0:04.52 /sbin/syslogd -n -S -s 10000 -b 20                               
   4441 systemd+  20   0   11136   6008   5360 S   0.5   0.6   0:00.45 /lib/systemd/systemd-networkd                                    
   5094 root      20   0  151308   2512   2052 S   0.5   0.2   0:01.30 /usr/local/bin/rfdcd                                             
   5969 root      20   0    9456   4380   3416 S   0.5   0.4   0:06.78 /usr/local/bin/devif                                             
  17012 admin     20   0    5808   2792   2108 R   0.5   0.3   0:01.63 top                                                              
      1 root      20   0   97840  10856   6716 S   0.0   1.1   0:13.50 /init                                                            
      2 root      20   0       0      0      0 S   0.0   0.0   0:00.01 [kthreadd]                                                       
      3 root       0 -20       0      0      0 I   0.0   0.0   0:00.00 [rcu_gp]                                                         
      4 root       0 -20       0      0      0 I   0.0   0.0   0:00.00 [rcu_par_gp]                                                     
      5 root       0 -20       0      0      0 I   0.0   0.0   0:00.00 [netns]                                                          
      7 root       0 -20       0      0      0 I   0.0   0.0   0:00.31 [kworker/0:0H-mmc_complete]                                      
      8 root      20   0       0      0      0 I   0.0   0.0   0:05.19 [kworker/u8:0-ext4-rsv-conversion]                               
      9 root       0 -20       0      0      0 I   0.0   0.0   0:00.00 [mm_percpu_wq]                                                   
     10 root      20   0       0      0      0 S   0.0   0.0   0:03.56 [ksoftirqd/0]                                                    
     12 root      rt   0       0      0      0 S   0.0   0.0   0:00.00 [migration/0]                                                    
     13 root      20   0       0      0      0 S   0.0   0.0   0:00.00 [cpuhp/0]                                                        
     14 root      20   0       0      0      0 S   0.0   0.0   0:00.00 [cpuhp/1]                                                        
     15 root      rt   0       0      0      0 S   0.0   0.0   0:00.00 [migration/1]                                                    
     16 root      20   0       0      0      0 S   0.0   0.0   0:00.41 [ksoftirqd/1]                                                    
     19 root      20   0       0      0      0 S   0.0   0.0   0:00.00 [cpuhp/2]                                                        
     20 root      rt   0       0      0      0 S   0.0   0.0   0:00.00 [migration/2]                                                    
     21 root      20   0       0      0      0 S   0.0   0.0   0:00.51 [ksoftirqd/2]                                                    
     23 root       0 -20       0      0      0 I   0.0   0.0   0:00.17 [kworker/2:0H-kblockd]                                           
     24 root      20   0       0      0      0 S   0.0   0.0   0:00.00 [cpuhp/3]                                                        
     25 root      rt   0       0      0      0 S   0.0   0.0   0:00.00 [migration/3]                                                    
     26 root      20   0       0      0      0 S   0.0   0.0   0:00.00 [ksoftirqd/3]                                                    
     27 root      20   0       0      0      0 I   0.0   0.0   0:00.00 [kworker/3:0-mm_percpu_wq]                                       
     28 root       0 -20       0      0      0 I   0.0   0.0   0:00.00 [kworker/3:0H]                                                   
     29 root      20   0       0      0      0 S   0.0   0.0   0:00.01 [kdevtmpfs]                                                      
     30 root       0 -20       0      0      0 I   0.0   0.0   0:00.00 [inet_frag_wq]                                                   
     32 root      20   0       0      0      0 S   0.0   0.0   0:00.02 [kauditd]                                                        
     33 root      20   0       0      0      0 S   0.0   0.0   0:00.00 [oom_reaper]                                                     
     34 root       0 -20       0      0      0 I   0.0   0.0   0:00.00 [writeback]                                                      
     35 root      20   0       0      0      0 S   0.0   0.0   0:00.02 [kcompactd0]                                                     
     36 root      39  19       0      0      0 S   0.0   0.0   0:00.00 [khugepaged]                                                     
     37 root       0 -20       0      0      0 I   0.0   0.0   0:00.00 [kblockd]                                                        
     38 root       0 -20       0      0      0 I   0.0   0.0   0:00.00 [blkcg_punt_bio]                                                 
     39 root       0 -20       0      0      0 I   0.0   0.0   0:00.00 [edac-poller]                                                    
     40 root     -51   0       0      0      0 S   0.0   0.0   0:00.00 [watchdogd]                                                      
     42 root      20   0       0      0      0 I   0.0   0.0   0:00.11 [kworker/1:1-cgroup_destroy]                                     
     43 root       0 -20       0      0      0 I   0.0   0.0   0:00.00 [rpciod]                                                         
     45 root       0 -20       0      0      0 I   0.0   0.0   0:00.00 [xprtiod]                                                        top - 09:42:53 up 13 min,  2 users,  load average: 0.45, 0.61, 0.45
Tasks: 166 total,   1 running, 165 sleeping,   0 stopped,   0 zombie
%Cpu(s):  3.0 us,  8.7 sy,  0.0 ni, 88.3 id,  0.0 wa,  0.0 hi,  0.0 si,  0.0 st

    PID USER      PR  NI    VIRT    RES    SHR S  %CPU  %MEM     TIME+ COMMAND                                                          
   5068 root      20   0   88276   2972   1840 S   6.9   0.3   0:49.99 dpd-smp -u 5                                                     
   6693 root      20   0  633272   7940   4576 S   4.9   0.8   0:30.44 /usr/bin/sync_timing_ptp2stack /etc/sync_timing_ptp2_default.co+ 
   5892 root      20   0    6616   3216   2796 S   2.9   0.3   0:21.25 /usr/local/bin/oda                                               
   6606 root      20   0  609132  12848   7584 S   2.9   1.3   0:19.57 /usr/bin/netopeer2-server -U -m 0770 -v 1                        
  17012 admin     20   0    5808   2792   2108 R   2.9   0.3   0:01.66 top                                                              
   5860 root      20   0  244384   4616   3800 S   2.0   0.5   0:13.74 /usr/bin/sync_timing_core_driver                                 
   1914 message+  20   0    5796   3616   3132 S   1.0   0.4   0:06.88 /usr/bin/dbus-daemon --system --address=systemd: --nofork --nop+ 
   2033 root      20   0       0      0      0 S   1.0   0.0   0:09.11 [fpga_drvd]                                                      
   2241 root      20   0    2164   1056    852 S   1.0   0.1   0:04.53 /sbin/syslogd -n -S -s 10000 -b 20                               
   5969 root      20   0    9456   4380   3416 S   1.0   0.4   0:06.79 /usr/local/bin/devif                                             
   5999 root      20   0  103452  11676   8304 S   1.0   1.2   0:08.39 /usr/local/bin/rud                                               
   6354 root      20   0  605084   4260   3512 S   1.0   0.4   0:01.30 /usr/local/bin/synce_ctrl 0                                      
      1 root      20   0   97840  10856   6716 S   0.0   1.1   0:13.50 /init                                                            
      2 root      20   0       0      0      0 S   0.0   0.0   0:00.01 [kthreadd]                                                       
      3 root       0 -20       0      0      0 I   0.0   0.0   0:00.00 [rcu_gp]                                                         
      4 root       0 -20       0      0      0 I   0.0   0.0   0:00.00 [rcu_par_gp]                                                     
      5 root       0 -20       0      0      0 I   0.0   0.0   0:00.00 [netns]                                                          
      7 root       0 -20       0      0      0 I   0.0   0.0   0:00.31 [kworker/0:0H-mmc_complete]                                      
      8 root      20   0       0      0      0 I   0.0   0.0   0:05.19 [kworker/u8:0-ext4-rsv-conversion]                               
      9 root       0 -20       0      0      0 I   0.0   0.0   0:00.00 [mm_percpu_wq]                                                   
     10 root      20   0       0      0      0 S   0.0   0.0   0:03.56 [ksoftirqd/0]                                                    
     11 root      20   0       0      0      0 I   0.0   0.0   0:00.99 [rcu_sched]                                                      
     12 root      rt   0       0      0      0 S   0.0   0.0   0:00.00 [migration/0]                                                    
     13 root      20   0       0      0      0 S   0.0   0.0   0:00.00 [cpuhp/0]                                                        
     14 root      20   0       0      0      0 S   0.0   0.0   0:00.00 [cpuhp/1]                                                        
     15 root      rt   0       0      0      0 S   0.0   0.0   0:00.00 [migration/1]                                                    
     16 root      20   0       0      0      0 S   0.0   0.0   0:00.41 [ksoftirqd/1]                                                    
     19 root      20   0       0      0      0 S   0.0   0.0   0:00.00 [cpuhp/2]                                                        
     20 root      rt   0       0      0      0 S   0.0   0.0   0:00.00 [migration/2]                                                    
     21 root      20   0       0      0      0 S   0.0   0.0   0:00.51 [ksoftirqd/2]                                                    
     23 root       0 -20       0      0      0 I   0.0   0.0   0:00.17 [kworker/2:0H-kblockd]                                           
     24 root      20   0       0      0      0 S   0.0   0.0   0:00.00 [cpuhp/3]                                                        
     25 root      rt   0       0      0      0 S   0.0   0.0   0:00.00 [migration/3]                                                    
     26 root      20   0       0      0      0 S   0.0   0.0   0:00.00 [ksoftirqd/3]                                                    
     27 root      20   0       0      0      0 I   0.0   0.0   0:00.00 [kworker/3:0-mm_percpu_wq]                                       
     28 root       0 -20       0      0      0 I   0.0   0.0   0:00.00 [kworker/3:0H]                                                   
     29 root      20   0       0      0      0 S   0.0   0.0   0:00.01 [kdevtmpfs]                                                      
     30 root       0 -20       0      0      0 I   0.0   0.0   0:00.00 [inet_frag_wq]                                                   
     32 root      20   0       0      0      0 S   0.0   0.0   0:00.02 [kauditd]                                                        
     33 root      20   0       0      0      0 S   0.0   0.0   0:00.00 [oom_reaper]                                                     
     34 root       0 -20       0      0      0 I   0.0   0.0   0:00.00 [writeback]                                                      
     35 root      20   0       0      0      0 S   0.0   0.0   0:00.02 [kcompactd0]                                                     
     36 root      39  19       0      0      0 S   0.0   0.0   0:00.00 [khugepaged]                                                     
     37 root       0 -20       0      0      0 I   0.0   0.0   0:00.00 [kblockd]                                                        
     38 root       0 -20       0      0      0 I   0.0   0.0   0:00.00 [blkcg_punt_bio]                                                 
     39 root       0 -20       0      0      0 I   0.0   0.0   0:00.00 [edac-poller]                                                    
     40 root     -51   0       0      0      0 S   0.0   0.0   0:00.00 [watchdogd]                                                      
     42 root      20   0       0      0      0 I   0.0   0.0   0:00.11 [kworker/1:1-cgroup_destroy]                                     
     43 root       0 -20       0      0      0 I   0.0   0.0   0:00.00 [rpciod]                                                         
     45 root       0 -20       0      0      0 I   0.0   0.0   0:00.00 [xprtiod]                                                        
     47 root      20   0       0      0      0 S   0.0   0.0   0:00.35 [kswapd0]                                                        
     48 root      20   0       0      0      0 S   0.0   0.0   0:00.00 [ecryptfs-kthread]                                               
     49 root       0 -20       0      0      0 I   0.0   0.0   0:00.00 [nfsiod]                                                         
     51 root      20   0       0      0      0 S   0.0   0.0   0:00.00 [xenbus_probe]                                                   
     52 root      20   0       0      0      0 I   0.0   0.0   0:00.30 [kworker/0:2-mm_percpu_wq]                                       
     53 root      20   0       0      0      0 I   0.0   0.0   0:00.42 [kworker/u8:2-events_unbound]                                    top - 09:42:54 up 13 min,  2 users,  load average: 0.45, 0.61, 0.45
Tasks: 166 total,   3 running, 163 sleeping,   0 stopped,   0 zombie
%Cpu(s):  2.9 us,  6.9 sy,  0.0 ni, 90.0 id,  0.0 wa,  0.0 hi,  0.2 si,  0.0 st
MiB Mem :    986.7 total,     56.4 free,    152.9 used,    777.3 buff/cache
MiB Swap:      0.0 total,      0.0 free,      0.0 used.    100.7 avail Mem 

    PID USER      PR  NI    VIRT    RES    SHR S  %CPU  %MEM     TIME+ COMMAND                                                          
   5068 root      20   0   88276   2972   1840 S   6.5   0.3   0:50.07 dpd-smp -u 5                                                     
   6693 root      20   0  633272   7940   4576 S   4.9   0.8   0:30.50 /usr/bin/sync_timing_ptp2stack /etc/sync_timing_ptp2_default.co+ 
   5892 root      20   0    6616   3216   2796 S   2.4   0.3   0:21.28 /usr/local/bin/oda                                               
   6606 root      20   0  609132  12848   7584 S   2.4   1.3   0:19.60 /usr/bin/netopeer2-server -U -m 0770 -v 1                        
   2033 root      20   0       0      0      0 S   1.6   0.0   0:09.13 [fpga_drvd]                                                      
   5860 root      20   0  244384   4616   3800 S   1.6   0.5   0:13.76 /usr/bin/sync_timing_core_driver                                 
   5969 root      20   0    9456   4380   3416 S   1.6   0.4   0:06.81 /usr/local/bin/devif                                             
   5999 root      20   0  103452  11676   8304 S   1.6   1.2   0:08.41 /usr/local/bin/rud                                               
   6324 root      20   0  384060   4188   3632 S   1.6   0.4   0:04.78 /usr/local/bin/ptp_ctrl 0                                        
  17012 admin     20   0    5808   2792   2108 R   1.6   0.3   0:01.68 top                                                              
   1071 root      20   0       0      0      0 S   0.8   0.0   0:00.04 [jbd2/mmcblk0p13-8]                                              
   2241 root      20   0    2164   1056    852 S   0.8   0.1   0:04.54 /sbin/syslogd -n -S -s 10000 -b 20                               
   5094 root      20   0  151308   2512   2052 S   0.8   0.2   0:01.31 /usr/local/bin/rfdcd                                             
   6244 root      20   0    4020   2904   2548 S   0.8   0.3   0:00.64 /bin/sh /usr/local/script/watchdog_clear.sh                      
   6295 root      20   0   13596   8860   5804 S   0.8   0.9   0:00.67 /usr/local/bin/ncld                                              
  12606 admin     20   0   11412   5276   4132 S   0.8   0.5   0:00.09 sshd: admin@pts/0                                                
      1 root      20   0   97840  10856   6716 S   0.0   1.1   0:13.50 /init                                                            
      2 root      20   0       0      0      0 S   0.0   0.0   0:00.01 [kthreadd]                                                       
      3 root       0 -20       0      0      0 I   0.0   0.0   0:00.00 [rcu_gp]                                                         
      4 root       0 -20       0      0      0 I   0.0   0.0   0:00.00 [rcu_par_gp]                                                     
      5 root       0 -20       0      0      0 I   0.0   0.0   0:00.00 [netns]                                                          
      7 root       0 -20       0      0      0 I   0.0   0.0   0:00.31 [kworker/0:0H-mmc_complete]                                      
      8 root      20   0       0      0      0 I   0.0   0.0   0:05.19 [kworker/u8:0-ext4-rsv-conversion]                               
      9 root       0 -20       0      0      0 I   0.0   0.0   0:00.00 [mm_percpu_wq]                                                   
     10 root      20   0       0      0      0 S   0.0   0.0   0:03.56 [ksoftirqd/0]                                                    
     11 root      20   0       0      0      0 I   0.0   0.0   0:00.99 [rcu_sched]                                                      
     12 root      rt   0       0      0      0 S   0.0   0.0   0:00.00 [migration/0]                                                    
     13 root      20   0       0      0      0 S   0.0   0.0   0:00.00 [cpuhp/0]                                                        
     14 root      20   0       0      0      0 S   0.0   0.0   0:00.00 [cpuhp/1]                                                        
     15 root      rt   0       0      0      0 S   0.0   0.0   0:00.00 [migration/1]                                                    
     16 root      20   0       0      0      0 S   0.0   0.0   0:00.41 [ksoftirqd/1]                                                    
     19 root      20   0       0      0      0 S   0.0   0.0   0:00.00 [cpuhp/2]                                                        
     20 root      rt   0       0      0      0 S   0.0   0.0   0:00.00 [migration/2]                                                    
     21 root      20   0       0      0      0 S   0.0   0.0   0:00.51 [ksoftirqd/2]                                                    
     23 root       0 -20       0      0      0 I   0.0   0.0   0:00.17 [kworker/2:0H-kblockd]                                           
     24 root      20   0       0      0      0 S   0.0   0.0   0:00.00 [cpuhp/3]                                                        
     25 root      rt   0       0      0      0 S   0.0   0.0   0:00.00 [migration/3]                                                    
     26 root      20   0       0      0      0 S   0.0   0.0   0:00.00 [ksoftirqd/3]                                                    
     27 root      20   0       0      0      0 I   0.0   0.0   0:00.00 [kworker/3:0-mm_percpu_wq]                                       
     28 root       0 -20       0      0      0 I   0.0   0.0   0:00.00 [kworker/3:0H]                                                   
     29 root      20   0       0      0      0 S   0.0   0.0   0:00.01 [kdevtmpfs]                                                      
     30 root       0 -20       0      0      0 I   0.0   0.0   0:00.00 [inet_frag_wq]                                                   
     32 root      20   0       0      0      0 S   0.0   0.0   0:00.02 [kauditd]                                                        
     33 root      20   0       0      0      0 S   0.0   0.0   0:00.00 [oom_reaper]                                                     
     34 root       0 -20       0      0      0 I   0.0   0.0   0:00.00 [writeback]                                                      
     35 root      20   0       0      0      0 S   0.0   0.0   0:00.02 [kcompactd0]                                                     
     36 root      39  19       0      0      0 S   0.0   0.0   0:00.00 [khugepaged]                                                     
     37 root       0 -20       0      0      0 I   0.0   0.0   0:00.00 [kblockd]                                                        
     38 root       0 -20       0      0      0 I   0.0   0.0   0:00.00 [blkcg_punt_bio]                                                 
     39 root       0 -20       0      0      0 I   0.0   0.0   0:00.00 [edac-poller]                                                    
     40 root     -51   0       0      0      0 S   0.0   0.0   0:00.00 [watchdogd]                                                      
     42 root      20   0       0      0      0 I   0.0   0.0   0:00.11 [kworker/1:1-cgroup_destroy]                                     
     43 root       0 -20       0      0      0 I   0.0   0.0   0:00.00 [rpciod]                                                         
     45 root       0 -20       0      0      0 I   0.0   0.0   0:00.00 [xprtiod]                                                        top - 09:42:55 up 13 min,  2 users,  load average: 0.45, 0.61, 0.45
Tasks: 166 total,   2 running, 164 sleeping,   0 stopped,   0 zombie
%Cpu(s):  3.1 us, 10.5 sy,  0.0 ni, 86.2 id,  0.0 wa,  0.0 hi,  0.2 si,  0.0 st
MiB Mem : 89.8/986.7    [||||||||||||||||||||||||||||||||||||||||||||||||||||||||||||||||||||||||||||||||||||||||||          ]
MiB Swap:  0.0/0.0      [                                                                                                    ]

    PID USER      PR  NI    VIRT    RES    SHR S  %CPU  %MEM     TIME+ COMMAND                                                          
   5068 root      20   0   88276   2972   1840 S   6.8   0.3   0:50.16 dpd-smp -u 5                                                     
   6693 root      20   0  633272   7940   4576 S   4.5   0.8   0:30.56 /usr/bin/sync_timing_ptp2stack /etc/sync_timing_ptp2_default.co+ 
   5892 root      20   0    6616   3216   2796 S   3.0   0.3   0:21.32 /usr/local/bin/oda                                               
    191 root      20   0   34496  17436  16644 S   2.3   1.7   0:04.53 /lib/systemd/systemd-journald                                    
   5860 root      20   0  244384   4616   3800 S   2.3   0.5   0:13.79 /usr/bin/sync_timing_core_driver                                 
   4370 root      20   0    3704   2416   1572 S   1.5   0.2   0:05.00 /usr/local/bin/dsclswell                                         
   5072 root      20   0    3888   2868   2560 S   1.5   0.3   0:00.88 /bin/sh /usr/local/script/run_rfsoc_hard_ip_b.sh                 
   5969 root      20   0    9456   4380   3416 S   1.5   0.4   0:06.83 /usr/local/bin/devif                                             
   5999 root      20   0  103452  11676   8304 S   1.5   1.2   0:08.43 /usr/local/bin/rud                                               
   6606 root      20   0  609132  12848   7584 S   1.5   1.3   0:19.62 /usr/bin/netopeer2-server -U -m 0770 -v 1                        
  17012 admin     20   0    5808   2792   2108 R   1.5   0.3   0:01.70 top                                                              
      1 root      20   0   97840  10856   6716 S   0.8   1.1   0:13.51 /init                                                            
     21 root      20   0       0      0      0 S   0.8   0.0   0:00.52 [ksoftirqd/2]                                                    
   1914 message+  20   0    5796   3616   3132 S   0.8   0.4   0:06.89 /usr/bin/dbus-daemon --system --address=systemd: --nofork --nop+ 
   2033 root      20   0       0      0      0 S   0.8   0.0   0:09.14 [fpga_drvd]                                                      
   2241 root      20   0    2164   1056    852 S   0.8   0.1   0:04.55 /sbin/syslogd -n -S -s 10000 -b 20                               
   4550 root      20   0    2376    816    716 S   0.8   0.1   0:01.12 /usr/local/bin/gpio_ctrl                                         
   5920 root      20   0  304008  19772   4388 S   0.8   2.0   0:09.07 /usr/bin/sysrepod                                                
   6025 root      20   0    9212   3224   2828 S   0.8   0.3   0:00.28 /usr/local/bin/watchdogd                                         
      2 root      20   0       0      0      0 S   0.0   0.0   0:00.01 [kthreadd]                                                       
      3 root       0 -20       0      0      0 I   0.0   0.0   0:00.00 [rcu_gp]                                                         
      4 root       0 -20       0      0      0 I   0.0   0.0   0:00.00 [rcu_par_gp]                                                     
      5 root       0 -20       0      0      0 I   0.0   0.0   0:00.00 [netns]                                                          
      7 root       0 -20       0      0      0 I   0.0   0.0   0:00.31 [kworker/0:0H-kblockd]                                           
      8 root      20   0       0      0      0 I   0.0   0.0   0:05.19 [kworker/u8:0-ext4-rsv-conversion]                               
      9 root       0 -20       0      0      0 I   0.0   0.0   0:00.00 [mm_percpu_wq]                                                   
     10 root      20   0       0      0      0 S   0.0   0.0   0:03.56 [ksoftirqd/0]                                                    
     11 root      20   0       0      0      0 R   0.0   0.0   0:00.99 [rcu_sched]                                                      
     12 root      rt   0       0      0      0 S   0.0   0.0   0:00.00 [migration/0]                                                    
     13 root      20   0       0      0      0 S   0.0   0.0   0:00.00 [cpuhp/0]                                                        
     14 root      20   0       0      0      0 S   0.0   0.0   0:00.00 [cpuhp/1]                                                        
     15 root      rt   0       0      0      0 S   0.0   0.0   0:00.00 [migration/1]                                                    
     16 root      20   0       0      0      0 S   0.0   0.0   0:00.41 [ksoftirqd/1]                                                    
     19 root      20   0       0      0      0 S   0.0   0.0   0:00.00 [cpuhp/2]                                                        
     20 root      rt   0       0      0      0 S   0.0   0.0   0:00.00 [migration/2]                                                    
     23 root       0 -20       0      0      0 I   0.0   0.0   0:00.17 [kworker/2:0H-kblockd]                                           
     24 root      20   0       0      0      0 S   0.0   0.0   0:00.00 [cpuhp/3]                                                        
     25 root      rt   0       0      0      0 S   0.0   0.0   0:00.00 [migration/3]                                                    
     26 root      20   0       0      0      0 S   0.0   0.0   0:00.00 [ksoftirqd/3]                                                    
     27 root      20   0       0      0      0 I   0.0   0.0   0:00.00 [kworker/3:0-mm_percpu_wq]                                       
     28 root       0 -20       0      0      0 I   0.0   0.0   0:00.00 [kworker/3:0H]                                                   
     29 root      20   0       0      0      0 S   0.0   0.0   0:00.01 [kdevtmpfs]                                                      
     30 root       0 -20       0      0      0 I   0.0   0.0   0:00.00 [inet_frag_wq]                                                   
     32 root      20   0       0      0      0 S   0.0   0.0   0:00.02 [kauditd]                                                        
     33 root      20   0       0      0      0 S   0.0   0.0   0:00.00 [oom_reaper]                                                     
     34 root       0 -20       0      0      0 I   0.0   0.0   0:00.00 [writeback]                                                      
     35 root      20   0       0      0      0 S   0.0   0.0   0:00.02 [kcompactd0]                                                     
     36 root      39  19       0      0      0 S   0.0   0.0   0:00.00 [khugepaged]                                                     
     37 root       0 -20       0      0      0 I   0.0   0.0   0:00.00 [kblockd]                                                        
     38 root       0 -20       0      0      0 I   0.0   0.0   0:00.00 [blkcg_punt_bio]                                                 
     39 root       0 -20       0      0      0 I   0.0   0.0   0:00.00 [edac-poller]                                                    
     40 root     -51   0       0      0      0 S   0.0   0.0   0:00.00 [watchdogd]                                                      
     42 root      20   0       0      0      0 I   0.0   0.0   0:00.11 [kworker/1:1-cgroup_destroy]                                     
     43 root       0 -20       0      0      0 I   0.0   0.0   0:00.00 [rpciod]                                                         top - 09:42:56 up 13 min,  2 users,  load average: 0.50, 0.62, 0.46
Tasks: 166 total,   1 running, 165 sleeping,   0 stopped,   0 zombie
%Cpu(s):  2.7 us,  7.0 sy,  0.0 ni, 90.0 id,  0.0 wa,  0.0 hi,  0.2 si,  0.0 st
MiB Mem : 89.6/986.7    [                                                                                                    ]
MiB Swap:  0.0/0.0      [                                                                                                    ]

    PID USER      PR  NI    VIRT    RES    SHR S  %CPU  %MEM     TIME+ COMMAND                                                          
   5068 root      20   0   88276   2972   1840 S   6.2   0.3   0:50.23 dpd-smp -u 5                                                     
   5892 root      20   0    6616   3216   2796 S   3.5   0.3   0:21.36 /usr/local/bin/oda                                               
   6693 root      20   0  633272   7940   4576 S   3.5   0.8   0:30.60 /usr/bin/sync_timing_ptp2stack /etc/sync_timing_ptp2_default.co+ 
   6606 root      20   0  609132  12848   7584 S   2.7   1.3   0:19.65 /usr/bin/netopeer2-server -U -m 0770 -v 1                        
   2033 root      20   0       0      0      0 S   1.8   0.0   0:09.16 [fpga_drvd]                                                      
   5860 root      20   0  244384   4616   3800 S   1.8   0.5   0:13.81 /usr/bin/sync_timing_core_driver                                 
  17012 admin     20   0    5808   2792   2108 R   1.8   0.3   0:01.72 top                                                              
     47 root      20   0       0      0      0 S   0.9   0.0   0:00.36 [kswapd0]                                                        
   2241 root      20   0    2164   1056    852 S   0.9   0.1   0:04.56 /sbin/syslogd -n -S -s 10000 -b 20                               
   4318 root      20   0  201072  15040   1580 S   0.9   1.5   0:00.95 /usr/local/bin/dscllogd                                          
   5969 root      20   0    9456   4380   3416 S   0.9   0.4   0:06.84 /usr/local/bin/devif                                             
   5999 root      20   0  103452  11676   8304 S   0.9   1.2   0:08.44 /usr/local/bin/rud                                               
   6324 root      20   0  384060   4188   3632 S   0.9   0.4   0:04.79 /usr/local/bin/ptp_ctrl 0                                        
      1 root      20   0   97840  10856   6716 S   0.0   1.1   0:13.51 /init                                                            
      2 root      20   0       0      0      0 S   0.0   0.0   0:00.01 [kthreadd]                                                       
      3 root       0 -20       0      0      0 I   0.0   0.0   0:00.00 [rcu_gp]                                                         
      4 root       0 -20       0      0      0 I   0.0   0.0   0:00.00 [rcu_par_gp]                                                     
      5 root       0 -20       0      0      0 I   0.0   0.0   0:00.00 [netns]                                                          
      7 root       0 -20       0      0      0 I   0.0   0.0   0:00.31 [kworker/0:0H-kblockd]                                           
      8 root      20   0       0      0      0 I   0.0   0.0   0:05.19 [kworker/u8:0-ext4-rsv-conversion]                               
      9 root       0 -20       0      0      0 I   0.0   0.0   0:00.00 [mm_percpu_wq]                                                   
     10 root      20   0       0      0      0 S   0.0   0.0   0:03.56 [ksoftirqd/0]                                                    
     11 root      20   0       0      0      0 I   0.0   0.0   0:00.99 [rcu_sched]                                                      
     12 root      rt   0       0      0      0 S   0.0   0.0   0:00.00 [migration/0]                                                    
     13 root      20   0       0      0      0 S   0.0   0.0   0:00.00 [cpuhp/0]                                                        
     14 root      20   0       0      0      0 S   0.0   0.0   0:00.00 [cpuhp/1]                                                        
     15 root      rt   0       0      0      0 S   0.0   0.0   0:00.00 [migration/1]                                                    
     16 root      20   0       0      0      0 S   0.0   0.0   0:00.41 [ksoftirqd/1]                                                    
     19 root      20   0       0      0      0 S   0.0   0.0   0:00.00 [cpuhp/2]                                                        
     20 root      rt   0       0      0      0 S   0.0   0.0   0:00.00 [migration/2]                                                    
     21 root      20   0       0      0      0 S   0.0   0.0   0:00.52 [ksoftirqd/2]                                                    
     23 root       0 -20       0      0      0 I   0.0   0.0   0:00.17 [kworker/2:0H-kblockd]                                           
     24 root      20   0       0      0      0 S   0.0   0.0   0:00.00 [cpuhp/3]                                                        
     25 root      rt   0       0      0      0 S   0.0   0.0   0:00.00 [migration/3]                                                    
     26 root      20   0       0      0      0 S   0.0   0.0   0:00.00 [ksoftirqd/3]                                                    
     27 root      20   0       0      0      0 I   0.0   0.0   0:00.00 [kworker/3:0-mm_percpu_wq]                                       
     28 root       0 -20       0      0      0 I   0.0   0.0   0:00.00 [kworker/3:0H]                                                   
     29 root      20   0       0      0      0 S   0.0   0.0   0:00.01 [kdevtmpfs]                                                      
     30 root       0 -20       0      0      0 I   0.0   0.0   0:00.00 [inet_frag_wq]                                                   
     32 root      20   0       0      0      0 S   0.0   0.0   0:00.02 [kauditd]                                                        
     33 root      20   0       0      0      0 S   0.0   0.0   0:00.00 [oom_reaper]                                                     
     34 root       0 -20       0      0      0 I   0.0   0.0   0:00.00 [writeback]                                                      
     35 root      20   0       0      0      0 S   0.0   0.0   0:00.02 [kcompactd0]                                                     
     36 root      39  19       0      0      0 S   0.0   0.0   0:00.00 [khugepaged]                                                     
     37 root       0 -20       0      0      0 I   0.0   0.0   0:00.00 [kblockd]                                                        
     38 root       0 -20       0      0      0 I   0.0   0.0   0:00.00 [blkcg_punt_bio]                                                 
     39 root       0 -20       0      0      0 I   0.0   0.0   0:00.00 [edac-poller]                                                    
     40 root     -51   0       0      0      0 S   0.0   0.0   0:00.00 [watchdogd]                                                      
     42 root      20   0       0      0      0 I   0.0   0.0   0:00.11 [kworker/1:1-cgroup_destroy]                                     
     43 root       0 -20       0      0      0 I   0.0   0.0   0:00.00 [rpciod]                                                         
     45 root       0 -20       0      0      0 I   0.0   0.0   0:00.00 [xprtiod]                                                        
     48 root      20   0       0      0      0 S   0.0   0.0   0:00.00 [ecryptfs-kthread]                                               
     49 root       0 -20       0      0      0 I   0.0   0.0   0:00.00 [nfsiod]                                                         
     51 root      20   0       0      0      0 S   0.0   0.0   0:00.00 [xenbus_probe]                                                   top - 09:42:57 up 13 min,  2 users,  load average: 0.50, 0.62, 0.46
Tasks: 166 total,   2 running, 164 sleeping,   0 stopped,   0 zombie
%Cpu(s):  2.9 us,  7.6 sy,  0.0 ni, 89.2 id,  0.0 wa,  0.0 hi,  0.2 si,  0.0 st

    PID USER      PR  NI    VIRT    RES    SHR S  %CPU  %MEM     TIME+ COMMAND                                                          
   5068 root      20   0   88276   2972   1840 S   6.9   0.3   0:50.30 dpd-smp -u 5                                                     
   6693 root      20   0  633272   7940   4576 S   4.9   0.8   0:30.65 /usr/bin/sync_timing_ptp2stack /etc/sync_timing_ptp2_default.co+ 
   5860 root      20   0  244384   4616   3800 S   2.9   0.5   0:13.84 /usr/bin/sync_timing_core_driver                                 
  17012 admin     20   0    5808   2792   2108 R   2.9   0.3   0:01.75 top                                                              
   5892 root      20   0    6616   3216   2796 S   2.0   0.3   0:21.38 /usr/local/bin/oda                                               
   5969 root      20   0    9456   4380   3416 S   2.0   0.4   0:06.86 /usr/local/bin/devif                                             
   5999 root      20   0  103452  11676   8304 S   2.0   1.2   0:08.46 /usr/local/bin/rud                                               
   6606 root      20   0  609132  12848   7584 S   2.0   1.3   0:19.67 /usr/bin/netopeer2-server -U -m 0770 -v 1                        
    202 root      20   0       0      0      0 I   1.0   0.0   0:00.60 [kworker/2:3-events_long]                                        
   1914 message+  20   0    5796   3616   3132 S   1.0   0.4   0:06.90 /usr/bin/dbus-daemon --system --address=systemd: --nofork --nop+ 
   2033 root      20   0       0      0      0 S   1.0   0.0   0:09.17 [fpga_drvd]                                                      
   6324 root      20   0  384060   4188   3632 S   1.0   0.4   0:04.80 /usr/local/bin/ptp_ctrl 0                                        
      1 root      20   0   97840  10856   6716 S   0.0   1.1   0:13.51 /init                                                            
      2 root      20   0       0      0      0 S   0.0   0.0   0:00.01 [kthreadd]                                                       
      3 root       0 -20       0      0      0 I   0.0   0.0   0:00.00 [rcu_gp]                                                         
      4 root       0 -20       0      0      0 I   0.0   0.0   0:00.00 [rcu_par_gp]                                                     
      5 root       0 -20       0      0      0 I   0.0   0.0   0:00.00 [netns]                                                          
      7 root       0 -20       0      0      0 I   0.0   0.0   0:00.31 [kworker/0:0H-kblockd]                                           
      8 root      20   0       0      0      0 I   0.0   0.0   0:05.19 [kworker/u8:0-ext4-rsv-conversion]                               
      9 root       0 -20       0      0      0 I   0.0   0.0   0:00.00 [mm_percpu_wq]                                                   
     10 root      20   0       0      0      0 S   0.0   0.0   0:03.56 [ksoftirqd/0]                                                    
     11 root      20   0       0      0      0 I   0.0   0.0   0:00.99 [rcu_sched]                                                      
     12 root      rt   0       0      0      0 S   0.0   0.0   0:00.00 [migration/0]                                                    
     13 root      20   0       0      0      0 S   0.0   0.0   0:00.00 [cpuhp/0]                                                        
     14 root      20   0       0      0      0 S   0.0   0.0   0:00.00 [cpuhp/1]                                                        
     15 root      rt   0       0      0      0 S   0.0   0.0   0:00.00 [migration/1]                                                    
     16 root      20   0       0      0      0 S   0.0   0.0   0:00.41 [ksoftirqd/1]                                                    
     19 root      20   0       0      0      0 S   0.0   0.0   0:00.00 [cpuhp/2]                                                        
     20 root      rt   0       0      0      0 S   0.0   0.0   0:00.00 [migration/2]                                                    
     21 root      20   0       0      0      0 S   0.0   0.0   0:00.52 [ksoftirqd/2]                                                    
     23 root       0 -20       0      0      0 I   0.0   0.0   0:00.17 [kworker/2:0H-kblockd]                                           
     24 root      20   0       0      0      0 S   0.0   0.0   0:00.00 [cpuhp/3]                                                        
     25 root      rt   0       0      0      0 S   0.0   0.0   0:00.00 [migration/3]                                                    
     26 root      20   0       0      0      0 S   0.0   0.0   0:00.00 [ksoftirqd/3]                                                    
     27 root      20   0       0      0      0 I   0.0   0.0   0:00.00 [kworker/3:0-mm_percpu_wq]                                       
     28 root       0 -20       0      0      0 I   0.0   0.0   0:00.00 [kworker/3:0H]                                                   
     29 root      20   0       0      0      0 S   0.0   0.0   0:00.01 [kdevtmpfs]                                                      
     30 root       0 -20       0      0      0 I   0.0   0.0   0:00.00 [inet_frag_wq]                                                   
     32 root      20   0       0      0      0 S   0.0   0.0   0:00.02 [kauditd]                                                        
     33 root      20   0       0      0      0 S   0.0   0.0   0:00.00 [oom_reaper]                                                     
     34 root       0 -20       0      0      0 I   0.0   0.0   0:00.00 [writeback]                                                      
     35 root      20   0       0      0      0 S   0.0   0.0   0:00.02 [kcompactd0]                                                     
     36 root      39  19       0      0      0 S   0.0   0.0   0:00.00 [khugepaged]                                                     
     37 root       0 -20       0      0      0 I   0.0   0.0   0:00.00 [kblockd]                                                        
     38 root       0 -20       0      0      0 I   0.0   0.0   0:00.00 [blkcg_punt_bio]                                                 
     39 root       0 -20       0      0      0 I   0.0   0.0   0:00.00 [edac-poller]                                                    
     40 root     -51   0       0      0      0 S   0.0   0.0   0:00.00 [watchdogd]                                                      
     42 root      20   0       0      0      0 I   0.0   0.0   0:00.11 [kworker/1:1-cgroup_destroy]                                     
     43 root       0 -20       0      0      0 I   0.0   0.0   0:00.00 [rpciod]                                                         
     45 root       0 -20       0      0      0 I   0.0   0.0   0:00.00 [xprtiod]                                                        
     47 root      20   0       0      0      0 S   0.0   0.0   0:00.36 [kswapd0]                                                        
     48 root      20   0       0      0      0 S   0.0   0.0   0:00.00 [ecryptfs-kthread]                                               
     49 root       0 -20       0      0      0 I   0.0   0.0   0:00.00 [nfsiod]                                                         
     51 root      20   0       0      0      0 S   0.0   0.0   0:00.00 [xenbus_probe]                                                   
     52 root      20   0       0      0      0 I   0.0   0.0   0:00.30 [kworker/0:2-events]                                             
     53 root      20   0       0      0      0 I   0.0   0.0   0:00.42 [kworker/u8:2-events_unbound]                                    top - 09:42:58 up 13 min,  2 users,  load average: 0.50, 0.62, 0.46
Tasks: 165 total,   1 running, 164 sleeping,   0 stopped,   0 zombie
%Cpu(s):  2.1 us,  4.9 sy,  0.0 ni, 93.0 id,  0.0 wa,  0.0 hi,  0.0 si,  0.0 st
MiB Mem :    986.7 total,     63.9 free,    151.2 used,    771.6 buff/cache
MiB Swap:      0.0 total,      0.0 free,      0.0 used.    102.4 avail Mem 

    PID USER      PR  NI    VIRT    RES    SHR S  %CPU  %MEM     TIME+ COMMAND                                                          
   5068 root      20   0   88276   2972   1840 S   6.9   0.3   0:50.35 dpd-smp -u 5                                                     
   6693 root      20   0  633272   7940   4576 S   4.2   0.8   0:30.68 /usr/bin/sync_timing_ptp2stack /etc/sync_timing_ptp2_default.co+ 
   4370 root      20   0    3704   2416   1572 S   2.8   0.2   0:05.02 /usr/local/bin/dsclswell                                         
   5892 root      20   0    6616   3216   2796 S   2.8   0.3   0:21.40 /usr/local/bin/oda                                               
  17012 admin     20   0    5808   2792   2108 R   2.8   0.3   0:01.77 top                                                              
   1927 root      20   0    9940   5096   4572 S   1.4   0.5   0:00.65 /lib/systemd/systemd-logind                                      
   2033 root      20   0       0      0      0 S   1.4   0.0   0:09.18 [fpga_drvd]                                                      
   4318 root      20   0  201072  15040   1580 S   1.4   1.5   0:00.96 /usr/local/bin/dscllogd                                          
   5151 root      20   0  156404   4068   2064 S   1.4   0.4   0:00.61 /usr/local/bin/ccd                                               
   6606 root      20   0  609132  12848   7584 S   1.4   1.3   0:19.68 /usr/bin/netopeer2-server -U -m 0770 -v 1                        
      1 root      20   0   97840  10856   6716 S   0.0   1.1   0:13.51 /init                                                            
      2 root      20   0       0      0      0 S   0.0   0.0   0:00.01 [kthreadd]                                                       
      3 root       0 -20       0      0      0 I   0.0   0.0   0:00.00 [rcu_gp]                                                         
      4 root       0 -20       0      0      0 I   0.0   0.0   0:00.00 [rcu_par_gp]                                                     
      5 root       0 -20       0      0      0 I   0.0   0.0   0:00.00 [netns]                                                          
      7 root       0 -20       0      0      0 I   0.0   0.0   0:00.31 [kworker/0:0H-mmc_complete]                                      
      8 root      20   0       0      0      0 I   0.0   0.0   0:05.19 [kworker/u8:0-ext4-rsv-conversion]                               
      9 root       0 -20       0      0      0 I   0.0   0.0   0:00.00 [mm_percpu_wq]                                                   
     10 root      20   0       0      0      0 S   0.0   0.0   0:03.56 [ksoftirqd/0]                                                    
     11 root      20   0       0      0      0 I   0.0   0.0   0:00.99 [rcu_sched]                                                      
     12 root      rt   0       0      0      0 S   0.0   0.0   0:00.00 [migration/0]                                                    
     13 root      20   0       0      0      0 S   0.0   0.0   0:00.00 [cpuhp/0]                                                        
     14 root      20   0       0      0      0 S   0.0   0.0   0:00.00 [cpuhp/1]                                                        
     15 root      rt   0       0      0      0 S   0.0   0.0   0:00.00 [migration/1]                                                    
     16 root      20   0       0      0      0 S   0.0   0.0   0:00.41 [ksoftirqd/1]                                                    
     19 root      20   0       0      0      0 S   0.0   0.0   0:00.00 [cpuhp/2]                                                        
     20 root      rt   0       0      0      0 S   0.0   0.0   0:00.00 [migration/2]                                                    
     21 root      20   0       0      0      0 S   0.0   0.0   0:00.52 [ksoftirqd/2]                                                    
     23 root       0 -20       0      0      0 I   0.0   0.0   0:00.17 [kworker/2:0H-kblockd]                                           
     24 root      20   0       0      0      0 S   0.0   0.0   0:00.00 [cpuhp/3]                                                        
     25 root      rt   0       0      0      0 S   0.0   0.0   0:00.00 [migration/3]                                                    
     26 root      20   0       0      0      0 S   0.0   0.0   0:00.00 [ksoftirqd/3]                                                    
     27 root      20   0       0      0      0 I   0.0   0.0   0:00.00 [kworker/3:0-mm_percpu_wq]                                       
     28 root       0 -20       0      0      0 I   0.0   0.0   0:00.00 [kworker/3:0H]                                                   
     29 root      20   0       0      0      0 S   0.0   0.0   0:00.01 [kdevtmpfs]                                                      
     30 root       0 -20       0      0      0 I   0.0   0.0   0:00.00 [inet_frag_wq]                                                   
     32 root      20   0       0      0      0 S   0.0   0.0   0:00.02 [kauditd]                                                        
     33 root      20   0       0      0      0 S   0.0   0.0   0:00.00 [oom_reaper]                                                     
     34 root       0 -20       0      0      0 I   0.0   0.0   0:00.00 [writeback]                                                      
     35 root      20   0       0      0      0 S   0.0   0.0   0:00.02 [kcompactd0]                                                     
     36 root      39  19       0      0      0 S   0.0   0.0   0:00.00 [khugepaged]                                                     
     37 root       0 -20       0      0      0 I   0.0   0.0   0:00.00 [kblockd]                                                        
     38 root       0 -20       0      0      0 I   0.0   0.0   0:00.00 [blkcg_punt_bio]                                                 
     39 root       0 -20       0      0      0 I   0.0   0.0   0:00.00 [edac-poller]                                                    
     40 root     -51   0       0      0      0 S   0.0   0.0   0:00.00 [watchdogd]                                                      
     42 root      20   0       0      0      0 I   0.0   0.0   0:00.11 [kworker/1:1-cgroup_destroy]                                     
     43 root       0 -20       0      0      0 I   0.0   0.0   0:00.00 [rpciod]                                                         
     45 root       0 -20       0      0      0 I   0.0   0.0   0:00.00 [xprtiod]                                                        
     47 root      20   0       0      0      0 S   0.0   0.0   0:00.36 [kswapd0]                                                        
     48 root      20   0       0      0      0 S   0.0   0.0   0:00.00 [ecryptfs-kthread]                                               
     49 root       0 -20       0      0      0 I   0.0   0.0   0:00.00 [nfsiod]                                                         
     51 root      20   0       0      0      0 S   0.0   0.0   0:00.00 [xenbus_probe]                                                   
     52 root      20   0       0      0      0 I   0.0   0.0   0:00.30 [kworker/0:2-events]                                             
     53 root      20   0       0      0      0 I   0.0   0.0   0:00.42 [kworker/u8:2-events_unbound]                                    top - 09:42:58 up 13 min,  2 users,  load average: 0.50, 0.62, 0.46
Tasks: 166 total,   1 running, 165 sleeping,   0 stopped,   0 zombie
%Cpu(s):  7.5 us, 16.4 sy,  0.0 ni, 75.5 id,  0.6 wa,  0.0 hi,  0.0 si,  0.0 st
MiB Mem : 89.6/986.7    [|||||||||||||||||||||||||||||||||||||||||||||||||||||||||||||||||||||||||||||||||||||||||           ]
MiB Swap:  0.0/0.0      [                                                                                                    ]

    PID USER      PR  NI    VIRT    RES    SHR S  %CPU  %MEM     TIME+ COMMAND                                                          
   5068 root      20   0   88276   2972   1840 S   7.3   0.3   0:50.38 dpd-smp -u 5                                                     
   5860 root      20   0  244384   4616   3800 S   4.9   0.5   0:13.86 /usr/bin/sync_timing_core_driver                                 
   5892 root      20   0    6616   3216   2796 S   4.9   0.3   0:21.42 /usr/local/bin/oda                                               
   6693 root      20   0  633272   7940   4576 S   4.9   0.8   0:30.70 /usr/bin/sync_timing_ptp2stack /etc/sync_timing_ptp2_default.co+ 
  17012 admin     20   0    5808   2792   2108 R   4.9   0.3   0:01.79 top                                                              
   2033 root      20   0       0      0      0 S   2.4   0.0   0:09.19 [fpga_drvd]                                                      
   2241 root      20   0    2164   1056    852 S   2.4   0.1   0:04.57 /sbin/syslogd -n -S -s 10000 -b 20                               
   5999 root      20   0  103452  11676   8304 S   2.4   1.2   0:08.47 /usr/local/bin/rud                                               
   6324 root      20   0  384060   4188   3632 S   2.4   0.4   0:04.81 /usr/local/bin/ptp_ctrl 0                                        
   6606 root      20   0  609132  12848   7584 S   2.4   1.3   0:19.69 /usr/bin/netopeer2-server -U -m 0770 -v 1                        
      1 root      20   0   97840  10856   6716 S   0.0   1.1   0:13.51 /init                                                            
      2 root      20   0       0      0      0 S   0.0   0.0   0:00.01 [kthreadd]                                                       
      3 root       0 -20       0      0      0 I   0.0   0.0   0:00.00 [rcu_gp]                                                         
      4 root       0 -20       0      0      0 I   0.0   0.0   0:00.00 [rcu_par_gp]                                                     
      5 root       0 -20       0      0      0 I   0.0   0.0   0:00.00 [netns]                                                          
      7 root       0 -20       0      0      0 I   0.0   0.0   0:00.31 [kworker/0:0H-mmc_complete]                                      
      8 root      20   0       0      0      0 I   0.0   0.0   0:05.19 [kworker/u8:0-ext4-rsv-conversion]                               
      9 root       0 -20       0      0      0 I   0.0   0.0   0:00.00 [mm_percpu_wq]                                                   
     10 root      20   0       0      0      0 S   0.0   0.0   0:03.56 [ksoftirqd/0]                                                    
     11 root      20   0       0      0      0 I   0.0   0.0   0:00.99 [rcu_sched]                                                      
     12 root      rt   0       0      0      0 S   0.0   0.0   0:00.00 [migration/0]                                                    
     13 root      20   0       0      0      0 S   0.0   0.0   0:00.00 [cpuhp/0]                                                        
     14 root      20   0       0      0      0 S   0.0   0.0   0:00.00 [cpuhp/1]                                                        
     15 root      rt   0       0      0      0 S   0.0   0.0   0:00.00 [migration/1]                                                    
     16 root      20   0       0      0      0 S   0.0   0.0   0:00.41 [ksoftirqd/1]                                                    
     19 root      20   0       0      0      0 S   0.0   0.0   0:00.00 [cpuhp/2]                                                        
     20 root      rt   0       0      0      0 S   0.0   0.0   0:00.00 [migration/2]                                                    
     21 root      20   0       0      0      0 S   0.0   0.0   0:00.52 [ksoftirqd/2]                                                    
     23 root       0 -20       0      0      0 I   0.0   0.0   0:00.17 [kworker/2:0H-kblockd]                                           
     24 root      20   0       0      0      0 S   0.0   0.0   0:00.00 [cpuhp/3]                                                        
     25 root      rt   0       0      0      0 S   0.0   0.0   0:00.00 [migration/3]                                                    
     26 root      20   0       0      0      0 S   0.0   0.0   0:00.00 [ksoftirqd/3]                                                    
     27 root      20   0       0      0      0 I   0.0   0.0   0:00.00 [kworker/3:0-mm_percpu_wq]                                       
     28 root       0 -20       0      0      0 I   0.0   0.0   0:00.00 [kworker/3:0H]                                                   
     29 root      20   0       0      0      0 S   0.0   0.0   0:00.01 [kdevtmpfs]                                                      
     30 root       0 -20       0      0      0 I   0.0   0.0   0:00.00 [inet_frag_wq]                                                   
     32 root      20   0       0      0      0 S   0.0   0.0   0:00.02 [kauditd]                                                        
     33 root      20   0       0      0      0 S   0.0   0.0   0:00.00 [oom_reaper]                                                     
     34 root       0 -20       0      0      0 I   0.0   0.0   0:00.00 [writeback]                                                      
     35 root      20   0       0      0      0 S   0.0   0.0   0:00.02 [kcompactd0]                                                     
     36 root      39  19       0      0      0 S   0.0   0.0   0:00.00 [khugepaged]                                                     
     37 root       0 -20       0      0      0 I   0.0   0.0   0:00.00 [kblockd]                                                        
     38 root       0 -20       0      0      0 I   0.0   0.0   0:00.00 [blkcg_punt_bio]                                                 
     39 root       0 -20       0      0      0 I   0.0   0.0   0:00.00 [edac-poller]                                                    
     40 root     -51   0       0      0      0 S   0.0   0.0   0:00.00 [watchdogd]                                                      
     42 root      20   0       0      0      0 I   0.0   0.0   0:00.11 [kworker/1:1-cgroup_destroy]                                     
     43 root       0 -20       0      0      0 I   0.0   0.0   0:00.00 [rpciod]                                                         
     45 root       0 -20       0      0      0 I   0.0   0.0   0:00.00 [xprtiod]                                                        
     47 root      20   0       0      0      0 S   0.0   0.0   0:00.36 [kswapd0]                                                        
     48 root      20   0       0      0      0 S   0.0   0.0   0:00.00 [ecryptfs-kthread]                                               
     49 root       0 -20       0      0      0 I   0.0   0.0   0:00.00 [nfsiod]                                                         
     51 root      20   0       0      0      0 S   0.0   0.0   0:00.00 [xenbus_probe]                                                   
     52 root      20   0       0      0      0 I   0.0   0.0   0:00.30 [kworker/0:2-mm_percpu_wq]                                       
     53 root      20   0       0      0      0 I   0.0   0.0   0:00.42 [kworker/u8:2-ext4-rsv-conversion]                               top - 09:43:00 up 13 min,  2 users,  load average: 0.50, 0.62, 0.46
Tasks: 168 total,   2 running, 166 sleeping,   0 stopped,   0 zombie
%Cpu(s):  2.3 us,  6.5 sy,  0.0 ni, 91.0 id,  0.0 wa,  0.0 hi,  0.1 si,  0.0 st
MiB Mem : 89.0/986.7    [                                                                                                    ]
MiB Swap:  0.0/0.0      [                                                                                                    ]

    PID USER      PR  NI    VIRT    RES    SHR S  %CPU  %MEM     TIME+ COMMAND                                                          
   5068 root      20   0   88276   2972   1840 S   6.7   0.3   0:50.51 dpd-smp -u 5                                                     
   6693 root      20   0  633272   7940   4576 S   3.6   0.8   0:30.77 /usr/bin/sync_timing_ptp2stack /etc/sync_timing_ptp2_default.co+ 
   5892 root      20   0    6616   3216   2796 S   2.6   0.3   0:21.47 /usr/local/bin/oda                                               
   6606 root      20   0  609132  12848   7584 S   2.6   1.3   0:19.74 /usr/bin/netopeer2-server -U -m 0770 -v 1                        
   5860 root      20   0  244384   4616   3800 S   2.1   0.5   0:13.90 /usr/bin/sync_timing_core_driver                                 
   2033 root      20   0       0      0      0 S   1.0   0.0   0:09.21 [fpga_drvd]                                                      
   5969 root      20   0    9456   4380   3416 S   1.0   0.4   0:06.88 /usr/local/bin/devif                                             
  17012 admin     20   0    5808   2792   2108 R   1.0   0.3   0:01.81 top                                                              
  22135 root      20   0    5148   2132   1760 R   1.0   0.2   0:00.02 pgrep -l -f udhcpc -i sys.1                                      
     11 root      20   0       0      0      0 I   0.5   0.0   0:01.00 [rcu_sched]                                                      
   1914 message+  20   0    5796   3616   3132 S   0.5   0.4   0:06.91 /usr/bin/dbus-daemon --system --address=systemd: --nofork --nop+ 
   2241 root      20   0    2164   1056    852 S   0.5   0.1   0:04.58 /sbin/syslogd -n -S -s 10000 -b 20                               
   4370 root      20   0    3704   2416   1572 S   0.5   0.2   0:05.03 /usr/local/bin/dsclswell                                         
   4847 root      20   0   10800    972    852 S   0.5   0.1   0:00.14 /usr/local/bin/led_ctrl 0 EMIO 41 42 43 0                        
   5999 root      20   0  103452  11676   8304 S   0.5   1.2   0:08.48 /usr/local/bin/rud                                               
   6354 root      20   0  605084   4260   3512 S   0.5   0.4   0:01.31 /usr/local/bin/synce_ctrl 0                                      
  12606 admin     20   0   11412   5276   4132 S   0.5   0.5   0:00.10 sshd: admin@pts/0                                                
      1 root      20   0   97840  10856   6716 S   0.0   1.1   0:13.51 /init                                                            
      2 root      20   0       0      0      0 S   0.0   0.0   0:00.01 [kthreadd]                                                       
      3 root       0 -20       0      0      0 I   0.0   0.0   0:00.00 [rcu_gp]                                                         
      4 root       0 -20       0      0      0 I   0.0   0.0   0:00.00 [rcu_par_gp]                                                     
      5 root       0 -20       0      0      0 I   0.0   0.0   0:00.00 [netns]                                                          
      7 root       0 -20       0      0      0 I   0.0   0.0   0:00.31 [kworker/0:0H-mmc_complete]                                      
      8 root      20   0       0      0      0 I   0.0   0.0   0:05.19 [kworker/u8:0-ext4-rsv-conversion]                               
      9 root       0 -20       0      0      0 I   0.0   0.0   0:00.00 [mm_percpu_wq]                                                   
     10 root      20   0       0      0      0 S   0.0   0.0   0:03.56 [ksoftirqd/0]                                                    
     12 root      rt   0       0      0      0 S   0.0   0.0   0:00.00 [migration/0]                                                    
     13 root      20   0       0      0      0 S   0.0   0.0   0:00.00 [cpuhp/0]                                                        
     14 root      20   0       0      0      0 S   0.0   0.0   0:00.00 [cpuhp/1]                                                        
     15 root      rt   0       0      0      0 S   0.0   0.0   0:00.00 [migration/1]                                                    
     16 root      20   0       0      0      0 S   0.0   0.0   0:00.41 [ksoftirqd/1]                                                    
     19 root      20   0       0      0      0 S   0.0   0.0   0:00.00 [cpuhp/2]                                                        
     20 root      rt   0       0      0      0 S   0.0   0.0   0:00.00 [migration/2]                                                    
     21 root      20   0       0      0      0 S   0.0   0.0   0:00.52 [ksoftirqd/2]                                                    
     23 root       0 -20       0      0      0 I   0.0   0.0   0:00.17 [kworker/2:0H-kblockd]                                           
     24 root      20   0       0      0      0 S   0.0   0.0   0:00.00 [cpuhp/3]                                                        
     25 root      rt   0       0      0      0 S   0.0   0.0   0:00.00 [migration/3]                                                    
     26 root      20   0       0      0      0 S   0.0   0.0   0:00.00 [ksoftirqd/3]                                                    
     27 root      20   0       0      0      0 I   0.0   0.0   0:00.00 [kworker/3:0-mm_percpu_wq]                                       
     28 root       0 -20       0      0      0 I   0.0   0.0   0:00.00 [kworker/3:0H]                                                   
     29 root      20   0       0      0      0 S   0.0   0.0   0:00.01 [kdevtmpfs]                                                      
     30 root       0 -20       0      0      0 I   0.0   0.0   0:00.00 [inet_frag_wq]                                                   
     32 root      20   0       0      0      0 S   0.0   0.0   0:00.02 [kauditd]                                                        
     33 root      20   0       0      0      0 S   0.0   0.0   0:00.00 [oom_reaper]                                                     
     34 root       0 -20       0      0      0 I   0.0   0.0   0:00.00 [writeback]                                                      
     35 root      20   0       0      0      0 S   0.0   0.0   0:00.02 [kcompactd0]                                                     
     36 root      39  19       0      0      0 S   0.0   0.0   0:00.00 [khugepaged]                                                     
     37 root       0 -20       0      0      0 I   0.0   0.0   0:00.00 [kblockd]                                                        
     38 root       0 -20       0      0      0 I   0.0   0.0   0:00.00 [blkcg_punt_bio]                                                 
     39 root       0 -20       0      0      0 I   0.0   0.0   0:00.00 [edac-poller]                                                    
     40 root     -51   0       0      0      0 S   0.0   0.0   0:00.00 [watchdogd]                                                      
     42 root      20   0       0      0      0 I   0.0   0.0   0:00.11 [kworker/1:1-cgroup_destroy]                                     
     43 root       0 -20       0      0      0 I   0.0   0.0   0:00.00 [rpciod]                                                         
     45 root       0 -20       0      0      0 I   0.0   0.0   0:00.00 [xprtiod]                                                        top - 09:43:03 up 13 min,  2 users,  load average: 0.46, 0.61, 0.45
Tasks: 165 total,   1 running, 164 sleeping,   0 stopped,   0 zombie
%Cpu(s):  3.0 us,  8.0 sy,  0.0 ni, 88.8 id,  0.1 wa,  0.0 hi,  0.1 si,  0.0 st
MiB Mem : 89.1/986.7    [                                                                                                    ]



   5068 root      20   0   88276   2972   1840 S   6.3   0.3   0:50.70 dpd-smp -u 5                                                     
   6693 root      20   0  633272   7940   4576 S   4.6   0.8   0:30.91 /usr/bin/sync_timing_ptp2stack /etc/sync_timing_ptp2_default.co+ 
   5892 root      20   0    6616   3216   2796 S   3.3   0.3   0:21.57 /usr/local/bin/oda                                               
   5860 root      20   0  244384   4616   3800 S   2.0   0.5   0:13.96 /usr/bin/sync_timing_core_driver                                 
   6606 root      20   0  609132  12848   7584 S   2.0   1.3   0:19.80 /usr/bin/netopeer2-server -U -m 0770 -v 1                        
   2033 root      20   0       0      0      0 S   1.3   0.0   0:09.25 [fpga_drvd]                                                      
   5999 root      20   0  103452  11676   8304 S   1.3   1.2   0:08.52 /usr/local/bin/rud                                               
   4370 root      20   0    3704   2416   1572 S   1.0   0.2   0:05.06 /usr/local/bin/dsclswell                                         
   5969 root      20   0    9456   4380   3416 S   1.0   0.4   0:06.91 /usr/local/bin/devif                                             
   6324 root      20   0  384060   4188   3632 S   1.0   0.4   0:04.84 /usr/local/bin/ptp_ctrl 0                                        
  17012 admin     20   0    5808   2792   2108 R   1.0   0.3   0:01.84 top                                                              
    191 root      20   0   34496  17436  16644 S   0.7   1.7   0:04.55 /lib/systemd/systemd-journald                                    
   2241 root      20   0    2164   1056    852 S   0.7   0.1   0:04.60 /sbin/syslogd -n -S -s 10000 -b 20                               
      1 root      20   0   97840  10856   6716 S   0.3   1.1   0:13.52 /init                                                            
     16 root      20   0       0      0      0 S   0.3   0.0   0:00.42 [ksoftirqd/1]                                                    
   1914 message+  20   0    5796   3616   3132 S   0.3   0.4   0:06.92 /usr/bin/dbus-daemon --system --address=systemd: --nofork --nop+ 
   4550 root      20   0    2376    816    716 S   0.3   0.1   0:01.13 /usr/local/bin/gpio_ctrl                                         
   4727 root      20   0    2504    844    728 S   0.3   0.1   0:00.06 /usr/local/bin/lm73_ctrl 0 1 0x4d                                
   5094 root      20   0  151308   2512   2052 S   0.3   0.2   0:01.32 /usr/local/bin/rfdcd                                             
   6244 root      20   0    4020   2904   2548 S   0.3   0.3   0:00.65 /bin/sh /usr/local/script/watchdog_clear.sh                      
  10402 admin     20   0   12968   8816   6532 S   0.3   0.9   0:01.82 /lib/systemd/systemd --user                                      
  10918 root      20   0       0      0      0 I   0.3   0.0   0:00.14 [kworker/u8:1-edac-poller]                                       
      2 root      20   0       0      0      0 S   0.0   0.0   0:00.01 [kthreadd]                                                       
      3 root       0 -20       0      0      0 I   0.0   0.0   0:00.00 [rcu_gp]                                                         
      4 root       0 -20       0      0      0 I   0.0   0.0   0:00.00 [rcu_par_gp]                                                     
      5 root       0 -20       0      0      0 I   0.0   0.0   0:00.00 [netns]                                                          
      7 root       0 -20       0      0      0 I   0.0   0.0   0:00.31 [kworker/0:0H-mmc_complete]                                      
      8 root      20   0       0      0      0 I   0.0   0.0   0:05.19 [kworker/u8:0-ext4-rsv-conversion]                               
      9 root       0 -20       0      0      0 I   0.0   0.0   0:00.00 [mm_percpu_wq]                                                   
     10 root      20   0       0      0      0 S   0.0   0.0   0:03.56 [ksoftirqd/0]                                                    
     11 root      20   0       0      0      0 I   0.0   0.0   0:01.00 [rcu_sched]                                                      
     12 root      rt   0       0      0      0 S   0.0   0.0   0:00.00 [migration/0]                                                    
     13 root      20   0       0      0      0 S   0.0   0.0   0:00.00 [cpuhp/0]                                                        
     14 root      20   0       0      0      0 S   0.0   0.0   0:00.00 [cpuhp/1]                                                        
     15 root      rt   0       0      0      0 S   0.0   0.0   0:00.00 [migration/1]                                                    
     19 root      20   0       0      0      0 S   0.0   0.0   0:00.00 [cpuhp/2]                                                        
     20 root      rt   0       0      0      0 S   0.0   0.0   0:00.00 [migration/2]                                                    
     21 root      20   0       0      0      0 S   0.0   0.0   0:00.52 [ksoftirqd/2]                                                    
     23 root       0 -20       0      0      0 I   0.0   0.0   0:00.17 [kworker/2:0H-kblockd]                                           
     24 root      20   0       0      0      0 S   0.0   0.0   0:00.00 [cpuhp/3]                                                        
     25 root      rt   0       0      0      0 S   0.0   0.0   0:00.00 [migration/3]                                                    
     26 root      20   0       0      0      0 S   0.0   0.0   0:00.00 [ksoftirqd/3]                                                    
     27 root      20   0       0      0      0 I   0.0   0.0   0:00.00 [kworker/3:0-mm_percpu_wq]                                       
     28 root       0 -20       0      0      0 I   0.0   0.0   0:00.00 [kworker/3:0H]                                                   
     29 root      20   0       0      0      0 S   0.0   0.0   0:00.01 [kdevtmpfs]                                                      
     30 root       0 -20       0      0      0 I   0.0   0.0   0:00.00 [inet_frag_wq]                                                   
     32 root      20   0       0      0      0 S   0.0   0.0   0:00.02 [kauditd]                                                        
     33 root      20   0       0      0      0 S   0.0   0.0   0:00.00 [oom_reaper]                                                     
     34 root       0 -20       0      0      0 I   0.0   0.0   0:00.00 [writeback]                                                      
     35 root      20   0       0      0      0 S   0.0   0.0   0:00.02 [kcompactd0]                                                     
     36 root      39  19       0      0      0 S   0.0   0.0   0:00.00 [khugepaged]                                                     
     37 root       0 -20       0      0      0 I   0.0   0.0   0:00.00 [kblockd]                                                        
     38 root       0 -20       0      0      0 I   0.0   0.0   0:00.00 [blkcg_punt_bio]                                                 
     39 root       0 -20       0      0      0 I   0.0   0.0   0:00.00 [edac-poller]                                                    top - 09:43:03 up 13 min,  2 users,  load average: 0.46, 0.61, 0.45
Tasks: 165 total,   1 running, 164 sleeping,   0 stopped,   0 zombie
%Cpu(s):  0.0 us, 15.0 sy,  0.0 ni, 80.0 id,  0.0 wa,  0.0 hi,  5.0 si,  0.0 st

    PID USER      PR  NI    VIRT    RES    SHR S  %CPU  %MEM     TIME+ COMMAND                                                          
  17012 admin     20   0    5808   2792   2108 R  40.0   0.3   0:01.86 top                                                              
   5068 root      20   0   88276   2972   1840 S  20.0   0.3   0:50.71 dpd-smp -u 5                                                     
      1 root      20   0   97840  10856   6716 S   0.0   1.1   0:13.52 /init                                                            
      2 root      20   0       0      0      0 S   0.0   0.0   0:00.01 [kthreadd]                                                       
      3 root       0 -20       0      0      0 I   0.0   0.0   0:00.00 [rcu_gp]                                                         
      4 root       0 -20       0      0      0 I   0.0   0.0   0:00.00 [rcu_par_gp]                                                     
      5 root       0 -20       0      0      0 I   0.0   0.0   0:00.00 [netns]                                                          
      7 root       0 -20       0      0      0 I   0.0   0.0   0:00.31 [kworker/0:0H-mmc_complete]                                      
      8 root      20   0       0      0      0 I   0.0   0.0   0:05.19 [kworker/u8:0-ext4-rsv-conversion]                               
      9 root       0 -20       0      0      0 I   0.0   0.0   0:00.00 [mm_percpu_wq]                                                   
     10 root      20   0       0      0      0 S   0.0   0.0   0:03.56 [ksoftirqd/0]                                                    
     11 root      20   0       0      0      0 I   0.0   0.0   0:01.00 [rcu_sched]                                                      
     12 root      rt   0       0      0      0 S   0.0   0.0   0:00.00 [migration/0]                                                    
     13 root      20   0       0      0      0 S   0.0   0.0   0:00.00 [cpuhp/0]                                                        
     14 root      20   0       0      0      0 S   0.0   0.0   0:00.00 [cpuhp/1]                                                        
     15 root      rt   0       0      0      0 S   0.0   0.0   0:00.00 [migration/1]                                                    
     16 root      20   0       0      0      0 S   0.0   0.0   0:00.42 [ksoftirqd/1]                                                    
     19 root      20   0       0      0      0 S   0.0   0.0   0:00.00 [cpuhp/2]                                                        
     20 root      rt   0       0      0      0 S   0.0   0.0   0:00.00 [migration/2]                                                    
     21 root      20   0       0      0      0 S   0.0   0.0   0:00.52 [ksoftirqd/2]                                                    
     23 root       0 -20       0      0      0 I   0.0   0.0   0:00.17 [kworker/2:0H-kblockd]                                           
     24 root      20   0       0      0      0 S   0.0   0.0   0:00.00 [cpuhp/3]                                                        
     25 root      rt   0       0      0      0 S   0.0   0.0   0:00.00 [migration/3]                                                    
     26 root      20   0       0      0      0 S   0.0   0.0   0:00.00 [ksoftirqd/3]                                                    
     27 root      20   0       0      0      0 I   0.0   0.0   0:00.00 [kworker/3:0-mm_percpu_wq]                                       
     28 root       0 -20       0      0      0 I   0.0   0.0   0:00.00 [kworker/3:0H]                                                   
     29 root      20   0       0      0      0 S   0.0   0.0   0:00.01 [kdevtmpfs]                                                      
     30 root       0 -20       0      0      0 I   0.0   0.0   0:00.00 [inet_frag_wq]                                                   
     32 root      20   0       0      0      0 S   0.0   0.0   0:00.02 [kauditd]                                                        
     33 root      20   0       0      0      0 S   0.0   0.0   0:00.00 [oom_reaper]                                                     
     34 root       0 -20       0      0      0 I   0.0   0.0   0:00.00 [writeback]                                                      
     35 root      20   0       0      0      0 S   0.0   0.0   0:00.02 [kcompactd0]                                                     
     36 root      39  19       0      0      0 S   0.0   0.0   0:00.00 [khugepaged]                                                     
     37 root       0 -20       0      0      0 I   0.0   0.0   0:00.00 [kblockd]                                                        
     38 root       0 -20       0      0      0 I   0.0   0.0   0:00.00 [blkcg_punt_bio]                                                 
     39 root       0 -20       0      0      0 I   0.0   0.0   0:00.00 [edac-poller]                                                    
     40 root     -51   0       0      0      0 S   0.0   0.0   0:00.00 [watchdogd]                                                      
     42 root      20   0       0      0      0 I   0.0   0.0   0:00.11 [kworker/1:1-cgroup_destroy]                                     
     43 root       0 -20       0      0      0 I   0.0   0.0   0:00.00 [rpciod]                                                         
     45 root       0 -20       0      0      0 I   0.0   0.0   0:00.00 [xprtiod]                                                        
     47 root      20   0       0      0      0 S   0.0   0.0   0:00.36 [kswapd0]                                                        
     48 root      20   0       0      0      0 S   0.0   0.0   0:00.00 [ecryptfs-kthread]                                               
     49 root       0 -20       0      0      0 I   0.0   0.0   0:00.00 [nfsiod]                                                         
     51 root      20   0       0      0      0 S   0.0   0.0   0:00.00 [xenbus_probe]                                                   
     52 root      20   0       0      0      0 I   0.0   0.0   0:00.30 [kworker/0:2-mm_percpu_wq]                                       
     53 root      20   0       0      0      0 I   0.0   0.0   0:00.42 [kworker/u8:2-events_unbound]                                    
     54 root     -51   0       0      0      0 S   0.0   0.0   0:00.00 [zynqmp-aes.0-engine]                                            
     55 root      20   0       0      0      0 S   0.0   0.0   0:00.12 [kpktgend_0]                                                     
     56 root      20   0       0      0      0 S   0.0   0.0   0:00.08 [kpktgend_1]                                                     
     57 root      20   0       0      0      0 S   0.0   0.0   0:00.08 [kpktgend_2]                                                     
     58 root      20   0       0      0      0 S   0.0   0.0   0:00.06 [kpktgend_3]                                                     
     59 root       0 -20       0      0      0 I   0.0   0.0   0:00.00 [mld]                                                            
     60 root       0 -20       0      0      0 I   0.0   0.0   0:00.00 [ipv6_addrconf]                                                  
    128 root      20   0       0      0      0 S   0.0   0.0   0:00.00 [spi1]                                                           
    129 root      20   0       0      0      0 S   0.0   0.0   0:00.00 [spi2]                                                           
    132 root      20   0       0      0      0 I   0.0   0.0   0:00.02 [kworker/3:1-events]                                             top - 09:43:05 up 13 min,  2 users,  load average: 0.46, 0.61, 0.45
Tasks: 165 total,   1 running, 164 sleeping,   0 stopped,   0 zombie
%Cpu(s):  2.7 us,  8.8 sy,  0.0 ni, 88.5 id,  0.0 wa,  0.0 hi,  0.0 si,  0.0 st
MiB Mem :    986.7 total,     68.3 free,    146.5 used,    771.8 buff/cache
MiB Swap:      0.0 total,      0.0 free,      0.0 used.    107.1 avail Mem 

    PID USER      PR  NI    VIRT    RES    SHR S  %CPU  %MEM     TIME+ COMMAND                                                          
   5068 root      20   0   88276   2972   1840 S   6.2   0.3   0:50.78 dpd-smp -u 5                                                     
   6693 root      20   0  633272   7940   4576 S   4.5   0.8   0:30.96 /usr/bin/sync_timing_ptp2stack /etc/sync_timing_ptp2_default.co+ 
   5892 root      20   0    6616   3216   2796 S   3.6   0.3   0:21.61 /usr/local/bin/oda                                               
   6606 root      20   0  609132  12848   7584 S   2.7   1.3   0:19.83 /usr/bin/netopeer2-server -U -m 0770 -v 1                        
   2033 root      20   0       0      0      0 S   1.8   0.0   0:09.27 [fpga_drvd]                                                      
  17012 admin     20   0    5808   2792   2108 R   1.8   0.3   0:01.88 top                                                              
   2241 root      20   0    2164   1056    852 S   0.9   0.1   0:04.61 /sbin/syslogd -n -S -s 10000 -b 20                               
   5072 root      20   0    3888   2868   2560 S   0.9   0.3   0:00.89 /bin/sh /usr/local/script/run_rfsoc_hard_ip_b.sh                 
   5860 root      20   0  244384   4616   3800 S   0.9   0.5   0:13.97 /usr/bin/sync_timing_core_driver                                 
   5969 root      20   0    9456   4380   3416 S   0.9   0.4   0:06.92 /usr/local/bin/devif                                             
   5999 root      20   0  103452  11676   8304 S   0.9   1.2   0:08.53 /usr/local/bin/rud                                               
   6324 root      20   0  384060   4188   3632 S   0.9   0.4   0:04.85 /usr/local/bin/ptp_ctrl 0                                        
   6354 root      20   0  605084   4260   3512 S   0.9   0.4   0:01.32 /usr/local/bin/synce_ctrl 0                                      
      1 root      20   0   97840  10856   6716 S   0.0   1.1   0:13.52 /init                                                            
      2 root      20   0       0      0      0 S   0.0   0.0   0:00.01 [kthreadd]                                                       
      3 root       0 -20       0      0      0 I   0.0   0.0   0:00.00 [rcu_gp]                                                         
      4 root       0 -20       0      0      0 I   0.0   0.0   0:00.00 [rcu_par_gp]                                                     
      5 root       0 -20       0      0      0 I   0.0   0.0   0:00.00 [netns]                                                          
      7 root       0 -20       0      0      0 I   0.0   0.0   0:00.31 [kworker/0:0H-kblockd]                                           
      8 root      20   0       0      0      0 I   0.0   0.0   0:05.19 [kworker/u8:0-ext4-rsv-conversion]                               
      9 root       0 -20       0      0      0 I   0.0   0.0   0:00.00 [mm_percpu_wq]                                                   
     10 root      20   0       0      0      0 S   0.0   0.0   0:03.56 [ksoftirqd/0]                                                    
     11 root      20   0       0      0      0 I   0.0   0.0   0:01.00 [rcu_sched]                                                      
     12 root      rt   0       0      0      0 S   0.0   0.0   0:00.00 [migration/0]                                                    
     13 root      20   0       0      0      0 S   0.0   0.0   0:00.00 [cpuhp/0]                                                        
     14 root      20   0       0      0      0 S   0.0   0.0   0:00.00 [cpuhp/1]                                                        
     15 root      rt   0       0      0      0 S   0.0   0.0   0:00.00 [migration/1]                                                    
     16 root      20   0       0      0      0 S   0.0   0.0   0:00.42 [ksoftirqd/1]                                                    
     19 root      20   0       0      0      0 S   0.0   0.0   0:00.00 [cpuhp/2]                                                        
     20 root      rt   0       0      0      0 S   0.0   0.0   0:00.00 [migration/2]                                                    
     21 root      20   0       0      0      0 S   0.0   0.0   0:00.52 [ksoftirqd/2]                                                    
     23 root       0 -20       0      0      0 I   0.0   0.0   0:00.17 [kworker/2:0H-kblockd]                                           
     24 root      20   0       0      0      0 S   0.0   0.0   0:00.00 [cpuhp/3]                                                        
     25 root      rt   0       0      0      0 S   0.0   0.0   0:00.00 [migration/3]                                                    
     26 root      20   0       0      0      0 S   0.0   0.0   0:00.00 [ksoftirqd/3]                                                    
     27 root      20   0       0      0      0 I   0.0   0.0   0:00.00 [kworker/3:0-mm_percpu_wq]                                       
     28 root       0 -20       0      0      0 I   0.0   0.0   0:00.00 [kworker/3:0H]                                                   
     29 root      20   0       0      0      0 S   0.0   0.0   0:00.01 [kdevtmpfs]                                                      
     30 root       0 -20       0      0      0 I   0.0   0.0   0:00.00 [inet_frag_wq]                                                   
     32 root      20   0       0      0      0 S   0.0   0.0   0:00.02 [kauditd]                                                        
     33 root      20   0       0      0      0 S   0.0   0.0   0:00.00 [oom_reaper]                                                     
     34 root       0 -20       0      0      0 I   0.0   0.0   0:00.00 [writeback]                                                      
     35 root      20   0       0      0      0 S   0.0   0.0   0:00.02 [kcompactd0]                                                     
     36 root      39  19       0      0      0 S   0.0   0.0   0:00.00 [khugepaged]                                                     
     37 root       0 -20       0      0      0 I   0.0   0.0   0:00.00 [kblockd]                                                        
     38 root       0 -20       0      0      0 I   0.0   0.0   0:00.00 [blkcg_punt_bio]                                                 
     39 root       0 -20       0      0      0 I   0.0   0.0   0:00.00 [edac-poller]                                                    
     40 root     -51   0       0      0      0 S   0.0   0.0   0:00.00 [watchdogd]                                                      
     42 root      20   0       0      0      0 I   0.0   0.0   0:00.11 [kworker/1:1-cgroup_destroy]                                     
     43 root       0 -20       0      0      0 I   0.0   0.0   0:00.00 [rpciod]                                                         
     45 root       0 -20       0      0      0 I   0.0   0.0   0:00.00 [xprtiod]                                                        
     47 root      20   0       0      0      0 S   0.0   0.0   0:00.36 [kswapd0]                                                        
     48 root      20   0       0      0      0 S   0.0   0.0   0:00.00 [ecryptfs-kthread]                                               
     49 root       0 -20       0      0      0 I   0.0   0.0   0:00.00 [nfsiod]                                                         top - 09:43:08 up 13 min,  2 users,  load average: 0.42, 0.60, 0.45
Tasks: 166 total,   1 running, 165 sleeping,   0 stopped,   0 zombie
%Cpu(s):  3.6 us,  9.3 sy,  0.0 ni, 87.1 id,  0.0 wa,  0.0 hi,  0.1 si,  0.0 st
MiB Mem :    986.7 total,     66.1 free,    148.7 used,    771.9 buff/cache
MiB Swap:      0.0 total,      0.0 free,      0.0 used.    105.0 avail Mem 


   5068 root      20   0   88276   2972   1840 S   6.6   0.3   0:50.98 dpd-smp -u 5                                                     
   6693 root      20   0  633272   7940   4576 S   4.3   0.8   0:31.09 /usr/bin/sync_timing_ptp2stack /etc/sync_timing_ptp2_default.co+ 
   5892 root      20   0    6616   3216   2796 S   3.0   0.3   0:21.70 /usr/local/bin/oda                                               
   5860 root      20   0  244384   4616   3800 S   2.3   0.5   0:14.04 /usr/bin/sync_timing_core_driver                                 
   6606 root      20   0  609132  12848   7584 S   2.3   1.3   0:19.90 /usr/bin/netopeer2-server -U -m 0770 -v 1                        
    191 root      20   0   34496  17700  16908 S   1.3   1.8   0:04.59 /lib/systemd/systemd-journald                                    
   2033 root      20   0       0      0      0 S   1.3   0.0   0:09.31 [fpga_drvd]                                                      
   5999 root      20   0  103452  11676   8304 S   1.3   1.2   0:08.57 /usr/local/bin/rud                                               
   5969 root      20   0    9456   4380   3416 S   1.0   0.4   0:06.95 /usr/local/bin/devif                                             
   4370 root      20   0    3704   2416   1572 S   0.7   0.2   0:05.08 /usr/local/bin/dsclswell                                         
   6324 root      20   0  384060   4188   3632 S   0.7   0.4   0:04.87 /usr/local/bin/ptp_ctrl 0                                        
  17012 admin     20   0    5808   2792   2108 R   0.7   0.3   0:01.90 top                                                              
     10 root      20   0       0      0      0 S   0.3   0.0   0:03.57 [ksoftirqd/0]                                                    
   1914 message+  20   0    5796   3616   3132 S   0.3   0.4   0:06.93 /usr/bin/dbus-daemon --system --address=systemd: --nofork --nop+ 
   2241 root      20   0    2164   1056    852 S   0.3   0.1   0:04.62 /sbin/syslogd -n -S -s 10000 -b 20                               
   4441 systemd+  20   0   11136   6008   5360 S   0.3   0.6   0:00.46 /lib/systemd/systemd-networkd                                    
   5374 root      20   0    2536    980    860 S   0.3   0.1   0:00.16 /usr/local/bin/sfp_led_ctrl 0 EMIO 2 47 46 45 44                 
      1 root      20   0   97840  10856   6716 S   0.0   1.1   0:13.52 /init                                                            
      2 root      20   0       0      0      0 S   0.0   0.0   0:00.01 [kthreadd]                                                       
      3 root       0 -20       0      0      0 I   0.0   0.0   0:00.00 [rcu_gp]                                                         
      4 root       0 -20       0      0      0 I   0.0   0.0   0:00.00 [rcu_par_gp]                                                     
      5 root       0 -20       0      0      0 I   0.0   0.0   0:00.00 [netns]                                                          
      7 root       0 -20       0      0      0 I   0.0   0.0   0:00.31 [kworker/0:0H-kblockd]                                           
      8 root      20   0       0      0      0 I   0.0   0.0   0:05.19 [kworker/u8:0-ext4-rsv-conversion]                               
      9 root       0 -20       0      0      0 I   0.0   0.0   0:00.00 [mm_percpu_wq]                                                   
     11 root      20   0       0      0      0 I   0.0   0.0   0:01.00 [rcu_sched]                                                      
     12 root      rt   0       0      0      0 S   0.0   0.0   0:00.00 [migration/0]                                                    
     13 root      20   0       0      0      0 S   0.0   0.0   0:00.00 [cpuhp/0]                                                        
     14 root      20   0       0      0      0 S   0.0   0.0   0:00.00 [cpuhp/1]                                                        
     15 root      rt   0       0      0      0 S   0.0   0.0   0:00.00 [migration/1]                                                    
     16 root      20   0       0      0      0 S   0.0   0.0   0:00.42 [ksoftirqd/1]                                                    
     19 root      20   0       0      0      0 S   0.0   0.0   0:00.00 [cpuhp/2]                                                        
     20 root      rt   0       0      0      0 S   0.0   0.0   0:00.00 [migration/2]                                                    
     21 root      20   0       0      0      0 S   0.0   0.0   0:00.52 [ksoftirqd/2]                                                    
     23 root       0 -20       0      0      0 I   0.0   0.0   0:00.17 [kworker/2:0H-kblockd]                                           
     24 root      20   0       0      0      0 S   0.0   0.0   0:00.00 [cpuhp/3]                                                        
     25 root      rt   0       0      0      0 S   0.0   0.0   0:00.00 [migration/3]                                                    
     26 root      20   0       0      0      0 S   0.0   0.0   0:00.00 [ksoftirqd/3]                                                    
     27 root      20   0       0      0      0 I   0.0   0.0   0:00.00 [kworker/3:0-mm_percpu_wq]                                       
     28 root       0 -20       0      0      0 I   0.0   0.0   0:00.00 [kworker/3:0H]                                                   
     29 root      20   0       0      0      0 S   0.0   0.0   0:00.01 [kdevtmpfs]                                                      
     30 root       0 -20       0      0      0 I   0.0   0.0   0:00.00 [inet_frag_wq]                                                   
     32 root      20   0       0      0      0 S   0.0   0.0   0:00.02 [kauditd]                                                        
     33 root      20   0       0      0      0 S   0.0   0.0   0:00.00 [oom_reaper]                                                     
     34 root       0 -20       0      0      0 I   0.0   0.0   0:00.00 [writeback]                                                      
     35 root      20   0       0      0      0 S   0.0   0.0   0:00.02 [kcompactd0]                                                     
     36 root      39  19       0      0      0 S   0.0   0.0   0:00.00 [khugepaged]                                                     
     37 root       0 -20       0      0      0 I   0.0   0.0   0:00.00 [kblockd]                                                        
     38 root       0 -20       0      0      0 I   0.0   0.0   0:00.00 [blkcg_punt_bio]                                                 
     39 root       0 -20       0      0      0 I   0.0   0.0   0:00.00 [edac-poller]                                                    
     40 root     -51   0       0      0      0 S   0.0   0.0   0:00.00 [watchdogd]                                                      
     42 root      20   0       0      0      0 I   0.0   0.0   0:00.11 [kworker/1:1-cgroup_destroy]                                     
     43 root       0 -20       0      0      0 I   0.0   0.0   0:00.00 [rpciod]                                                         
     45 root       0 -20       0      0      0 I   0.0   0.0   0:00.00 [xprtiod]                                                        top - 09:43:11 up 13 min,  2 users,  load average: 0.42, 0.60, 0.45

%Cpu(s):  3.0 us,  6.9 sy,  0.0 ni, 90.0 id,  0.1 wa,  0.0 hi,  0.0 si,  0.0 st
MiB Mem :    986.7 total,     65.7 free,    149.0 used,    772.0 buff/cache
MiB Swap:      0.0 total,      0.0 free,      0.0 used.    104.7 avail Mem 


   5068 root      20   0   88276   2972   1840 S   6.6   0.3   0:51.18 dpd-smp -u 5                                                     
   6693 root      20   0  633272   7940   4576 S   4.6   0.8   0:31.23 /usr/bin/sync_timing_ptp2stack /etc/sync_timing_ptp2_default.co+ 
   5892 root      20   0    6616   3216   2796 S   3.0   0.3   0:21.79 /usr/local/bin/oda                                               
   5860 root      20   0  244384   4616   3800 S   2.0   0.5   0:14.10 /usr/bin/sync_timing_core_driver                                 
   6606 root      20   0  609132  12848   7584 S   2.0   1.3   0:19.96 /usr/bin/netopeer2-server -U -m 0770 -v 1                        
   2033 root      20   0       0      0      0 S   1.3   0.0   0:09.35 [fpga_drvd]                                                      
   2241 root      20   0    2164   1056    852 S   1.3   0.1   0:04.66 /sbin/syslogd -n -S -s 10000 -b 20                               
   5999 root      20   0  103452  11676   8304 S   1.3   1.2   0:08.61 /usr/local/bin/rud                                               
   5969 root      20   0    9456   4380   3416 S   1.0   0.4   0:06.98 /usr/local/bin/devif                                             
   4370 root      20   0    3704   2416   1572 S   0.7   0.2   0:05.10 /usr/local/bin/dsclswell                                         
   6324 root      20   0  384060   4188   3632 S   0.7   0.4   0:04.89 /usr/local/bin/ptp_ctrl 0                                        
  17012 admin     20   0    5808   2792   2108 R   0.7   0.3   0:01.92 top                                                              
     11 root      20   0       0      0      0 I   0.3   0.0   0:01.01 [rcu_sched]                                                      
    202 root      20   0       0      0      0 I   0.3   0.0   0:00.61 [kworker/2:3-events_long]                                        
   1914 message+  20   0    5796   3616   3132 S   0.3   0.4   0:06.94 /usr/bin/dbus-daemon --system --address=systemd: --nofork --nop+ 
   4550 root      20   0    2376    816    716 S   0.3   0.1   0:01.14 /usr/local/bin/gpio_ctrl                                         
   5094 root      20   0  151308   2512   2052 S   0.3   0.2   0:01.33 /usr/local/bin/rfdcd                                             
   5920 root      20   0  304008  19772   4388 S   0.3   2.0   0:09.08 /usr/bin/sysrepod                                                
      1 root      20   0   97840  10856   6716 S   0.0   1.1   0:13.52 /init                                                            
      2 root      20   0       0      0      0 S   0.0   0.0   0:00.01 [kthreadd]                                                       
      3 root       0 -20       0      0      0 I   0.0   0.0   0:00.00 [rcu_gp]                                                         
      4 root       0 -20       0      0      0 I   0.0   0.0   0:00.00 [rcu_par_gp]                                                     
      5 root       0 -20       0      0      0 I   0.0   0.0   0:00.00 [netns]                                                          
      7 root       0 -20       0      0      0 I   0.0   0.0   0:00.31 [kworker/0:0H-mmc_complete]                                      
      8 root      20   0       0      0      0 I   0.0   0.0   0:05.19 [kworker/u8:0-ext4-rsv-conversion]                               
      9 root       0 -20       0      0      0 I   0.0   0.0   0:00.00 [mm_percpu_wq]                                                   
     10 root      20   0       0      0      0 S   0.0   0.0   0:03.57 [ksoftirqd/0]                                                    
     12 root      rt   0       0      0      0 S   0.0   0.0   0:00.00 [migration/0]                                                    
     13 root      20   0       0      0      0 S   0.0   0.0   0:00.00 [cpuhp/0]                                                        
     14 root      20   0       0      0      0 S   0.0   0.0   0:00.00 [cpuhp/1]                                                        
     15 root      rt   0       0      0      0 S   0.0   0.0   0:00.00 [migration/1]                                                    
     16 root      20   0       0      0      0 S   0.0   0.0   0:00.42 [ksoftirqd/1]                                                    
     19 root      20   0       0      0      0 S   0.0   0.0   0:00.00 [cpuhp/2]                                                        
     20 root      rt   0       0      0      0 S   0.0   0.0   0:00.00 [migration/2]                                                    
     21 root      20   0       0      0      0 S   0.0   0.0   0:00.52 [ksoftirqd/2]                                                    
     23 root       0 -20       0      0      0 I   0.0   0.0   0:00.17 [kworker/2:0H-kblockd]                                           
     24 root      20   0       0      0      0 S   0.0   0.0   0:00.00 [cpuhp/3]                                                        
     25 root      rt   0       0      0      0 S   0.0   0.0   0:00.00 [migration/3]                                                    
     26 root      20   0       0      0      0 S   0.0   0.0   0:00.00 [ksoftirqd/3]                                                    
     27 root      20   0       0      0      0 I   0.0   0.0   0:00.00 [kworker/3:0-mm_percpu_wq]                                       
     28 root       0 -20       0      0      0 I   0.0   0.0   0:00.00 [kworker/3:0H]                                                   
     29 root      20   0       0      0      0 S   0.0   0.0   0:00.01 [kdevtmpfs]                                                      
     30 root       0 -20       0      0      0 I   0.0   0.0   0:00.00 [inet_frag_wq]                                                   
     32 root      20   0       0      0      0 S   0.0   0.0   0:00.02 [kauditd]                                                        
     33 root      20   0       0      0      0 S   0.0   0.0   0:00.00 [oom_reaper]                                                     
     34 root       0 -20       0      0      0 I   0.0   0.0   0:00.00 [writeback]                                                      
     35 root      20   0       0      0      0 S   0.0   0.0   0:00.02 [kcompactd0]                                                     
     36 root      39  19       0      0      0 S   0.0   0.0   0:00.00 [khugepaged]                                                     
     37 root       0 -20       0      0      0 I   0.0   0.0   0:00.00 [kblockd]                                                        
     38 root       0 -20       0      0      0 I   0.0   0.0   0:00.00 [blkcg_punt_bio]                                                 
     39 root       0 -20       0      0      0 I   0.0   0.0   0:00.00 [edac-poller]                                                    
     40 root     -51   0       0      0      0 S   0.0   0.0   0:00.00 [watchdogd]                                                      
     42 root      20   0       0      0      0 I   0.0   0.0   0:00.11 [kworker/1:1-cgroup_destroy]                                     
     43 root       0 -20       0      0      0 I   0.0   0.0   0:00.00 [rpciod]                                                         top - 09:43:14 up 13 min,  2 users,  load average: 0.39, 0.59, 0.45

%Cpu(s):  3.5 us,  9.2 sy,  0.0 ni, 87.1 id,  0.1 wa,  0.0 hi,  0.2 si,  0.0 st
MiB Mem :    986.7 total,     63.5 free,    151.1 used,    772.1 buff/cache
MiB Swap:      0.0 total,      0.0 free,      0.0 used.    102.6 avail Mem 


   5068 root      20   0   88276   2972   1840 S   6.6   0.3   0:51.38 dpd-smp -u 5                                                     
   6693 root      20   0  633272   7940   4576 S   4.3   0.8   0:31.36 /usr/bin/sync_timing_ptp2stack /etc/sync_timing_ptp2_default.co+ 
   5892 root      20   0    6616   3216   2796 S   3.3   0.3   0:21.89 /usr/local/bin/oda                                               
   5860 root      20   0  244384   4616   3800 S   2.0   0.5   0:14.16 /usr/bin/sync_timing_core_driver                                 
   6606 root      20   0  609132  12848   7584 S   2.0   1.3   0:20.02 /usr/bin/netopeer2-server -U -m 0770 -v 1                        
   5999 root      20   0  103452  11676   8304 S   1.3   1.2   0:08.65 /usr/local/bin/rud                                               
    191 root      20   0   34496  17700  16908 S   1.0   1.8   0:04.62 /lib/systemd/systemd-journald                                    
   2033 root      20   0       0      0      0 S   1.0   0.0   0:09.38 [fpga_drvd]                                                      
   5969 root      20   0    9456   4380   3416 S   1.0   0.4   0:07.01 /usr/local/bin/devif                                             
  17012 admin     20   0    5808   2792   2108 R   1.0   0.3   0:01.95 top                                                              
   4370 root      20   0    3704   2416   1572 S   0.7   0.2   0:05.12 /usr/local/bin/dsclswell                                         
   6324 root      20   0  384060   4188   3632 S   0.7   0.4   0:04.91 /usr/local/bin/ptp_ctrl 0                                        
      1 root      20   0   97840  10856   6716 S   0.3   1.1   0:13.53 /init                                                            
     21 root      20   0       0      0      0 S   0.3   0.0   0:00.53 [ksoftirqd/2]                                                    
   1914 message+  20   0    5796   3616   3132 S   0.3   0.4   0:06.95 /usr/bin/dbus-daemon --system --address=systemd: --nofork --nop+ 
   2241 root      20   0    2164   1056    852 S   0.3   0.1   0:04.67 /sbin/syslogd -n -S -s 10000 -b 20                               
   5072 root      20   0    3888   2868   2560 S   0.3   0.3   0:00.90 /bin/sh /usr/local/script/run_rfsoc_hard_ip_b.sh                 
   5094 root      20   0  151308   2512   2052 S   0.3   0.2   0:01.34 /usr/local/bin/rfdcd                                             
   6244 root      20   0    4020   2904   2548 S   0.3   0.3   0:00.66 /bin/sh /usr/local/script/watchdog_clear.sh                      
   6354 root      20   0  605084   4260   3512 S   0.3   0.4   0:01.33 /usr/local/bin/synce_ctrl 0                                      
   6950 root      20   0   76244    832    720 S   0.3   0.1   0:00.26 /usr/local/bin/netstat_ctrl 0                                    
  10402 admin     20   0   12968   8816   6532 S   0.3   0.9   0:01.83 /lib/systemd/systemd --user                                      
  12606 admin     20   0   11412   5276   4132 S   0.3   0.5   0:00.11 sshd: admin@pts/0                                                
      2 root      20   0       0      0      0 S   0.0   0.0   0:00.01 [kthreadd]                                                       
      3 root       0 -20       0      0      0 I   0.0   0.0   0:00.00 [rcu_gp]                                                         
      4 root       0 -20       0      0      0 I   0.0   0.0   0:00.00 [rcu_par_gp]                                                     
      5 root       0 -20       0      0      0 I   0.0   0.0   0:00.00 [netns]                                                          
      7 root       0 -20       0      0      0 I   0.0   0.0   0:00.31 [kworker/0:0H-mmc_complete]                                      
      8 root      20   0       0      0      0 I   0.0   0.0   0:05.19 [kworker/u8:0-ext4-rsv-conversion]                               
      9 root       0 -20       0      0      0 I   0.0   0.0   0:00.00 [mm_percpu_wq]                                                   
     10 root      20   0       0      0      0 S   0.0   0.0   0:03.57 [ksoftirqd/0]                                                    
     11 root      20   0       0      0      0 I   0.0   0.0   0:01.01 [rcu_sched]                                                      
     12 root      rt   0       0      0      0 S   0.0   0.0   0:00.00 [migration/0]                                                    
     13 root      20   0       0      0      0 S   0.0   0.0   0:00.00 [cpuhp/0]                                                        
     14 root      20   0       0      0      0 S   0.0   0.0   0:00.00 [cpuhp/1]                                                        
     15 root      rt   0       0      0      0 S   0.0   0.0   0:00.00 [migration/1]                                                    
     16 root      20   0       0      0      0 S   0.0   0.0   0:00.42 [ksoftirqd/1]                                                    
     19 root      20   0       0      0      0 S   0.0   0.0   0:00.00 [cpuhp/2]                                                        
     20 root      rt   0       0      0      0 S   0.0   0.0   0:00.00 [migration/2]                                                    
     23 root       0 -20       0      0      0 I   0.0   0.0   0:00.17 [kworker/2:0H-kblockd]                                           
     24 root      20   0       0      0      0 S   0.0   0.0   0:00.00 [cpuhp/3]                                                        
     25 root      rt   0       0      0      0 S   0.0   0.0   0:00.00 [migration/3]                                                    
     26 root      20   0       0      0      0 S   0.0   0.0   0:00.00 [ksoftirqd/3]                                                    
     27 root      20   0       0      0      0 I   0.0   0.0   0:00.00 [kworker/3:0-mm_percpu_wq]                                       
     28 root       0 -20       0      0      0 I   0.0   0.0   0:00.00 [kworker/3:0H]                                                   
     29 root      20   0       0      0      0 S   0.0   0.0   0:00.01 [kdevtmpfs]                                                      
     30 root       0 -20       0      0      0 I   0.0   0.0   0:00.00 [inet_frag_wq]                                                   
     32 root      20   0       0      0      0 S   0.0   0.0   0:00.02 [kauditd]                                                        
     33 root      20   0       0      0      0 S   0.0   0.0   0:00.00 [oom_reaper]                                                     
     34 root       0 -20       0      0      0 I   0.0   0.0   0:00.00 [writeback]                                                      
     35 root      20   0       0      0      0 S   0.0   0.0   0:00.02 [kcompactd0]                                                     
     36 root      39  19       0      0      0 S   0.0   0.0   0:00.00 [khugepaged]                                                     
     37 root       0 -20       0      0      0 I   0.0   0.0   0:00.00 [kblockd]                                                        
     38 root       0 -20       0      0      0 I   0.0   0.0   0:00.00 [blkcg_punt_bio]                                                 top - 09:43:17 up 13 min,  2 users,  load average: 0.35, 0.58, 0.45
Tasks: 166 total,   2 running, 163 sleeping,   0 stopped,   1 zombie
%Cpu(s):  2.9 us,  7.4 sy,  0.0 ni, 89.7 id,  0.0 wa,  0.0 hi,  0.1 si,  0.0 st
MiB Mem :    986.7 total,     63.5 free,    151.1 used,    772.2 buff/cache



   5068 root      20   0   88276   2972   1840 S   6.6   0.3   0:51.58 dpd-smp -u 5                                                     
   6693 root      20   0  633272   7940   4576 S   4.6   0.8   0:31.50 /usr/bin/sync_timing_ptp2stack /etc/sync_timing_ptp2_default.co+ 
   5892 root      20   0    6616   3216   2796 S   3.0   0.3   0:21.98 /usr/local/bin/oda                                               
   6606 root      20   0  609132  12848   7584 S   2.3   1.3   0:20.09 /usr/bin/netopeer2-server -U -m 0770 -v 1                        
   5860 root      20   0  244384   4616   3800 S   2.0   0.5   0:14.22 /usr/bin/sync_timing_core_driver                                 
   2033 root      20   0       0      0      0 S   1.7   0.0   0:09.43 [fpga_drvd]                                                      
   5999 root      20   0  103452  11676   8304 S   1.3   1.2   0:08.69 /usr/local/bin/rud                                               
   4370 root      20   0    3704   2416   1572 S   1.0   0.2   0:05.15 /usr/local/bin/dsclswell                                         
   5969 root      20   0    9456   4380   3416 S   1.0   0.4   0:07.04 /usr/local/bin/devif                                             
   2241 root      20   0    2164   1056    852 S   0.7   0.1   0:04.69 /sbin/syslogd -n -S -s 10000 -b 20                               
   6324 root      20   0  384060   4188   3632 S   0.7   0.4   0:04.93 /usr/local/bin/ptp_ctrl 0                                        
  17012 admin     20   0    5808   2792   2108 R   0.7   0.3   0:01.97 top                                                              
     11 root      20   0       0      0      0 R   0.3   0.0   0:01.02 [rcu_sched]                                                      
   1914 message+  20   0    5796   3616   3132 S   0.3   0.4   0:06.96 /usr/bin/dbus-daemon --system --address=systemd: --nofork --nop+ 
   4318 root      20   0  201072  15040   1580 S   0.3   1.5   0:00.97 /usr/local/bin/dscllogd                                          
   4550 root      20   0    2376    816    716 S   0.3   0.1   0:01.15 /usr/local/bin/gpio_ctrl                                         
   5094 root      20   0  151308   2512   2052 S   0.3   0.2   0:01.35 /usr/local/bin/rfdcd                                             
   6295 root      20   0   13596   8860   5804 S   0.3   0.9   0:00.68 /usr/local/bin/ncld                                              
   6354 root      20   0  605084   4260   3512 S   0.3   0.4   0:01.34 /usr/local/bin/synce_ctrl 0                                      
      1 root      20   0   97840  10856   6716 S   0.0   1.1   0:13.53 /init                                                            
      2 root      20   0       0      0      0 S   0.0   0.0   0:00.01 [kthreadd]                                                       
      3 root       0 -20       0      0      0 I   0.0   0.0   0:00.00 [rcu_gp]                                                         
      4 root       0 -20       0      0      0 I   0.0   0.0   0:00.00 [rcu_par_gp]                                                     
      5 root       0 -20       0      0      0 I   0.0   0.0   0:00.00 [netns]                                                          
      7 root       0 -20       0      0      0 I   0.0   0.0   0:00.31 [kworker/0:0H-kblockd]                                           
      8 root      20   0       0      0      0 I   0.0   0.0   0:05.19 [kworker/u8:0-ext4-rsv-conversion]                               
      9 root       0 -20       0      0      0 I   0.0   0.0   0:00.00 [mm_percpu_wq]                                                   
     10 root      20   0       0      0      0 S   0.0   0.0   0:03.57 [ksoftirqd/0]                                                    
     12 root      rt   0       0      0      0 S   0.0   0.0   0:00.00 [migration/0]                                                    
     13 root      20   0       0      0      0 S   0.0   0.0   0:00.00 [cpuhp/0]                                                        
     14 root      20   0       0      0      0 S   0.0   0.0   0:00.00 [cpuhp/1]                                                        
     15 root      rt   0       0      0      0 S   0.0   0.0   0:00.00 [migration/1]                                                    
     16 root      20   0       0      0      0 S   0.0   0.0   0:00.42 [ksoftirqd/1]                                                    
     19 root      20   0       0      0      0 S   0.0   0.0   0:00.00 [cpuhp/2]                                                        
     20 root      rt   0       0      0      0 S   0.0   0.0   0:00.00 [migration/2]                                                    
     21 root      20   0       0      0      0 S   0.0   0.0   0:00.53 [ksoftirqd/2]                                                    
     23 root       0 -20       0      0      0 I   0.0   0.0   0:00.17 [kworker/2:0H-kblockd]                                           
     24 root      20   0       0      0      0 S   0.0   0.0   0:00.00 [cpuhp/3]                                                        
     25 root      rt   0       0      0      0 S   0.0   0.0   0:00.00 [migration/3]                                                    
     26 root      20   0       0      0      0 S   0.0   0.0   0:00.00 [ksoftirqd/3]                                                    
     27 root      20   0       0      0      0 I   0.0   0.0   0:00.00 [kworker/3:0-mm_percpu_wq]                                       
     28 root       0 -20       0      0      0 I   0.0   0.0   0:00.00 [kworker/3:0H]                                                   
     29 root      20   0       0      0      0 S   0.0   0.0   0:00.01 [kdevtmpfs]                                                      
     30 root       0 -20       0      0      0 I   0.0   0.0   0:00.00 [inet_frag_wq]                                                   
     32 root      20   0       0      0      0 S   0.0   0.0   0:00.02 [kauditd]                                                        
     33 root      20   0       0      0      0 S   0.0   0.0   0:00.00 [oom_reaper]                                                     
     34 root       0 -20       0      0      0 I   0.0   0.0   0:00.00 [writeback]                                                      
     35 root      20   0       0      0      0 S   0.0   0.0   0:00.02 [kcompactd0]                                                     
     36 root      39  19       0      0      0 S   0.0   0.0   0:00.00 [khugepaged]                                                     
     37 root       0 -20       0      0      0 I   0.0   0.0   0:00.00 [kblockd]                                                        
     38 root       0 -20       0      0      0 I   0.0   0.0   0:00.00 [blkcg_punt_bio]                                                 
     39 root       0 -20       0      0      0 I   0.0   0.0   0:00.00 [edac-poller]                                                    
     40 root     -51   0       0      0      0 S   0.0   0.0   0:00.00 [watchdogd]                                                      
     42 root      20   0       0      0      0 I   0.0   0.0   0:00.11 [kworker/1:1-cgroup_destroy]                                     top - 09:43:20 up 13 min,  2 users,  load average: 0.35, 0.58, 0.45
Tasks: 165 total,   1 running, 164 sleeping,   0 stopped,   0 zombie
%Cpu(s):  3.0 us,  6.2 sy,  0.0 ni, 90.8 id,  0.0 wa,  0.0 hi,  0.1 si,  0.0 st
MiB Mem :    986.7 total,     63.5 free,    151.0 used,    772.2 buff/cache
MiB Swap:      0.0 total,      0.0 free,      0.0 used.    102.7 avail Mem 


   5068 root      20   0   88276   2972   1840 S   6.6   0.3   0:51.78 dpd-smp -u 5                                                     
   6693 root      20   0  633272   7940   4576 S   4.3   0.8   0:31.63 /usr/bin/sync_timing_ptp2stack /etc/sync_timing_ptp2_default.co+ 
   5892 root      20   0    6616   3216   2796 S   3.0   0.3   0:22.07 /usr/local/bin/oda                                               
   6606 root      20   0  609132  12848   7584 S   2.0   1.3   0:20.15 /usr/bin/netopeer2-server -U -m 0770 -v 1                        
   5860 root      20   0  244384   4616   3800 S   1.7   0.5   0:14.27 /usr/bin/sync_timing_core_driver                                 
   2033 root      20   0       0      0      0 S   1.0   0.0   0:09.46 [fpga_drvd]                                                      
   5999 root      20   0  103488  11680   8304 D   1.0   1.2   0:08.72 /usr/local/bin/rud                                               
   6324 root      20   0  384060   4188   3632 S   1.0   0.4   0:04.96 /usr/local/bin/ptp_ctrl 0                                        
    191 root      20   0   34496  17700  16908 S   0.7   1.8   0:04.64 /lib/systemd/systemd-journald                                    
   5969 root      20   0    9456   4380   3416 S   0.7   0.4   0:07.06 /usr/local/bin/devif                                             
  17012 admin     20   0    5808   2792   2108 R   0.7   0.3   0:01.99 top                                                              
   1914 message+  20   0    5796   3616   3132 S   0.3   0.4   0:06.97 /usr/bin/dbus-daemon --system --address=systemd: --nofork --nop+ 
   2241 root      20   0    2164   1056    852 S   0.3   0.1   0:04.70 /sbin/syslogd -n -S -s 10000 -b 20                               
   4318 root      20   0  201072  15040   1580 S   0.3   1.5   0:00.98 /usr/local/bin/dscllogd                                          
   4370 root      20   0    3704   2416   1572 S   0.3   0.2   0:05.16 /usr/local/bin/dsclswell                                         
   5920 root      20   0  304008  19772   4388 S   0.3   2.0   0:09.09 /usr/bin/sysrepod                                                
      1 root      20   0   97840  10856   6716 S   0.0   1.1   0:13.53 /init                                                            
      2 root      20   0       0      0      0 S   0.0   0.0   0:00.01 [kthreadd]                                                       
      3 root       0 -20       0      0      0 I   0.0   0.0   0:00.00 [rcu_gp]                                                         
      4 root       0 -20       0      0      0 I   0.0   0.0   0:00.00 [rcu_par_gp]                                                     
      5 root       0 -20       0      0      0 I   0.0   0.0   0:00.00 [netns]                                                          
      7 root       0 -20       0      0      0 I   0.0   0.0   0:00.31 [kworker/0:0H-mmc_complete]                                      
      8 root      20   0       0      0      0 I   0.0   0.0   0:05.19 [kworker/u8:0-ext4-rsv-conversion]                               
      9 root       0 -20       0      0      0 I   0.0   0.0   0:00.00 [mm_percpu_wq]                                                   
     10 root      20   0       0      0      0 S   0.0   0.0   0:03.57 [ksoftirqd/0]                                                    
     11 root      20   0       0      0      0 I   0.0   0.0   0:01.02 [rcu_sched]                                                      
     12 root      rt   0       0      0      0 S   0.0   0.0   0:00.00 [migration/0]                                                    
     13 root      20   0       0      0      0 S   0.0   0.0   0:00.00 [cpuhp/0]                                                        
     14 root      20   0       0      0      0 S   0.0   0.0   0:00.00 [cpuhp/1]                                                        
     15 root      rt   0       0      0      0 S   0.0   0.0   0:00.00 [migration/1]                                                    
     16 root      20   0       0      0      0 S   0.0   0.0   0:00.42 [ksoftirqd/1]                                                    
     19 root      20   0       0      0      0 S   0.0   0.0   0:00.00 [cpuhp/2]                                                        
     20 root      rt   0       0      0      0 S   0.0   0.0   0:00.00 [migration/2]                                                    
     21 root      20   0       0      0      0 S   0.0   0.0   0:00.53 [ksoftirqd/2]                                                    
     23 root       0 -20       0      0      0 I   0.0   0.0   0:00.17 [kworker/2:0H-kblockd]                                           
     24 root      20   0       0      0      0 S   0.0   0.0   0:00.00 [cpuhp/3]                                                        
     25 root      rt   0       0      0      0 S   0.0   0.0   0:00.00 [migration/3]                                                    
     26 root      20   0       0      0      0 S   0.0   0.0   0:00.00 [ksoftirqd/3]                                                    
     27 root      20   0       0      0      0 I   0.0   0.0   0:00.00 [kworker/3:0-mm_percpu_wq]                                       
     28 root       0 -20       0      0      0 I   0.0   0.0   0:00.00 [kworker/3:0H]                                                   
     29 root      20   0       0      0      0 S   0.0   0.0   0:00.01 [kdevtmpfs]                                                      
     30 root       0 -20       0      0      0 I   0.0   0.0   0:00.00 [inet_frag_wq]                                                   
     32 root      20   0       0      0      0 S   0.0   0.0   0:00.02 [kauditd]                                                        
     33 root      20   0       0      0      0 S   0.0   0.0   0:00.00 [oom_reaper]                                                     
     34 root       0 -20       0      0      0 I   0.0   0.0   0:00.00 [writeback]                                                      
     35 root      20   0       0      0      0 S   0.0   0.0   0:00.02 [kcompactd0]                                                     
     36 root      39  19       0      0      0 S   0.0   0.0   0:00.00 [khugepaged]                                                     
     37 root       0 -20       0      0      0 I   0.0   0.0   0:00.00 [kblockd]                                                        
     38 root       0 -20       0      0      0 I   0.0   0.0   0:00.00 [blkcg_punt_bio]                                                 
     39 root       0 -20       0      0      0 I   0.0   0.0   0:00.00 [edac-poller]                                                    
     40 root     -51   0       0      0      0 S   0.0   0.0   0:00.00 [watchdogd]                                                      
     42 root      20   0       0      0      0 I   0.0   0.0   0:00.11 [kworker/1:1-cgroup_destroy]                                     
     43 root       0 -20       0      0      0 I   0.0   0.0   0:00.00 [rpciod]                                                         
     45 root       0 -20       0      0      0 I   0.0   0.0   0:00.00 [xprtiod]                                                        top - 09:43:23 up 13 min,  2 users,  load average: 0.33, 0.57, 0.44
Tasks: 166 total,   2 running, 164 sleeping,   0 stopped,   0 zombie
%Cpu(s):  3.3 us,  8.3 sy,  0.0 ni, 88.5 id,  0.0 wa,  0.0 hi,  0.0 si,  0.0 st
MiB Mem :    986.7 total,     63.2 free,    151.1 used,    772.3 buff/cache
MiB Swap:      0.0 total,      0.0 free,      0.0 used.    102.6 avail Mem 


   5068 root      20   0   88276   2972   1840 S   6.6   0.3   0:51.98 dpd-smp -u 5                                                     
   6693 root      20   0  633272   7940   4576 S   4.0   0.8   0:31.75 /usr/bin/sync_timing_ptp2stack /etc/sync_timing_ptp2_default.co+ 
   5892 root      20   0    6616   3216   2796 R   2.6   0.3   0:22.15 /usr/local/bin/oda                                               
   6606 root      20   0  609132  12848   7584 S   2.3   1.3   0:20.22 /usr/bin/netopeer2-server -U -m 0770 -v 1                        
   5860 root      20   0  244384   4616   3800 S   2.0   0.5   0:14.33 /usr/bin/sync_timing_core_driver                                 
   2033 root      20   0       0      0      0 S   1.3   0.0   0:09.50 [fpga_drvd]                                                      
   5969 root      20   0    9456   4380   3416 S   1.3   0.4   0:07.10 /usr/local/bin/devif                                             
   2241 root      20   0    2164   1056    852 S   1.0   0.1   0:04.73 /sbin/syslogd -n -S -s 10000 -b 20                               
   5999 root      20   0  103452  11676   8304 S   1.0   1.2   0:08.75 /usr/local/bin/rud                                               
  17012 admin     20   0    5808   2792   2108 R   1.0   0.3   0:02.02 top                                                              
   4370 root      20   0    3704   2416   1572 S   0.7   0.2   0:05.18 /usr/local/bin/dsclswell                                         
      1 root      20   0   97840  10856   6716 S   0.3   1.1   0:13.54 /init                                                            
    191 root      20   0   34496  17700  16908 S   0.3   1.8   0:04.65 /lib/systemd/systemd-journald                                    
    202 root      20   0       0      0      0 I   0.3   0.0   0:00.62 [kworker/2:3-events_long]                                        
   1914 message+  20   0    5796   3616   3132 S   0.3   0.4   0:06.98 /usr/bin/dbus-daemon --system --address=systemd: --nofork --nop+ 
   4550 root      20   0    2376    816    716 S   0.3   0.1   0:01.16 /usr/local/bin/gpio_ctrl                                         
   5072 root      20   0    3888   2868   2560 S   0.3   0.3   0:00.91 /bin/sh /usr/local/script/run_rfsoc_hard_ip_b.sh                 
   5119 root      20   0  558256   5180   2348 S   0.3   0.5   0:00.80 /usr/local/bin/dfed                                              
   6324 root      20   0  384060   4188   3632 S   0.3   0.4   0:04.97 /usr/local/bin/ptp_ctrl 0                                        
   6354 root      20   0  605084   4260   3512 S   0.3   0.4   0:01.35 /usr/local/bin/synce_ctrl 0                                      
      2 root      20   0       0      0      0 S   0.0   0.0   0:00.01 [kthreadd]                                                       
      3 root       0 -20       0      0      0 I   0.0   0.0   0:00.00 [rcu_gp]                                                         
      4 root       0 -20       0      0      0 I   0.0   0.0   0:00.00 [rcu_par_gp]                                                     
      5 root       0 -20       0      0      0 I   0.0   0.0   0:00.00 [netns]                                                          
      7 root       0 -20       0      0      0 I   0.0   0.0   0:00.31 [kworker/0:0H-mmc_complete]                                      
      8 root      20   0       0      0      0 I   0.0   0.0   0:05.19 [kworker/u8:0-ext4-rsv-conversion]                               
      9 root       0 -20       0      0      0 I   0.0   0.0   0:00.00 [mm_percpu_wq]                                                   
     10 root      20   0       0      0      0 S   0.0   0.0   0:03.57 [ksoftirqd/0]                                                    
     11 root      20   0       0      0      0 I   0.0   0.0   0:01.02 [rcu_sched]                                                      
     12 root      rt   0       0      0      0 S   0.0   0.0   0:00.00 [migration/0]                                                    
     13 root      20   0       0      0      0 S   0.0   0.0   0:00.00 [cpuhp/0]                                                        
     14 root      20   0       0      0      0 S   0.0   0.0   0:00.00 [cpuhp/1]                                                        
     15 root      rt   0       0      0      0 S   0.0   0.0   0:00.00 [migration/1]                                                    
     16 root      20   0       0      0      0 S   0.0   0.0   0:00.42 [ksoftirqd/1]                                                    
     19 root      20   0       0      0      0 S   0.0   0.0   0:00.00 [cpuhp/2]                                                        
     20 root      rt   0       0      0      0 S   0.0   0.0   0:00.00 [migration/2]                                                    
     21 root      20   0       0      0      0 S   0.0   0.0   0:00.53 [ksoftirqd/2]                                                    
     23 root       0 -20       0      0      0 I   0.0   0.0   0:00.17 [kworker/2:0H-kblockd]                                           
     24 root      20   0       0      0      0 S   0.0   0.0   0:00.00 [cpuhp/3]                                                        
     25 root      rt   0       0      0      0 S   0.0   0.0   0:00.00 [migration/3]                                                    
     26 root      20   0       0      0      0 S   0.0   0.0   0:00.00 [ksoftirqd/3]                                                    
     27 root      20   0       0      0      0 I   0.0   0.0   0:00.00 [kworker/3:0-mm_percpu_wq]                                       
     28 root       0 -20       0      0      0 I   0.0   0.0   0:00.00 [kworker/3:0H]                                                   
     29 root      20   0       0      0      0 S   0.0   0.0   0:00.01 [kdevtmpfs]                                                      
     30 root       0 -20       0      0      0 I   0.0   0.0   0:00.00 [inet_frag_wq]                                                   
     32 root      20   0       0      0      0 S   0.0   0.0   0:00.02 [kauditd]                                                        
     33 root      20   0       0      0      0 S   0.0   0.0   0:00.00 [oom_reaper]                                                     
     34 root       0 -20       0      0      0 I   0.0   0.0   0:00.00 [writeback]                                                      
     35 root      20   0       0      0      0 S   0.0   0.0   0:00.02 [kcompactd0]                                                     
     36 root      39  19       0      0      0 S   0.0   0.0   0:00.00 [khugepaged]                                                     
     37 root       0 -20       0      0      0 I   0.0   0.0   0:00.00 [kblockd]                                                        
     38 root       0 -20       0      0      0 I   0.0   0.0   0:00.00 [blkcg_punt_bio]                                                 
     39 root       0 -20       0      0      0 I   0.0   0.0   0:00.00 [edac-poller]                                                    
     40 root     -51   0       0      0      0 S   0.0   0.0   0:00.00 [watchdogd]                                                      top - 09:43:26 up 13 min,  2 users,  load average: 0.33, 0.57, 0.44
Tasks: 165 total,   1 running, 164 sleeping,   0 stopped,   0 zombie
%Cpu(s):  3.1 us,  7.3 sy,  0.0 ni, 89.6 id,  0.0 wa,  0.0 hi,  0.0 si,  0.0 st
MiB Mem :    986.7 total,     63.3 free,    151.0 used,    772.4 buff/cache
MiB Swap:      0.0 total,      0.0 free,      0.0 used.    102.7 avail Mem 


   5068 root      20   0   88276   2972   1840 S   6.6   0.3   0:52.18 dpd-smp -u 5                                                     
   6693 root      20   0  633272   7940   4576 S   4.6   0.8   0:31.89 /usr/bin/sync_timing_ptp2stack /etc/sync_timing_ptp2_default.co+ 
   5892 root      20   0    6616   3216   2796 S   3.3   0.3   0:22.25 /usr/local/bin/oda                                               
   5860 root      20   0  244384   4616   3800 S   2.3   0.5   0:14.40 /usr/bin/sync_timing_core_driver                                 
   6606 root      20   0  609132  12848   7584 S   2.0   1.3   0:20.28 /usr/bin/netopeer2-server -U -m 0770 -v 1                        
   2033 root      20   0       0      0      0 S   1.3   0.0   0:09.54 [fpga_drvd]                                                      
   5969 root      20   0    9456   4380   3416 S   1.3   0.4   0:07.14 /usr/local/bin/devif                                             
   5999 root      20   0  103452  11676   8304 S   1.3   1.2   0:08.79 /usr/local/bin/rud                                               
    191 root      20   0   34496  17964  17172 S   0.7   1.8   0:04.67 /lib/systemd/systemd-journald                                    
   2241 root      20   0    2164   1056    852 S   0.7   0.1   0:04.75 /sbin/syslogd -n -S -s 10000 -b 20                               
   4370 root      20   0    3704   2416   1572 S   0.7   0.2   0:05.20 /usr/local/bin/dsclswell                                         
   6324 root      20   0  384060   4188   3632 S   0.7   0.4   0:04.99 /usr/local/bin/ptp_ctrl 0                                        
     11 root      20   0       0      0      0 I   0.3   0.0   0:01.03 [rcu_sched]                                                      
     16 root      20   0       0      0      0 S   0.3   0.0   0:00.43 [ksoftirqd/1]                                                    
   1914 message+  20   0    5796   3616   3132 S   0.3   0.4   0:06.99 /usr/bin/dbus-daemon --system --address=systemd: --nofork --nop+ 
   1952 root      20   0       0      0      0 I   0.3   0.0   0:00.11 [kworker/1:3-events]                                             
   4673 root      20   0    2640    852    732 S   0.3   0.1   0:00.08 /usr/local/bin/eeprom_ctrl 0 0 0x56                              
   5094 root      20   0  151308   2512   2052 S   0.3   0.2   0:01.36 /usr/local/bin/rfdcd                                             
   5288 root      20   0    3444    992    856 S   0.3   0.1   0:00.08 /usr/local/bin/sfp_ctrl 1 1 0x51 0x180 0x188 FPGA 0x190 0x198 0  
   6244 root      20   0    4020   2904   2548 S   0.3   0.3   0:00.67 /bin/sh /usr/local/script/watchdog_clear.sh                      
  17012 admin     20   0    5808   2792   2108 R   0.3   0.3   0:02.03 top                                                              
      1 root      20   0   97840  10856   6716 S   0.0   1.1   0:13.54 /init                                                            
      2 root      20   0       0      0      0 S   0.0   0.0   0:00.01 [kthreadd]                                                       
      3 root       0 -20       0      0      0 I   0.0   0.0   0:00.00 [rcu_gp]                                                         
      4 root       0 -20       0      0      0 I   0.0   0.0   0:00.00 [rcu_par_gp]                                                     
      5 root       0 -20       0      0      0 I   0.0   0.0   0:00.00 [netns]                                                          
      7 root       0 -20       0      0      0 I   0.0   0.0   0:00.31 [kworker/0:0H-mmc_complete]                                      
      8 root      20   0       0      0      0 I   0.0   0.0   0:05.19 [kworker/u8:0-ext4-rsv-conversion]                               
      9 root       0 -20       0      0      0 I   0.0   0.0   0:00.00 [mm_percpu_wq]                                                   
     10 root      20   0       0      0      0 S   0.0   0.0   0:03.57 [ksoftirqd/0]                                                    
     12 root      rt   0       0      0      0 S   0.0   0.0   0:00.00 [migration/0]                                                    
     13 root      20   0       0      0      0 S   0.0   0.0   0:00.00 [cpuhp/0]                                                        
     14 root      20   0       0      0      0 S   0.0   0.0   0:00.00 [cpuhp/1]                                                        
     15 root      rt   0       0      0      0 S   0.0   0.0   0:00.00 [migration/1]                                                    



















top - 09:43:29 up 13 min,  2 users,  load average: 0.30, 0.56, 0.44
Tasks: 166 total,   1 running, 165 sleeping,   0 stopped,   0 zombie
%Cpu(s):  2.9 us,  6.9 sy,  0.0 ni, 90.0 id,  0.0 wa,  0.0 hi,  0.2 si,  0.0 st
MiB Mem :    986.7 total,     64.0 free,    150.1 used,    772.5 buff/cache
MiB Swap:      0.0 total,      0.0 free,      0.0 used.    103.5 avail Mem 


   5068 root      20   0   88276   2972   1840 S   6.3   0.3   0:52.37 dpd-smp -u 5                                                     
   6693 root      20   0  633272   7940   4576 S   4.3   0.8   0:32.02 /usr/bin/sync_timing_ptp2stack /etc/sync_timing_ptp2_default.co+ 
   5892 root      20   0    6616   3216   2796 S   3.0   0.3   0:22.34 /usr/local/bin/oda                                               
   6606 root      20   0  609132  12848   7584 S   2.0   1.3   0:20.34 /usr/bin/netopeer2-server -U -m 0770 -v 1                        
   5860 root      20   0  244384   4616   3800 S   1.7   0.5   0:14.45 /usr/bin/sync_timing_core_driver                                 
   2033 root      20   0       0      0      0 S   1.3   0.0   0:09.58 [fpga_drvd]                                                      
   5999 root      20   0  103452  11676   8304 S   1.0   1.2   0:08.82 /usr/local/bin/rud                                               
   6324 root      20   0  384060   4188   3632 S   1.0   0.4   0:05.02 /usr/local/bin/ptp_ctrl 0                                        
  17012 admin     20   0    5808   2792   2108 R   1.0   0.3   0:02.06 top                                                              
   2241 root      20   0    2164   1056    852 S   0.7   0.1   0:04.77 /sbin/syslogd -n -S -s 10000 -b 20                               
   4370 root      20   0    3704   2416   1572 S   0.7   0.2   0:05.22 /usr/local/bin/dsclswell                                         
   5969 root      20   0    9456   4380   3416 S   0.7   0.4   0:07.16 /usr/local/bin/devif                                             
     21 root      20   0       0      0      0 S   0.3   0.0   0:00.54 [ksoftirqd/2]                                                    
    191 root      20   0   34496  17964  17172 S   0.3   1.8   0:04.68 /lib/systemd/systemd-journald                                    
   1914 message+  20   0    5796   3616   3132 S   0.3   0.4   0:07.00 /usr/bin/dbus-daemon --system --address=systemd: --nofork --nop+ 
   4318 root      20   0  201072  15040   1580 S   0.3   1.5   0:00.99 /usr/local/bin/dscllogd                                          
      1 root      20   0   97840  10856   6716 S   0.0   1.1   0:13.54 /init                                                            
      2 root      20   0       0      0      0 S   0.0   0.0   0:00.01 [kthreadd]                                                       
      3 root       0 -20       0      0      0 I   0.0   0.0   0:00.00 [rcu_gp]                                                         
      4 root       0 -20       0      0      0 I   0.0   0.0   0:00.00 [rcu_par_gp]                                                     
      5 root       0 -20       0      0      0 I   0.0   0.0   0:00.00 [netns]                                                          
      7 root       0 -20       0      0      0 I   0.0   0.0   0:00.31 [kworker/0:0H-mmc_complete]                                      
      8 root      20   0       0      0      0 I   0.0   0.0   0:05.19 [kworker/u8:0-ext4-rsv-conversion]                               
      9 root       0 -20       0      0      0 I   0.0   0.0   0:00.00 [mm_percpu_wq]                                                   
     10 root      20   0       0      0      0 S   0.0   0.0   0:03.57 [ksoftirqd/0]                                                    
     11 root      20   0       0      0      0 I   0.0   0.0   0:01.03 [rcu_sched]                                                      
     12 root      rt   0       0      0      0 S   0.0   0.0   0:00.00 [migration/0]                                                    
     13 root      20   0       0      0      0 S   0.0   0.0   0:00.00 [cpuhp/0]                                                        
     14 root      20   0       0      0      0 S   0.0   0.0   0:00.00 [cpuhp/1]                                                        
     15 root      rt   0       0      0      0 S   0.0   0.0   0:00.00 [migration/1]                                                    
     16 root      20   0       0      0      0 S   0.0   0.0   0:00.43 [ksoftirqd/1]                                                    
     19 root      20   0       0      0      0 S   0.0   0.0   0:00.00 [cpuhp/2]                                                        
     20 root      rt   0       0      0      0 S   0.0   0.0   0:00.00 [migration/2]                                                    
     23 root       0 -20       0      0      0 I   0.0   0.0   0:00.17 [kworker/2:0H-kblockd]                                           
     24 root      20   0       0      0      0 S   0.0   0.0   0:00.00 [cpuhp/3]                                                        
     25 root      rt   0       0      0      0 S   0.0   0.0   0:00.00 [migration/3]                                                    
     26 root      20   0       0      0      0 S   0.0   0.0   0:00.00 [ksoftirqd/3]                                                    
     27 root      20   0       0      0      0 I   0.0   0.0   0:00.00 [kworker/3:0-mm_percpu_wq]                                       
     28 root       0 -20       0      0      0 I   0.0   0.0   0:00.00 [kworker/3:0H]                                                   
     29 root      20   0       0      0      0 S   0.0   0.0   0:00.01 [kdevtmpfs]                                                      
     30 root       0 -20       0      0      0 I   0.0   0.0   0:00.00 [inet_frag_wq]                                                   
     32 root      20   0       0      0      0 S   0.0   0.0   0:00.02 [kauditd]                                                        
     33 root      20   0       0      0      0 S   0.0   0.0   0:00.00 [oom_reaper]                                                     
     34 root       0 -20       0      0      0 I   0.0   0.0   0:00.00 [writeback]                                                      
     35 root      20   0       0      0      0 S   0.0   0.0   0:00.02 [kcompactd0]                                                     
     36 root      39  19       0      0      0 S   0.0   0.0   0:00.00 [khugepaged]                                                     
     37 root       0 -20       0      0      0 I   0.0   0.0   0:00.00 [kblockd]                                                        
     38 root       0 -20       0      0      0 I   0.0   0.0   0:00.00 [blkcg_punt_bio]                                                 
     39 root       0 -20       0      0      0 I   0.0   0.0   0:00.00 [edac-poller]                                                    
     40 root     -51   0       0      0      0 S   0.0   0.0   0:00.00 [watchdogd]                                                      
     42 root      20   0       0      0      0 I   0.0   0.0   0:00.11 [kworker/1:1-cgroup_destroy]                                     
     43 root       0 -20       0      0      0 I   0.0   0.0   0:00.00 [rpciod]                                                         
     45 root       0 -20       0      0      0 I   0.0   0.0   0:00.00 [xprtiod]                                                        
     47 root      20   0       0      0      0 S   0.0   0.0   0:00.36 [kswapd0]                                                        top - 09:43:32 up 13 min,  2 users,  load average: 0.27, 0.55, 0.44
Tasks: 166 total,   2 running, 163 sleeping,   0 stopped,   1 zombie
%Cpu(s):  3.2 us,  8.6 sy,  0.0 ni, 88.0 id,  0.0 wa,  0.0 hi,  0.2 si,  0.0 st
MiB Mem :    986.7 total,     63.0 free,    151.0 used,    772.6 buff/cache
MiB Swap:      0.0 total,      0.0 free,      0.0 used.    102.7 avail Mem 


   5068 root      20   0   88276   2972   1840 R   7.0   0.3   0:52.58 dpd-smp -u 5                                                     
   6693 root      20   0  633272   7940   4576 S   4.6   0.8   0:32.16 /usr/bin/sync_timing_ptp2stack /etc/sync_timing_ptp2_default.co+ 
   5892 root      20   0    6616   3216   2796 S   3.3   0.3   0:22.44 /usr/local/bin/oda                                               
   5860 root      20   0  244384   4616   3800 S   2.3   0.5   0:14.52 /usr/bin/sync_timing_core_driver                                 
   6606 root      20   0  609132  12848   7584 S   2.3   1.3   0:20.41 /usr/bin/netopeer2-server -U -m 0770 -v 1                        
   2033 root      20   0       0      0      0 S   1.3   0.0   0:09.62 [fpga_drvd]                                                      
   5969 root      20   0    9456   4380   3416 S   1.3   0.4   0:07.20 /usr/local/bin/devif                                             
   5999 root      20   0  103452  11676   8304 S   1.3   1.2   0:08.86 /usr/local/bin/rud                                               
    191 root      20   0   34496  17964  17172 S   0.7   1.8   0:04.70 /lib/systemd/systemd-journald                                    
   2241 root      20   0    2164   1056    852 S   0.7   0.1   0:04.79 /sbin/syslogd -n -S -s 10000 -b 20                               
   4370 root      20   0    3704   2416   1572 S   0.7   0.2   0:05.24 /usr/local/bin/dsclswell                                         
   6324 root      20   0  384060   4188   3632 S   0.7   0.4   0:05.04 /usr/local/bin/ptp_ctrl 0                                        
  17012 admin     20   0    5808   2792   2108 R   0.7   0.3   0:02.08 top                                                              
      1 root      20   0   97840  10856   6716 S   0.3   1.1   0:13.55 /init                                                            
   1912 root      20   0    1968      4      0 S   0.3   0.0   0:00.03 /sbin/klogd -n                                                   
   1914 message+  20   0    5796   3616   3132 S   0.3   0.4   0:07.01 /usr/bin/dbus-daemon --system --address=systemd: --nofork --nop+ 
   4550 root      20   0    2376    816    716 S   0.3   0.1   0:01.17 /usr/local/bin/gpio_ctrl                                         
   5094 root      20   0  151308   2512   2052 S   0.3   0.2   0:01.37 /usr/local/bin/rfdcd                                             
   6354 root      20   0  605084   4260   3512 S   0.3   0.4   0:01.36 /usr/local/bin/synce_ctrl 0                                      
   6560 root      20   0    3712   1616   1472 S   0.3   0.2   0:00.40 /usr/local/bin/if_mdio_ctrl 0 eth0                               
      2 root      20   0       0      0      0 S   0.0   0.0   0:00.01 [kthreadd]                                                       
      3 root       0 -20       0      0      0 I   0.0   0.0   0:00.00 [rcu_gp]                                                         
      4 root       0 -20       0      0      0 I   0.0   0.0   0:00.00 [rcu_par_gp]                                                     
      5 root       0 -20       0      0      0 I   0.0   0.0   0:00.00 [netns]                                                          
      7 root       0 -20       0      0      0 I   0.0   0.0   0:00.31 [kworker/0:0H-mmc_complete]                                      
      8 root      20   0       0      0      0 I   0.0   0.0   0:05.19 [kworker/u8:0-ext4-rsv-conversion]                               
      9 root       0 -20       0      0      0 I   0.0   0.0   0:00.00 [mm_percpu_wq]                                                   
     10 root      20   0       0      0      0 S   0.0   0.0   0:03.57 [ksoftirqd/0]                                                    
     11 root      20   0       0      0      0 I   0.0   0.0   0:01.03 [rcu_sched]                                                      
     12 root      rt   0       0      0      0 S   0.0   0.0   0:00.00 [migration/0]                                                    
     13 root      20   0       0      0      0 S   0.0   0.0   0:00.00 [cpuhp/0]                                                        
     14 root      20   0       0      0      0 S   0.0   0.0   0:00.00 [cpuhp/1]                                                        
     15 root      rt   0       0      0      0 S   0.0   0.0   0:00.00 [migration/1]                                                    
     16 root      20   0       0      0      0 S   0.0   0.0   0:00.43 [ksoftirqd/1]                                                    
     19 root      20   0       0      0      0 S   0.0   0.0   0:00.00 [cpuhp/2]                                                        
     20 root      rt   0       0      0      0 S   0.0   0.0   0:00.00 [migration/2]                                                    
     21 root      20   0       0      0      0 S   0.0   0.0   0:00.54 [ksoftirqd/2]                                                    
     23 root       0 -20       0      0      0 I   0.0   0.0   0:00.17 [kworker/2:0H-kblockd]                                           
     24 root      20   0       0      0      0 S   0.0   0.0   0:00.00 [cpuhp/3]                                                        
     25 root      rt   0       0      0      0 S   0.0   0.0   0:00.00 [migration/3]                                                    
     26 root      20   0       0      0      0 S   0.0   0.0   0:00.00 [ksoftirqd/3]                                                    
     27 root      20   0       0      0      0 I   0.0   0.0   0:00.00 [kworker/3:0-mm_percpu_wq]                                       
     28 root       0 -20       0      0      0 I   0.0   0.0   0:00.00 [kworker/3:0H]                                                   
     29 root      20   0       0      0      0 S   0.0   0.0   0:00.01 [kdevtmpfs]                                                      
     30 root       0 -20       0      0      0 I   0.0   0.0   0:00.00 [inet_frag_wq]                                                   
     32 root      20   0       0      0      0 S   0.0   0.0   0:00.02 [kauditd]                                                        
     33 root      20   0       0      0      0 S   0.0   0.0   0:00.00 [oom_reaper]                                                     
     34 root       0 -20       0      0      0 I   0.0   0.0   0:00.00 [writeback]                                                      
     35 root      20   0       0      0      0 S   0.0   0.0   0:00.02 [kcompactd0]                                                     
     36 root      39  19       0      0      0 S   0.0   0.0   0:00.00 [khugepaged]                                                     
     37 root       0 -20       0      0      0 I   0.0   0.0   0:00.00 [kblockd]                                                        
     38 root       0 -20       0      0      0 I   0.0   0.0   0:00.00 [blkcg_punt_bio]                                                 
     39 root       0 -20       0      0      0 I   0.0   0.0   0:00.00 [edac-poller]                                                    
     40 root     -51   0       0      0      0 S   0.0   0.0   0:00.00 [watchdogd]                                                      top - 09:43:35 up 13 min,  2 users,  load average: 0.27, 0.55, 0.44
Tasks: 165 total,   1 running, 164 sleeping,   0 stopped,   0 zombie
%Cpu(s):  3.1 us,  7.8 sy,  0.0 ni, 88.9 id,  0.1 wa,  0.0 hi,  0.1 si,  0.0 st
MiB Mem :    986.7 total,     62.8 free,    151.2 used,    772.7 buff/cache
MiB Swap:      0.0 total,      0.0 free,      0.0 used.    102.5 avail Mem 


   5068 root      20   0   88276   2972   1840 S   6.6   0.3   0:52.78 dpd-smp -u 5                                                     
   6693 root      20   0  633272   7940   4576 S   4.0   0.8   0:32.28 /usr/bin/sync_timing_ptp2stack /etc/sync_timing_ptp2_default.co+ 
   5892 root      20   0    6616   3216   2796 S   2.6   0.3   0:22.52 /usr/local/bin/oda                                               
   6606 root      20   0  609132  12848   7584 S   2.3   1.3   0:20.48 /usr/bin/netopeer2-server -U -m 0770 -v 1                        
   5860 root      20   0  244384   4616   3800 S   2.0   0.5   0:14.58 /usr/bin/sync_timing_core_driver                                 
   2033 root      20   0       0      0      0 S   1.3   0.0   0:09.66 [fpga_drvd]                                                      
   5999 root      20   0  103452  11676   8304 S   1.0   1.2   0:08.89 /usr/local/bin/rud                                               
  17012 admin     20   0    5808   2792   2108 R   1.0   0.3   0:02.11 top                                                              
   4370 root      20   0    3704   2416   1572 S   0.7   0.2   0:05.26 /usr/local/bin/dsclswell                                         
   5969 root      20   0    9456   4380   3416 S   0.7   0.4   0:07.22 /usr/local/bin/devif                                             
     10 root      20   0       0      0      0 S   0.3   0.0   0:03.58 [ksoftirqd/0]                                                    
     11 root      20   0       0      0      0 I   0.3   0.0   0:01.04 [rcu_sched]                                                      
     53 root      20   0       0      0      0 I   0.3   0.0   0:00.43 [kworker/u8:2-edac-poller]                                       
    191 root      20   0   34496  17964  17172 S   0.3   1.8   0:04.71 /lib/systemd/systemd-journald                                    
   1914 message+  20   0    5796   3616   3132 S   0.3   0.4   0:07.02 /usr/bin/dbus-daemon --system --address=systemd: --nofork --nop+ 
   2241 root      20   0    2164   1056    852 S   0.3   0.1   0:04.80 /sbin/syslogd -n -S -s 10000 -b 20                               
   4318 root      20   0  201072  15040   1580 S   0.3   1.5   0:01.00 /usr/local/bin/dscllogd                                          
   5072 root      20   0    3888   2868   2560 S   0.3   0.3   0:00.92 /bin/sh /usr/local/script/run_rfsoc_hard_ip_b.sh                 
   5094 root      20   0  151308   2512   2052 S   0.3   0.2   0:01.38 /usr/local/bin/rfdcd                                             
   6025 root      20   0    9212   3224   2828 S   0.3   0.3   0:00.29 /usr/local/bin/watchdogd                                         
   6244 root      20   0    4020   2904   2548 S   0.3   0.3   0:00.68 /bin/sh /usr/local/script/watchdog_clear.sh                      
   6324 root      20   0  384060   4188   3632 S   0.3   0.4   0:05.05 /usr/local/bin/ptp_ctrl 0                                        
   6354 root      20   0  605084   4260   3512 S   0.3   0.4   0:01.37 /usr/local/bin/synce_ctrl 0                                      
      1 root      20   0   97840  10856   6716 S   0.0   1.1   0:13.55 /init                                                            
      2 root      20   0       0      0      0 S   0.0   0.0   0:00.01 [kthreadd]                                                       
      3 root       0 -20       0      0      0 I   0.0   0.0   0:00.00 [rcu_gp]                                                         
      4 root       0 -20       0      0      0 I   0.0   0.0   0:00.00 [rcu_par_gp]                                                     
      5 root       0 -20       0      0      0 I   0.0   0.0   0:00.00 [netns]                                                          
      7 root       0 -20       0      0      0 I   0.0   0.0   0:00.31 [kworker/0:0H-kblockd]                                           
      8 root      20   0       0      0      0 I   0.0   0.0   0:05.19 [kworker/u8:0-ext4-rsv-conversion]                               
      9 root       0 -20       0      0      0 I   0.0   0.0   0:00.00 [mm_percpu_wq]                                                   
     12 root      rt   0       0      0      0 S   0.0   0.0   0:00.00 [migration/0]                                                    
     13 root      20   0       0      0      0 S   0.0   0.0   0:00.00 [cpuhp/0]                                                        
     14 root      20   0       0      0      0 S   0.0   0.0   0:00.00 [cpuhp/1]                                                        
     15 root      rt   0       0      0      0 S   0.0   0.0   0:00.00 [migration/1]                                                    
     16 root      20   0       0      0      0 S   0.0   0.0   0:00.43 [ksoftirqd/1]                                                    
     19 root      20   0       0      0      0 S   0.0   0.0   0:00.00 [cpuhp/2]                                                        
     20 root      rt   0       0      0      0 S   0.0   0.0   0:00.00 [migration/2]                                                    
     21 root      20   0       0      0      0 S   0.0   0.0   0:00.54 [ksoftirqd/2]                                                    
     23 root       0 -20       0      0      0 I   0.0   0.0   0:00.17 [kworker/2:0H-kblockd]                                           
     24 root      20   0       0      0      0 S   0.0   0.0   0:00.00 [cpuhp/3]                                                        
     25 root      rt   0       0      0      0 S   0.0   0.0   0:00.00 [migration/3]                                                    
     26 root      20   0       0      0      0 S   0.0   0.0   0:00.00 [ksoftirqd/3]                                                    
     27 root      20   0       0      0      0 I   0.0   0.0   0:00.00 [kworker/3:0-mm_percpu_wq]                                       
     28 root       0 -20       0      0      0 I   0.0   0.0   0:00.00 [kworker/3:0H]                                                   
     29 root      20   0       0      0      0 S   0.0   0.0   0:00.01 [kdevtmpfs]                                                      
     30 root       0 -20       0      0      0 I   0.0   0.0   0:00.00 [inet_frag_wq]                                                   
     32 root      20   0       0      0      0 S   0.0   0.0   0:00.02 [kauditd]                                                        
     33 root      20   0       0      0      0 S   0.0   0.0   0:00.00 [oom_reaper]                                                     
     34 root       0 -20       0      0      0 I   0.0   0.0   0:00.00 [writeback]                                                      
     35 root      20   0       0      0      0 S   0.0   0.0   0:00.02 [kcompactd0]                                                     
     36 root      39  19       0      0      0 S   0.0   0.0   0:00.00 [khugepaged]                                                     
     37 root       0 -20       0      0      0 I   0.0   0.0   0:00.00 [kblockd]                                                        
     38 root       0 -20       0      0      0 I   0.0   0.0   0:00.00 [blkcg_punt_bio]                                                 top - 09:43:38 up 14 min,  2 users,  load average: 0.25, 0.54, 0.44
Tasks: 166 total,   1 running, 165 sleeping,   0 stopped,   0 zombie
%Cpu(s):  2.7 us,  8.0 sy,  0.0 ni, 89.3 id,  0.0 wa,  0.0 hi,  0.1 si,  0.0 st
MiB Mem :    986.7 total,     62.6 free,    151.3 used,    772.8 buff/cache
MiB Swap:      0.0 total,      0.0 free,      0.0 used.    102.4 avail Mem 


   5068 root      20   0   88276   2972   1840 S   6.3   0.3   0:52.97 dpd-smp -u 5                                                     
   6693 root      20   0  633272   7940   4576 S   4.6   0.8   0:32.42 /usr/bin/sync_timing_ptp2stack /etc/sync_timing_ptp2_default.co+ 
   5892 root      20   0    6616   3216   2796 S   3.6   0.3   0:22.63 /usr/local/bin/oda                                               
   5860 root      20   0  244384   4616   3800 S   2.0   0.5   0:14.64 /usr/bin/sync_timing_core_driver                                 
   6606 root      20   0  609132  12848   7584 S   2.0   1.3   0:20.54 /usr/bin/netopeer2-server -U -m 0770 -v 1                        
   2033 root      20   0       0      0      0 S   1.3   0.0   0:09.70 [fpga_drvd]                                                      
   5999 root      20   0  103452  11676   8304 S   1.3   1.2   0:08.93 /usr/local/bin/rud                                               
   2241 root      20   0    2164   1056    852 S   1.0   0.1   0:04.83 /sbin/syslogd -n -S -s 10000 -b 20                               
   4370 root      20   0    3704   2416   1572 S   1.0   0.2   0:05.29 /usr/local/bin/dsclswell                                         
   5969 root      20   0    9456   4380   3416 S   1.0   0.4   0:07.25 /usr/local/bin/devif                                             
   6324 root      20   0  384060   4188   3632 S   1.0   0.4   0:05.08 /usr/local/bin/ptp_ctrl 0                                        
  17012 admin     20   0    5808   2792   2108 R   0.7   0.3   0:02.13 top                                                              
      1 root      20   0   97840  10856   6716 S   0.3   1.1   0:13.56 /init                                                            
    202 root      20   0       0      0      0 I   0.3   0.0   0:00.63 [kworker/2:3-events_long]                                        
   1914 message+  20   0    5796   3616   3132 S   0.3   0.4   0:07.03 /usr/bin/dbus-daemon --system --address=systemd: --nofork --nop+ 
   4344 root      20   0    2364    796    708 S   0.3   0.1   0:00.17 /usr/local/bin/dsclrotate                                        
   4550 root      20   0    2376    816    716 S   0.3   0.1   0:01.18 /usr/local/bin/gpio_ctrl                                         
      2 root      20   0       0      0      0 S   0.0   0.0   0:00.01 [kthreadd]                                                       
      3 root       0 -20       0      0      0 I   0.0   0.0   0:00.00 [rcu_gp]                                                         
      4 root       0 -20       0      0      0 I   0.0   0.0   0:00.00 [rcu_par_gp]                                                     
      5 root       0 -20       0      0      0 I   0.0   0.0   0:00.00 [netns]                                                          
      7 root       0 -20       0      0      0 I   0.0   0.0   0:00.31 [kworker/0:0H-kblockd]                                           
      8 root      20   0       0      0      0 I   0.0   0.0   0:05.19 [kworker/u8:0-ext4-rsv-conversion]                               
      9 root       0 -20       0      0      0 I   0.0   0.0   0:00.00 [mm_percpu_wq]                                                   
     10 root      20   0       0      0      0 S   0.0   0.0   0:03.58 [ksoftirqd/0]                                                    
     11 root      20   0       0      0      0 I   0.0   0.0   0:01.04 [rcu_sched]                                                      
     12 root      rt   0       0      0      0 S   0.0   0.0   0:00.00 [migration/0]                                                    
     13 root      20   0       0      0      0 S   0.0   0.0   0:00.00 [cpuhp/0]                                                        
     14 root      20   0       0      0      0 S   0.0   0.0   0:00.00 [cpuhp/1]                                                        
     15 root      rt   0       0      0      0 S   0.0   0.0   0:00.00 [migration/1]                                                    
     16 root      20   0       0      0      0 S   0.0   0.0   0:00.43 [ksoftirqd/1]                                                    
     19 root      20   0       0      0      0 S   0.0   0.0   0:00.00 [cpuhp/2]                                                        
     20 root      rt   0       0      0      0 S   0.0   0.0   0:00.00 [migration/2]                                                    
     21 root      20   0       0      0      0 S   0.0   0.0   0:00.54 [ksoftirqd/2]                                                    
     23 root       0 -20       0      0      0 I   0.0   0.0   0:00.17 [kworker/2:0H-kblockd]                                           
     24 root      20   0       0      0      0 S   0.0   0.0   0:00.00 [cpuhp/3]                                                        
     25 root      rt   0       0      0      0 S   0.0   0.0   0:00.00 [migration/3]                                                    
     26 root      20   0       0      0      0 S   0.0   0.0   0:00.00 [ksoftirqd/3]                                                    
     27 root      20   0       0      0      0 I   0.0   0.0   0:00.00 [kworker/3:0-mm_percpu_wq]                                       
     28 root       0 -20       0      0      0 I   0.0   0.0   0:00.00 [kworker/3:0H]                                                   
     29 root      20   0       0      0      0 S   0.0   0.0   0:00.01 [kdevtmpfs]                                                      
     30 root       0 -20       0      0      0 I   0.0   0.0   0:00.00 [inet_frag_wq]                                                   
     32 root      20   0       0      0      0 S   0.0   0.0   0:00.02 [kauditd]                                                        
     33 root      20   0       0      0      0 S   0.0   0.0   0:00.00 [oom_reaper]                                                     
     34 root       0 -20       0      0      0 I   0.0   0.0   0:00.00 [writeback]                                                      
     35 root      20   0       0      0      0 S   0.0   0.0   0:00.02 [kcompactd0]                                                     
     36 root      39  19       0      0      0 S   0.0   0.0   0:00.00 [khugepaged]                                                     
     37 root       0 -20       0      0      0 I   0.0   0.0   0:00.00 [kblockd]                                                        
     38 root       0 -20       0      0      0 I   0.0   0.0   0:00.00 [blkcg_punt_bio]                                                 
     39 root       0 -20       0      0      0 I   0.0   0.0   0:00.00 [edac-poller]                                                    
     40 root     -51   0       0      0      0 S   0.0   0.0   0:00.00 [watchdogd]                                                      
     42 root      20   0       0      0      0 I   0.0   0.0   0:00.11 [kworker/1:1-cgroup_destroy]                                     
     43 root       0 -20       0      0      0 I   0.0   0.0   0:00.00 [rpciod]                                                         
     45 root       0 -20       0      0      0 I   0.0   0.0   0:00.00 [xprtiod]                                                        top - 09:43:41 up 14 min,  2 users,  load average: 0.25, 0.54, 0.44

%Cpu(s):  2.8 us,  6.9 sy,  0.0 ni, 90.2 id,  0.0 wa,  0.0 hi,  0.1 si,  0.0 st
MiB Mem :    986.7 total,     62.6 free,    151.2 used,    772.9 buff/cache
MiB Swap:      0.0 total,      0.0 free,      0.0 used.    102.5 avail Mem 


   5068 root      20   0   88276   2972   1840 S   6.6   0.3   0:53.17 dpd-smp -u 5                                                     
   6693 root      20   0  633272   7940   4576 S   4.3   0.8   0:32.55 /usr/bin/sync_timing_ptp2stack /etc/sync_timing_ptp2_default.co+ 
   5892 root      20   0    6616   3216   2796 S   2.6   0.3   0:22.71 /usr/local/bin/oda                                               
   6606 root      20   0  609132  12848   7584 S   2.0   1.3   0:20.60 /usr/bin/netopeer2-server -U -m 0770 -v 1                        
   5860 root      20   0  244384   4616   3800 S   1.7   0.5   0:14.69 /usr/bin/sync_timing_core_driver                                 
   2033 root      20   0       0      0      0 S   1.3   0.0   0:09.74 [fpga_drvd]                                                      
   5969 root      20   0    9456   4380   3416 S   1.3   0.4   0:07.29 /usr/local/bin/devif                                             
    191 root      20   0   34496  17964  17172 S   1.0   1.8   0:04.74 /lib/systemd/systemd-journald                                    
   5999 root      20   0  103452  11676   8304 S   1.0   1.2   0:08.96 /usr/local/bin/rud                                               
   2241 root      20   0    2164   1056    852 S   0.7   0.1   0:04.85 /sbin/syslogd -n -S -s 10000 -b 20                               
   4370 root      20   0    3704   2416   1572 S   0.7   0.2   0:05.31 /usr/local/bin/dsclswell                                         
   6324 root      20   0  384060   4188   3632 S   0.7   0.4   0:05.10 /usr/local/bin/ptp_ctrl 0                                        
  17012 admin     20   0    5808   2792   2108 R   0.7   0.3   0:02.15 top                                                              
   1914 message+  20   0    5796   3616   3132 S   0.3   0.4   0:07.04 /usr/bin/dbus-daemon --system --address=systemd: --nofork --nop+ 
   1927 root      20   0    9940   5096   4572 S   0.3   0.5   0:00.66 /lib/systemd/systemd-logind                                      
   4318 root      20   0  201072  15040   1580 S   0.3   1.5   0:01.01 /usr/local/bin/dscllogd                                          
   4496 root      20   0    2532    840    732 S   0.3   0.1   0:00.13 /usr/local/bin/if_i2c_ctrl /dev/i2c-1                            
   5094 root      20   0  151308   2512   2052 S   0.3   0.2   0:01.39 /usr/local/bin/rfdcd                                             
   5920 root      20   0  304008  19772   4388 S   0.3   2.0   0:09.10 /usr/bin/sysrepod                                                
   6295 root      20   0   13596   8860   5804 S   0.3   0.9   0:00.69 /usr/local/bin/ncld                                              
   6354 root      20   0  605084   4260   3512 S   0.3   0.4   0:01.38 /usr/local/bin/synce_ctrl 0                                      
      1 root      20   0   97840  10856   6716 S   0.0   1.1   0:13.56 /init                                                            
      2 root      20   0       0      0      0 S   0.0   0.0   0:00.01 [kthreadd]                                                       
      3 root       0 -20       0      0      0 I   0.0   0.0   0:00.00 [rcu_gp]                                                         
      4 root       0 -20       0      0      0 I   0.0   0.0   0:00.00 [rcu_par_gp]                                                     
      5 root       0 -20       0      0      0 I   0.0   0.0   0:00.00 [netns]                                                          
      7 root       0 -20       0      0      0 I   0.0   0.0   0:00.31 [kworker/0:0H-mmc_complete]                                      
      8 root      20   0       0      0      0 I   0.0   0.0   0:05.19 [kworker/u8:0-ext4-rsv-conversion]                               
      9 root       0 -20       0      0      0 I   0.0   0.0   0:00.00 [mm_percpu_wq]                                                   
     10 root      20   0       0      0      0 S   0.0   0.0   0:03.58 [ksoftirqd/0]                                                    
     11 root      20   0       0      0      0 I   0.0   0.0   0:01.04 [rcu_sched]                                                      
     12 root      rt   0       0      0      0 S   0.0   0.0   0:00.00 [migration/0]                                                    
     13 root      20   0       0      0      0 S   0.0   0.0   0:00.00 [cpuhp/0]                                                        
     14 root      20   0       0      0      0 S   0.0   0.0   0:00.00 [cpuhp/1]                                                        
     15 root      rt   0       0      0      0 S   0.0   0.0   0:00.00 [migration/1]                                                    
     16 root      20   0       0      0      0 S   0.0   0.0   0:00.43 [ksoftirqd/1]                                                    
     19 root      20   0       0      0      0 S   0.0   0.0   0:00.00 [cpuhp/2]                                                        
     20 root      rt   0       0      0      0 S   0.0   0.0   0:00.00 [migration/2]                                                    
     21 root      20   0       0      0      0 S   0.0   0.0   0:00.54 [ksoftirqd/2]                                                    
     23 root       0 -20       0      0      0 I   0.0   0.0   0:00.17 [kworker/2:0H-kblockd]                                           
     24 root      20   0       0      0      0 S   0.0   0.0   0:00.00 [cpuhp/3]                                                        
     25 root      rt   0       0      0      0 S   0.0   0.0   0:00.00 [migration/3]                                                    
     26 root      20   0       0      0      0 S   0.0   0.0   0:00.00 [ksoftirqd/3]                                                    
     27 root      20   0       0      0      0 I   0.0   0.0   0:00.00 [kworker/3:0-mm_percpu_wq]                                       
     28 root       0 -20       0      0      0 I   0.0   0.0   0:00.00 [kworker/3:0H]                                                   
     29 root      20   0       0      0      0 S   0.0   0.0   0:00.01 [kdevtmpfs]                                                      
     30 root       0 -20       0      0      0 I   0.0   0.0   0:00.00 [inet_frag_wq]                                                   
     32 root      20   0       0      0      0 S   0.0   0.0   0:00.02 [kauditd]                                                        
     33 root      20   0       0      0      0 S   0.0   0.0   0:00.00 [oom_reaper]                                                     
     34 root       0 -20       0      0      0 I   0.0   0.0   0:00.00 [writeback]                                                      
     35 root      20   0       0      0      0 S   0.0   0.0   0:00.02 [kcompactd0]                                                     
     36 root      39  19       0      0      0 S   0.0   0.0   0:00.00 [khugepaged]                                                     
     37 root       0 -20       0      0      0 I   0.0   0.0   0:00.00 [kblockd]                                                        
     38 root       0 -20       0      0      0 I   0.0   0.0   0:00.00 [blkcg_punt_bio]                                                 top - 09:43:44 up 14 min,  2 users,  load average: 0.23, 0.53, 0.43

%Cpu(s):  7.8 us, 10.4 sy,  0.0 ni, 81.4 id,  0.3 wa,  0.0 hi,  0.0 si,  0.0 st
MiB Mem :    986.7 total,     62.1 free,    151.5 used,    773.1 buff/cache
MiB Swap:      0.0 total,      0.0 free,      0.0 used.    102.2 avail Mem 


   6606 root      20   0  609132  12848   7584 S  12.5   1.3   0:20.98 /usr/bin/netopeer2-server -U -m 0770 -v 1                        
   5920 root      20   0  304008  19772   4388 S   7.3   2.0   0:09.32 /usr/bin/sysrepod                                                
   5068 root      20   0   88276   2972   1840 S   6.9   0.3   0:53.38 dpd-smp -u 5                                                     
   6693 root      20   0  633272   7940   4576 S   4.6   0.8   0:32.69 /usr/bin/sync_timing_ptp2stack /etc/sync_timing_ptp2_default.co+ 
   5892 root      20   0    6616   3216   2796 S   3.3   0.3   0:22.81 /usr/local/bin/oda                                               
   5860 root      20   0  244384   4616   3800 S   2.3   0.5   0:14.76 /usr/bin/sync_timing_core_driver                                 
   2033 root      20   0       0      0      0 S   1.3   0.0   0:09.78 [fpga_drvd]                                                      
   5999 root      20   0  103452  11676   8304 S   1.3   1.2   0:09.00 /usr/local/bin/rud                                               
   5969 root      20   0    9456   4380   3416 S   1.0   0.4   0:07.32 /usr/local/bin/devif                                             
   2241 root      20   0    2164   1056    852 S   0.7   0.1   0:04.87 /sbin/syslogd -n -S -s 10000 -b 20                               
   6324 root      20   0  384060   4188   3632 S   0.7   0.4   0:05.12 /usr/local/bin/ptp_ctrl 0                                        
  17012 admin     20   0    5808   2792   2108 R   0.7   0.3   0:02.17 top                                                              
     11 root      20   0       0      0      0 I   0.3   0.0   0:01.05 [rcu_sched]                                                      
     16 root      20   0       0      0      0 S   0.3   0.0   0:00.44 [ksoftirqd/1]                                                    
     21 root      20   0       0      0      0 S   0.3   0.0   0:00.55 [ksoftirqd/2]                                                    
     52 root      20   0       0      0      0 I   0.3   0.0   0:00.31 [kworker/0:2-ipv6_addrconf]                                      
     53 root      20   0       0      0      0 I   0.3   0.0   0:00.44 [kworker/u8:2-edac-poller]                                       
    191 root      20   0   34496  17964  17172 S   0.3   1.8   0:04.75 /lib/systemd/systemd-journald                                    
   1914 message+  20   0    5796   3616   3132 S   0.3   0.4   0:07.05 /usr/bin/dbus-daemon --system --address=systemd: --nofork --nop+ 
   4370 root      20   0    3704   2416   1572 S   0.3   0.2   0:05.32 /usr/local/bin/dsclswell                                         
   5262 root      20   0    3444    996    856 S   0.3   0.1   0:00.15 /usr/local/bin/sfp_ctrl 0 1 0x50 0x180 0x188 FPGA 0x190 0x198 0  
   6244 root      20   0    4020   2904   2548 S   0.3   0.3   0:00.69 /bin/sh /usr/local/script/watchdog_clear.sh                      
   6354 root      20   0  605084   4260   3512 S   0.3   0.4   0:01.39 /usr/local/bin/synce_ctrl 0                                      
  10402 admin     20   0   12968   8816   6532 S   0.3   0.9   0:01.84 /lib/systemd/systemd --user                                      
  11494 admin     20   0    2260    816    736 S   0.3   0.1   0:00.02 tail -F /var/log/netconf-rpc.log                                 
      1 root      20   0   97840  10856   6716 S   0.0   1.1   0:13.56 /init                                                            
      2 root      20   0       0      0      0 S   0.0   0.0   0:00.01 [kthreadd]                                                       
      3 root       0 -20       0      0      0 I   0.0   0.0   0:00.00 [rcu_gp]                                                         
      4 root       0 -20       0      0      0 I   0.0   0.0   0:00.00 [rcu_par_gp]                                                     
      5 root       0 -20       0      0      0 I   0.0   0.0   0:00.00 [netns]                                                          
      7 root       0 -20       0      0      0 I   0.0   0.0   0:00.31 [kworker/0:0H-mmc_complete]                                      
      8 root      20   0       0      0      0 I   0.0   0.0   0:05.19 [kworker/u8:0-ext4-rsv-conversion]                               
      9 root       0 -20       0      0      0 I   0.0   0.0   0:00.00 [mm_percpu_wq]                                                   
     10 root      20   0       0      0      0 S   0.0   0.0   0:03.58 [ksoftirqd/0]                                                    
     12 root      rt   0       0      0      0 S   0.0   0.0   0:00.00 [migration/0]                                                    
     13 root      20   0       0      0      0 S   0.0   0.0   0:00.00 [cpuhp/0]                                                        
     14 root      20   0       0      0      0 S   0.0   0.0   0:00.00 [cpuhp/1]                                                        
     15 root      rt   0       0      0      0 S   0.0   0.0   0:00.00 [migration/1]                                                    
     19 root      20   0       0      0      0 S   0.0   0.0   0:00.00 [cpuhp/2]                                                        
     20 root      rt   0       0      0      0 S   0.0   0.0   0:00.00 [migration/2]                                                    
     23 root       0 -20       0      0      0 I   0.0   0.0   0:00.17 [kworker/2:0H-kblockd]                                           
     24 root      20   0       0      0      0 S   0.0   0.0   0:00.00 [cpuhp/3]                                                        
     25 root      rt   0       0      0      0 S   0.0   0.0   0:00.00 [migration/3]                                                    
     26 root      20   0       0      0      0 S   0.0   0.0   0:00.00 [ksoftirqd/3]                                                    
     27 root      20   0       0      0      0 I   0.0   0.0   0:00.00 [kworker/3:0-mm_percpu_wq]                                       
     28 root       0 -20       0      0      0 I   0.0   0.0   0:00.00 [kworker/3:0H]                                                   
     29 root      20   0       0      0      0 S   0.0   0.0   0:00.01 [kdevtmpfs]                                                      
     30 root       0 -20       0      0      0 I   0.0   0.0   0:00.00 [inet_frag_wq]                                                   
     32 root      20   0       0      0      0 S   0.0   0.0   0:00.02 [kauditd]                                                        
     33 root      20   0       0      0      0 S   0.0   0.0   0:00.00 [oom_reaper]                                                     
     34 root       0 -20       0      0      0 I   0.0   0.0   0:00.00 [writeback]                                                      
     35 root      20   0       0      0      0 S   0.0   0.0   0:00.02 [kcompactd0]                                                     
     36 root      39  19       0      0      0 S   0.0   0.0   0:00.00 [khugepaged]                                                     
     37 root       0 -20       0      0      0 I   0.0   0.0   0:00.00 [kblockd]                                                        top - 09:43:47 up 14 min,  2 users,  load average: 0.21, 0.52, 0.43
Tasks: 166 total,   1 running, 164 sleeping,   0 stopped,   1 zombie
%Cpu(s):  4.3 us,  9.5 sy,  0.0 ni, 85.8 id,  0.2 wa,  0.0 hi,  0.3 si,  0.0 st
MiB Mem :    986.7 total,     67.6 free,    145.8 used,    773.2 buff/cache
MiB Swap:      0.0 total,      0.0 free,      0.0 used.    107.9 avail Mem 


   5068 root      20   0   88276   2972   1840 S   6.3   0.3   0:53.57 dpd-smp -u 5                                                     
   5920 root      20   0  304008  19772   4388 S   6.0   2.0   0:09.50 /usr/bin/sysrepod                                                
   6606 root      20   0  609132  12848   7584 S   5.0   1.3   0:21.13 /usr/bin/netopeer2-server -U -m 0770 -v 1                        
   6693 root      20   0  633272   7940   4576 S   4.3   0.8   0:32.82 /usr/bin/sync_timing_ptp2stack /etc/sync_timing_ptp2_default.co+ 
   5892 root      20   0    6616   3216   2796 S   3.3   0.3   0:22.91 /usr/local/bin/oda                                               
   5860 root      20   0  244384   4616   3800 S   2.0   0.5   0:14.82 /usr/bin/sync_timing_core_driver                                 
   5999 root      20   0  103452  11676   8304 S   1.7   1.2   0:09.05 /usr/local/bin/rud                                               
   2033 root      20   0       0      0      0 S   1.0   0.0   0:09.81 [fpga_drvd]                                                      
   2241 root      20   0    2164   1056    852 S   1.0   0.1   0:04.90 /sbin/syslogd -n -S -s 10000 -b 20                               
   5969 root      20   0    9456   4380   3416 S   1.0   0.4   0:07.35 /usr/local/bin/devif                                             
    191 root      20   0   34496  18228  17436 S   0.7   1.8   0:04.77 /lib/systemd/systemd-journald                                    
   4318 root      20   0  201072  15040   1580 S   0.7   1.5   0:01.03 /usr/local/bin/dscllogd                                          
   4370 root      20   0    3704   2416   1572 S   0.7   0.2   0:05.34 /usr/local/bin/dsclswell                                         
   6324 root      20   0  384060   4188   3632 S   0.7   0.4   0:05.14 /usr/local/bin/ptp_ctrl 0                                        
  17012 admin     20   0    5808   2792   2108 R   0.7   0.3   0:02.19 top                                                              
      7 root       0 -20       0      0      0 I   0.3   0.0   0:00.32 [kworker/0:0H-mmc_complete]                                      
   1914 message+  20   0    5796   3616   3132 S   0.3   0.4   0:07.06 /usr/bin/dbus-daemon --system --address=systemd: --nofork --nop+ 
   4550 root      20   0    2376    816    716 S   0.3   0.1   0:01.19 /usr/local/bin/gpio_ctrl                                         
   5072 root      20   0    3888   2868   2560 S   0.3   0.3   0:00.93 /bin/sh /usr/local/script/run_rfsoc_hard_ip_b.sh                 
   5094 root      20   0  151308   2512   2052 S   0.3   0.2   0:01.40 /usr/local/bin/rfdcd                                             
      1 root      20   0   97840  10856   6716 S   0.0   1.1   0:13.56 /init                                                            
      2 root      20   0       0      0      0 S   0.0   0.0   0:00.01 [kthreadd]                                                       
      3 root       0 -20       0      0      0 I   0.0   0.0   0:00.00 [rcu_gp]                                                         
      4 root       0 -20       0      0      0 I   0.0   0.0   0:00.00 [rcu_par_gp]                                                     
      5 root       0 -20       0      0      0 I   0.0   0.0   0:00.00 [netns]                                                          
      8 root      20   0       0      0      0 I   0.0   0.0   0:05.19 [kworker/u8:0-ext4-rsv-conversion]                               
      9 root       0 -20       0      0      0 I   0.0   0.0   0:00.00 [mm_percpu_wq]                                                   
     10 root      20   0       0      0      0 S   0.0   0.0   0:03.58 [ksoftirqd/0]                                                    
     11 root      20   0       0      0      0 I   0.0   0.0   0:01.05 [rcu_sched]                                                      
     12 root      rt   0       0      0      0 S   0.0   0.0   0:00.00 [migration/0]                                                    
     13 root      20   0       0      0      0 S   0.0   0.0   0:00.00 [cpuhp/0]                                                        
     14 root      20   0       0      0      0 S   0.0   0.0   0:00.00 [cpuhp/1]                                                        
     15 root      rt   0       0      0      0 S   0.0   0.0   0:00.00 [migration/1]                                                    
     16 root      20   0       0      0      0 S   0.0   0.0   0:00.44 [ksoftirqd/1]                                                    
     19 root      20   0       0      0      0 S   0.0   0.0   0:00.00 [cpuhp/2]                                                        
     20 root      rt   0       0      0      0 S   0.0   0.0   0:00.00 [migration/2]                                                    
     21 root      20   0       0      0      0 S   0.0   0.0   0:00.55 [ksoftirqd/2]                                                    
     23 root       0 -20       0      0      0 I   0.0   0.0   0:00.17 [kworker/2:0H-kblockd]                                           
     24 root      20   0       0      0      0 S   0.0   0.0   0:00.00 [cpuhp/3]                                                        
     25 root      rt   0       0      0      0 S   0.0   0.0   0:00.00 [migration/3]                                                    
     26 root      20   0       0      0      0 S   0.0   0.0   0:00.00 [ksoftirqd/3]                                                    
     27 root      20   0       0      0      0 I   0.0   0.0   0:00.00 [kworker/3:0-mm_percpu_wq]                                       
     28 root       0 -20       0      0      0 I   0.0   0.0   0:00.00 [kworker/3:0H]                                                   
     29 root      20   0       0      0      0 S   0.0   0.0   0:00.01 [kdevtmpfs]                                                      
     30 root       0 -20       0      0      0 I   0.0   0.0   0:00.00 [inet_frag_wq]                                                   
     32 root      20   0       0      0      0 S   0.0   0.0   0:00.02 [kauditd]                                                        
     33 root      20   0       0      0      0 S   0.0   0.0   0:00.00 [oom_reaper]                                                     
     34 root       0 -20       0      0      0 I   0.0   0.0   0:00.00 [writeback]                                                      
     35 root      20   0       0      0      0 S   0.0   0.0   0:00.02 [kcompactd0]                                                     
     36 root      39  19       0      0      0 S   0.0   0.0   0:00.00 [khugepaged]                                                     
     37 root       0 -20       0      0      0 I   0.0   0.0   0:00.00 [kblockd]                                                        
     38 root       0 -20       0      0      0 I   0.0   0.0   0:00.00 [blkcg_punt_bio]                                                 
     39 root       0 -20       0      0      0 I   0.0   0.0   0:00.00 [edac-poller]                                                    
     40 root     -51   0       0      0      0 S   0.0   0.0   0:00.00 [watchdogd]                                                      top - 09:43:50 up 14 min,  2 users,  load average: 0.21, 0.52, 0.43
Tasks: 171 total,   5 running, 166 sleeping,   0 stopped,   0 zombie
%Cpu(s): 11.8 us, 16.9 sy,  0.0 ni, 64.9 id,  0.0 wa,  0.0 hi,  6.4 si,  0.0 st
MiB Mem :    986.7 total,    191.4 free,    149.0 used,    646.2 buff/cache
MiB Swap:      0.0 total,      0.0 free,      0.0 used.    231.7 avail Mem 


  23292 root      20   0    9124   6848   5340 R  48.5   0.7   0:01.47 /usr/bin/ssh -oForwardX11 no -oPermitLocalCommand no -oClearAll+ 
  23291 root      20   0    6900   5072   4308 R  18.5   0.5   0:00.56 sftp -o StrictHostKeyChecking=no -o UserKnownHostsFile=/var/run+ 
   5068 root      20   0   88276   2972   1840 S   6.9   0.3   0:53.78 dpd-smp -u 5                                                     
   6693 root      20   0  633272   7940   4576 S   5.9   0.8   0:33.00 /usr/bin/sync_timing_ptp2stack /etc/sync_timing_ptp2_default.co+ 
     10 root      20   0       0      0      0 R   4.3   0.0   0:03.71 [ksoftirqd/0]                                                    
   6606 root      20   0  609132  12848   7584 S   4.3   1.3   0:21.26 /usr/bin/netopeer2-server -U -m 0770 -v 1                        
   5892 root      20   0    6616   3216   2796 S   3.3   0.3   0:23.01 /usr/local/bin/oda                                               
   5860 root      20   0  244384   4616   3800 S   2.3   0.5   0:14.89 /usr/bin/sync_timing_core_driver                                 
   2033 root      20   0       0      0      0 S   1.7   0.0   0:09.86 [fpga_drvd]                                                      
   5969 root      20   0    9456   4380   3416 S   1.0   0.4   0:07.38 /usr/local/bin/devif                                             
   5999 root      20   0  103452  11676   8304 S   1.0   1.2   0:09.08 /usr/local/bin/rud                                               
   2241 root      20   0    2164   1056    852 S   0.7   0.1   0:04.92 /sbin/syslogd -n -S -s 10000 -b 20                               
   4370 root      20   0    3704   2416   1572 S   0.7   0.2   0:05.36 /usr/local/bin/dsclswell                                         
   6324 root      20   0  384060   4188   3632 S   0.7   0.4   0:05.16 /usr/local/bin/ptp_ctrl 0                                        
  17012 admin     20   0    5808   2792   2108 R   0.7   0.3   0:02.21 top                                                              
  23311 root      20   0       0      0      0 R   0.7   0.0   0:00.02 [pgrep]                                                          
      1 root      20   0   97840  10856   6716 S   0.3   1.1   0:13.57 /init                                                            
     11 root      20   0       0      0      0 I   0.3   0.0   0:01.06 [rcu_sched]                                                      
     55 root      20   0       0      0      0 S   0.3   0.0   0:00.13 [kpktgend_0]                                                     
    202 root      20   0       0      0      0 I   0.3   0.0   0:00.64 [kworker/2:3-events_long]                                        
   1914 message+  20   0    5796   3616   3132 S   0.3   0.4   0:07.07 /usr/bin/dbus-daemon --system --address=systemd: --nofork --nop+ 
   5072 root      20   0    3888   2868   2560 S   0.3   0.3   0:00.94 /bin/sh /usr/local/script/run_rfsoc_hard_ip_b.sh                 
   6354 root      20   0  605084   4260   3512 S   0.3   0.4   0:01.40 /usr/local/bin/synce_ctrl 0                                      
   6950 root      20   0   76244    832    720 S   0.3   0.1   0:00.27 /usr/local/bin/netstat_ctrl 0                                    
      2 root      20   0       0      0      0 S   0.0   0.0   0:00.01 [kthreadd]                                                       
      3 root       0 -20       0      0      0 I   0.0   0.0   0:00.00 [rcu_gp]                                                         
      4 root       0 -20       0      0      0 I   0.0   0.0   0:00.00 [rcu_par_gp]                                                     
      5 root       0 -20       0      0      0 I   0.0   0.0   0:00.00 [netns]                                                          
      7 root       0 -20       0      0      0 I   0.0   0.0   0:00.32 [kworker/0:0H-mmc_complete]                                      
      8 root      20   0       0      0      0 I   0.0   0.0   0:05.19 [kworker/u8:0-ext4-rsv-conversion]                               
      9 root       0 -20       0      0      0 I   0.0   0.0   0:00.00 [mm_percpu_wq]                                                   
     12 root      rt   0       0      0      0 S   0.0   0.0   0:00.00 [migration/0]                                                    
     13 root      20   0       0      0      0 S   0.0   0.0   0:00.00 [cpuhp/0]                                                        
     14 root      20   0       0      0      0 S   0.0   0.0   0:00.00 [cpuhp/1]                                                        
     15 root      rt   0       0      0      0 S   0.0   0.0   0:00.00 [migration/1]                                                    
     16 root      20   0       0      0      0 S   0.0   0.0   0:00.44 [ksoftirqd/1]                                                    
     19 root      20   0       0      0      0 S   0.0   0.0   0:00.00 [cpuhp/2]                                                        
     20 root      rt   0       0      0      0 S   0.0   0.0   0:00.00 [migration/2]                                                    
     21 root      20   0       0      0      0 S   0.0   0.0   0:00.55 [ksoftirqd/2]                                                    
     23 root       0 -20       0      0      0 I   0.0   0.0   0:00.17 [kworker/2:0H-kblockd]                                           
     24 root      20   0       0      0      0 S   0.0   0.0   0:00.00 [cpuhp/3]                                                        
     25 root      rt   0       0      0      0 S   0.0   0.0   0:00.00 [migration/3]                                                    
     26 root      20   0       0      0      0 S   0.0   0.0   0:00.00 [ksoftirqd/3]                                                    
     27 root      20   0       0      0      0 I   0.0   0.0   0:00.00 [kworker/3:0-mm_percpu_wq]                                       
     28 root       0 -20       0      0      0 I   0.0   0.0   0:00.00 [kworker/3:0H]                                                   
     29 root      20   0       0      0      0 S   0.0   0.0   0:00.01 [kdevtmpfs]                                                      
     30 root       0 -20       0      0      0 I   0.0   0.0   0:00.00 [inet_frag_wq]                                                   
     32 root      20   0       0      0      0 S   0.0   0.0   0:00.02 [kauditd]                                                        
     33 root      20   0       0      0      0 S   0.0   0.0   0:00.00 [oom_reaper]                                                     
     34 root       0 -20       0      0      0 I   0.0   0.0   0:00.00 [writeback]                                                      
     35 root      20   0       0      0      0 S   0.0   0.0   0:00.02 [kcompactd0]                                                     
     36 root      39  19       0      0      0 S   0.0   0.0   0:00.00 [khugepaged]                                                     
     37 root       0 -20       0      0      0 I   0.0   0.0   0:00.00 [kblockd]                                                        
     38 root       0 -20       0      0      0 I   0.0   0.0   0:00.00 [blkcg_punt_bio]                                                 top - 09:43:53 up 14 min,  2 users,  load average: 0.36, 0.54, 0.44
Tasks: 167 total,   1 running, 165 sleeping,   0 stopped,   1 zombie
%Cpu(s): 17.0 us, 22.6 sy,  0.0 ni, 50.5 id,  0.0 wa,  0.0 hi,  9.9 si,  0.0 st
MiB Mem :    986.7 total,     64.4 free,    146.9 used,    775.4 buff/cache
MiB Swap:      0.0 total,      0.0 free,      0.0 used.     98.8 avail Mem 


     10 root      20   0       0      0      0 S   7.9   0.0   0:03.95 [ksoftirqd/0]                                                    
   5068 root      20   0   88276   2972   1840 S   6.6   0.3   0:53.98 dpd-smp -u 5                                                     
   6693 root      20   0  633272   7940   4576 S   5.6   0.8   0:33.17 /usr/bin/sync_timing_ptp2stack /etc/sync_timing_ptp2_default.co+ 
   6606 root      20   0  609132  12848   7584 S   3.6   1.3   0:21.37 /usr/bin/netopeer2-server -U -m 0770 -v 1                        
   5892 root      20   0    6616   3216   2796 S   3.3   0.3   0:23.11 /usr/local/bin/oda                                               
   5860 root      20   0  244384   4616   3800 S   2.3   0.5   0:14.96 /usr/bin/sync_timing_core_driver                                 
   5999 root      20   0  103452  11676   8304 S   2.3   1.2   0:09.15 /usr/local/bin/rud                                               
    191 root      20   0   34496  11880  11088 S   2.0   1.2   0:04.83 /lib/systemd/systemd-journald                                    
   6324 root      20   0  384060   4188   3632 S   1.7   0.4   0:05.21 /usr/local/bin/ptp_ctrl 0                                        
   2033 root      20   0       0      0      0 S   1.3   0.0   0:09.90 [fpga_drvd]                                                      
   4370 root      20   0    3704   2416   1572 S   1.3   0.2   0:05.40 /usr/local/bin/dsclswell                                         
   5920 root      20   0  304008  19772   4388 S   1.3   2.0   0:09.54 /usr/bin/sysrepod                                                
   5969 root      20   0    9456   4380   3416 S   1.0   0.4   0:07.41 /usr/local/bin/devif                                             
  17012 admin     20   0    5808   2792   2108 R   1.0   0.3   0:02.24 top                                                              
   2241 root      20   0    2164   1056    852 S   0.7   0.1   0:04.94 /sbin/syslogd -n -S -s 10000 -b 20                               
     21 root      20   0       0      0      0 S   0.3   0.0   0:00.56 [ksoftirqd/2]                                                    
     47 root      20   0       0      0      0 S   0.3   0.0   0:00.37 [kswapd0]                                                        
   1914 message+  20   0    5796   3616   3132 S   0.3   0.4   0:07.08 /usr/bin/dbus-daemon --system --address=systemd: --nofork --nop+ 
   4318 root      20   0  201072  15040   1580 S   0.3   1.5   0:01.04 /usr/local/bin/dscllogd                                          
   4441 systemd+  20   0   11136   6008   5360 S   0.3   0.6   0:00.47 /lib/systemd/systemd-networkd                                    
   4550 root      20   0    2376    816    716 S   0.3   0.1   0:01.20 /usr/local/bin/gpio_ctrl                                         
   6354 root      20   0  605084   4260   3512 S   0.3   0.4   0:01.41 /usr/local/bin/synce_ctrl 0                                      
      1 root      20   0   97840  10856   6716 S   0.0   1.1   0:13.57 /init                                                            
      2 root      20   0       0      0      0 S   0.0   0.0   0:00.01 [kthreadd]                                                       
      3 root       0 -20       0      0      0 I   0.0   0.0   0:00.00 [rcu_gp]                                                         
      4 root       0 -20       0      0      0 I   0.0   0.0   0:00.00 [rcu_par_gp]                                                     
      5 root       0 -20       0      0      0 I   0.0   0.0   0:00.00 [netns]                                                          
      7 root       0 -20       0      0      0 I   0.0   0.0   0:00.32 [kworker/0:0H-mmc_complete]                                      
      8 root      20   0       0      0      0 I   0.0   0.0   0:05.19 [kworker/u8:0-ext4-rsv-conversion]                               
      9 root       0 -20       0      0      0 I   0.0   0.0   0:00.00 [mm_percpu_wq]                                                   
     11 root      20   0       0      0      0 I   0.0   0.0   0:01.06 [rcu_sched]                                                      







     23 root       0 -20       0      0      0 I   0.0   0.0   0:00.17 [kworker/2:0H-kblockd]                                           
     24 root      20   0       0      0      0 S   0.0   0.0   0:00.00 [cpuhp/3]                                                        
     25 root      rt   0       0      0      0 S   0.0   0.0   0:00.00 [migration/3]                                                    
     26 root      20   0       0      0      0 S   0.0   0.0   0:00.00 [ksoftirqd/3]                                                    
     27 root      20   0       0      0      0 I   0.0   0.0   0:00.00 [kworker/3:0-mm_percpu_wq]                                       
     28 root       0 -20       0      0      0 I   0.0   0.0   0:00.00 [kworker/3:0H]                                                   
     29 root      20   0       0      0      0 S   0.0   0.0   0:00.01 [kdevtmpfs]                                                      
     30 root       0 -20       0      0      0 I   0.0   0.0   0:00.00 [inet_frag_wq]                                                   
     32 root      20   0       0      0      0 S   0.0   0.0   0:00.02 [kauditd]                                                        
     33 root      20   0       0      0      0 S   0.0   0.0   0:00.00 [oom_reaper]                                                     
     34 root       0 -20       0      0      0 I   0.0   0.0   0:00.00 [writeback]                                                      
     35 root      20   0       0      0      0 S   0.0   0.0   0:00.02 [kcompactd0]                                                     
     36 root      39  19       0      0      0 S   0.0   0.0   0:00.00 [khugepaged]                                                     
     37 root       0 -20       0      0      0 I   0.0   0.0   0:00.00 [kblockd]                                                        
     38 root       0 -20       0      0      0 I   0.0   0.0   0:00.00 [blkcg_punt_bio]                                                 
     39 root       0 -20       0      0      0 I   0.0   0.0   0:00.00 [edac-poller]                                                    top - 09:43:56 up 14 min,  2 users,  load average: 0.36, 0.54, 0.44
Tasks: 166 total,   1 running, 165 sleeping,   0 stopped,   0 zombie
%Cpu(s):  5.6 us, 10.4 sy,  0.0 ni, 83.2 id,  0.7 wa,  0.0 hi,  0.1 si,  0.0 st
MiB Mem :    986.7 total,     60.7 free,    150.4 used,    775.5 buff/cache
MiB Swap:      0.0 total,      0.0 free,      0.0 used.     95.3 avail Mem 


   5068 root      20   0   88276   2972   1840 S   7.0   0.3   0:54.19 dpd-smp -u 5                                                     
   5920 root      20   0  304008  19772   4388 S   6.6   2.0   0:09.74 /usr/bin/sysrepod                                                
   6606 root      20   0  609132  12848   7584 S   6.6   1.3   0:21.57 /usr/bin/netopeer2-server -U -m 0770 -v 1                        
   6693 root      20   0  633272   7940   4576 S   4.6   0.8   0:33.31 /usr/bin/sync_timing_ptp2stack /etc/sync_timing_ptp2_default.co+ 
   5892 root      20   0    6616   3216   2796 S   3.0   0.3   0:23.20 /usr/local/bin/oda                                               
   5860 root      20   0  244384   4616   3800 S   2.3   0.5   0:15.03 /usr/bin/sync_timing_core_driver                                 
   5999 root      20   0  103452  11676   8304 S   1.7   1.2   0:09.20 /usr/local/bin/rud                                               
   2033 root      20   0       0      0      0 S   1.0   0.0   0:09.93 [fpga_drvd]                                                      
   5969 root      20   0    9456   4380   3416 S   1.0   0.4   0:07.44 /usr/local/bin/devif                                             
   2241 root      20   0    2164   1056    852 S   0.7   0.1   0:04.96 /sbin/syslogd -n -S -s 10000 -b 20                               
   4370 root      20   0    3704   2416   1572 S   0.7   0.2   0:05.42 /usr/local/bin/dsclswell                                         
   6324 root      20   0  384060   4188   3632 S   0.7   0.4   0:05.23 /usr/local/bin/ptp_ctrl 0                                        
  17012 admin     20   0    5808   2792   2108 R   0.7   0.3   0:02.26 top                                                              
      1 root      20   0   97840  10856   6716 S   0.3   1.1   0:13.58 /init                                                            
     11 root      20   0       0      0      0 I   0.3   0.0   0:01.07 [rcu_sched]                                                      
     56 root      20   0       0      0      0 S   0.3   0.0   0:00.09 [kpktgend_1]                                                     
   1068 root      20   0       0      0      0 S   0.3   0.0   0:00.04 [jbd2/mmcblk0p9-8]                                               
   1914 message+  20   0    5796   3616   3132 S   0.3   0.4   0:07.09 /usr/bin/dbus-daemon --system --address=systemd: --nofork --nop+ 
   4847 root      20   0   10800    972    852 S   0.3   0.1   0:00.15 /usr/local/bin/led_ctrl 0 EMIO 41 42 43 0                        
   5094 root      20   0  151308   2512   2052 S   0.3   0.2   0:01.41 /usr/local/bin/rfdcd                                             
   6244 root      20   0    4020   2904   2548 S   0.3   0.3   0:00.70 /bin/sh /usr/local/script/watchdog_clear.sh                      
  10918 root      20   0       0      0      0 I   0.3   0.0   0:00.15 [kworker/u8:1-edac-poller]                                       
      2 root      20   0       0      0      0 S   0.0   0.0   0:00.01 [kthreadd]                                                       
      3 root       0 -20       0      0      0 I   0.0   0.0   0:00.00 [rcu_gp]                                                         
      4 root       0 -20       0      0      0 I   0.0   0.0   0:00.00 [rcu_par_gp]                                                     
      5 root       0 -20       0      0      0 I   0.0   0.0   0:00.00 [netns]                                                          
      7 root       0 -20       0      0      0 I   0.0   0.0   0:00.32 [kworker/0:0H-mmc_complete]                                      
      8 root      20   0       0      0      0 I   0.0   0.0   0:05.19 [kworker/u8:0-ext4-rsv-conversion]                               
      9 root       0 -20       0      0      0 I   0.0   0.0   0:00.00 [mm_percpu_wq]                                                   
     10 root      20   0       0      0      0 S   0.0   0.0   0:03.95 [ksoftirqd/0]                                                    
     12 root      rt   0       0      0      0 S   0.0   0.0   0:00.00 [migration/0]                                                    
     13 root      20   0       0      0      0 S   0.0   0.0   0:00.00 [cpuhp/0]                                                        
     14 root      20   0       0      0      0 S   0.0   0.0   0:00.00 [cpuhp/1]                                                        
     15 root      rt   0       0      0      0 S   0.0   0.0   0:00.00 [migration/1]                                                    
     16 root      20   0       0      0      0 S   0.0   0.0   0:00.44 [ksoftirqd/1]                                                    
     19 root      20   0       0      0      0 S   0.0   0.0   0:00.00 [cpuhp/2]                                                        
     20 root      rt   0       0      0      0 S   0.0   0.0   0:00.00 [migration/2]                                                    
     21 root      20   0       0      0      0 S   0.0   0.0   0:00.56 [ksoftirqd/2]                                                    















top - 09:43:59 up 14 min,  2 users,  load average: 0.49, 0.57, 0.45

%Cpu(s):  2.7 us,  7.1 sy,  0.0 ni, 90.2 id,  0.0 wa,  0.0 hi,  0.1 si,  0.0 st
MiB Mem :    986.7 total,     60.0 free,    151.1 used,    775.6 buff/cache
MiB Swap:      0.0 total,      0.0 free,      0.0 used.     94.6 avail Mem 


   5068 root      20   0   88276   2972   1840 S   6.2   0.3   0:54.38 dpd-smp -u 5                                                     
   6693 root      20   0  633272   7940   4576 S   4.3   0.8   0:33.44 /usr/bin/sync_timing_ptp2stack /etc/sync_timing_ptp2_default.co+ 
   5892 root      20   0    6616   3216   2796 S   3.3   0.3   0:23.30 /usr/local/bin/oda                                               
   6606 root      20   0  609132  12848   7584 S   2.3   1.3   0:21.64 /usr/bin/netopeer2-server -U -m 0770 -v 1                        
   5860 root      20   0  244384   4616   3800 S   2.0   0.5   0:15.09 /usr/bin/sync_timing_core_driver                                 
   2033 root      20   0       0      0      0 S   1.3   0.0   0:09.97 [fpga_drvd]                                                      
   5999 root      20   0  103452  11676   8304 S   1.0   1.2   0:09.23 /usr/local/bin/rud                                               
  17012 admin     20   0    5808   2792   2108 R   1.0   0.3   0:02.29 top                                                              
    191 root      20   0   34496  11880  11088 S   0.7   1.2   0:04.85 /lib/systemd/systemd-journald                                    
   2241 root      20   0    2164   1056    852 S   0.7   0.1   0:04.98 /sbin/syslogd -n -S -s 10000 -b 20                               
   4370 root      20   0    3704   2416   1572 S   0.7   0.2   0:05.44 /usr/local/bin/dsclswell                                         
   5969 root      20   0    9456   4380   3416 S   0.7   0.4   0:07.46 /usr/local/bin/devif                                             
   6324 root      20   0  384060   4188   3632 S   0.7   0.4   0:05.25 /usr/local/bin/ptp_ctrl 0                                        
   1914 message+  20   0    5796   3616   3132 S   0.3   0.4   0:07.10 /usr/bin/dbus-daemon --system --address=systemd: --nofork --nop+ 
   4550 root      20   0    2376    816    716 S   0.3   0.1   0:01.21 /usr/local/bin/gpio_ctrl                                         
   5072 root      20   0    3888   2868   2560 S   0.3   0.3   0:00.95 /bin/sh /usr/local/script/run_rfsoc_hard_ip_b.sh                 
   5094 root      20   0  151308   2512   2052 S   0.3   0.2   0:01.42 /usr/local/bin/rfdcd                                             
   5262 root      20   0    3444    996    856 S   0.3   0.1   0:00.16 /usr/local/bin/sfp_ctrl 0 1 0x50 0x180 0x188 FPGA 0x190 0x198 0  
   5374 root      20   0    2536    980    860 S   0.3   0.1   0:00.17 /usr/local/bin/sfp_led_ctrl 0 EMIO 2 47 46 45 44                 
   5920 root      20   0  304008  19772   4388 S   0.3   2.0   0:09.75 /usr/bin/sysrepod                                                
   6354 root      20   0  605084   4260   3512 S   0.3   0.4   0:01.42 /usr/local/bin/synce_ctrl 0                                      
      1 root      20   0   97840  10856   6716 S   0.0   1.1   0:13.58 /init                                                            




      7 root       0 -20       0      0      0 I   0.0   0.0   0:00.32 [kworker/0:0H-kblockd]                                           



     11 root      20   0       0      0      0 I   0.0   0.0   0:01.07 [rcu_sched]                                                      
     12 root      rt   0       0      0      0 S   0.0   0.0   0:00.00 [migration/0]                                                    
     13 root      20   0       0      0      0 S   0.0   0.0   0:00.00 [cpuhp/0]                                                        
     14 root      20   0       0      0      0 S   0.0   0.0   0:00.00 [cpuhp/1]                                                        
     15 root      rt   0       0      0      0 S   0.0   0.0   0:00.00 [migration/1]                                                    
     16 root      20   0       0      0      0 S   0.0   0.0   0:00.44 [ksoftirqd/1]                                                    
     19 root      20   0       0      0      0 S   0.0   0.0   0:00.00 [cpuhp/2]                                                        
     20 root      rt   0       0      0      0 S   0.0   0.0   0:00.00 [migration/2]                                                    
     21 root      20   0       0      0      0 S   0.0   0.0   0:00.56 [ksoftirqd/2]                                                    
     23 root       0 -20       0      0      0 I   0.0   0.0   0:00.17 [kworker/2:0H-kblockd]                                           
     24 root      20   0       0      0      0 S   0.0   0.0   0:00.00 [cpuhp/3]                                                        
     25 root      rt   0       0      0      0 S   0.0   0.0   0:00.00 [migration/3]                                                    
     26 root      20   0       0      0      0 S   0.0   0.0   0:00.00 [ksoftirqd/3]                                                    
     27 root      20   0       0      0      0 I   0.0   0.0   0:00.00 [kworker/3:0-mm_percpu_wq]                                       
     28 root       0 -20       0      0      0 I   0.0   0.0   0:00.00 [kworker/3:0H]                                                   
     29 root      20   0       0      0      0 S   0.0   0.0   0:00.01 [kdevtmpfs]                                                      
     30 root       0 -20       0      0      0 I   0.0   0.0   0:00.00 [inet_frag_wq]                                                   
     32 root      20   0       0      0      0 S   0.0   0.0   0:00.02 [kauditd]                                                        
     33 root      20   0       0      0      0 S   0.0   0.0   0:00.00 [oom_reaper]                                                     
     34 root       0 -20       0      0      0 I   0.0   0.0   0:00.00 [writeback]                                                      
     35 root      20   0       0      0      0 S   0.0   0.0   0:00.02 [kcompactd0]                                                     
     36 root      39  19       0      0      0 S   0.0   0.0   0:00.00 [khugepaged]                                                     
     37 root       0 -20       0      0      0 I   0.0   0.0   0:00.00 [kblockd]                                                        
     38 root       0 -20       0      0      0 I   0.0   0.0   0:00.00 [blkcg_punt_bio]                                                 top - 09:44:02 up 14 min,  2 users,  load average: 0.45, 0.56, 0.45
Tasks: 166 total,   1 running, 164 sleeping,   0 stopped,   1 zombie
%Cpu(s):  3.0 us,  7.3 sy,  0.0 ni, 89.5 id,  0.0 wa,  0.0 hi,  0.2 si,  0.0 st
MiB Mem :    986.7 total,     59.7 free,    151.2 used,    775.7 buff/cache
MiB Swap:      0.0 total,      0.0 free,      0.0 used.     94.5 avail Mem 


   5068 root      20   0   88276   2972   1840 S   6.6   0.3   0:54.58 dpd-smp -u 5                                                     
   6693 root      20   0  633272   7940   4576 S   4.3   0.8   0:33.57 /usr/bin/sync_timing_ptp2stack /etc/sync_timing_ptp2_default.co+ 
   5892 root      20   0    6616   3216   2796 S   2.6   0.3   0:23.38 /usr/local/bin/oda                                               
   6606 root      20   0  609132  12848   7584 S   2.0   1.3   0:21.70 /usr/bin/netopeer2-server -U -m 0770 -v 1                        
   5860 root      20   0  244384   4616   3800 S   1.7   0.5   0:15.14 /usr/bin/sync_timing_core_driver                                 
   2033 root      20   0       0      0      0 S   1.3   0.0   0:10.01 [fpga_drvd]                                                      
   5969 root      20   0    9456   4380   3416 S   1.3   0.4   0:07.50 /usr/local/bin/devif                                             
   5999 root      20   0  103452  11676   8304 S   1.0   1.2   0:09.26 /usr/local/bin/rud                                               
   2241 root      20   0    2164   1056    852 S   0.7   0.1   0:05.00 /sbin/syslogd -n -S -s 10000 -b 20                               
   4370 root      20   0    3704   2416   1572 S   0.7   0.2   0:05.46 /usr/local/bin/dsclswell                                         
  17012 admin     20   0    5808   2792   2108 R   0.7   0.3   0:02.31 top                                                              
     21 root      20   0       0      0      0 S   0.3   0.0   0:00.57 [ksoftirqd/2]                                                    
    191 root      20   0   34496  11880  11088 S   0.3   1.2   0:04.86 /lib/systemd/systemd-journald                                    
    202 root      20   0       0      0      0 I   0.3   0.0   0:00.65 [kworker/2:3-events_long]                                        
   1914 message+  20   0    5796   3616   3132 S   0.3   0.4   0:07.11 /usr/bin/dbus-daemon --system --address=systemd: --nofork --nop+ 
   4318 root      20   0  201072  15040   1580 S   0.3   1.5   0:01.05 /usr/local/bin/dscllogd                                          
   4550 root      20   0    2376    816    716 S   0.3   0.1   0:01.22 /usr/local/bin/gpio_ctrl                                         
   5094 root      20   0  151308   2512   2052 S   0.3   0.2   0:01.43 /usr/local/bin/rfdcd                                             
   5314 root      20   0    3444    996    856 S   0.3   0.1   0:00.06 /usr/local/bin/sfp_ctrl 2 0 0x50 0x180 0x188 FPGA 0x190 0x198 1  
   6295 root      20   0   13596   8860   5804 S   0.3   0.9   0:00.70 /usr/local/bin/ncld                                              
   6324 root      20   0  384060   4188   3632 S   0.3   0.4   0:05.26 /usr/local/bin/ptp_ctrl 0                                        





      7 root       0 -20       0      0      0 I   0.0   0.0   0:00.32 [kworker/0:0H-mmc_complete]                                      











     23 root       0 -20       0      0      0 I   0.0   0.0   0:00.17 [kworker/2:0H-kblockd]                                           
     24 root      20   0       0      0      0 S   0.0   0.0   0:00.00 [cpuhp/3]                                                        
     25 root      rt   0       0      0      0 S   0.0   0.0   0:00.00 [migration/3]                                                    
     26 root      20   0       0      0      0 S   0.0   0.0   0:00.00 [ksoftirqd/3]                                                    
     27 root      20   0       0      0      0 I   0.0   0.0   0:00.00 [kworker/3:0-mm_percpu_wq]                                       
     28 root       0 -20       0      0      0 I   0.0   0.0   0:00.00 [kworker/3:0H]                                                   
     29 root      20   0       0      0      0 S   0.0   0.0   0:00.01 [kdevtmpfs]                                                      
     30 root       0 -20       0      0      0 I   0.0   0.0   0:00.00 [inet_frag_wq]                                                   
     32 root      20   0       0      0      0 S   0.0   0.0   0:00.02 [kauditd]                                                        
     33 root      20   0       0      0      0 S   0.0   0.0   0:00.00 [oom_reaper]                                                     
     34 root       0 -20       0      0      0 I   0.0   0.0   0:00.00 [writeback]                                                      
     35 root      20   0       0      0      0 S   0.0   0.0   0:00.02 [kcompactd0]                                                     
     36 root      39  19       0      0      0 S   0.0   0.0   0:00.00 [khugepaged]                                                     
     37 root       0 -20       0      0      0 I   0.0   0.0   0:00.00 [kblockd]                                                        
     38 root       0 -20       0      0      0 I   0.0   0.0   0:00.00 [blkcg_punt_bio]                                                 
     39 root       0 -20       0      0      0 I   0.0   0.0   0:00.00 [edac-poller]                                                    top - 09:44:05 up 14 min,  2 users,  load average: 0.45, 0.56, 0.45
Tasks: 165 total,   1 running, 164 sleeping,   0 stopped,   0 zombie
%Cpu(s):  3.2 us,  8.5 sy,  0.0 ni, 88.0 id,  0.1 wa,  0.0 hi,  0.2 si,  0.0 st
MiB Mem :    986.7 total,     58.3 free,    152.6 used,    775.8 buff/cache
MiB Swap:      0.0 total,      0.0 free,      0.0 used.     93.1 avail Mem 


   5068 root      20   0   88276   2972   1840 S   6.9   0.3   0:54.79 dpd-smp -u 5                                                     
   6693 root      20   0  633272   7940   4576 S   4.3   0.8   0:33.70 /usr/bin/sync_timing_ptp2stack /etc/sync_timing_ptp2_default.co+ 
   5892 root      20   0    6616   3216   2796 S   3.0   0.3   0:23.47 /usr/local/bin/oda                                               
   5860 root      20   0  244384   4616   3800 S   2.3   0.5   0:15.21 /usr/bin/sync_timing_core_driver                                 
   6606 root      20   0  609132  12848   7584 S   2.0   1.3   0:21.76 /usr/bin/netopeer2-server -U -m 0770 -v 1                        
   2033 root      20   0       0      0      0 S   1.3   0.0   0:10.05 [fpga_drvd]                                                      
   5999 root      20   0  103452  11676   8304 S   1.3   1.2   0:09.30 /usr/local/bin/rud                                               
   2241 root      20   0    2164   1056    852 S   1.0   0.1   0:05.03 /sbin/syslogd -n -S -s 10000 -b 20                               
   5969 root      20   0    9456   4380   3416 S   1.0   0.4   0:07.53 /usr/local/bin/devif                                             
   6324 root      20   0  384060   4188   3632 S   1.0   0.4   0:05.29 /usr/local/bin/ptp_ctrl 0                                        
    191 root      20   0   34496  11880  11088 S   0.7   1.2   0:04.88 /lib/systemd/systemd-journald                                    
   4370 root      20   0    3704   2416   1572 S   0.7   0.2   0:05.48 /usr/local/bin/dsclswell                                         
  17012 admin     20   0    5808   2792   2108 R   0.7   0.3   0:02.33 top                                                              
     10 root      20   0       0      0      0 S   0.3   0.0   0:03.96 [ksoftirqd/0]                                                    
     11 root      20   0       0      0      0 I   0.3   0.0   0:01.08 [rcu_sched]                                                      
     16 root      20   0       0      0      0 S   0.3   0.0   0:00.45 [ksoftirqd/1]                                                    
   1914 message+  20   0    5796   3616   3132 S   0.3   0.4   0:07.12 /usr/bin/dbus-daemon --system --address=systemd: --nofork --nop+ 
   4318 root      20   0  201072  15040   1580 S   0.3   1.5   0:01.06 /usr/local/bin/dscllogd                                          
   6025 root      20   0    9212   3224   2828 S   0.3   0.3   0:00.30 /usr/local/bin/watchdogd                                         
   6354 root      20   0  605084   4260   3512 S   0.3   0.4   0:01.43 /usr/local/bin/synce_ctrl 0                                      
  12606 admin     20   0   11412   5276   4132 S   0.3   0.5   0:00.12 sshd: admin@pts/0                                                








     12 root      rt   0       0      0      0 S   0.0   0.0   0:00.00 [migration/0]                                                    
     13 root      20   0       0      0      0 S   0.0   0.0   0:00.00 [cpuhp/0]                                                        
     14 root      20   0       0      0      0 S   0.0   0.0   0:00.00 [cpuhp/1]                                                        
     15 root      rt   0       0      0      0 S   0.0   0.0   0:00.00 [migration/1]                                                    
     19 root      20   0       0      0      0 S   0.0   0.0   0:00.00 [cpuhp/2]                                                        
     20 root      rt   0       0      0      0 S   0.0   0.0   0:00.00 [migration/2]                                                    
     21 root      20   0       0      0      0 S   0.0   0.0   0:00.57 [ksoftirqd/2]                                                    
     23 root       0 -20       0      0      0 I   0.0   0.0   0:00.17 [kworker/2:0H-kblockd]                                           
     24 root      20   0       0      0      0 S   0.0   0.0   0:00.00 [cpuhp/3]                                                        
     25 root      rt   0       0      0      0 S   0.0   0.0   0:00.00 [migration/3]                                                    
     26 root      20   0       0      0      0 S   0.0   0.0   0:00.00 [ksoftirqd/3]                                                    
     27 root      20   0       0      0      0 I   0.0   0.0   0:00.00 [kworker/3:0-mm_percpu_wq]                                       
     28 root       0 -20       0      0      0 I   0.0   0.0   0:00.00 [kworker/3:0H]                                                   
     29 root      20   0       0      0      0 S   0.0   0.0   0:00.01 [kdevtmpfs]                                                      
     30 root       0 -20       0      0      0 I   0.0   0.0   0:00.00 [inet_frag_wq]                                                   
     32 root      20   0       0      0      0 S   0.0   0.0   0:00.02 [kauditd]                                                        
     33 root      20   0       0      0      0 S   0.0   0.0   0:00.00 [oom_reaper]                                                     
     34 root       0 -20       0      0      0 I   0.0   0.0   0:00.00 [writeback]                                                      
     35 root      20   0       0      0      0 S   0.0   0.0   0:00.02 [kcompactd0]                                                     
     36 root      39  19       0      0      0 S   0.0   0.0   0:00.00 [khugepaged]                                                     
     37 root       0 -20       0      0      0 I   0.0   0.0   0:00.00 [kblockd]                                                        
     38 root       0 -20       0      0      0 I   0.0   0.0   0:00.00 [blkcg_punt_bio]                                                 
     39 root       0 -20       0      0      0 I   0.0   0.0   0:00.00 [edac-poller]                                                    
     40 root     -51   0       0      0      0 S   0.0   0.0   0:00.00 [watchdogd]                                                      
     42 root      20   0       0      0      0 I   0.0   0.0   0:00.11 [kworker/1:1-cgroup_destroy]                                     top - 09:44:08 up 14 min,  2 users,  load average: 0.49, 0.57, 0.45
Tasks: 166 total,   1 running, 165 sleeping,   0 stopped,   0 zombie
%Cpu(s):  3.2 us,  8.1 sy,  0.0 ni, 88.6 id,  0.0 wa,  0.0 hi,  0.1 si,  0.0 st
MiB Mem :    986.7 total,     57.0 free,    153.7 used,    775.9 buff/cache
MiB Swap:      0.0 total,      0.0 free,      0.0 used.     92.0 avail Mem 


   5068 root      20   0   88276   2972   1840 S   6.3   0.3   0:54.98 dpd-smp -u 5                                                     
   6693 root      20   0  633272   7940   4576 S   4.3   0.8   0:33.83 /usr/bin/sync_timing_ptp2stack /etc/sync_timing_ptp2_default.co+ 
   5892 root      20   0    6616   3216   2796 S   3.3   0.3   0:23.57 /usr/local/bin/oda                                               
   6606 root      20   0  609132  12848   7584 S   2.3   1.3   0:21.83 /usr/bin/netopeer2-server -U -m 0770 -v 1                        
   5860 root      20   0  244384   4616   3800 S   2.0   0.5   0:15.27 /usr/bin/sync_timing_core_driver                                 
   5999 root      20   0  103452  11676   8304 S   1.7   1.2   0:09.35 /usr/local/bin/rud                                               
   2033 root      20   0       0      0      0 S   1.3   0.0   0:10.09 [fpga_drvd]                                                      
   4370 root      20   0    3704   2416   1572 S   1.0   0.2   0:05.51 /usr/local/bin/dsclswell                                         
   5969 root      20   0    9456   4380   3416 S   1.0   0.4   0:07.56 /usr/local/bin/devif                                             
   2241 root      20   0    2164   1056    852 S   0.7   0.1   0:05.05 /sbin/syslogd -n -S -s 10000 -b 20                               
   6324 root      20   0  384060   4188   3632 S   0.7   0.4   0:05.31 /usr/local/bin/ptp_ctrl 0                                        
  17012 admin     20   0    5808   2792   2108 R   0.7   0.3   0:02.35 top                                                              
      1 root      20   0   97840  10856   6716 S   0.3   1.1   0:13.59 /init                                                            
    191 root      20   0   34496  11880  11088 S   0.3   1.2   0:04.89 /lib/systemd/systemd-journald                                    
   1914 message+  20   0    5796   3616   3132 S   0.3   0.4   0:07.13 /usr/bin/dbus-daemon --system --address=systemd: --nofork --nop+ 
   4550 root      20   0    2376    816    716 S   0.3   0.1   0:01.23 /usr/local/bin/gpio_ctrl                                         
   5072 root      20   0    3888   2868   2560 S   0.3   0.3   0:00.96 /bin/sh /usr/local/script/run_rfsoc_hard_ip_b.sh                 
   5094 root      20   0  151308   2512   2052 S   0.3   0.2   0:01.44 /usr/local/bin/rfdcd                                             
      2 root      20   0       0      0      0 S   0.0   0.0   0:00.01 [kthreadd]                                                       
      3 root       0 -20       0      0      0 I   0.0   0.0   0:00.00 [rcu_gp]                                                         
      4 root       0 -20       0      0      0 I   0.0   0.0   0:00.00 [rcu_par_gp]                                                     
      5 root       0 -20       0      0      0 I   0.0   0.0   0:00.00 [netns]                                                          
      7 root       0 -20       0      0      0 I   0.0   0.0   0:00.32 [kworker/0:0H-kblockd]                                           
      8 root      20   0       0      0      0 I   0.0   0.0   0:05.19 [kworker/u8:0-ext4-rsv-conversion]                               
      9 root       0 -20       0      0      0 I   0.0   0.0   0:00.00 [mm_percpu_wq]                                                   
     10 root      20   0       0      0      0 S   0.0   0.0   0:03.96 [ksoftirqd/0]                                                    
     11 root      20   0       0      0      0 I   0.0   0.0   0:01.08 [rcu_sched]                                                      
     12 root      rt   0       0      0      0 S   0.0   0.0   0:00.00 [migration/0]                                                    
     13 root      20   0       0      0      0 S   0.0   0.0   0:00.00 [cpuhp/0]                                                        
     14 root      20   0       0      0      0 S   0.0   0.0   0:00.00 [cpuhp/1]                                                        
     15 root      rt   0       0      0      0 S   0.0   0.0   0:00.00 [migration/1]                                                    
     16 root      20   0       0      0      0 S   0.0   0.0   0:00.45 [ksoftirqd/1]                                                    
     19 root      20   0       0      0      0 S   0.0   0.0   0:00.00 [cpuhp/2]                                                        
     20 root      rt   0       0      0      0 S   0.0   0.0   0:00.00 [migration/2]                                                    
     21 root      20   0       0      0      0 S   0.0   0.0   0:00.57 [ksoftirqd/2]                                                    
     23 root       0 -20       0      0      0 I   0.0   0.0   0:00.17 [kworker/2:0H-kblockd]                                           
     24 root      20   0       0      0      0 S   0.0   0.0   0:00.00 [cpuhp/3]                                                        
     25 root      rt   0       0      0      0 S   0.0   0.0   0:00.00 [migration/3]                                                    
     26 root      20   0       0      0      0 S   0.0   0.0   0:00.00 [ksoftirqd/3]                                                    
     27 root      20   0       0      0      0 I   0.0   0.0   0:00.00 [kworker/3:0-mm_percpu_wq]                                       
     28 root       0 -20       0      0      0 I   0.0   0.0   0:00.00 [kworker/3:0H]                                                   
     29 root      20   0       0      0      0 S   0.0   0.0   0:00.01 [kdevtmpfs]                                                      
     30 root       0 -20       0      0      0 I   0.0   0.0   0:00.00 [inet_frag_wq]                                                   
     32 root      20   0       0      0      0 S   0.0   0.0   0:00.02 [kauditd]                                                        
     33 root      20   0       0      0      0 S   0.0   0.0   0:00.00 [oom_reaper]                                                     
     34 root       0 -20       0      0      0 I   0.0   0.0   0:00.00 [writeback]                                                      
     35 root      20   0       0      0      0 S   0.0   0.0   0:00.02 [kcompactd0]                                                     
     36 root      39  19       0      0      0 S   0.0   0.0   0:00.00 [khugepaged]                                                     
     37 root       0 -20       0      0      0 I   0.0   0.0   0:00.00 [kblockd]                                                        
     38 root       0 -20       0      0      0 I   0.0   0.0   0:00.00 [blkcg_punt_bio]                                                 
     39 root       0 -20       0      0      0 I   0.0   0.0   0:00.00 [edac-poller]                                                    
     40 root     -51   0       0      0      0 S   0.0   0.0   0:00.00 [watchdogd]                                                      
     42 root      20   0       0      0      0 I   0.0   0.0   0:00.11 [kworker/1:1-cgroup_destroy]                                     
     43 root       0 -20       0      0      0 I   0.0   0.0   0:00.00 [rpciod]                                                         top - 09:44:11 up 14 min,  2 users,  load average: 0.49, 0.57, 0.45

%Cpu(s):  3.0 us,  8.0 sy,  0.0 ni, 88.9 id,  0.0 wa,  0.0 hi,  0.1 si,  0.0 st
MiB Mem :    986.7 total,     56.8 free,    153.9 used,    776.0 buff/cache
MiB Swap:      0.0 total,      0.0 free,      0.0 used.     91.9 avail Mem 


   5068 root      20   0   88276   2972   1840 S   7.0   0.3   0:55.19 dpd-smp -u 5                                                     
   6693 root      20   0  633272   7940   4576 S   4.3   0.8   0:33.96 /usr/bin/sync_timing_ptp2stack /etc/sync_timing_ptp2_default.co+ 
   5892 root      20   0    6616   3216   2796 S   3.0   0.3   0:23.66 /usr/local/bin/oda                                               
   6606 root      20   0  609132  12848   7584 S   2.0   1.3   0:21.89 /usr/bin/netopeer2-server -U -m 0770 -v 1                        
   5860 root      20   0  244384   4616   3800 S   1.7   0.5   0:15.32 /usr/bin/sync_timing_core_driver                                 
   2033 root      20   0       0      0      0 S   1.3   0.0   0:10.13 [fpga_drvd]                                                      
   5969 root      20   0    9456   4380   3416 S   1.3   0.4   0:07.60 /usr/local/bin/devif                                             
   5999 root      20   0  103452  11676   8304 S   1.0   1.2   0:09.38 /usr/local/bin/rud                                               
   2241 root      20   0    2164   1056    852 S   0.7   0.1   0:05.07 /sbin/syslogd -n -S -s 10000 -b 20                               
   6324 root      20   0  384060   4188   3632 S   0.7   0.4   0:05.33 /usr/local/bin/ptp_ctrl 0                                        
  17012 admin     20   0    5808   2792   2108 R   0.7   0.3   0:02.37 top                                                              
    191 root      20   0   34496  12144  11352 S   0.3   1.2   0:04.90 /lib/systemd/systemd-journald                                    
   1914 message+  20   0    5796   3616   3132 S   0.3   0.4   0:07.14 /usr/bin/dbus-daemon --system --address=systemd: --nofork --nop+ 
   4318 root      20   0  201072  15040   1580 S   0.3   1.5   0:01.07 /usr/local/bin/dscllogd                                          
   4370 root      20   0    3704   2416   1572 S   0.3   0.2   0:05.52 /usr/local/bin/dsclswell                                         
   6354 root      20   0  605084   4260   3512 S   0.3   0.4   0:01.44 /usr/local/bin/synce_ctrl 0                                      
      1 root      20   0   97840  10856   6716 S   0.0   1.1   0:13.59 /init                                                            
      2 root      20   0       0      0      0 S   0.0   0.0   0:00.01 [kthreadd]                                                       
      3 root       0 -20       0      0      0 I   0.0   0.0   0:00.00 [rcu_gp]                                                         
      4 root       0 -20       0      0      0 I   0.0   0.0   0:00.00 [rcu_par_gp]                                                     
      5 root       0 -20       0      0      0 I   0.0   0.0   0:00.00 [netns]                                                          
      7 root       0 -20       0      0      0 I   0.0   0.0   0:00.32 [kworker/0:0H-mmc_complete]                                      
      8 root      20   0       0      0      0 I   0.0   0.0   0:05.19 [kworker/u8:0-ext4-rsv-conversion]                               
      9 root       0 -20       0      0      0 I   0.0   0.0   0:00.00 [mm_percpu_wq]                                                   
     10 root      20   0       0      0      0 S   0.0   0.0   0:03.96 [ksoftirqd/0]                                                    
     11 root      20   0       0      0      0 I   0.0   0.0   0:01.08 [rcu_sched]                                                      
     12 root      rt   0       0      0      0 S   0.0   0.0   0:00.00 [migration/0]                                                    
     13 root      20   0       0      0      0 S   0.0   0.0   0:00.00 [cpuhp/0]                                                        
     14 root      20   0       0      0      0 S   0.0   0.0   0:00.00 [cpuhp/1]                                                        
     15 root      rt   0       0      0      0 S   0.0   0.0   0:00.00 [migration/1]                                                    
     16 root      20   0       0      0      0 S   0.0   0.0   0:00.45 [ksoftirqd/1]                                                    
     19 root      20   0       0      0      0 S   0.0   0.0   0:00.00 [cpuhp/2]                                                        
     20 root      rt   0       0      0      0 S   0.0   0.0   0:00.00 [migration/2]                                                    
     21 root      20   0       0      0      0 S   0.0   0.0   0:00.57 [ksoftirqd/2]                                                    
     23 root       0 -20       0      0      0 I   0.0   0.0   0:00.17 [kworker/2:0H-kblockd]                                           
     24 root      20   0       0      0      0 S   0.0   0.0   0:00.00 [cpuhp/3]                                                        
     25 root      rt   0       0      0      0 S   0.0   0.0   0:00.00 [migration/3]                                                    
     26 root      20   0       0      0      0 S   0.0   0.0   0:00.00 [ksoftirqd/3]                                                    
     27 root      20   0       0      0      0 I   0.0   0.0   0:00.00 [kworker/3:0-mm_percpu_wq]                                       
     28 root       0 -20       0      0      0 I   0.0   0.0   0:00.00 [kworker/3:0H]                                                   
     29 root      20   0       0      0      0 S   0.0   0.0   0:00.01 [kdevtmpfs]                                                      
     30 root       0 -20       0      0      0 I   0.0   0.0   0:00.00 [inet_frag_wq]                                                   
     32 root      20   0       0      0      0 S   0.0   0.0   0:00.02 [kauditd]                                                        
     33 root      20   0       0      0      0 S   0.0   0.0   0:00.00 [oom_reaper]                                                     
     34 root       0 -20       0      0      0 I   0.0   0.0   0:00.00 [writeback]                                                      
     35 root      20   0       0      0      0 S   0.0   0.0   0:00.02 [kcompactd0]                                                     
     36 root      39  19       0      0      0 S   0.0   0.0   0:00.00 [khugepaged]                                                     
     37 root       0 -20       0      0      0 I   0.0   0.0   0:00.00 [kblockd]                                                        
     38 root       0 -20       0      0      0 I   0.0   0.0   0:00.00 [blkcg_punt_bio]                                                 
     39 root       0 -20       0      0      0 I   0.0   0.0   0:00.00 [edac-poller]                                                    
     40 root     -51   0       0      0      0 S   0.0   0.0   0:00.00 [watchdogd]                                                      
     42 root      20   0       0      0      0 I   0.0   0.0   0:00.11 [kworker/1:1-cgroup_destroy]                                     
     43 root       0 -20       0      0      0 I   0.0   0.0   0:00.00 [rpciod]                                                         
     45 root       0 -20       0      0      0 I   0.0   0.0   0:00.00 [xprtiod]                                                        top - 09:44:14 up 14 min,  2 users,  load average: 0.45, 0.56, 0.45
Tasks: 167 total,   1 running, 166 sleeping,   0 stopped,   0 zombie
%Cpu(s):  3.4 us,  7.3 sy,  0.0 ni, 89.2 id,  0.0 wa,  0.0 hi,  0.0 si,  0.0 st
MiB Mem :    986.7 total,     56.4 free,    154.2 used,    776.1 buff/cache
MiB Swap:      0.0 total,      0.0 free,      0.0 used.     91.5 avail Mem 


   5068 root      20   0   88276   2972   1840 S   6.6   0.3   0:55.39 dpd-smp -u 5                                                     
   6693 root      20   0  633272   7940   4576 S   4.3   0.8   0:34.09 /usr/bin/sync_timing_ptp2stack /etc/sync_timing_ptp2_default.co+ 
   5892 root      20   0    6616   3216   2796 S   3.0   0.3   0:23.75 /usr/local/bin/oda                                               
   5860 root      20   0  244384   4616   3800 S   2.0   0.5   0:15.38 /usr/bin/sync_timing_core_driver                                 
   6606 root      20   0  609132  12848   7584 S   2.0   1.3   0:21.95 /usr/bin/netopeer2-server -U -m 0770 -v 1                        
   2033 root      20   0       0      0      0 S   1.3   0.0   0:10.17 [fpga_drvd]                                                      
   5999 root      20   0  103452  11676   8304 S   1.0   1.2   0:09.41 /usr/local/bin/rud                                               
  17012 admin     20   0    5808   2792   2108 R   1.0   0.3   0:02.40 top                                                              
   4370 root      20   0    3704   2416   1572 S   0.7   0.2   0:05.54 /usr/local/bin/dsclswell                                         
   5969 root      20   0    9456   4380   3416 S   0.7   0.4   0:07.62 /usr/local/bin/devif                                             
   6324 root      20   0  384060   4188   3632 S   0.7   0.4   0:05.35 /usr/local/bin/ptp_ctrl 0                                        
     11 root      20   0       0      0      0 I   0.3   0.0   0:01.09 [rcu_sched]                                                      
    191 root      20   0   34496  12144  11352 S   0.3   1.2   0:04.91 /lib/systemd/systemd-journald                                    
    202 root      20   0       0      0      0 I   0.3   0.0   0:00.66 [kworker/2:3-events_long]                                        
   1914 message+  20   0    5796   3616   3132 S   0.3   0.4   0:07.15 /usr/bin/dbus-daemon --system --address=systemd: --nofork --nop+ 
   2241 root      20   0    2164   1056    852 S   0.3   0.1   0:05.08 /sbin/syslogd -n -S -s 10000 -b 20                               
   4753 root      20   0    2456    828    716 S   0.3   0.1   0:00.07 /usr/local/bin/si5518_ctrl 0 1                                   
   5094 root      20   0  151308   2512   2052 S   0.3   0.2   0:01.45 /usr/local/bin/rfdcd                                             
   6244 root      20   0    4020   2904   2548 S   0.3   0.3   0:00.71 /bin/sh /usr/local/script/watchdog_clear.sh                      
      1 root      20   0   97840  10856   6716 S   0.0   1.1   0:13.59 /init                                                            
      2 root      20   0       0      0      0 S   0.0   0.0   0:00.01 [kthreadd]                                                       
      3 root       0 -20       0      0      0 I   0.0   0.0   0:00.00 [rcu_gp]                                                         
      4 root       0 -20       0      0      0 I   0.0   0.0   0:00.00 [rcu_par_gp]                                                     
      5 root       0 -20       0      0      0 I   0.0   0.0   0:00.00 [netns]                                                          
      7 root       0 -20       0      0      0 I   0.0   0.0   0:00.32 [kworker/0:0H-mmc_complete]                                      
      8 root      20   0       0      0      0 I   0.0   0.0   0:05.19 [kworker/u8:0-ext4-rsv-conversion]                               
      9 root       0 -20       0      0      0 I   0.0   0.0   0:00.00 [mm_percpu_wq]                                                   
     10 root      20   0       0      0      0 S   0.0   0.0   0:03.96 [ksoftirqd/0]                                                    
     12 root      rt   0       0      0      0 S   0.0   0.0   0:00.00 [migration/0]                                                    
     13 root      20   0       0      0      0 S   0.0   0.0   0:00.00 [cpuhp/0]                                                        
     14 root      20   0       0      0      0 S   0.0   0.0   0:00.00 [cpuhp/1]                                                        
     15 root      rt   0       0      0      0 S   0.0   0.0   0:00.00 [migration/1]                                                    
     16 root      20   0       0      0      0 S   0.0   0.0   0:00.45 [ksoftirqd/1]                                                    
     19 root      20   0       0      0      0 S   0.0   0.0   0:00.00 [cpuhp/2]                                                        
     20 root      rt   0       0      0      0 S   0.0   0.0   0:00.00 [migration/2]                                                    
     21 root      20   0       0      0      0 S   0.0   0.0   0:00.57 [ksoftirqd/2]                                                    
     23 root       0 -20       0      0      0 I   0.0   0.0   0:00.17 [kworker/2:0H-kblockd]                                           
     24 root      20   0       0      0      0 S   0.0   0.0   0:00.00 [cpuhp/3]                                                        
     25 root      rt   0       0      0      0 S   0.0   0.0   0:00.00 [migration/3]                                                    
     26 root      20   0       0      0      0 S   0.0   0.0   0:00.00 [ksoftirqd/3]                                                    
     27 root      20   0       0      0      0 I   0.0   0.0   0:00.00 [kworker/3:0-mm_percpu_wq]                                       
     28 root       0 -20       0      0      0 I   0.0   0.0   0:00.00 [kworker/3:0H]                                                   
     29 root      20   0       0      0      0 S   0.0   0.0   0:00.01 [kdevtmpfs]                                                      
     30 root       0 -20       0      0      0 I   0.0   0.0   0:00.00 [inet_frag_wq]                                                   
     32 root      20   0       0      0      0 S   0.0   0.0   0:00.02 [kauditd]                                                        
     33 root      20   0       0      0      0 S   0.0   0.0   0:00.00 [oom_reaper]                                                     
     34 root       0 -20       0      0      0 I   0.0   0.0   0:00.00 [writeback]                                                      
     35 root      20   0       0      0      0 S   0.0   0.0   0:00.02 [kcompactd0]                                                     
     36 root      39  19       0      0      0 S   0.0   0.0   0:00.00 [khugepaged]                                                     
     37 root       0 -20       0      0      0 I   0.0   0.0   0:00.00 [kblockd]                                                        
     38 root       0 -20       0      0      0 I   0.0   0.0   0:00.00 [blkcg_punt_bio]                                                 
     39 root       0 -20       0      0      0 I   0.0   0.0   0:00.00 [edac-poller]                                                    
     40 root     -51   0       0      0      0 S   0.0   0.0   0:00.00 [watchdogd]                                                      
     42 root      20   0       0      0      0 I   0.0   0.0   0:00.11 [kworker/1:1-cgroup_destroy]                                     top - 09:44:17 up 14 min,  2 users,  load average: 0.50, 0.56, 0.45
Tasks: 166 total,   2 running, 163 sleeping,   0 stopped,   1 zombie
%Cpu(s):  3.4 us,  7.7 sy,  0.0 ni, 88.7 id,  0.0 wa,  0.0 hi,  0.2 si,  0.0 st
MiB Mem :    986.7 total,     62.5 free,    148.0 used,    776.2 buff/cache
MiB Swap:      0.0 total,      0.0 free,      0.0 used.     97.7 avail Mem 


   5068 root      20   0   88276   2972   1840 S   6.3   0.3   0:55.58 dpd-smp -u 5                                                     
   6693 root      20   0  633272   7940   4576 S   4.3   0.8   0:34.22 /usr/bin/sync_timing_ptp2stack /etc/sync_timing_ptp2_default.co+ 
   5892 root      20   0    6616   3216   2796 S   3.0   0.3   0:23.84 /usr/local/bin/oda                                               
   6606 root      20   0  609132  12848   7584 S   2.3   1.3   0:22.02 /usr/bin/netopeer2-server -U -m 0770 -v 1                        
   5860 root      20   0  244384   4616   3800 S   2.0   0.5   0:15.44 /usr/bin/sync_timing_core_driver                                 
   2033 root      20   0       0      0      0 S   1.3   0.0   0:10.21 [fpga_drvd]                                                      
    191 root      20   0   34496  12144  11352 S   1.0   1.2   0:04.94 /lib/systemd/systemd-journald                                    
   4370 root      20   0    3704   2416   1572 S   1.0   0.2   0:05.57 /usr/local/bin/dsclswell                                         
   5969 root      20   0    9456   4380   3416 S   1.0   0.4   0:07.65 /usr/local/bin/devif                                             
   5999 root      20   0  103452  11676   8304 S   1.0   1.2   0:09.44 /usr/local/bin/rud                                               
   2241 root      20   0    2164   1056    852 S   0.7   0.1   0:05.10 /sbin/syslogd -n -S -s 10000 -b 20                               
   6324 root      20   0  384060   4188   3632 S   0.7   0.4   0:05.37 /usr/local/bin/ptp_ctrl 0                                        
      1 root      20   0   97840  10856   6716 S   0.3   1.1   0:13.60 /init                                                            
   1905 systemd+  20   0   83588   2572   2152 S   0.3   0.3   0:00.41 /lib/systemd/systemd-timesyncd                                   
   1914 message+  20   0    5796   3616   3132 S   0.3   0.4   0:07.16 /usr/bin/dbus-daemon --system --address=systemd: --nofork --nop+ 
   1927 root      20   0    9940   5096   4572 S   0.3   0.5   0:00.67 /lib/systemd/systemd-logind                                      
   4550 root      20   0    2376    816    716 S   0.3   0.1   0:01.24 /usr/local/bin/gpio_ctrl                                         
   5072 root      20   0    3888   2868   2560 S   0.3   0.3   0:00.97 /bin/sh /usr/local/script/run_rfsoc_hard_ip_b.sh                 
   5920 root      20   0  304008  19772   4388 S   0.3   2.0   0:09.76 /usr/bin/sysrepod                                                
   6354 root      20   0  605084   4260   3512 S   0.3   0.4   0:01.45 /usr/local/bin/synce_ctrl 0                                      
  10402 admin     20   0   12968   8816   6532 S   0.3   0.9   0:01.85 /lib/systemd/systemd --user                                      
  17012 admin     20   0    5808   2792   2108 R   0.3   0.3   0:02.41 top                                                              
      2 root      20   0       0      0      0 S   0.0   0.0   0:00.01 [kthreadd]                                                       
      3 root       0 -20       0      0      0 I   0.0   0.0   0:00.00 [rcu_gp]                                                         
      4 root       0 -20       0      0      0 I   0.0   0.0   0:00.00 [rcu_par_gp]                                                     
      5 root       0 -20       0      0      0 I   0.0   0.0   0:00.00 [netns]                                                          
      7 root       0 -20       0      0      0 I   0.0   0.0   0:00.32 [kworker/0:0H-kblockd]                                           
      8 root      20   0       0      0      0 I   0.0   0.0   0:05.19 [kworker/u8:0-ext4-rsv-conversion]                               
      9 root       0 -20       0      0      0 I   0.0   0.0   0:00.00 [mm_percpu_wq]                                                   
     10 root      20   0       0      0      0 S   0.0   0.0   0:03.96 [ksoftirqd/0]                                                    
     11 root      20   0       0      0      0 I   0.0   0.0   0:01.09 [rcu_sched]                                                      
     12 root      rt   0       0      0      0 S   0.0   0.0   0:00.00 [migration/0]                                                    
     13 root      20   0       0      0      0 S   0.0   0.0   0:00.00 [cpuhp/0]                                                        
     14 root      20   0       0      0      0 S   0.0   0.0   0:00.00 [cpuhp/1]                                                        
     15 root      rt   0       0      0      0 S   0.0   0.0   0:00.00 [migration/1]                                                    
     16 root      20   0       0      0      0 S   0.0   0.0   0:00.45 [ksoftirqd/1]                                                    
     19 root      20   0       0      0      0 S   0.0   0.0   0:00.00 [cpuhp/2]                                                        
     20 root      rt   0       0      0      0 S   0.0   0.0   0:00.00 [migration/2]                                                    
     21 root      20   0       0      0      0 S   0.0   0.0   0:00.57 [ksoftirqd/2]                                                    
     23 root       0 -20       0      0      0 I   0.0   0.0   0:00.17 [kworker/2:0H-kblockd]                                           
     24 root      20   0       0      0      0 S   0.0   0.0   0:00.00 [cpuhp/3]                                                        
     25 root      rt   0       0      0      0 S   0.0   0.0   0:00.00 [migration/3]                                                    
     26 root      20   0       0      0      0 S   0.0   0.0   0:00.00 [ksoftirqd/3]                                                    
     27 root      20   0       0      0      0 I   0.0   0.0   0:00.00 [kworker/3:0-mm_percpu_wq]                                       
     28 root       0 -20       0      0      0 I   0.0   0.0   0:00.00 [kworker/3:0H]                                                   
     29 root      20   0       0      0      0 S   0.0   0.0   0:00.01 [kdevtmpfs]                                                      
     30 root       0 -20       0      0      0 I   0.0   0.0   0:00.00 [inet_frag_wq]                                                   
     32 root      20   0       0      0      0 S   0.0   0.0   0:00.02 [kauditd]                                                        
     33 root      20   0       0      0      0 S   0.0   0.0   0:00.00 [oom_reaper]                                                     
     34 root       0 -20       0      0      0 I   0.0   0.0   0:00.00 [writeback]                                                      
     35 root      20   0       0      0      0 S   0.0   0.0   0:00.02 [kcompactd0]                                                     
     36 root      39  19       0      0      0 S   0.0   0.0   0:00.00 [khugepaged]                                                     
     37 root       0 -20       0      0      0 I   0.0   0.0   0:00.00 [kblockd]                                                        
     38 root       0 -20       0      0      0 I   0.0   0.0   0:00.00 [blkcg_punt_bio]                                                 top - 09:44:20 up 14 min,  2 users,  load average: 0.50, 0.56, 0.45
Tasks: 165 total,   1 running, 164 sleeping,   0 stopped,   0 zombie
%Cpu(s):  3.1 us,  7.9 sy,  0.0 ni, 89.1 id,  0.0 wa,  0.0 hi,  0.0 si,  0.0 st
MiB Mem :    986.7 total,     62.0 free,    148.4 used,    776.3 buff/cache
MiB Swap:      0.0 total,      0.0 free,      0.0 used.     97.4 avail Mem 


   5068 root      20   0   88276   2972   1840 S   7.0   0.3   0:55.79 dpd-smp -u 5                                                     
   6693 root      20   0  633272   7940   4576 S   4.3   0.8   0:34.35 /usr/bin/sync_timing_ptp2stack /etc/sync_timing_ptp2_default.co+ 
   5892 root      20   0    6616   3216   2796 S   3.0   0.3   0:23.93 /usr/local/bin/oda                                               
   5860 root      20   0  244384   4616   3800 S   2.0   0.5   0:15.50 /usr/bin/sync_timing_core_driver                                 
   6606 root      20   0  609132  12848   7584 S   2.0   1.3   0:22.08 /usr/bin/netopeer2-server -U -m 0770 -v 1                        
   2033 root      20   0       0      0      0 S   1.3   0.0   0:10.25 [fpga_drvd]                                                      
   5969 root      20   0    9456   4380   3416 S   1.3   0.4   0:07.69 /usr/local/bin/devif                                             
   5999 root      20   0  103452  11676   8304 S   1.0   1.2   0:09.47 /usr/local/bin/rud                                               
  17012 admin     20   0    5808   2792   2108 R   1.0   0.3   0:02.44 top                                                              
   2241 root      20   0    2164   1056    852 S   0.7   0.1   0:05.12 /sbin/syslogd -n -S -s 10000 -b 20                               
   6324 root      20   0  384060   4188   3632 S   0.7   0.4   0:05.39 /usr/local/bin/ptp_ctrl 0                                        
   1914 message+  20   0    5796   3616   3132 S   0.3   0.4   0:07.17 /usr/bin/dbus-daemon --system --address=systemd: --nofork --nop+ 
   4318 root      20   0  201072  15040   1580 S   0.3   1.5   0:01.08 /usr/local/bin/dscllogd                                          
   4370 root      20   0    3704   2416   1572 S   0.3   0.2   0:05.58 /usr/local/bin/dsclswell                                         
   5094 root      20   0  151308   2512   2052 S   0.3   0.2   0:01.46 /usr/local/bin/rfdcd                                             
  10918 root      20   0       0      0      0 I   0.3   0.0   0:00.16 [kworker/u8:1-edac-poller]                                       
      1 root      20   0   97840  10856   6716 S   0.0   1.1   0:13.60 /init                                                            
      2 root      20   0       0      0      0 S   0.0   0.0   0:00.01 [kthreadd]                                                       
      3 root       0 -20       0      0      0 I   0.0   0.0   0:00.00 [rcu_gp]                                                         
      4 root       0 -20       0      0      0 I   0.0   0.0   0:00.00 [rcu_par_gp]                                                     
      5 root       0 -20       0      0      0 I   0.0   0.0   0:00.00 [netns]                                                          
      7 root       0 -20       0      0      0 I   0.0   0.0   0:00.32 [kworker/0:0H-mmc_complete]                                      
      8 root      20   0       0      0      0 I   0.0   0.0   0:05.19 [kworker/u8:0-ext4-rsv-conversion]                               
      9 root       0 -20       0      0      0 I   0.0   0.0   0:00.00 [mm_percpu_wq]                                                   
     10 root      20   0       0      0      0 S   0.0   0.0   0:03.96 [ksoftirqd/0]                                                    
     11 root      20   0       0      0      0 I   0.0   0.0   0:01.09 [rcu_sched]                                                      
     12 root      rt   0       0      0      0 S   0.0   0.0   0:00.00 [migration/0]                                                    
     13 root      20   0       0      0      0 S   0.0   0.0   0:00.00 [cpuhp/0]                                                        
     14 root      20   0       0      0      0 S   0.0   0.0   0:00.00 [cpuhp/1]                                                        
     15 root      rt   0       0      0      0 S   0.0   0.0   0:00.00 [migration/1]                                                    
     16 root      20   0       0      0      0 S   0.0   0.0   0:00.45 [ksoftirqd/1]                                                    
     19 root      20   0       0      0      0 S   0.0   0.0   0:00.00 [cpuhp/2]                                                        
     20 root      rt   0       0      0      0 S   0.0   0.0   0:00.00 [migration/2]                                                    
     21 root      20   0       0      0      0 S   0.0   0.0   0:00.57 [ksoftirqd/2]                                                    
     23 root       0 -20       0      0      0 I   0.0   0.0   0:00.17 [kworker/2:0H-kblockd]                                           
     24 root      20   0       0      0      0 S   0.0   0.0   0:00.00 [cpuhp/3]                                                        
     25 root      rt   0       0      0      0 S   0.0   0.0   0:00.00 [migration/3]                                                    
     26 root      20   0       0      0      0 S   0.0   0.0   0:00.00 [ksoftirqd/3]                                                    
     27 root      20   0       0      0      0 I   0.0   0.0   0:00.00 [kworker/3:0-mm_percpu_wq]                                       
     28 root       0 -20       0      0      0 I   0.0   0.0   0:00.00 [kworker/3:0H]                                                   
     29 root      20   0       0      0      0 S   0.0   0.0   0:00.01 [kdevtmpfs]                                                      
     30 root       0 -20       0      0      0 I   0.0   0.0   0:00.00 [inet_frag_wq]                                                   
     32 root      20   0       0      0      0 S   0.0   0.0   0:00.02 [kauditd]                                                        
     33 root      20   0       0      0      0 S   0.0   0.0   0:00.00 [oom_reaper]                                                     
     34 root       0 -20       0      0      0 I   0.0   0.0   0:00.00 [writeback]                                                      
     35 root      20   0       0      0      0 S   0.0   0.0   0:00.02 [kcompactd0]                                                     
     36 root      39  19       0      0      0 S   0.0   0.0   0:00.00 [khugepaged]                                                     
     37 root       0 -20       0      0      0 I   0.0   0.0   0:00.00 [kblockd]                                                        
     38 root       0 -20       0      0      0 I   0.0   0.0   0:00.00 [blkcg_punt_bio]                                                 
     39 root       0 -20       0      0      0 I   0.0   0.0   0:00.00 [edac-poller]                                                    
     40 root     -51   0       0      0      0 S   0.0   0.0   0:00.00 [watchdogd]                                                      
     42 root      20   0       0      0      0 I   0.0   0.0   0:00.11 [kworker/1:1-cgroup_destroy]                                     
     43 root       0 -20       0      0      0 I   0.0   0.0   0:00.00 [rpciod]                                                         
     45 root       0 -20       0      0      0 I   0.0   0.0   0:00.00 [xprtiod]                                                        top - 09:44:23 up 14 min,  2 users,  load average: 0.46, 0.56, 0.45
Tasks: 166 total,   1 running, 165 sleeping,   0 stopped,   0 zombie
%Cpu(s):  3.7 us,  9.6 sy,  0.0 ni, 86.7 id,  0.0 wa,  0.0 hi,  0.1 si,  0.0 st
MiB Mem :    986.7 total,     59.6 free,    150.7 used,    776.3 buff/cache
MiB Swap:      0.0 total,      0.0 free,      0.0 used.     95.0 avail Mem 


   5068 root      20   0   88276   2972   1840 S   6.3   0.3   0:55.98 dpd-smp -u 5                                                     
   6693 root      20   0  633272   7940   4576 S   4.6   0.8   0:34.49 /usr/bin/sync_timing_ptp2stack /etc/sync_timing_ptp2_default.co+ 
   5892 root      20   0    6616   3216   2796 S   3.0   0.3   0:24.02 /usr/local/bin/oda                                               
   5860 root      20   0  244384   4616   3800 S   2.3   0.5   0:15.57 /usr/bin/sync_timing_core_driver                                 
   6606 root      20   0  609132  12848   7584 S   2.3   1.3   0:22.15 /usr/bin/netopeer2-server -U -m 0770 -v 1                        
   5999 root      20   0  103452  11676   8304 S   1.7   1.2   0:09.52 /usr/local/bin/rud                                               
   2033 root      20   0       0      0      0 S   1.0   0.0   0:10.28 [fpga_drvd]                                                      
   2241 root      20   0    2164   1056    852 S   1.0   0.1   0:05.15 /sbin/syslogd -n -S -s 10000 -b 20                               
   5969 root      20   0    9456   4380   3416 S   1.0   0.4   0:07.72 /usr/local/bin/devif                                             
    191 root      20   0   34496  12144  11352 S   0.7   1.2   0:04.96 /lib/systemd/systemd-journald                                    
   4370 root      20   0    3704   2416   1572 S   0.7   0.2   0:05.60 /usr/local/bin/dsclswell                                         
   6244 root      20   0    4020   2904   2548 S   0.7   0.3   0:00.73 /bin/sh /usr/local/script/watchdog_clear.sh                      
   6324 root      20   0  384060   4188   3632 S   0.7   0.4   0:05.41 /usr/local/bin/ptp_ctrl 0                                        
  17012 admin     20   0    5808   2792   2108 R   0.7   0.3   0:02.46 top                                                              
      1 root      20   0   97840  10856   6716 S   0.3   1.1   0:13.61 /init                                                            
     10 root      20   0       0      0      0 S   0.3   0.0   0:03.97 [ksoftirqd/0]                                                    
     11 root      20   0       0      0      0 I   0.3   0.0   0:01.10 [rcu_sched]                                                      
     21 root      20   0       0      0      0 S   0.3   0.0   0:00.58 [ksoftirqd/2]                                                    
   1914 message+  20   0    5796   3616   3132 S   0.3   0.4   0:07.18 /usr/bin/dbus-daemon --system --address=systemd: --nofork --nop+ 
   4441 systemd+  20   0   11136   6008   5360 S   0.3   0.6   0:00.48 /lib/systemd/systemd-networkd                                    
   4550 root      20   0    2376    816    716 S   0.3   0.1   0:01.25 /usr/local/bin/gpio_ctrl                                         
   5920 root      20   0  304008  19772   4388 S   0.3   2.0   0:09.77 /usr/bin/sysrepod                                                
   6025 root      20   0    9212   3224   2828 S   0.3   0.3   0:00.31 /usr/local/bin/watchdogd                                         
   6295 root      20   0   13596   8860   5804 S   0.3   0.9   0:00.71 /usr/local/bin/ncld                                              
      2 root      20   0       0      0      0 S   0.0   0.0   0:00.01 [kthreadd]                                                       
      3 root       0 -20       0      0      0 I   0.0   0.0   0:00.00 [rcu_gp]                                                         
      4 root       0 -20       0      0      0 I   0.0   0.0   0:00.00 [rcu_par_gp]                                                     
      5 root       0 -20       0      0      0 I   0.0   0.0   0:00.00 [netns]                                                          
      7 root       0 -20       0      0      0 I   0.0   0.0   0:00.32 [kworker/0:0H-mmc_complete]                                      
      8 root      20   0       0      0      0 I   0.0   0.0   0:05.19 [kworker/u8:0-ext4-rsv-conversion]                               
      9 root       0 -20       0      0      0 I   0.0   0.0   0:00.00 [mm_percpu_wq]                                                   
     12 root      rt   0       0      0      0 S   0.0   0.0   0:00.00 [migration/0]                                                    
     13 root      20   0       0      0      0 S   0.0   0.0   0:00.00 [cpuhp/0]                                                        
     14 root      20   0       0      0      0 S   0.0   0.0   0:00.00 [cpuhp/1]                                                        
     15 root      rt   0       0      0      0 S   0.0   0.0   0:00.00 [migration/1]                                                    
     16 root      20   0       0      0      0 S   0.0   0.0   0:00.45 [ksoftirqd/1]                                                    
     19 root      20   0       0      0      0 S   0.0   0.0   0:00.00 [cpuhp/2]                                                        
     20 root      rt   0       0      0      0 S   0.0   0.0   0:00.00 [migration/2]                                                    
     23 root       0 -20       0      0      0 I   0.0   0.0   0:00.17 [kworker/2:0H-kblockd]                                           
     24 root      20   0       0      0      0 S   0.0   0.0   0:00.00 [cpuhp/3]                                                        
     25 root      rt   0       0      0      0 S   0.0   0.0   0:00.00 [migration/3]                                                    
     26 root      20   0       0      0      0 S   0.0   0.0   0:00.00 [ksoftirqd/3]                                                    
     27 root      20   0       0      0      0 I   0.0   0.0   0:00.00 [kworker/3:0-mm_percpu_wq]                                       
     28 root       0 -20       0      0      0 I   0.0   0.0   0:00.00 [kworker/3:0H]                                                   
     29 root      20   0       0      0      0 S   0.0   0.0   0:00.01 [kdevtmpfs]                                                      
     30 root       0 -20       0      0      0 I   0.0   0.0   0:00.00 [inet_frag_wq]                                                   
     32 root      20   0       0      0      0 S   0.0   0.0   0:00.02 [kauditd]                                                        
     33 root      20   0       0      0      0 S   0.0   0.0   0:00.00 [oom_reaper]                                                     
     34 root       0 -20       0      0      0 I   0.0   0.0   0:00.00 [writeback]                                                      
     35 root      20   0       0      0      0 S   0.0   0.0   0:00.02 [kcompactd0]                                                     
     36 root      39  19       0      0      0 S   0.0   0.0   0:00.00 [khugepaged]                                                     
     37 root       0 -20       0      0      0 I   0.0   0.0   0:00.00 [kblockd]                                                        
     38 root       0 -20       0      0      0 I   0.0   0.0   0:00.00 [blkcg_punt_bio]                                                 
     39 root       0 -20       0      0      0 I   0.0   0.0   0:00.00 [edac-poller]                                                    top - 09:44:26 up 14 min,  2 users,  load average: 0.42, 0.55, 0.45

%Cpu(s):  2.8 us,  7.9 sy,  0.0 ni, 89.1 id,  0.1 wa,  0.0 hi,  0.0 si,  0.0 st
MiB Mem :    986.7 total,     59.1 free,    151.1 used,    776.4 buff/cache
MiB Swap:      0.0 total,      0.0 free,      0.0 used.     94.6 avail Mem 


   5068 root      20   0   88276   2972   1840 S   6.6   0.3   0:56.18 dpd-smp -u 5                                                     
   6693 root      20   0  633272   7940   4576 S   4.3   0.8   0:34.62 /usr/bin/sync_timing_ptp2stack /etc/sync_timing_ptp2_default.co+ 
   5892 root      20   0    6616   3216   2796 S   3.3   0.3   0:24.12 /usr/local/bin/oda                                               
   6606 root      20   0  609132  12848   7584 S   2.0   1.3   0:22.21 /usr/bin/netopeer2-server -U -m 0770 -v 1                        
   2033 root      20   0       0      0      0 S   1.3   0.0   0:10.32 [fpga_drvd]                                                      
   5860 root      20   0  244384   4616   3800 S   1.3   0.5   0:15.61 /usr/bin/sync_timing_core_driver                                 
   4370 root      20   0    3704   2416   1572 S   1.0   0.2   0:05.63 /usr/local/bin/dsclswell                                         
   5969 root      20   0    9456   4380   3416 S   1.0   0.4   0:07.75 /usr/local/bin/devif                                             
   5999 root      20   0  103452  11676   8304 S   1.0   1.2   0:09.55 /usr/local/bin/rud                                               
   2241 root      20   0    2164   1056    852 S   0.7   0.1   0:05.17 /sbin/syslogd -n -S -s 10000 -b 20                               
   6324 root      20   0  384060   4188   3632 S   0.7   0.4   0:05.43 /usr/local/bin/ptp_ctrl 0                                        
   6354 root      20   0  605084   4260   3512 S   0.7   0.4   0:01.47 /usr/local/bin/synce_ctrl 0                                      
  17012 admin     20   0    5808   2792   2108 R   0.7   0.3   0:02.48 top                                                              
     58 root      20   0       0      0      0 S   0.3   0.0   0:00.07 [kpktgend_3]                                                     
   1914 message+  20   0    5796   3616   3132 S   0.3   0.4   0:07.19 /usr/bin/dbus-daemon --system --address=systemd: --nofork --nop+ 
   5072 root      20   0    3888   2868   2560 S   0.3   0.3   0:00.98 /bin/sh /usr/local/script/run_rfsoc_hard_ip_b.sh                 
   5094 root      20   0  151308   2512   2052 S   0.3   0.2   0:01.47 /usr/local/bin/rfdcd                                             
   5119 root      20   0  558256   5180   2348 S   0.3   0.5   0:00.81 /usr/local/bin/dfed                                              
   6950 root      20   0   76244    832    720 S   0.3   0.1   0:00.28 /usr/local/bin/netstat_ctrl 0                                    
      1 root      20   0   97840  10856   6716 S   0.0   1.1   0:13.61 /init                                                            
      2 root      20   0       0      0      0 S   0.0   0.0   0:00.01 [kthreadd]                                                       
      3 root       0 -20       0      0      0 I   0.0   0.0   0:00.00 [rcu_gp]                                                         
      4 root       0 -20       0      0      0 I   0.0   0.0   0:00.00 [rcu_par_gp]                                                     
      5 root       0 -20       0      0      0 I   0.0   0.0   0:00.00 [netns]                                                          
      7 root       0 -20       0      0      0 I   0.0   0.0   0:00.32 [kworker/0:0H-kblockd]                                           
      8 root      20   0       0      0      0 I   0.0   0.0   0:05.19 [kworker/u8:0-ext4-rsv-conversion]                               
      9 root       0 -20       0      0      0 I   0.0   0.0   0:00.00 [mm_percpu_wq]                                                   
     10 root      20   0       0      0      0 S   0.0   0.0   0:03.97 [ksoftirqd/0]                                                    
     11 root      20   0       0      0      0 I   0.0   0.0   0:01.10 [rcu_sched]                                                      
     12 root      rt   0       0      0      0 S   0.0   0.0   0:00.00 [migration/0]                                                    
     13 root      20   0       0      0      0 S   0.0   0.0   0:00.00 [cpuhp/0]                                                        
     14 root      20   0       0      0      0 S   0.0   0.0   0:00.00 [cpuhp/1]                                                        
     15 root      rt   0       0      0      0 S   0.0   0.0   0:00.00 [migration/1]                                                    
     16 root      20   0       0      0      0 S   0.0   0.0   0:00.45 [ksoftirqd/1]                                                    
     19 root      20   0       0      0      0 S   0.0   0.0   0:00.00 [cpuhp/2]                                                        
     20 root      rt   0       0      0      0 S   0.0   0.0   0:00.00 [migration/2]                                                    
     21 root      20   0       0      0      0 S   0.0   0.0   0:00.58 [ksoftirqd/2]                                                    
     23 root       0 -20       0      0      0 I   0.0   0.0   0:00.17 [kworker/2:0H-kblockd]                                           
     24 root      20   0       0      0      0 S   0.0   0.0   0:00.00 [cpuhp/3]                                                        
     25 root      rt   0       0      0      0 S   0.0   0.0   0:00.00 [migration/3]                                                    
     26 root      20   0       0      0      0 S   0.0   0.0   0:00.00 [ksoftirqd/3]                                                    
     27 root      20   0       0      0      0 I   0.0   0.0   0:00.00 [kworker/3:0-mm_percpu_wq]                                       
     28 root       0 -20       0      0      0 I   0.0   0.0   0:00.00 [kworker/3:0H]                                                   
     29 root      20   0       0      0      0 S   0.0   0.0   0:00.01 [kdevtmpfs]                                                      
     30 root       0 -20       0      0      0 I   0.0   0.0   0:00.00 [inet_frag_wq]                                                   
     32 root      20   0       0      0      0 S   0.0   0.0   0:00.02 [kauditd]                                                        
     33 root      20   0       0      0      0 S   0.0   0.0   0:00.00 [oom_reaper]                                                     
     34 root       0 -20       0      0      0 I   0.0   0.0   0:00.00 [writeback]                                                      
     35 root      20   0       0      0      0 S   0.0   0.0   0:00.02 [kcompactd0]                                                     
     36 root      39  19       0      0      0 S   0.0   0.0   0:00.00 [khugepaged]                                                     
     37 root       0 -20       0      0      0 I   0.0   0.0   0:00.00 [kblockd]                                                        
     38 root       0 -20       0      0      0 I   0.0   0.0   0:00.00 [blkcg_punt_bio]                                                 
     39 root       0 -20       0      0      0 I   0.0   0.0   0:00.00 [edac-poller]                                                    
     40 root     -51   0       0      0      0 S   0.0   0.0   0:00.00 [watchdogd]                                                      top - 09:44:29 up 14 min,  2 users,  load average: 0.42, 0.55, 0.45
Tasks: 166 total,   3 running, 163 sleeping,   0 stopped,   0 zombie
%Cpu(s):  2.9 us,  7.8 sy,  0.0 ni, 89.2 id,  0.0 wa,  0.0 hi,  0.1 si,  0.0 st
MiB Mem :    986.7 total,     59.1 free,    151.0 used,    776.5 buff/cache
MiB Swap:      0.0 total,      0.0 free,      0.0 used.     94.7 avail Mem 


   5068 root      20   0   88276   2972   1840 S   7.0   0.3   0:56.39 dpd-smp -u 5                                                     
   6693 root      20   0  633272   7940   4576 S   4.3   0.8   0:34.75 /usr/bin/sync_timing_ptp2stack /etc/sync_timing_ptp2_default.co+ 
   5892 root      20   0    6616   3216   2796 S   3.0   0.3   0:24.21 /usr/local/bin/oda                                               
   5860 root      20   0  244384   4616   3800 S   2.0   0.5   0:15.67 /usr/bin/sync_timing_core_driver                                 
   6606 root      20   0  609132  12848   7584 S   2.0   1.3   0:22.27 /usr/bin/netopeer2-server -U -m 0770 -v 1                        
   2033 root      20   0       0      0      0 S   1.3   0.0   0:10.36 [fpga_drvd]                                                      
   5999 root      20   0  103452  11676   8304 S   1.3   1.2   0:09.59 /usr/local/bin/rud                                               
    191 root      20   0   34496  12408  11616 S   1.0   1.2   0:04.99 /lib/systemd/systemd-journald                                    
   5969 root      20   0    9456   4380   3416 R   1.0   0.4   0:07.78 /usr/local/bin/devif                                             
   6324 root      20   0  384060   4188   3632 S   1.0   0.4   0:05.46 /usr/local/bin/ptp_ctrl 0                                        
  17012 admin     20   0    5808   2792   2108 R   1.0   0.3   0:02.51 top                                                              
   2241 root      20   0    2164   1056    852 S   0.7   0.1   0:05.19 /sbin/syslogd -n -S -s 10000 -b 20                               
     11 root      20   0       0      0      0 I   0.3   0.0   0:01.11 [rcu_sched]                                                      
    202 root      20   0       0      0      0 I   0.3   0.0   0:00.67 [kworker/2:3-events_long]                                        
   1914 message+  20   0    5796   3616   3132 S   0.3   0.4   0:07.20 /usr/bin/dbus-daemon --system --address=systemd: --nofork --nop+ 
   4318 root      20   0  201072  15040   1580 S   0.3   1.5   0:01.09 /usr/local/bin/dscllogd                                          
   4344 root      20   0    2364    796    708 S   0.3   0.1   0:00.18 /usr/local/bin/dsclrotate                                        
   4370 root      20   0    3704   2416   1572 S   0.3   0.2   0:05.64 /usr/local/bin/dsclswell                                         
   4550 root      20   0    2376    816    716 S   0.3   0.1   0:01.26 /usr/local/bin/gpio_ctrl                                         
   5094 root      20   0  151308   2512   2052 S   0.3   0.2   0:01.48 /usr/local/bin/rfdcd                                             
   6560 root      20   0    3712   1616   1472 S   0.3   0.2   0:00.41 /usr/local/bin/if_mdio_ctrl 0 eth0                               
      1 root      20   0   97840  10856   6716 S   0.0   1.1   0:13.61 /init                                                            
      2 root      20   0       0      0      0 S   0.0   0.0   0:00.01 [kthreadd]                                                       
      3 root       0 -20       0      0      0 I   0.0   0.0   0:00.00 [rcu_gp]                                                         
      4 root       0 -20       0      0      0 I   0.0   0.0   0:00.00 [rcu_par_gp]                                                     
      5 root       0 -20       0      0      0 I   0.0   0.0   0:00.00 [netns]                                                          
      7 root       0 -20       0      0      0 I   0.0   0.0   0:00.32 [kworker/0:0H-kblockd]                                           
      8 root      20   0       0      0      0 I   0.0   0.0   0:05.19 [kworker/u8:0-ext4-rsv-conversion]                               
      9 root       0 -20       0      0      0 I   0.0   0.0   0:00.00 [mm_percpu_wq]                                                   
     10 root      20   0       0      0      0 S   0.0   0.0   0:03.97 [ksoftirqd/0]                                                    
     12 root      rt   0       0      0      0 S   0.0   0.0   0:00.00 [migration/0]                                                    
     13 root      20   0       0      0      0 S   0.0   0.0   0:00.00 [cpuhp/0]                                                        
     14 root      20   0       0      0      0 S   0.0   0.0   0:00.00 [cpuhp/1]                                                        
     15 root      rt   0       0      0      0 S   0.0   0.0   0:00.00 [migration/1]                                                    
     16 root      20   0       0      0      0 S   0.0   0.0   0:00.45 [ksoftirqd/1]                                                    
     19 root      20   0       0      0      0 S   0.0   0.0   0:00.00 [cpuhp/2]                                                        
     20 root      rt   0       0      0      0 S   0.0   0.0   0:00.00 [migration/2]                                                    
     21 root      20   0       0      0      0 R   0.0   0.0   0:00.58 [ksoftirqd/2]                                                    
     23 root       0 -20       0      0      0 I   0.0   0.0   0:00.17 [kworker/2:0H-kblockd]                                           
     24 root      20   0       0      0      0 S   0.0   0.0   0:00.00 [cpuhp/3]                                                        
     25 root      rt   0       0      0      0 S   0.0   0.0   0:00.00 [migration/3]                                                    
     26 root      20   0       0      0      0 S   0.0   0.0   0:00.00 [ksoftirqd/3]                                                    
     27 root      20   0       0      0      0 I   0.0   0.0   0:00.00 [kworker/3:0-mm_percpu_wq]                                       
     28 root       0 -20       0      0      0 I   0.0   0.0   0:00.00 [kworker/3:0H]                                                   
     29 root      20   0       0      0      0 S   0.0   0.0   0:00.01 [kdevtmpfs]                                                      
     30 root       0 -20       0      0      0 I   0.0   0.0   0:00.00 [inet_frag_wq]                                                   
     32 root      20   0       0      0      0 S   0.0   0.0   0:00.02 [kauditd]                                                        
     33 root      20   0       0      0      0 S   0.0   0.0   0:00.00 [oom_reaper]                                                     
     34 root       0 -20       0      0      0 I   0.0   0.0   0:00.00 [writeback]                                                      
     35 root      20   0       0      0      0 S   0.0   0.0   0:00.02 [kcompactd0]                                                     
     36 root      39  19       0      0      0 S   0.0   0.0   0:00.00 [khugepaged]                                                     
     37 root       0 -20       0      0      0 I   0.0   0.0   0:00.00 [kblockd]                                                        
     38 root       0 -20       0      0      0 I   0.0   0.0   0:00.00 [blkcg_punt_bio]                                                 
     39 root       0 -20       0      0      0 I   0.0   0.0   0:00.00 [edac-poller]                                                    top - 09:44:32 up 14 min,  2 users,  load average: 0.39, 0.54, 0.44
Tasks: 166 total,   2 running, 163 sleeping,   0 stopped,   1 zombie
%Cpu(s):  2.9 us,  7.8 sy,  0.0 ni, 89.3 id,  0.0 wa,  0.0 hi,  0.0 si,  0.0 st
MiB Mem :    986.7 total,     59.9 free,    150.2 used,    776.6 buff/cache
MiB Swap:      0.0 total,      0.0 free,      0.0 used.     95.6 avail Mem 


   5068 root      20   0   88276   2972   1840 S   6.6   0.3   0:56.59 dpd-smp -u 5                                                     
   6693 root      20   0  633272   7940   4576 S   4.0   0.8   0:34.87 /usr/bin/sync_timing_ptp2stack /etc/sync_timing_ptp2_default.co+ 
   5892 root      20   0    6616   3216   2796 S   3.0   0.3   0:24.30 /usr/local/bin/oda                                               
   6606 root      20   0  609132  12848   7584 S   2.3   1.3   0:22.34 /usr/bin/netopeer2-server -U -m 0770 -v 1                        
   5860 root      20   0  244384   4616   3800 S   2.0   0.5   0:15.73 /usr/bin/sync_timing_core_driver                                 
   2033 root      20   0       0      0      0 S   1.3   0.0   0:10.40 [fpga_drvd]                                                      
   5969 root      20   0    9456   4380   3416 S   1.0   0.4   0:07.81 /usr/local/bin/devif                                             
   5999 root      20   0  103452  11676   8304 S   1.0   1.2   0:09.62 /usr/local/bin/rud                                               
   2241 root      20   0    2164   1056    852 S   0.7   0.1   0:05.21 /sbin/syslogd -n -S -s 10000 -b 20                               
   4370 root      20   0    3704   2416   1572 S   0.7   0.2   0:05.66 /usr/local/bin/dsclswell                                         
  17012 admin     20   0    5808   2792   2108 R   0.7   0.3   0:02.53 top                                                              
     16 root      20   0       0      0      0 S   0.3   0.0   0:00.46 [ksoftirqd/1]                                                    
     57 root      20   0       0      0      0 S   0.3   0.0   0:00.09 [kpktgend_2]                                                     
   1914 message+  20   0    5796   3616   3132 S   0.3   0.4   0:07.21 /usr/bin/dbus-daemon --system --address=systemd: --nofork --nop+ 
   4496 root      20   0    2532    840    732 S   0.3   0.1   0:00.14 /usr/local/bin/if_i2c_ctrl /dev/i2c-1                            
   6324 root      20   0  384060   4188   3632 S   0.3   0.4   0:05.47 /usr/local/bin/ptp_ctrl 0                                        
      1 root      20   0   97840  10856   6716 S   0.0   1.1   0:13.61 /init                                                            
      2 root      20   0       0      0      0 S   0.0   0.0   0:00.01 [kthreadd]                                                       
      3 root       0 -20       0      0      0 I   0.0   0.0   0:00.00 [rcu_gp]                                                         
      4 root       0 -20       0      0      0 I   0.0   0.0   0:00.00 [rcu_par_gp]                                                     
      5 root       0 -20       0      0      0 I   0.0   0.0   0:00.00 [netns]                                                          
      7 root       0 -20       0      0      0 I   0.0   0.0   0:00.32 [kworker/0:0H-mmc_complete]                                      
      8 root      20   0       0      0      0 I   0.0   0.0   0:05.19 [kworker/u8:0-ext4-rsv-conversion]                               
      9 root       0 -20       0      0      0 I   0.0   0.0   0:00.00 [mm_percpu_wq]                                                   
     10 root      20   0       0      0      0 S   0.0   0.0   0:03.97 [ksoftirqd/0]                                                    
     11 root      20   0       0      0      0 R   0.0   0.0   0:01.11 [rcu_sched]                                                      
     12 root      rt   0       0      0      0 S   0.0   0.0   0:00.00 [migration/0]                                                    
     13 root      20   0       0      0      0 S   0.0   0.0   0:00.00 [cpuhp/0]                                                        
     14 root      20   0       0      0      0 S   0.0   0.0   0:00.00 [cpuhp/1]                                                        
     15 root      rt   0       0      0      0 S   0.0   0.0   0:00.00 [migration/1]                                                    
     19 root      20   0       0      0      0 S   0.0   0.0   0:00.00 [cpuhp/2]                                                        
     20 root      rt   0       0      0      0 S   0.0   0.0   0:00.00 [migration/2]                                                    
     21 root      20   0       0      0      0 S   0.0   0.0   0:00.58 [ksoftirqd/2]                                                    
     23 root       0 -20       0      0      0 I   0.0   0.0   0:00.17 [kworker/2:0H-kblockd]                                           
     24 root      20   0       0      0      0 S   0.0   0.0   0:00.00 [cpuhp/3]                                                        
     25 root      rt   0       0      0      0 S   0.0   0.0   0:00.00 [migration/3]                                                    
     26 root      20   0       0      0      0 S   0.0   0.0   0:00.00 [ksoftirqd/3]                                                    
     27 root      20   0       0      0      0 I   0.0   0.0   0:00.00 [kworker/3:0-mm_percpu_wq]                                       
     28 root       0 -20       0      0      0 I   0.0   0.0   0:00.00 [kworker/3:0H]                                                   
     29 root      20   0       0      0      0 S   0.0   0.0   0:00.01 [kdevtmpfs]                                                      
     30 root       0 -20       0      0      0 I   0.0   0.0   0:00.00 [inet_frag_wq]                                                   
     32 root      20   0       0      0      0 S   0.0   0.0   0:00.02 [kauditd]                                                        
     33 root      20   0       0      0      0 S   0.0   0.0   0:00.00 [oom_reaper]                                                     
     34 root       0 -20       0      0      0 I   0.0   0.0   0:00.00 [writeback]                                                      
     35 root      20   0       0      0      0 S   0.0   0.0   0:00.02 [kcompactd0]                                                     
     36 root      39  19       0      0      0 S   0.0   0.0   0:00.00 [khugepaged]                                                     
     37 root       0 -20       0      0      0 I   0.0   0.0   0:00.00 [kblockd]                                                        
     38 root       0 -20       0      0      0 I   0.0   0.0   0:00.00 [blkcg_punt_bio]                                                 
     39 root       0 -20       0      0      0 I   0.0   0.0   0:00.00 [edac-poller]                                                    
     40 root     -51   0       0      0      0 S   0.0   0.0   0:00.00 [watchdogd]                                                      
     42 root      20   0       0      0      0 I   0.0   0.0   0:00.11 [kworker/1:1-cgroup_destroy]                                     
     43 root       0 -20       0      0      0 I   0.0   0.0   0:00.00 [rpciod]                                                         
     45 root       0 -20       0      0      0 I   0.0   0.0   0:00.00 [xprtiod]                                                        
     47 root      20   0       0      0      0 S   0.0   0.0   0:00.37 [kswapd0]                                                        top - 09:44:35 up 14 min,  2 users,  load average: 0.39, 0.54, 0.44
Tasks: 165 total,   1 running, 164 sleeping,   0 stopped,   0 zombie
%Cpu(s):  3.3 us,  8.4 sy,  0.0 ni, 88.3 id,  0.1 wa,  0.0 hi,  0.0 si,  0.0 st
MiB Mem :    986.7 total,     59.6 free,    150.3 used,    776.7 buff/cache
MiB Swap:      0.0 total,      0.0 free,      0.0 used.     95.4 avail Mem 


   5068 root      20   0   88276   2972   1840 S   6.3   0.3   0:56.78 dpd-smp -u 5                                                     
   6693 root      20   0  633272   7940   4576 S   4.6   0.8   0:35.01 /usr/bin/sync_timing_ptp2stack /etc/sync_timing_ptp2_default.co+ 
   5892 root      20   0    6616   3216   2796 S   3.3   0.3   0:24.40 /usr/local/bin/oda                                               
   5860 root      20   0  244384   4616   3800 S   2.3   0.5   0:15.80 /usr/bin/sync_timing_core_driver                                 
   6606 root      20   0  609132  12848   7584 S   2.0   1.3   0:22.40 /usr/bin/netopeer2-server -U -m 0770 -v 1                        
   2033 root      20   0       0      0      0 S   1.3   0.0   0:10.44 [fpga_drvd]                                                      
   1914 message+  20   0    5796   3616   3132 S   0.7   0.4   0:07.23 /usr/bin/dbus-daemon --system --address=systemd: --nofork --nop+ 
   4370 root      20   0    3704   2416   1572 S   0.7   0.2   0:05.68 /usr/local/bin/dsclswell                                         
   5969 root      20   0    9456   4380   3416 S   0.7   0.4   0:07.83 /usr/local/bin/devif                                             
   5999 root      20   0  103452  11676   8304 S   0.7   1.2   0:09.64 /usr/local/bin/rud                                               
   6324 root      20   0  384060   4188   3632 S   0.7   0.4   0:05.49 /usr/local/bin/ptp_ctrl 0                                        
  17012 admin     20   0    5808   2792   2108 R   0.7   0.3   0:02.55 top                                                              
      1 root      20   0   97840  10856   6716 S   0.3   1.1   0:13.62 /init                                                            
     21 root      20   0       0      0      0 S   0.3   0.0   0:00.59 [ksoftirqd/2]                                                    
     52 root      20   0       0      0      0 I   0.3   0.0   0:00.32 [kworker/0:2-mm_percpu_wq]                                       
    191 root      20   0   34496  12408  11616 S   0.3   1.2   0:05.00 /lib/systemd/systemd-journald                                    
   2241 root      20   0    2164   1056    852 S   0.3   0.1   0:05.22 /sbin/syslogd -n -S -s 10000 -b 20                               
   4550 root      20   0    2376    816    716 S   0.3   0.1   0:01.27 /usr/local/bin/gpio_ctrl                                         
   5094 root      20   0  151308   2512   2052 S   0.3   0.2   0:01.49 /usr/local/bin/rfdcd                                             
   6025 root      20   0    9212   3224   2828 S   0.3   0.3   0:00.32 /usr/local/bin/watchdogd                                         
   6354 root      20   0  605084   4260   3512 S   0.3   0.4   0:01.48 /usr/local/bin/synce_ctrl 0                                      
  10918 root      20   0       0      0      0 I   0.3   0.0   0:00.17 [kworker/u8:1-edac-poller]                                       
      2 root      20   0       0      0      0 S   0.0   0.0   0:00.01 [kthreadd]                                                       
      3 root       0 -20       0      0      0 I   0.0   0.0   0:00.00 [rcu_gp]                                                         
      4 root       0 -20       0      0      0 I   0.0   0.0   0:00.00 [rcu_par_gp]                                                     
      5 root       0 -20       0      0      0 I   0.0   0.0   0:00.00 [netns]                                                          
      7 root       0 -20       0      0      0 I   0.0   0.0   0:00.32 [kworker/0:0H-mmc_complete]                                      
      8 root      20   0       0      0      0 I   0.0   0.0   0:05.19 [kworker/u8:0-ext4-rsv-conversion]                               
      9 root       0 -20       0      0      0 I   0.0   0.0   0:00.00 [mm_percpu_wq]                                                   
     10 root      20   0       0      0      0 S   0.0   0.0   0:03.97 [ksoftirqd/0]                                                    
     11 root      20   0       0      0      0 I   0.0   0.0   0:01.11 [rcu_sched]                                                      
     12 root      rt   0       0      0      0 S   0.0   0.0   0:00.00 [migration/0]                                                    
     13 root      20   0       0      0      0 S   0.0   0.0   0:00.00 [cpuhp/0]                                                        
     14 root      20   0       0      0      0 S   0.0   0.0   0:00.00 [cpuhp/1]                                                        
     15 root      rt   0       0      0      0 S   0.0   0.0   0:00.00 [migration/1]                                                    
     16 root      20   0       0      0      0 S   0.0   0.0   0:00.46 [ksoftirqd/1]                                                    
     19 root      20   0       0      0      0 S   0.0   0.0   0:00.00 [cpuhp/2]                                                        
     20 root      rt   0       0      0      0 S   0.0   0.0   0:00.00 [migration/2]                                                    
     23 root       0 -20       0      0      0 I   0.0   0.0   0:00.17 [kworker/2:0H-kblockd]                                           
     24 root      20   0       0      0      0 S   0.0   0.0   0:00.00 [cpuhp/3]                                                        
     25 root      rt   0       0      0      0 S   0.0   0.0   0:00.00 [migration/3]                                                    
     26 root      20   0       0      0      0 S   0.0   0.0   0:00.00 [ksoftirqd/3]                                                    
     27 root      20   0       0      0      0 I   0.0   0.0   0:00.00 [kworker/3:0-mm_percpu_wq]                                       
     28 root       0 -20       0      0      0 I   0.0   0.0   0:00.00 [kworker/3:0H]                                                   
     29 root      20   0       0      0      0 S   0.0   0.0   0:00.01 [kdevtmpfs]                                                      
     30 root       0 -20       0      0      0 I   0.0   0.0   0:00.00 [inet_frag_wq]                                                   
     32 root      20   0       0      0      0 S   0.0   0.0   0:00.02 [kauditd]                                                        
     33 root      20   0       0      0      0 S   0.0   0.0   0:00.00 [oom_reaper]                                                     
     34 root       0 -20       0      0      0 I   0.0   0.0   0:00.00 [writeback]                                                      
     35 root      20   0       0      0      0 S   0.0   0.0   0:00.02 [kcompactd0]                                                     
     36 root      39  19       0      0      0 S   0.0   0.0   0:00.00 [khugepaged]                                                     
     37 root       0 -20       0      0      0 I   0.0   0.0   0:00.00 [kblockd]                                                        
     38 root       0 -20       0      0      0 I   0.0   0.0   0:00.00 [blkcg_punt_bio]                                                 
     39 root       0 -20       0      0      0 I   0.0   0.0   0:00.00 [edac-poller]                                                    top - 09:44:38 up 15 min,  2 users,  load average: 0.36, 0.53, 0.44
Tasks: 167 total,   1 running, 166 sleeping,   0 stopped,   0 zombie
%Cpu(s):  3.8 us,  8.7 sy,  0.0 ni, 87.4 id,  0.0 wa,  0.0 hi,  0.1 si,  0.0 st
MiB Mem :    986.7 total,     59.4 free,    150.5 used,    776.8 buff/cache
MiB Swap:      0.0 total,      0.0 free,      0.0 used.     95.3 avail Mem 


   5068 root      20   0   88276   2972   1840 S   6.6   0.3   0:56.98 dpd-smp -u 5                                                     
   6693 root      20   0  633272   7940   4576 S   4.6   0.8   0:35.15 /usr/bin/sync_timing_ptp2stack /etc/sync_timing_ptp2_default.co+ 
   5892 root      20   0    6616   3216   2796 S   3.3   0.3   0:24.50 /usr/local/bin/oda                                               
   6606 root      20   0  609132  12848   7584 S   2.3   1.3   0:22.47 /usr/bin/netopeer2-server -U -m 0770 -v 1                        
   5860 root      20   0  244384   4616   3800 S   2.0   0.5   0:15.86 /usr/bin/sync_timing_core_driver                                 
   5969 root      20   0    9456   4380   3416 S   1.7   0.4   0:07.88 /usr/local/bin/devif                                             
   5999 root      20   0  103452  11676   8304 S   1.7   1.2   0:09.69 /usr/local/bin/rud                                               
   2033 root      20   0       0      0      0 S   1.3   0.0   0:10.48 [fpga_drvd]                                                      
    191 root      20   0   34496  12408  11616 S   1.0   1.2   0:05.03 /lib/systemd/systemd-journald                                    
   2241 root      20   0    2164   1056    852 S   1.0   0.1   0:05.25 /sbin/syslogd -n -S -s 10000 -b 20                               
   4370 root      20   0    3704   2416   1572 S   1.0   0.2   0:05.71 /usr/local/bin/dsclswell                                         
   1914 message+  20   0    5796   3616   3132 S   0.7   0.4   0:07.25 /usr/bin/dbus-daemon --system --address=systemd: --nofork --nop+ 
   5072 root      20   0    3888   2868   2560 S   0.7   0.3   0:01.00 /bin/sh /usr/local/script/run_rfsoc_hard_ip_b.sh                 
   6324 root      20   0  384060   4188   3632 S   0.7   0.4   0:05.51 /usr/local/bin/ptp_ctrl 0                                        
  17012 admin     20   0    5808   2792   2108 R   0.7   0.3   0:02.57 top                                                              
      1 root      20   0   97840  10856   6716 S   0.3   1.1   0:13.63 /init                                                            
     11 root      20   0       0      0      0 I   0.3   0.0   0:01.12 [rcu_sched]                                                      
   1952 root      20   0       0      0      0 I   0.3   0.0   0:00.12 [kworker/1:3-events]                                             
   4318 root      20   0  201072  15040   1580 S   0.3   1.5   0:01.10 /usr/local/bin/dscllogd                                          
   5920 root      20   0  304008  19772   4388 S   0.3   2.0   0:09.78 /usr/bin/sysrepod                                                
   6354 root      20   0  605084   4260   3512 S   0.3   0.4   0:01.49 /usr/local/bin/synce_ctrl 0                                      
  12606 admin     20   0   11412   5276   4132 S   0.3   0.5   0:00.13 sshd: admin@pts/0                                                




      7 root       0 -20       0      0      0 I   0.0   0.0   0:00.32 [kworker/0:0H-kblockd]                                           



     12 root      rt   0       0      0      0 S   0.0   0.0   0:00.00 [migration/0]                                                    
     13 root      20   0       0      0      0 S   0.0   0.0   0:00.00 [cpuhp/0]                                                        
     14 root      20   0       0      0      0 S   0.0   0.0   0:00.00 [cpuhp/1]                                                        
     15 root      rt   0       0      0      0 S   0.0   0.0   0:00.00 [migration/1]                                                    
     16 root      20   0       0      0      0 S   0.0   0.0   0:00.46 [ksoftirqd/1]                                                    
     19 root      20   0       0      0      0 S   0.0   0.0   0:00.00 [cpuhp/2]                                                        
     20 root      rt   0       0      0      0 S   0.0   0.0   0:00.00 [migration/2]                                                    
     21 root      20   0       0      0      0 S   0.0   0.0   0:00.59 [ksoftirqd/2]                                                    















top - 09:44:41 up 15 min,  2 users,  load average: 0.33, 0.52, 0.44

%Cpu(s):  2.4 us,  7.8 sy,  0.0 ni, 89.8 id,  0.0 wa,  0.0 hi,  0.0 si,  0.0 st
MiB Mem :    986.7 total,     59.2 free,    150.6 used,    776.9 buff/cache
MiB Swap:      0.0 total,      0.0 free,      0.0 used.     95.2 avail Mem 


   5068 root      20   0   88276   2972   1840 S   6.6   0.3   0:57.18 dpd-smp -u 5                                                     
   6693 root      20   0  633272   7940   4576 S   4.3   0.8   0:35.28 /usr/bin/sync_timing_ptp2stack /etc/sync_timing_ptp2_default.co+ 
   5892 root      20   0    6616   3216   2796 S   2.6   0.3   0:24.58 /usr/local/bin/oda                                               
   5860 root      20   0  244384   4616   3800 S   2.0   0.5   0:15.92 /usr/bin/sync_timing_core_driver                                 
   6606 root      20   0  609132  12848   7584 S   2.0   1.3   0:22.53 /usr/bin/netopeer2-server -U -m 0770 -v 1                        
   2033 root      20   0       0      0      0 S   1.3   0.0   0:10.52 [fpga_drvd]                                                      
   5999 root      20   0  103452  11676   8304 S   1.0   1.2   0:09.72 /usr/local/bin/rud                                               
  17012 admin     20   0    5808   2792   2108 R   1.0   0.3   0:02.60 top                                                              
    191 root      20   0   34496  12672  11880 S   0.7   1.3   0:05.05 /lib/systemd/systemd-journald                                    
   2241 root      20   0    2164   1056    852 S   0.7   0.1   0:05.27 /sbin/syslogd -n -S -s 10000 -b 20                               
   4370 root      20   0    3704   2416   1572 S   0.7   0.2   0:05.73 /usr/local/bin/dsclswell                                         
   5969 root      20   0    9456   4380   3416 S   0.7   0.4   0:07.90 /usr/local/bin/devif                                             
   6324 root      20   0  384060   4188   3632 S   0.7   0.4   0:05.53 /usr/local/bin/ptp_ctrl 0                                        
      1 root      20   0   97840  10856   6716 S   0.3   1.1   0:13.64 /init                                                            
    202 root      20   0       0      0      0 I   0.3   0.0   0:00.68 [kworker/2:3-events_long]                                        
   1914 message+  20   0    5796   3616   3132 S   0.3   0.4   0:07.26 /usr/bin/dbus-daemon --system --address=systemd: --nofork --nop+ 
   4550 root      20   0    2376    816    716 S   0.3   0.1   0:01.28 /usr/local/bin/gpio_ctrl                                         
   5094 root      20   0  151308   2512   2052 S   0.3   0.2   0:01.50 /usr/local/bin/rfdcd                                             
   5119 root      20   0  558256   5180   2348 S   0.3   0.5   0:00.82 /usr/local/bin/dfed                                              
      2 root      20   0       0      0      0 S   0.0   0.0   0:00.01 [kthreadd]                                                       
      3 root       0 -20       0      0      0 I   0.0   0.0   0:00.00 [rcu_gp]                                                         
      4 root       0 -20       0      0      0 I   0.0   0.0   0:00.00 [rcu_par_gp]                                                     
      5 root       0 -20       0      0      0 I   0.0   0.0   0:00.00 [netns]                                                          
      7 root       0 -20       0      0      0 I   0.0   0.0   0:00.32 [kworker/0:0H-mmc_complete]                                      
      8 root      20   0       0      0      0 I   0.0   0.0   0:05.19 [kworker/u8:0-ext4-rsv-conversion]                               
      9 root       0 -20       0      0      0 I   0.0   0.0   0:00.00 [mm_percpu_wq]                                                   
     10 root      20   0       0      0      0 S   0.0   0.0   0:03.97 [ksoftirqd/0]                                                    
     11 root      20   0       0      0      0 I   0.0   0.0   0:01.12 [rcu_sched]                                                      
     12 root      rt   0       0      0      0 S   0.0   0.0   0:00.00 [migration/0]                                                    
     13 root      20   0       0      0      0 S   0.0   0.0   0:00.00 [cpuhp/0]                                                        
     14 root      20   0       0      0      0 S   0.0   0.0   0:00.00 [cpuhp/1]                                                        
     15 root      rt   0       0      0      0 S   0.0   0.0   0:00.00 [migration/1]                                                    
     16 root      20   0       0      0      0 S   0.0   0.0   0:00.46 [ksoftirqd/1]                                                    
     19 root      20   0       0      0      0 S   0.0   0.0   0:00.00 [cpuhp/2]                                                        
     20 root      rt   0       0      0      0 S   0.0   0.0   0:00.00 [migration/2]                                                    
     21 root      20   0       0      0      0 S   0.0   0.0   0:00.59 [ksoftirqd/2]                                                    
     23 root       0 -20       0      0      0 I   0.0   0.0   0:00.17 [kworker/2:0H-kblockd]                                           
     24 root      20   0       0      0      0 S   0.0   0.0   0:00.00 [cpuhp/3]                                                        
     25 root      rt   0       0      0      0 S   0.0   0.0   0:00.00 [migration/3]                                                    
     26 root      20   0       0      0      0 S   0.0   0.0   0:00.00 [ksoftirqd/3]                                                    
     27 root      20   0       0      0      0 I   0.0   0.0   0:00.00 [kworker/3:0-mm_percpu_wq]                                       
     28 root       0 -20       0      0      0 I   0.0   0.0   0:00.00 [kworker/3:0H]                                                   
     29 root      20   0       0      0      0 S   0.0   0.0   0:00.01 [kdevtmpfs]                                                      
     30 root       0 -20       0      0      0 I   0.0   0.0   0:00.00 [inet_frag_wq]                                                   
     32 root      20   0       0      0      0 S   0.0   0.0   0:00.02 [kauditd]                                                        
     33 root      20   0       0      0      0 S   0.0   0.0   0:00.00 [oom_reaper]                                                     
     34 root       0 -20       0      0      0 I   0.0   0.0   0:00.00 [writeback]                                                      
     35 root      20   0       0      0      0 S   0.0   0.0   0:00.02 [kcompactd0]                                                     
     36 root      39  19       0      0      0 S   0.0   0.0   0:00.00 [khugepaged]                                                     
     37 root       0 -20       0      0      0 I   0.0   0.0   0:00.00 [kblockd]                                                        
     38 root       0 -20       0      0      0 I   0.0   0.0   0:00.00 [blkcg_punt_bio]                                                 
     39 root       0 -20       0      0      0 I   0.0   0.0   0:00.00 [edac-poller]                                                    
     40 root     -51   0       0      0      0 S   0.0   0.0   0:00.00 [watchdogd]                                                      
     42 root      20   0       0      0      0 I   0.0   0.0   0:00.11 [kworker/1:1-cgroup_destroy]                                     top - 09:44:44 up 15 min,  2 users,  load average: 0.33, 0.52, 0.44

%Cpu(s):  3.0 us,  7.4 sy,  0.0 ni, 89.3 id,  0.1 wa,  0.0 hi,  0.3 si,  0.0 st
MiB Mem :    986.7 total,     58.2 free,    151.5 used,    777.0 buff/cache
MiB Swap:      0.0 total,      0.0 free,      0.0 used.     94.3 avail Mem 


   5068 root      20   0   88276   2972   1840 S   6.6   0.3   0:57.38 dpd-smp -u 5                                                     
   6693 root      20   0  633272   7940   4576 S   4.3   0.8   0:35.41 /usr/bin/sync_timing_ptp2stack /etc/sync_timing_ptp2_default.co+ 
   5892 root      20   0    6616   3216   2796 S   3.3   0.3   0:24.68 /usr/local/bin/oda                                               
   5860 root      20   0  244384   4616   3800 S   2.3   0.5   0:15.99 /usr/bin/sync_timing_core_driver                                 
   6606 root      20   0  609132  12848   7584 S   2.0   1.3   0:22.59 /usr/bin/netopeer2-server -U -m 0770 -v 1                        
   2033 root      20   0       0      0      0 S   1.3   0.0   0:10.56 [fpga_drvd]                                                      
   5969 root      20   0    9456   4380   3416 S   1.3   0.4   0:07.94 /usr/local/bin/devif                                             
   5999 root      20   0  103452  11676   8304 S   1.3   1.2   0:09.76 /usr/local/bin/rud                                               
   2241 root      20   0    2164   1056    852 S   0.7   0.1   0:05.29 /sbin/syslogd -n -S -s 10000 -b 20                               
   4370 root      20   0    3704   2416   1572 S   0.7   0.2   0:05.75 /usr/local/bin/dsclswell                                         
   6324 root      20   0  384060   4188   3632 S   0.7   0.4   0:05.55 /usr/local/bin/ptp_ctrl 0                                        
  17012 admin     20   0    5808   2792   2108 R   0.7   0.3   0:02.62 top                                                              
     53 root      20   0       0      0      0 I   0.3   0.0   0:00.45 [kworker/u8:2-edac-poller]                                       
   1914 message+  20   0    5796   3616   3132 S   0.3   0.4   0:07.27 /usr/bin/dbus-daemon --system --address=systemd: --nofork --nop+ 
   6244 root      20   0    4020   2904   2548 S   0.3   0.3   0:00.74 /bin/sh /usr/local/script/watchdog_clear.sh                      
   6354 root      20   0  605084   4260   3512 S   0.3   0.4   0:01.50 /usr/local/bin/synce_ctrl 0                                      
      1 root      20   0   97840  10856   6716 S   0.0   1.1   0:13.64 /init                                                            
      2 root      20   0       0      0      0 S   0.0   0.0   0:00.01 [kthreadd]                                                       
      3 root       0 -20       0      0      0 I   0.0   0.0   0:00.00 [rcu_gp]                                                         
      4 root       0 -20       0      0      0 I   0.0   0.0   0:00.00 [rcu_par_gp]                                                     
      5 root       0 -20       0      0      0 I   0.0   0.0   0:00.00 [netns]                                                          
      7 root       0 -20       0      0      0 I   0.0   0.0   0:00.32 [kworker/0:0H-mmc_complete]                                      
      8 root      20   0       0      0      0 I   0.0   0.0   0:05.19 [kworker/u8:0-ext4-rsv-conversion]                               
      9 root       0 -20       0      0      0 I   0.0   0.0   0:00.00 [mm_percpu_wq]                                                   
     10 root      20   0       0      0      0 S   0.0   0.0   0:03.97 [ksoftirqd/0]                                                    
     11 root      20   0       0      0      0 I   0.0   0.0   0:01.12 [rcu_sched]                                                      
     12 root      rt   0       0      0      0 S   0.0   0.0   0:00.00 [migration/0]                                                    
     13 root      20   0       0      0      0 S   0.0   0.0   0:00.00 [cpuhp/0]                                                        
     14 root      20   0       0      0      0 S   0.0   0.0   0:00.00 [cpuhp/1]                                                        
     15 root      rt   0       0      0      0 S   0.0   0.0   0:00.00 [migration/1]                                                    
     16 root      20   0       0      0      0 S   0.0   0.0   0:00.46 [ksoftirqd/1]                                                    
     19 root      20   0       0      0      0 S   0.0   0.0   0:00.00 [cpuhp/2]                                                        
     20 root      rt   0       0      0      0 S   0.0   0.0   0:00.00 [migration/2]                                                    
     21 root      20   0       0      0      0 S   0.0   0.0   0:00.59 [ksoftirqd/2]                                                    
     23 root       0 -20       0      0      0 I   0.0   0.0   0:00.17 [kworker/2:0H-kblockd]                                           
     24 root      20   0       0      0      0 S   0.0   0.0   0:00.00 [cpuhp/3]                                                        
     25 root      rt   0       0      0      0 S   0.0   0.0   0:00.00 [migration/3]                                                    
     26 root      20   0       0      0      0 S   0.0   0.0   0:00.00 [ksoftirqd/3]                                                    
     27 root      20   0       0      0      0 I   0.0   0.0   0:00.00 [kworker/3:0-mm_percpu_wq]                                       
     28 root       0 -20       0      0      0 I   0.0   0.0   0:00.00 [kworker/3:0H]                                                   
     29 root      20   0       0      0      0 S   0.0   0.0   0:00.01 [kdevtmpfs]                                                      
     30 root       0 -20       0      0      0 I   0.0   0.0   0:00.00 [inet_frag_wq]                                                   
     32 root      20   0       0      0      0 S   0.0   0.0   0:00.02 [kauditd]                                                        
     33 root      20   0       0      0      0 S   0.0   0.0   0:00.00 [oom_reaper]                                                     
     34 root       0 -20       0      0      0 I   0.0   0.0   0:00.00 [writeback]                                                      
     35 root      20   0       0      0      0 S   0.0   0.0   0:00.02 [kcompactd0]                                                     
     36 root      39  19       0      0      0 S   0.0   0.0   0:00.00 [khugepaged]                                                     
     37 root       0 -20       0      0      0 I   0.0   0.0   0:00.00 [kblockd]                                                        
     38 root       0 -20       0      0      0 I   0.0   0.0   0:00.00 [blkcg_punt_bio]                                                 
     39 root       0 -20       0      0      0 I   0.0   0.0   0:00.00 [edac-poller]                                                    
     40 root     -51   0       0      0      0 S   0.0   0.0   0:00.00 [watchdogd]                                                      
     42 root      20   0       0      0      0 I   0.0   0.0   0:00.11 [kworker/1:1-cgroup_destroy]                                     
     43 root       0 -20       0      0      0 I   0.0   0.0   0:00.00 [rpciod]                                                         
     45 root       0 -20       0      0      0 I   0.0   0.0   0:00.00 [xprtiod]                                                        top - 09:44:45 up 15 min,  2 users,  load average: 0.33, 0.52, 0.44
Tasks: 167 total,   2 running, 165 sleeping,   0 stopped,   0 zombie
%Cpu(s):  2.5 us,  6.6 sy,  0.0 ni, 90.7 id,  0.0 wa,  0.0 hi,  0.3 si,  0.0 st
MiB Mem :    986.7 total,     58.2 free,    151.5 used,    777.0 buff/cache
MiB Swap:      0.0 total,      0.0 free,      0.0 used.     94.3 avail Mem 

    PID USER      PR  NI    VIRT    RES    SHR S  %CPU  %MEM     TIME+ COMMAND                                                          
   5068 root      20   0   88276   2972   1840 S   6.4   0.3   0:57.44 dpd-smp -u 5                                                     
   5892 root      20   0    6616   3216   2796 S   3.2   0.3   0:24.71 /usr/local/bin/oda                                               
   6606 root      20   0  609132  12848   7584 S   3.2   1.3   0:22.62 /usr/bin/netopeer2-server -U -m 0770 -v 1                        
   6693 root      20   0  633272   7940   4576 S   3.2   0.8   0:35.44 /usr/bin/sync_timing_ptp2stack /etc/sync_timing_ptp2_default.co+ 
   4370 root      20   0    3704   2416   1572 S   2.1   0.2   0:05.77 /usr/local/bin/dsclswell                                         
  17012 admin     20   0    5808   2792   2108 R   2.1   0.3   0:02.64 top                                                              
   1914 message+  20   0    5796   3616   3132 S   1.1   0.4   0:07.28 /usr/bin/dbus-daemon --system --address=systemd: --nofork --nop+ 
   2033 root      20   0       0      0      0 S   1.1   0.0   0:10.57 [fpga_drvd]                                                      
   5860 root      20   0  244384   4616   3800 S   1.1   0.5   0:16.00 /usr/bin/sync_timing_core_driver                                 
   6295 root      20   0   13596   8860   5804 S   1.1   0.9   0:00.72 /usr/local/bin/ncld                                              
   6324 root      20   0  384060   4188   3632 S   1.1   0.4   0:05.56 /usr/local/bin/ptp_ctrl 0                                        
      1 root      20   0   97840  10856   6716 S   0.0   1.1   0:13.64 /init                                                            
      2 root      20   0       0      0      0 S   0.0   0.0   0:00.01 [kthreadd]                                                       
      3 root       0 -20       0      0      0 I   0.0   0.0   0:00.00 [rcu_gp]                                                         
      4 root       0 -20       0      0      0 I   0.0   0.0   0:00.00 [rcu_par_gp]                                                     
      5 root       0 -20       0      0      0 I   0.0   0.0   0:00.00 [netns]                                                          
      7 root       0 -20       0      0      0 I   0.0   0.0   0:00.32 [kworker/0:0H-mmc_complete]                                      
      8 root      20   0       0      0      0 I   0.0   0.0   0:05.19 [kworker/u8:0-ext4-rsv-conversion]                               
      9 root       0 -20       0      0      0 I   0.0   0.0   0:00.00 [mm_percpu_wq]                                                   
     10 root      20   0       0      0      0 S   0.0   0.0   0:03.97 [ksoftirqd/0]                                                    
     11 root      20   0       0      0      0 I   0.0   0.0   0:01.12 [rcu_sched]                                                      
     12 root      rt   0       0      0      0 S   0.0   0.0   0:00.00 [migration/0]                                                    
     13 root      20   0       0      0      0 S   0.0   0.0   0:00.00 [cpuhp/0]                                                        
     14 root      20   0       0      0      0 S   0.0   0.0   0:00.00 [cpuhp/1]                                                        
     15 root      rt   0       0      0      0 S   0.0   0.0   0:00.00 [migration/1]                                                    
     16 root      20   0       0      0      0 S   0.0   0.0   0:00.46 [ksoftirqd/1]                                                    
     19 root      20   0       0      0      0 S   0.0   0.0   0:00.00 [cpuhp/2]                                                        
     20 root      rt   0       0      0      0 S   0.0   0.0   0:00.00 [migration/2]                                                    
     21 root      20   0       0      0      0 R   0.0   0.0   0:00.59 [ksoftirqd/2]                                                    
     23 root       0 -20       0      0      0 I   0.0   0.0   0:00.17 [kworker/2:0H-kblockd]                                           
     24 root      20   0       0      0      0 S   0.0   0.0   0:00.00 [cpuhp/3]                                                        
     25 root      rt   0       0      0      0 S   0.0   0.0   0:00.00 [migration/3]                                                    
     26 root      20   0       0      0      0 S   0.0   0.0   0:00.00 [ksoftirqd/3]                                                    
     27 root      20   0       0      0      0 I   0.0   0.0   0:00.00 [kworker/3:0-mm_percpu_wq]                                       
     28 root       0 -20       0      0      0 I   0.0   0.0   0:00.00 [kworker/3:0H]                                                   
     29 root      20   0       0      0      0 S   0.0   0.0   0:00.01 [kdevtmpfs]                                                      
     30 root       0 -20       0      0      0 I   0.0   0.0   0:00.00 [inet_frag_wq]                                                   
     32 root      20   0       0      0      0 S   0.0   0.0   0:00.02 [kauditd]                                                        
     33 root      20   0       0      0      0 S   0.0   0.0   0:00.00 [oom_reaper]                                                     
     34 root       0 -20       0      0      0 I   0.0   0.0   0:00.00 [writeback]                                                      
     35 root      20   0       0      0      0 S   0.0   0.0   0:00.02 [kcompactd0]                                                     
     36 root      39  19       0      0      0 S   0.0   0.0   0:00.00 [khugepaged]                                                     
     37 root       0 -20       0      0      0 I   0.0   0.0   0:00.00 [kblockd]                                                        
     38 root       0 -20       0      0      0 I   0.0   0.0   0:00.00 [blkcg_punt_bio]                                                 
     39 root       0 -20       0      0      0 I   0.0   0.0   0:00.00 [edac-poller]                                                    
     40 root     -51   0       0      0      0 S   0.0   0.0   0:00.00 [watchdogd]                                                      
     42 root      20   0       0      0      0 I   0.0   0.0   0:00.11 [kworker/1:1-cgroup_destroy]                                     
     43 root       0 -20       0      0      0 I   0.0   0.0   0:00.00 [rpciod]                                                         
     45 root       0 -20       0      0      0 I   0.0   0.0   0:00.00 [xprtiod]                                                        
     47 root      20   0       0      0      0 S   0.0   0.0   0:00.37 [kswapd0]                                                        
     48 root      20   0       0      0      0 S   0.0   0.0   0:00.00 [ecryptfs-kthread]                                               
     49 root       0 -20       0      0      0 I   0.0   0.0   0:00.00 [nfsiod]                                                         
     51 root      20   0       0      0      0 S   0.0   0.0   0:00.00 [xenbus_probe]                                                   
     52 root      20   0       0      0      0 I   0.0   0.0   0:00.32 [kworker/0:2-events]                                             >
admin@nRU:~$ vtysh

========================================================================
 Developer mode enabled.
========================================================================

Hello, this is O-RAN.MP.DAEMON (version 0.17.1 (0.17.1-15-g844a6efc9)).
Copyright 2019-2028 SOLiD Inc.

nRU# show tr 
tdd-pattern  temperature  test         transceiver  transmitter  
nRU# show t
tdd-pattern  temperature  test         transceiver  transmitter  
nRU# show tra