+------------------------------ WARNING! ------------------------------+
 This computer system and network is PRIVATE and PROPRIETARY and may
 only be accessed by authorized users. Unauthorized use of this
 computer system or network is strictly prohibited and maybe subject to
 criminal prosecution, employee discipline up to and including
 discharge, or the termination of vendor/service contracts.

 The owner, or its agents, may monitor any activity or communication on
 the computer system or network. The owner, or its agents, may retrieve
 any information stored within the computer system or network. By
 accessing and using this computer system or network, you are
 consenting to such monitoring and information retrieval for law
 enforcement and other purposes.

 Users should have no expectation of privacy as to any communication on
 or information stored within the computer system or network, including
 information stored locally or remotely on a hard drive or other media
 in use with this computer system or network.
+----------------------------------------------------------------------+

Last login: Wed May 13 05:51:04 2026 from 192.168.80.58
Security & OS hardening are being applied.

========================================================================
 Developer mode enabled.
========================================================================

Hello, this is O-RAN.MP.DAEMON (version 0.17.1 (0.17.1-15-g844a6efc9)).
Copyright 2019-2028 SOLiD Inc.

nRU# show supervision p 

 M-Plane connectivity monitoring: 
------------------------------------------------------------------------------
 Supervision state: normal 
 Supervision action-of-failure: recovery-reset (close-session, reset-system) 
 Supervision count-of-failure:  0 
 Supervision reset-system-timer(180 secs): off 
 Supervision time interval: supervision-noti-interval(60 secs) guard-time-overhead(10 secs) 

 Netconf session supervision history: (latest 10 sessions)
----------------------------------------------------------------------------------------------------------------
 id    state      supervision  interval   count(tx/tx-err/rx)  supervision-timer 
                               start-time                      end-time                 
----------------------------------------------------------------------------------------------------------------
 58    stopped    normal       60/10      0/0/0                --           
                               2026-05-13 04:41:22 +00:00      2026-05-13 04:41:47 +00:00      
 59    stopped    normal       60/10      0/0/0                --           
                               2026-05-13 04:42:20 +00:00      2026-05-13 04:42:45 +00:00      
 60    stopped    normal       60/10      0/0/0                --           
                               2026-05-13 04:47:54 +00:00      2026-05-13 04:48:19 +00:00      
 61    stopped    normal       60/10      0/0/0                --           
                               2026-05-13 04:49:41 +00:00      2026-05-13 04:49:42 +00:00      
 62    stopped    normal       60/10      0/0/0                --           
                               2026-05-13 04:51:15 +00:00      2026-05-13 04:51:15 +00:00      
 63    stopped    normal       60/10      0/0/0                --           
                               2026-05-13 04:54:00 +00:00      2026-05-13 04:54:01 +00:00      
 64    stopped    normal       60/10      1/0/1                --           
                               2026-05-13 04:54:34 +00:00      2026-05-13 04:56:17 +00:00      
 74    stopped    normal       60/10      0/0/0                --           
                               2026-05-13 05:49:33 +00:00      2026-05-13 05:49:57 +00:00      
 75    stopped    normal       60/10      0/0/0                --           
                               2026-05-13 05:51:42 +00:00      2026-05-13 05:52:07 +00:00      
 76    running    normal       60/10      0/0/0                running (will be tx notification after 29 secs) 
                               2026-05-13 05:52:52 +00:00                                      
----------------------------------------------------------------------------------------------------------------
 
nRU# show supervision 

 M-Plane connectivity monitoring: 
------------------------------------------------------------------------------
 Supervision state: normal 
 Supervision action-of-failure: recovery-reset (close-session, reset-system) 
 Supervision count-of-failure:  0 
 Supervision reset-system-timer(180 secs): off 
 Supervision time interval: supervision-noti-interval(60 secs) guard-time-overhead(10 secs) 

 Netconf session supervision history: (latest 10 sessions)
----------------------------------------------------------------------------------------------------------------
 id    state      supervision  interval   count(tx/tx-err/rx)  supervision-timer 
                               start-time                      end-time                 
----------------------------------------------------------------------------------------------------------------
 58    stopped    normal       60/10      0/0/0                --           
                               2026-05-13 04:41:22 +00:00      2026-05-13 04:41:47 +00:00      
 59    stopped    normal       60/10      0/0/0                --           
                               2026-05-13 04:42:20 +00:00      2026-05-13 04:42:45 +00:00      
 60    stopped    normal       60/10      0/0/0                --           
                               2026-05-13 04:47:54 +00:00      2026-05-13 04:48:19 +00:00      
 61    stopped    normal       60/10      0/0/0                --           
                               2026-05-13 04:49:41 +00:00      2026-05-13 04:49:42 +00:00      
 62    stopped    normal       60/10      0/0/0                --           
                               2026-05-13 04:51:15 +00:00      2026-05-13 04:51:15 +00:00      
 63    stopped    normal       60/10      0/0/0                --           
                               2026-05-13 04:54:00 +00:00      2026-05-13 04:54:01 +00:00      
 64    stopped    normal       60/10      1/0/1                --           
                               2026-05-13 04:54:34 +00:00      2026-05-13 04:56:17 +00:00      
 74    stopped    normal       60/10      0/0/0                --           
                               2026-05-13 05:49:33 +00:00      2026-05-13 05:49:57 +00:00      
 75    stopped    normal       60/10      0/0/0                --           
                               2026-05-13 05:51:42 +00:00      2026-05-13 05:52:07 +00:00      
 76    running    normal       60/10      0/0/0                running (will be tx notification after 27 secs) 
                               2026-05-13 05:52:52 +00:00                                      
----------------------------------------------------------------------------------------------------------------
 
nRU# show supervision 

 M-Plane connectivity monitoring: 
------------------------------------------------------------------------------
 Supervision state: normal 
 Supervision action-of-failure: recovery-reset (close-session, reset-system) 
 Supervision count-of-failure:  0 
 Supervision reset-system-timer(180 secs): off 
 Supervision time interval: supervision-noti-interval(60 secs) guard-time-overhead(10 secs) 

 Netconf session supervision history: (latest 10 sessions)
----------------------------------------------------------------------------------------------------------------
 id    state      supervision  interval   count(tx/tx-err/rx)  supervision-timer 
                               start-time                      end-time                 
----------------------------------------------------------------------------------------------------------------
 58    stopped    normal       60/10      0/0/0                --           
                               2026-05-13 04:41:22 +00:00      2026-05-13 04:41:47 +00:00      
 59    stopped    normal       60/10      0/0/0                --           
                               2026-05-13 04:42:20 +00:00      2026-05-13 04:42:45 +00:00      
 60    stopped    normal       60/10      0/0/0                --           
                               2026-05-13 04:47:54 +00:00      2026-05-13 04:48:19 +00:00      
 61    stopped    normal       60/10      0/0/0                --           
                               2026-05-13 04:49:41 +00:00      2026-05-13 04:49:42 +00:00      
 62    stopped    normal       60/10      0/0/0                --           
                               2026-05-13 04:51:15 +00:00      2026-05-13 04:51:15 +00:00      
 63    stopped    normal       60/10      0/0/0                --           
                               2026-05-13 04:54:00 +00:00      2026-05-13 04:54:01 +00:00      
 64    stopped    normal       60/10      1/0/1                --           
                               2026-05-13 04:54:34 +00:00      2026-05-13 04:56:17 +00:00      
 74    stopped    normal       60/10      0/0/0                --           
                               2026-05-13 05:49:33 +00:00      2026-05-13 05:49:57 +00:00      
 75    stopped    normal       60/10      0/0/0                --           
                               2026-05-13 05:51:42 +00:00      2026-05-13 05:52:07 +00:00      
 76    running    normal       60/10      0/0/0                running (will be tx notification after 25 secs) 
                               2026-05-13 05:52:52 +00:00                                      
----------------------------------------------------------------------------------------------------------------
 
nRU# show supervision 

 M-Plane connectivity monitoring: 
------------------------------------------------------------------------------
 Supervision state: normal 
 Supervision action-of-failure: recovery-reset (close-session, reset-system) 
 Supervision count-of-failure:  0 
 Supervision reset-system-timer(180 secs): off 
 Supervision time interval: supervision-noti-interval(60 secs) guard-time-overhead(10 secs) 

 Netconf session supervision history: (latest 10 sessions)
----------------------------------------------------------------------------------------------------------------
 id    state      supervision  interval   count(tx/tx-err/rx)  supervision-timer 
                               start-time                      end-time                 
----------------------------------------------------------------------------------------------------------------
 58    stopped    normal       60/10      0/0/0                --           
                               2026-05-13 04:41:22 +00:00      2026-05-13 04:41:47 +00:00      
 59    stopped    normal       60/10      0/0/0                --           
                               2026-05-13 04:42:20 +00:00      2026-05-13 04:42:45 +00:00      
 60    stopped    normal       60/10      0/0/0                --           
                               2026-05-13 04:47:54 +00:00      2026-05-13 04:48:19 +00:00      
 61    stopped    normal       60/10      0/0/0                --           
                               2026-05-13 04:49:41 +00:00      2026-05-13 04:49:42 +00:00      
 62    stopped    normal       60/10      0/0/0                --           
                               2026-05-13 04:51:15 +00:00      2026-05-13 04:51:15 +00:00      
 63    stopped    normal       60/10      0/0/0                --           
                               2026-05-13 04:54:00 +00:00      2026-05-13 04:54:01 +00:00      
 64    stopped    normal       60/10      1/0/1                --           
                               2026-05-13 04:54:34 +00:00      2026-05-13 04:56:17 +00:00      
 74    stopped    normal       60/10      0/0/0                --           
                               2026-05-13 05:49:33 +00:00      2026-05-13 05:49:57 +00:00      
 75    stopped    normal       60/10      0/0/0                --           
                               2026-05-13 05:51:42 +00:00      2026-05-13 05:52:07 +00:00      
 76    running    normal       60/10      0/0/0                running (will be tx notification after 24 secs) 
                               2026-05-13 05:52:52 +00:00                                      
----------------------------------------------------------------------------------------------------------------
 
nRU# show supervision 

 M-Plane connectivity monitoring: 
------------------------------------------------------------------------------
 Supervision state: normal 
 Supervision action-of-failure: recovery-reset (close-session, reset-system) 
 Supervision count-of-failure:  0 
 Supervision reset-system-timer(180 secs): off 
 Supervision time interval: supervision-noti-interval(60 secs) guard-time-overhead(10 secs) 

 Netconf session supervision history: (latest 10 sessions)
----------------------------------------------------------------------------------------------------------------
 id    state      supervision  interval   count(tx/tx-err/rx)  supervision-timer 
                               start-time                      end-time                 
----------------------------------------------------------------------------------------------------------------
 58    stopped    normal       60/10      0/0/0                --           
                               2026-05-13 04:41:22 +00:00      2026-05-13 04:41:47 +00:00      
 59    stopped    normal       60/10      0/0/0                --           
                               2026-05-13 04:42:20 +00:00      2026-05-13 04:42:45 +00:00      
 60    stopped    normal       60/10      0/0/0                --           
                               2026-05-13 04:47:54 +00:00      2026-05-13 04:48:19 +00:00      
 61    stopped    normal       60/10      0/0/0                --           
                               2026-05-13 04:49:41 +00:00      2026-05-13 04:49:42 +00:00      
 62    stopped    normal       60/10      0/0/0                --           
                               2026-05-13 04:51:15 +00:00      2026-05-13 04:51:15 +00:00      
 63    stopped    normal       60/10      0/0/0                --           
                               2026-05-13 04:54:00 +00:00      2026-05-13 04:54:01 +00:00      
 64    stopped    normal       60/10      1/0/1                --           
                               2026-05-13 04:54:34 +00:00      2026-05-13 04:56:17 +00:00      
 74    stopped    normal       60/10      0/0/0                --           
                               2026-05-13 05:49:33 +00:00      2026-05-13 05:49:57 +00:00      
 75    stopped    normal       60/10      0/0/0                --           
                               2026-05-13 05:51:42 +00:00      2026-05-13 05:52:07 +00:00      
 76    running    normal       60/10      0/0/0                running (will be tx notification after 24 secs) 
                               2026-05-13 05:52:52 +00:00                                      
----------------------------------------------------------------------------------------------------------------
 
nRU# show supervision 

 M-Plane connectivity monitoring: 
------------------------------------------------------------------------------
 Supervision state: normal 
 Supervision action-of-failure: recovery-reset (close-session, reset-system) 
 Supervision count-of-failure:  0 
 Supervision reset-system-timer(180 secs): off 
 Supervision time interval: supervision-noti-interval(60 secs) guard-time-overhead(10 secs) 

 Netconf session supervision history: (latest 10 sessions)
----------------------------------------------------------------------------------------------------------------
 id    state      supervision  interval   count(tx/tx-err/rx)  supervision-timer 
                               start-time                      end-time                 
----------------------------------------------------------------------------------------------------------------
 58    stopped    normal       60/10      0/0/0                --           
                               2026-05-13 04:41:22 +00:00      2026-05-13 04:41:47 +00:00      
 59    stopped    normal       60/10      0/0/0                --           
                               2026-05-13 04:42:20 +00:00      2026-05-13 04:42:45 +00:00      
 60    stopped    normal       60/10      0/0/0                --           
                               2026-05-13 04:47:54 +00:00      2026-05-13 04:48:19 +00:00      
 61    stopped    normal       60/10      0/0/0                --           
                               2026-05-13 04:49:41 +00:00      2026-05-13 04:49:42 +00:00      
 62    stopped    normal       60/10      0/0/0                --           
                               2026-05-13 04:51:15 +00:00      2026-05-13 04:51:15 +00:00      
 63    stopped    normal       60/10      0/0/0                --           
                               2026-05-13 04:54:00 +00:00      2026-05-13 04:54:01 +00:00      
 64    stopped    normal       60/10      1/0/1                --           
                               2026-05-13 04:54:34 +00:00      2026-05-13 04:56:17 +00:00      
 74    stopped    normal       60/10      0/0/0                --           
                               2026-05-13 05:49:33 +00:00      2026-05-13 05:49:57 +00:00      
 75    stopped    normal       60/10      0/0/0                --           
                               2026-05-13 05:51:42 +00:00      2026-05-13 05:52:07 +00:00      
 76    running    normal       60/10      0/0/0                running (will be tx notification after 23 secs) 
                               2026-05-13 05:52:52 +00:00                                      
----------------------------------------------------------------------------------------------------------------
 
nRU# show supervision 

 M-Plane connectivity monitoring: 
------------------------------------------------------------------------------
 Supervision state: normal 
 Supervision action-of-failure: recovery-reset (close-session, reset-system) 
 Supervision count-of-failure:  0 
 Supervision reset-system-timer(180 secs): off 
 Supervision time interval: supervision-noti-interval(60 secs) guard-time-overhead(10 secs) 

 Netconf session supervision history: (latest 10 sessions)
----------------------------------------------------------------------------------------------------------------
 id    state      supervision  interval   count(tx/tx-err/rx)  supervision-timer 
                               start-time                      end-time                 
----------------------------------------------------------------------------------------------------------------
 58    stopped    normal       60/10      0/0/0                --           
                               2026-05-13 04:41:22 +00:00      2026-05-13 04:41:47 +00:00      
 59    stopped    normal       60/10      0/0/0                --           
                               2026-05-13 04:42:20 +00:00      2026-05-13 04:42:45 +00:00      
 60    stopped    normal       60/10      0/0/0                --           
                               2026-05-13 04:47:54 +00:00      2026-05-13 04:48:19 +00:00      
 61    stopped    normal       60/10      0/0/0                --           
                               2026-05-13 04:49:41 +00:00      2026-05-13 04:49:42 +00:00      
 62    stopped    normal       60/10      0/0/0                --           
                               2026-05-13 04:51:15 +00:00      2026-05-13 04:51:15 +00:00      
 63    stopped    normal       60/10      0/0/0                --           
                               2026-05-13 04:54:00 +00:00      2026-05-13 04:54:01 +00:00      
 64    stopped    normal       60/10      1/0/1                --           
                               2026-05-13 04:54:34 +00:00      2026-05-13 04:56:17 +00:00      
 74    stopped    normal       60/10      0/0/0                --           
                               2026-05-13 05:49:33 +00:00      2026-05-13 05:49:57 +00:00      
 75    stopped    normal       60/10      0/0/0                --           
                               2026-05-13 05:51:42 +00:00      2026-05-13 05:52:07 +00:00      
 76    running    normal       60/10      0/0/0                running (will be tx notification after 23 secs) 
                               2026-05-13 05:52:52 +00:00                                      
----------------------------------------------------------------------------------------------------------------
 
nRU# show supervision 

 M-Plane connectivity monitoring: 
------------------------------------------------------------------------------
 Supervision state: normal 
 Supervision action-of-failure: recovery-reset (close-session, reset-system) 
 Supervision count-of-failure:  0 
 Supervision reset-system-timer(180 secs): off 
 Supervision time interval: supervision-noti-interval(60 secs) guard-time-overhead(10 secs) 

 Netconf session supervision history: (latest 10 sessions)
----------------------------------------------------------------------------------------------------------------
 id    state      supervision  interval   count(tx/tx-err/rx)  supervision-timer 
                               start-time                      end-time                 
----------------------------------------------------------------------------------------------------------------
 58    stopped    normal       60/10      0/0/0                --           
                               2026-05-13 04:41:22 +00:00      2026-05-13 04:41:47 +00:00      
 59    stopped    normal       60/10      0/0/0                --           
                               2026-05-13 04:42:20 +00:00      2026-05-13 04:42:45 +00:00      
 60    stopped    normal       60/10      0/0/0                --           
                               2026-05-13 04:47:54 +00:00      2026-05-13 04:48:19 +00:00      
 61    stopped    normal       60/10      0/0/0                --           
                               2026-05-13 04:49:41 +00:00      2026-05-13 04:49:42 +00:00      
 62    stopped    normal       60/10      0/0/0                --           
                               2026-05-13 04:51:15 +00:00      2026-05-13 04:51:15 +00:00      
 63    stopped    normal       60/10      0/0/0                --           
                               2026-05-13 04:54:00 +00:00      2026-05-13 04:54:01 +00:00      
 64    stopped    normal       60/10      1/0/1                --           
                               2026-05-13 04:54:34 +00:00      2026-05-13 04:56:17 +00:00      
 74    stopped    normal       60/10      0/0/0                --           
                               2026-05-13 05:49:33 +00:00      2026-05-13 05:49:57 +00:00      
 75    stopped    normal       60/10      0/0/0                --           
                               2026-05-13 05:51:42 +00:00      2026-05-13 05:52:07 +00:00      
 76    running    normal       60/10      0/0/0                running (will be tx notification after 22 secs) 
                               2026-05-13 05:52:52 +00:00                                      
----------------------------------------------------------------------------------------------------------------
 
nRU# show supervision 

 M-Plane connectivity monitoring: 
------------------------------------------------------------------------------
 Supervision state: normal 
 Supervision action-of-failure: recovery-reset (close-session, reset-system) 
 Supervision count-of-failure:  0 
 Supervision reset-system-timer(180 secs): off 
 Supervision time interval: supervision-noti-interval(60 secs) guard-time-overhead(10 secs) 

 Netconf session supervision history: (latest 10 sessions)
----------------------------------------------------------------------------------------------------------------
 id    state      supervision  interval   count(tx/tx-err/rx)  supervision-timer 
                               start-time                      end-time                 
----------------------------------------------------------------------------------------------------------------
 58    stopped    normal       60/10      0/0/0                --           
                               2026-05-13 04:41:22 +00:00      2026-05-13 04:41:47 +00:00      
 59    stopped    normal       60/10      0/0/0                --           
                               2026-05-13 04:42:20 +00:00      2026-05-13 04:42:45 +00:00      
 60    stopped    normal       60/10      0/0/0                --           
                               2026-05-13 04:47:54 +00:00      2026-05-13 04:48:19 +00:00      
 61    stopped    normal       60/10      0/0/0                --           
                               2026-05-13 04:49:41 +00:00      2026-05-13 04:49:42 +00:00      
 62    stopped    normal       60/10      0/0/0                --           
                               2026-05-13 04:51:15 +00:00      2026-05-13 04:51:15 +00:00      
 63    stopped    normal       60/10      0/0/0                --           
                               2026-05-13 04:54:00 +00:00      2026-05-13 04:54:01 +00:00      
 64    stopped    normal       60/10      1/0/1                --           
                               2026-05-13 04:54:34 +00:00      2026-05-13 04:56:17 +00:00      
 74    stopped    normal       60/10      0/0/0                --           
                               2026-05-13 05:49:33 +00:00      2026-05-13 05:49:57 +00:00      
 75    stopped    normal       60/10      0/0/0                --           
                               2026-05-13 05:51:42 +00:00      2026-05-13 05:52:07 +00:00      
 76    running    normal       60/10      0/0/0                running (will be tx notification after 21 secs) 
                               2026-05-13 05:52:52 +00:00                                      
----------------------------------------------------------------------------------------------------------------
 
nRU# show supervision 

 M-Plane connectivity monitoring: 
------------------------------------------------------------------------------
 Supervision state: normal 
 Supervision action-of-failure: recovery-reset (close-session, reset-system) 
 Supervision count-of-failure:  0 
 Supervision reset-system-timer(180 secs): off 
 Supervision time interval: supervision-noti-interval(60 secs) guard-time-overhead(10 secs) 

 Netconf session supervision history: (latest 10 sessions)
----------------------------------------------------------------------------------------------------------------
 id    state      supervision  interval   count(tx/tx-err/rx)  supervision-timer 
                               start-time                      end-time                 
----------------------------------------------------------------------------------------------------------------
 58    stopped    normal       60/10      0/0/0                --           
                               2026-05-13 04:41:22 +00:00      2026-05-13 04:41:47 +00:00      
 59    stopped    normal       60/10      0/0/0                --           
                               2026-05-13 04:42:20 +00:00      2026-05-13 04:42:45 +00:00      
 60    stopped    normal       60/10      0/0/0                --           
                               2026-05-13 04:47:54 +00:00      2026-05-13 04:48:19 +00:00      
 61    stopped    normal       60/10      0/0/0                --           
                               2026-05-13 04:49:41 +00:00      2026-05-13 04:49:42 +00:00      
 62    stopped    normal       60/10      0/0/0                --           
                               2026-05-13 04:51:15 +00:00      2026-05-13 04:51:15 +00:00      
 63    stopped    normal       60/10      0/0/0                --           
                               2026-05-13 04:54:00 +00:00      2026-05-13 04:54:01 +00:00      
 64    stopped    normal       60/10      1/0/1                --           
                               2026-05-13 04:54:34 +00:00      2026-05-13 04:56:17 +00:00      
 74    stopped    normal       60/10      0/0/0                --           
                               2026-05-13 05:49:33 +00:00      2026-05-13 05:49:57 +00:00      
 75    stopped    normal       60/10      0/0/0                --           
                               2026-05-13 05:51:42 +00:00      2026-05-13 05:52:07 +00:00      
 76    running    normal       60/10      0/0/0                running (will be tx notification after 21 secs) 
                               2026-05-13 05:52:52 +00:00                                      
----------------------------------------------------------------------------------------------------------------
 
nRU# show supervision 

 M-Plane connectivity monitoring: 
------------------------------------------------------------------------------
 Supervision state: normal 
 Supervision action-of-failure: recovery-reset (close-session, reset-system) 
 Supervision count-of-failure:  0 
 Supervision reset-system-timer(180 secs): off 
 Supervision time interval: supervision-noti-interval(60 secs) guard-time-overhead(10 secs) 

 Netconf session supervision history: (latest 10 sessions)
----------------------------------------------------------------------------------------------------------------
 id    state      supervision  interval   count(tx/tx-err/rx)  supervision-timer 
                               start-time                      end-time                 
----------------------------------------------------------------------------------------------------------------
 58    stopped    normal       60/10      0/0/0                --           
                               2026-05-13 04:41:22 +00:00      2026-05-13 04:41:47 +00:00      
 59    stopped    normal       60/10      0/0/0                --           
                               2026-05-13 04:42:20 +00:00      2026-05-13 04:42:45 +00:00      
 60    stopped    normal       60/10      0/0/0                --           
                               2026-05-13 04:47:54 +00:00      2026-05-13 04:48:19 +00:00      
 61    stopped    normal       60/10      0/0/0                --           
                               2026-05-13 04:49:41 +00:00      2026-05-13 04:49:42 +00:00      
 62    stopped    normal       60/10      0/0/0                --           
                               2026-05-13 04:51:15 +00:00      2026-05-13 04:51:15 +00:00      
 63    stopped    normal       60/10      0/0/0                --           
                               2026-05-13 04:54:00 +00:00      2026-05-13 04:54:01 +00:00      
 64    stopped    normal       60/10      1/0/1                --           
                               2026-05-13 04:54:34 +00:00      2026-05-13 04:56:17 +00:00      
 74    stopped    normal       60/10      0/0/0                --           
                               2026-05-13 05:49:33 +00:00      2026-05-13 05:49:57 +00:00      
 75    stopped    normal       60/10      0/0/0                --           
                               2026-05-13 05:51:42 +00:00      2026-05-13 05:52:07 +00:00      
 76    running    normal       60/10      0/0/0                running (will be tx notification after 20 secs) 
                               2026-05-13 05:52:52 +00:00                                      
----------------------------------------------------------------------------------------------------------------
 
nRU# show supervision 

 M-Plane connectivity monitoring: 
------------------------------------------------------------------------------
 Supervision state: normal 
 Supervision action-of-failure: recovery-reset (close-session, reset-system) 
 Supervision count-of-failure:  0 
 Supervision reset-system-timer(180 secs): off 
 Supervision time interval: supervision-noti-interval(60 secs) guard-time-overhead(10 secs) 

 Netconf session supervision history: (latest 10 sessions)
----------------------------------------------------------------------------------------------------------------
 id    state      supervision  interval   count(tx/tx-err/rx)  supervision-timer 
                               start-time                      end-time                 
----------------------------------------------------------------------------------------------------------------
 58    stopped    normal       60/10      0/0/0                --           
                               2026-05-13 04:41:22 +00:00      2026-05-13 04:41:47 +00:00      
 59    stopped    normal       60/10      0/0/0                --           
                               2026-05-13 04:42:20 +00:00      2026-05-13 04:42:45 +00:00      
 60    stopped    normal       60/10      0/0/0                --           
                               2026-05-13 04:47:54 +00:00      2026-05-13 04:48:19 +00:00      
 61    stopped    normal       60/10      0/0/0                --           
                               2026-05-13 04:49:41 +00:00      2026-05-13 04:49:42 +00:00      
 62    stopped    normal       60/10      0/0/0                --           
                               2026-05-13 04:51:15 +00:00      2026-05-13 04:51:15 +00:00      
 63    stopped    normal       60/10      0/0/0                --           
                               2026-05-13 04:54:00 +00:00      2026-05-13 04:54:01 +00:00      
 64    stopped    normal       60/10      1/0/1                --           
                               2026-05-13 04:54:34 +00:00      2026-05-13 04:56:17 +00:00      
 74    stopped    normal       60/10      0/0/0                --           
                               2026-05-13 05:49:33 +00:00      2026-05-13 05:49:57 +00:00      
 75    stopped    normal       60/10      0/0/0                --           
                               2026-05-13 05:51:42 +00:00      2026-05-13 05:52:07 +00:00      
 76    running    normal       60/10      0/0/0                running (will be tx notification after 20 secs) 
                               2026-05-13 05:52:52 +00:00                                      
----------------------------------------------------------------------------------------------------------------
 
nRU# show supervision 

 M-Plane connectivity monitoring: 
------------------------------------------------------------------------------
 Supervision state: normal 
 Supervision action-of-failure: recovery-reset (close-session, reset-system) 
 Supervision count-of-failure:  0 
 Supervision reset-system-timer(180 secs): off 
 Supervision time interval: supervision-noti-interval(60 secs) guard-time-overhead(10 secs) 

 Netconf session supervision history: (latest 10 sessions)
----------------------------------------------------------------------------------------------------------------
 id    state      supervision  interval   count(tx/tx-err/rx)  supervision-timer 
                               start-time                      end-time                 
----------------------------------------------------------------------------------------------------------------
 58    stopped    normal       60/10      0/0/0                --           
                               2026-05-13 04:41:22 +00:00      2026-05-13 04:41:47 +00:00      
 59    stopped    normal       60/10      0/0/0                --           
                               2026-05-13 04:42:20 +00:00      2026-05-13 04:42:45 +00:00      
 60    stopped    normal       60/10      0/0/0                --           
                               2026-05-13 04:47:54 +00:00      2026-05-13 04:48:19 +00:00      
 61    stopped    normal       60/10      0/0/0                --           
                               2026-05-13 04:49:41 +00:00      2026-05-13 04:49:42 +00:00      
 62    stopped    normal       60/10      0/0/0                --           
                               2026-05-13 04:51:15 +00:00      2026-05-13 04:51:15 +00:00      
 63    stopped    normal       60/10      0/0/0                --           
                               2026-05-13 04:54:00 +00:00      2026-05-13 04:54:01 +00:00      
 64    stopped    normal       60/10      1/0/1                --           
                               2026-05-13 04:54:34 +00:00      2026-05-13 04:56:17 +00:00      
 74    stopped    normal       60/10      0/0/0                --           
                               2026-05-13 05:49:33 +00:00      2026-05-13 05:49:57 +00:00      
 75    stopped    normal       60/10      0/0/0                --           
                               2026-05-13 05:51:42 +00:00      2026-05-13 05:52:07 +00:00      
 76    running    normal       60/10      0/0/0                running (will be tx notification after 19 secs) 
                               2026-05-13 05:52:52 +00:00                                      
----------------------------------------------------------------------------------------------------------------
 
nRU# show supervision 

 M-Plane connectivity monitoring: 
------------------------------------------------------------------------------
 Supervision state: normal 
 Supervision action-of-failure: recovery-reset (close-session, reset-system) 
 Supervision count-of-failure:  0 
 Supervision reset-system-timer(180 secs): off 
 Supervision time interval: supervision-noti-interval(60 secs) guard-time-overhead(10 secs) 

 Netconf session supervision history: (latest 10 sessions)
----------------------------------------------------------------------------------------------------------------
 id    state      supervision  interval   count(tx/tx-err/rx)  supervision-timer 
                               start-time                      end-time                 
----------------------------------------------------------------------------------------------------------------
 58    stopped    normal       60/10      0/0/0                --           
                               2026-05-13 04:41:22 +00:00      2026-05-13 04:41:47 +00:00      
 59    stopped    normal       60/10      0/0/0                --           
                               2026-05-13 04:42:20 +00:00      2026-05-13 04:42:45 +00:00      
 60    stopped    normal       60/10      0/0/0                --           
                               2026-05-13 04:47:54 +00:00      2026-05-13 04:48:19 +00:00      
 61    stopped    normal       60/10      0/0/0                --           
                               2026-05-13 04:49:41 +00:00      2026-05-13 04:49:42 +00:00      
 62    stopped    normal       60/10      0/0/0                --           
                               2026-05-13 04:51:15 +00:00      2026-05-13 04:51:15 +00:00      
 63    stopped    normal       60/10      0/0/0                --           
                               2026-05-13 04:54:00 +00:00      2026-05-13 04:54:01 +00:00      
 64    stopped    normal       60/10      1/0/1                --           
                               2026-05-13 04:54:34 +00:00      2026-05-13 04:56:17 +00:00      
 74    stopped    normal       60/10      0/0/0                --           
                               2026-05-13 05:49:33 +00:00      2026-05-13 05:49:57 +00:00      
 75    stopped    normal       60/10      0/0/0                --           
                               2026-05-13 05:51:42 +00:00      2026-05-13 05:52:07 +00:00      
 76    running    normal       60/10      0/0/0                running (will be tx notification after 19 secs) 
                               2026-05-13 05:52:52 +00:00                                      
----------------------------------------------------------------------------------------------------------------
 
nRU# show supervision 

 M-Plane connectivity monitoring: 
------------------------------------------------------------------------------
 Supervision state: normal 
 Supervision action-of-failure: recovery-reset (close-session, reset-system) 
 Supervision count-of-failure:  0 
 Supervision reset-system-timer(180 secs): off 
 Supervision time interval: supervision-noti-interval(60 secs) guard-time-overhead(10 secs) 

 Netconf session supervision history: (latest 10 sessions)
----------------------------------------------------------------------------------------------------------------
 id    state      supervision  interval   count(tx/tx-err/rx)  supervision-timer 
                               start-time                      end-time                 
----------------------------------------------------------------------------------------------------------------
 58    stopped    normal       60/10      0/0/0                --           
                               2026-05-13 04:41:22 +00:00      2026-05-13 04:41:47 +00:00      
 59    stopped    normal       60/10      0/0/0                --           
                               2026-05-13 04:42:20 +00:00      2026-05-13 04:42:45 +00:00      
 60    stopped    normal       60/10      0/0/0                --           
                               2026-05-13 04:47:54 +00:00      2026-05-13 04:48:19 +00:00      
 61    stopped    normal       60/10      0/0/0                --           
                               2026-05-13 04:49:41 +00:00      2026-05-13 04:49:42 +00:00      
 62    stopped    normal       60/10      0/0/0                --           
                               2026-05-13 04:51:15 +00:00      2026-05-13 04:51:15 +00:00      
 63    stopped    normal       60/10      0/0/0                --           
                               2026-05-13 04:54:00 +00:00      2026-05-13 04:54:01 +00:00      
 64    stopped    normal       60/10      1/0/1                --           
                               2026-05-13 04:54:34 +00:00      2026-05-13 04:56:17 +00:00      
 74    stopped    normal       60/10      0/0/0                --           
                               2026-05-13 05:49:33 +00:00      2026-05-13 05:49:57 +00:00      
 75    stopped    normal       60/10      0/0/0                --           
                               2026-05-13 05:51:42 +00:00      2026-05-13 05:52:07 +00:00      
 76    running    normal       60/10      0/0/0                running (will be tx notification after 18 secs) 
                               2026-05-13 05:52:52 +00:00                                      
----------------------------------------------------------------------------------------------------------------
 
nRU# show supervision 

 M-Plane connectivity monitoring: 
------------------------------------------------------------------------------
 Supervision state: normal 
 Supervision action-of-failure: recovery-reset (close-session, reset-system) 
 Supervision count-of-failure:  0 
 Supervision reset-system-timer(180 secs): off 
 Supervision time interval: supervision-noti-interval(60 secs) guard-time-overhead(10 secs) 

 Netconf session supervision history: (latest 10 sessions)
----------------------------------------------------------------------------------------------------------------
 id    state      supervision  interval   count(tx/tx-err/rx)  supervision-timer 
                               start-time                      end-time                 
----------------------------------------------------------------------------------------------------------------
 58    stopped    normal       60/10      0/0/0                --           
                               2026-05-13 04:41:22 +00:00      2026-05-13 04:41:47 +00:00      
 59    stopped    normal       60/10      0/0/0                --           
                               2026-05-13 04:42:20 +00:00      2026-05-13 04:42:45 +00:00      
 60    stopped    normal       60/10      0/0/0                --           
                               2026-05-13 04:47:54 +00:00      2026-05-13 04:48:19 +00:00      
 61    stopped    normal       60/10      0/0/0                --           
                               2026-05-13 04:49:41 +00:00      2026-05-13 04:49:42 +00:00      
 62    stopped    normal       60/10      0/0/0                --           
                               2026-05-13 04:51:15 +00:00      2026-05-13 04:51:15 +00:00      
 63    stopped    normal       60/10      0/0/0                --           
                               2026-05-13 04:54:00 +00:00      2026-05-13 04:54:01 +00:00      
 64    stopped    normal       60/10      1/0/1                --           
                               2026-05-13 04:54:34 +00:00      2026-05-13 04:56:17 +00:00      
 74    stopped    normal       60/10      0/0/0                --           
                               2026-05-13 05:49:33 +00:00      2026-05-13 05:49:57 +00:00      
 75    stopped    normal       60/10      0/0/0                --           
                               2026-05-13 05:51:42 +00:00      2026-05-13 05:52:07 +00:00      
 76    running    normal       60/10      0/0/0                running (will be tx notification after 18 secs) 
                               2026-05-13 05:52:52 +00:00                                      
----------------------------------------------------------------------------------------------------------------
 
nRU# show supervision 

 M-Plane connectivity monitoring: 
------------------------------------------------------------------------------
 Supervision state: normal 
 Supervision action-of-failure: recovery-reset (close-session, reset-system) 
 Supervision count-of-failure:  0 
 Supervision reset-system-timer(180 secs): off 
 Supervision time interval: supervision-noti-interval(60 secs) guard-time-overhead(10 secs) 

 Netconf session supervision history: (latest 10 sessions)
----------------------------------------------------------------------------------------------------------------
 id    state      supervision  interval   count(tx/tx-err/rx)  supervision-timer 
                               start-time                      end-time                 
----------------------------------------------------------------------------------------------------------------
 58    stopped    normal       60/10      0/0/0                --           
                               2026-05-13 04:41:22 +00:00      2026-05-13 04:41:47 +00:00      
 59    stopped    normal       60/10      0/0/0                --           
                               2026-05-13 04:42:20 +00:00      2026-05-13 04:42:45 +00:00      
 60    stopped    normal       60/10      0/0/0                --           
                               2026-05-13 04:47:54 +00:00      2026-05-13 04:48:19 +00:00      
 61    stopped    normal       60/10      0/0/0                --           
                               2026-05-13 04:49:41 +00:00      2026-05-13 04:49:42 +00:00      
 62    stopped    normal       60/10      0/0/0                --           
                               2026-05-13 04:51:15 +00:00      2026-05-13 04:51:15 +00:00      
 63    stopped    normal       60/10      0/0/0                --           
                               2026-05-13 04:54:00 +00:00      2026-05-13 04:54:01 +00:00      
 64    stopped    normal       60/10      1/0/1                --           
                               2026-05-13 04:54:34 +00:00      2026-05-13 04:56:17 +00:00      
 74    stopped    normal       60/10      0/0/0                --           
                               2026-05-13 05:49:33 +00:00      2026-05-13 05:49:57 +00:00      
 75    stopped    normal       60/10      0/0/0                --           
                               2026-05-13 05:51:42 +00:00      2026-05-13 05:52:07 +00:00      
 76    running    normal       60/10      0/0/0                running (will be tx notification after 17 secs) 
                               2026-05-13 05:52:52 +00:00                                      
----------------------------------------------------------------------------------------------------------------
 
nRU# show supervision 

 M-Plane connectivity monitoring: 
------------------------------------------------------------------------------
 Supervision state: normal 
 Supervision action-of-failure: recovery-reset (close-session, reset-system) 
 Supervision count-of-failure:  0 
 Supervision reset-system-timer(180 secs): off 
 Supervision time interval: supervision-noti-interval(60 secs) guard-time-overhead(10 secs) 

 Netconf session supervision history: (latest 10 sessions)
----------------------------------------------------------------------------------------------------------------
 id    state      supervision  interval   count(tx/tx-err/rx)  supervision-timer 
                               start-time                      end-time                 
----------------------------------------------------------------------------------------------------------------
 58    stopped    normal       60/10      0/0/0                --           
                               2026-05-13 04:41:22 +00:00      2026-05-13 04:41:47 +00:00      
 59    stopped    normal       60/10      0/0/0                --           
                               2026-05-13 04:42:20 +00:00      2026-05-13 04:42:45 +00:00      
 60    stopped    normal       60/10      0/0/0                --           
                               2026-05-13 04:47:54 +00:00      2026-05-13 04:48:19 +00:00      
 61    stopped    normal       60/10      0/0/0                --           
                               2026-05-13 04:49:41 +00:00      2026-05-13 04:49:42 +00:00      
 62    stopped    normal       60/10      0/0/0                --           
                               2026-05-13 04:51:15 +00:00      2026-05-13 04:51:15 +00:00      
 63    stopped    normal       60/10      0/0/0                --           
                               2026-05-13 04:54:00 +00:00      2026-05-13 04:54:01 +00:00      
 64    stopped    normal       60/10      1/0/1                --           
                               2026-05-13 04:54:34 +00:00      2026-05-13 04:56:17 +00:00      
 74    stopped    normal       60/10      0/0/0                --           
                               2026-05-13 05:49:33 +00:00      2026-05-13 05:49:57 +00:00      
 75    stopped    normal       60/10      0/0/0                --           
                               2026-05-13 05:51:42 +00:00      2026-05-13 05:52:07 +00:00      
 76    running    normal       60/10      0/0/0                running (will be tx notification after 16 secs) 
                               2026-05-13 05:52:52 +00:00                                      
----------------------------------------------------------------------------------------------------------------
 
nRU# show supervision 

 M-Plane connectivity monitoring: 
------------------------------------------------------------------------------
 Supervision state: normal 
 Supervision action-of-failure: recovery-reset (close-session, reset-system) 
 Supervision count-of-failure:  0 
 Supervision reset-system-timer(180 secs): off 
 Supervision time interval: supervision-noti-interval(60 secs) guard-time-overhead(10 secs) 

 Netconf session supervision history: (latest 10 sessions)
----------------------------------------------------------------------------------------------------------------
 id    state      supervision  interval   count(tx/tx-err/rx)  supervision-timer 
                               start-time                      end-time                 
----------------------------------------------------------------------------------------------------------------
 58    stopped    normal       60/10      0/0/0                --           
                               2026-05-13 04:41:22 +00:00      2026-05-13 04:41:47 +00:00      
 59    stopped    normal       60/10      0/0/0                --           
                               2026-05-13 04:42:20 +00:00      2026-05-13 04:42:45 +00:00      
 60    stopped    normal       60/10      0/0/0                --           
                               2026-05-13 04:47:54 +00:00      2026-05-13 04:48:19 +00:00      
 61    stopped    normal       60/10      0/0/0                --           
                               2026-05-13 04:49:41 +00:00      2026-05-13 04:49:42 +00:00      
 62    stopped    normal       60/10      0/0/0                --           
                               2026-05-13 04:51:15 +00:00      2026-05-13 04:51:15 +00:00      
 63    stopped    normal       60/10      0/0/0                --           
                               2026-05-13 04:54:00 +00:00      2026-05-13 04:54:01 +00:00      
 64    stopped    normal       60/10      1/0/1                --           
                               2026-05-13 04:54:34 +00:00      2026-05-13 04:56:17 +00:00      
 74    stopped    normal       60/10      0/0/0                --           
                               2026-05-13 05:49:33 +00:00      2026-05-13 05:49:57 +00:00      
 75    stopped    normal       60/10      0/0/0                --           
                               2026-05-13 05:51:42 +00:00      2026-05-13 05:52:07 +00:00      
 76    running    normal       60/10      0/0/0                running (will be tx notification after 16 secs) 
                               2026-05-13 05:52:52 +00:00                                      
----------------------------------------------------------------------------------------------------------------
 
nRU# show supervision 

 M-Plane connectivity monitoring: 
------------------------------------------------------------------------------
 Supervision state: normal 
 Supervision action-of-failure: recovery-reset (close-session, reset-system) 
 Supervision count-of-failure:  0 
 Supervision reset-system-timer(180 secs): off 
 Supervision time interval: supervision-noti-interval(60 secs) guard-time-overhead(10 secs) 

 Netconf session supervision history: (latest 10 sessions)
----------------------------------------------------------------------------------------------------------------
 id    state      supervision  interval   count(tx/tx-err/rx)  supervision-timer 
                               start-time                      end-time                 
----------------------------------------------------------------------------------------------------------------
 58    stopped    normal       60/10      0/0/0                --           
                               2026-05-13 04:41:22 +00:00      2026-05-13 04:41:47 +00:00      
 59    stopped    normal       60/10      0/0/0                --           
                               2026-05-13 04:42:20 +00:00      2026-05-13 04:42:45 +00:00      
 60    stopped    normal       60/10      0/0/0                --           
                               2026-05-13 04:47:54 +00:00      2026-05-13 04:48:19 +00:00      
 61    stopped    normal       60/10      0/0/0                --           
                               2026-05-13 04:49:41 +00:00      2026-05-13 04:49:42 +00:00      
 62    stopped    normal       60/10      0/0/0                --           
                               2026-05-13 04:51:15 +00:00      2026-05-13 04:51:15 +00:00      
 63    stopped    normal       60/10      0/0/0                --           
                               2026-05-13 04:54:00 +00:00      2026-05-13 04:54:01 +00:00      
 64    stopped    normal       60/10      1/0/1                --           
                               2026-05-13 04:54:34 +00:00      2026-05-13 04:56:17 +00:00      
 74    stopped    normal       60/10      0/0/0                --           
                               2026-05-13 05:49:33 +00:00      2026-05-13 05:49:57 +00:00      
 75    stopped    normal       60/10      0/0/0                --           
                               2026-05-13 05:51:42 +00:00      2026-05-13 05:52:07 +00:00      
 76    running    normal       60/10      0/0/0                running (will be tx notification after 15 secs) 
                               2026-05-13 05:52:52 +00:00                                      
----------------------------------------------------------------------------------------------------------------
 
nRU# show supervision 

 M-Plane connectivity monitoring: 
------------------------------------------------------------------------------
 Supervision state: normal 
 Supervision action-of-failure: recovery-reset (close-session, reset-system) 
 Supervision count-of-failure:  0 
 Supervision reset-system-timer(180 secs): off 
 Supervision time interval: supervision-noti-interval(60 secs) guard-time-overhead(10 secs) 

 Netconf session supervision history: (latest 10 sessions)
----------------------------------------------------------------------------------------------------------------
 id    state      supervision  interval   count(tx/tx-err/rx)  supervision-timer 
                               start-time                      end-time                 
----------------------------------------------------------------------------------------------------------------
 58    stopped    normal       60/10      0/0/0                --           
                               2026-05-13 04:41:22 +00:00      2026-05-13 04:41:47 +00:00      
 59    stopped    normal       60/10      0/0/0                --           
                               2026-05-13 04:42:20 +00:00      2026-05-13 04:42:45 +00:00      
 60    stopped    normal       60/10      0/0/0                --           
                               2026-05-13 04:47:54 +00:00      2026-05-13 04:48:19 +00:00      
 61    stopped    normal       60/10      0/0/0                --           
                               2026-05-13 04:49:41 +00:00      2026-05-13 04:49:42 +00:00      
 62    stopped    normal       60/10      0/0/0                --           
                               2026-05-13 04:51:15 +00:00      2026-05-13 04:51:15 +00:00      
 63    stopped    normal       60/10      0/0/0                --           
                               2026-05-13 04:54:00 +00:00      2026-05-13 04:54:01 +00:00      
 64    stopped    normal       60/10      1/0/1                --           
                               2026-05-13 04:54:34 +00:00      2026-05-13 04:56:17 +00:00      
 74    stopped    normal       60/10      0/0/0                --           
                               2026-05-13 05:49:33 +00:00      2026-05-13 05:49:57 +00:00      
 75    stopped    normal       60/10      0/0/0                --           
                               2026-05-13 05:51:42 +00:00      2026-05-13 05:52:07 +00:00      
 76    running    normal       60/10      0/0/0                running (will be tx notification after 15 secs) 
                               2026-05-13 05:52:52 +00:00                                      
----------------------------------------------------------------------------------------------------------------
 
nRU# show supervision 

 M-Plane connectivity monitoring: 
------------------------------------------------------------------------------
 Supervision state: normal 
 Supervision action-of-failure: recovery-reset (close-session, reset-system) 
 Supervision count-of-failure:  0 
 Supervision reset-system-timer(180 secs): off 
 Supervision time interval: supervision-noti-interval(60 secs) guard-time-overhead(10 secs) 

 Netconf session supervision history: (latest 10 sessions)
----------------------------------------------------------------------------------------------------------------
 id    state      supervision  interval   count(tx/tx-err/rx)  supervision-timer 
                               start-time                      end-time                 
----------------------------------------------------------------------------------------------------------------
 58    stopped    normal       60/10      0/0/0                --           
                               2026-05-13 04:41:22 +00:00      2026-05-13 04:41:47 +00:00      
 59    stopped    normal       60/10      0/0/0                --           
                               2026-05-13 04:42:20 +00:00      2026-05-13 04:42:45 +00:00      
 60    stopped    normal       60/10      0/0/0                --           
                               2026-05-13 04:47:54 +00:00      2026-05-13 04:48:19 +00:00      
 61    stopped    normal       60/10      0/0/0                --           
                               2026-05-13 04:49:41 +00:00      2026-05-13 04:49:42 +00:00      
 62    stopped    normal       60/10      0/0/0                --           
                               2026-05-13 04:51:15 +00:00      2026-05-13 04:51:15 +00:00      
 63    stopped    normal       60/10      0/0/0                --           
                               2026-05-13 04:54:00 +00:00      2026-05-13 04:54:01 +00:00      
 64    stopped    normal       60/10      1/0/1                --           
                               2026-05-13 04:54:34 +00:00      2026-05-13 04:56:17 +00:00      
 74    stopped    normal       60/10      0/0/0                --           
                               2026-05-13 05:49:33 +00:00      2026-05-13 05:49:57 +00:00      
 75    stopped    normal       60/10      0/0/0                --           
                               2026-05-13 05:51:42 +00:00      2026-05-13 05:52:07 +00:00      
 76    running    normal       60/10      0/0/0                running (will be tx notification after 14 secs) 
                               2026-05-13 05:52:52 +00:00                                      
----------------------------------------------------------------------------------------------------------------
 
nRU# show supervision 

 M-Plane connectivity monitoring: 
------------------------------------------------------------------------------
 Supervision state: normal 
 Supervision action-of-failure: recovery-reset (close-session, reset-system) 
 Supervision count-of-failure:  0 
 Supervision reset-system-timer(180 secs): off 
 Supervision time interval: supervision-noti-interval(60 secs) guard-time-overhead(10 secs) 

 Netconf session supervision history: (latest 10 sessions)
----------------------------------------------------------------------------------------------------------------
 id    state      supervision  interval   count(tx/tx-err/rx)  supervision-timer 
                               start-time                      end-time                 
----------------------------------------------------------------------------------------------------------------
 58    stopped    normal       60/10      0/0/0                --           
                               2026-05-13 04:41:22 +00:00      2026-05-13 04:41:47 +00:00      
 59    stopped    normal       60/10      0/0/0                --           
                               2026-05-13 04:42:20 +00:00      2026-05-13 04:42:45 +00:00      
 60    stopped    normal       60/10      0/0/0                --           
                               2026-05-13 04:47:54 +00:00      2026-05-13 04:48:19 +00:00      
 61    stopped    normal       60/10      0/0/0                --           
                               2026-05-13 04:49:41 +00:00      2026-05-13 04:49:42 +00:00      
 62    stopped    normal       60/10      0/0/0                --           
                               2026-05-13 04:51:15 +00:00      2026-05-13 04:51:15 +00:00      
 63    stopped    normal       60/10      0/0/0                --           
                               2026-05-13 04:54:00 +00:00      2026-05-13 04:54:01 +00:00      
 64    stopped    normal       60/10      1/0/1                --           
                               2026-05-13 04:54:34 +00:00      2026-05-13 04:56:17 +00:00      
 74    stopped    normal       60/10      0/0/0                --           
                               2026-05-13 05:49:33 +00:00      2026-05-13 05:49:57 +00:00      
 75    stopped    normal       60/10      0/0/0                --           
                               2026-05-13 05:51:42 +00:00      2026-05-13 05:52:07 +00:00      
 76    running    normal       60/10      0/0/0                running (will be tx notification after 14 secs) 
                               2026-05-13 05:52:52 +00:00                                      
----------------------------------------------------------------------------------------------------------------
 
nRU# show supervision 

 M-Plane connectivity monitoring: 
------------------------------------------------------------------------------
 Supervision state: normal 
 Supervision action-of-failure: recovery-reset (close-session, reset-system) 
 Supervision count-of-failure:  0 
 Supervision reset-system-timer(180 secs): off 
 Supervision time interval: supervision-noti-interval(60 secs) guard-time-overhead(10 secs) 

 Netconf session supervision history: (latest 10 sessions)
----------------------------------------------------------------------------------------------------------------
 id    state      supervision  interval   count(tx/tx-err/rx)  supervision-timer 
                               start-time                      end-time                 
----------------------------------------------------------------------------------------------------------------
 58    stopped    normal       60/10      0/0/0                --           
                               2026-05-13 04:41:22 +00:00      2026-05-13 04:41:47 +00:00      
 59    stopped    normal       60/10      0/0/0                --           
                               2026-05-13 04:42:20 +00:00      2026-05-13 04:42:45 +00:00      
 60    stopped    normal       60/10      0/0/0                --           
                               2026-05-13 04:47:54 +00:00      2026-05-13 04:48:19 +00:00      
 61    stopped    normal       60/10      0/0/0                --           
                               2026-05-13 04:49:41 +00:00      2026-05-13 04:49:42 +00:00      
 62    stopped    normal       60/10      0/0/0                --           
                               2026-05-13 04:51:15 +00:00      2026-05-13 04:51:15 +00:00      
 63    stopped    normal       60/10      0/0/0                --           
                               2026-05-13 04:54:00 +00:00      2026-05-13 04:54:01 +00:00      
 64    stopped    normal       60/10      1/0/1                --           
                               2026-05-13 04:54:34 +00:00      2026-05-13 04:56:17 +00:00      
 74    stopped    normal       60/10      0/0/0                --           
                               2026-05-13 05:49:33 +00:00      2026-05-13 05:49:57 +00:00      
 75    stopped    normal       60/10      0/0/0                --           
                               2026-05-13 05:51:42 +00:00      2026-05-13 05:52:07 +00:00      
 76    running    normal       60/10      0/0/0                running (will be tx notification after 13 secs) 
                               2026-05-13 05:52:52 +00:00                                      
----------------------------------------------------------------------------------------------------------------
 
nRU# show supervision 

 M-Plane connectivity monitoring: 
------------------------------------------------------------------------------
 Supervision state: normal 
 Supervision action-of-failure: recovery-reset (close-session, reset-system) 
 Supervision count-of-failure:  0 
 Supervision reset-system-timer(180 secs): off 
 Supervision time interval: supervision-noti-interval(60 secs) guard-time-overhead(10 secs) 

 Netconf session supervision history: (latest 10 sessions)
----------------------------------------------------------------------------------------------------------------
 id    state      supervision  interval   count(tx/tx-err/rx)  supervision-timer 
                               start-time                      end-time                 
----------------------------------------------------------------------------------------------------------------
 58    stopped    normal       60/10      0/0/0                --           
                               2026-05-13 04:41:22 +00:00      2026-05-13 04:41:47 +00:00      
 59    stopped    normal       60/10      0/0/0                --           
                               2026-05-13 04:42:20 +00:00      2026-05-13 04:42:45 +00:00      
 60    stopped    normal       60/10      0/0/0                --           
                               2026-05-13 04:47:54 +00:00      2026-05-13 04:48:19 +00:00      
 61    stopped    normal       60/10      0/0/0                --           
                               2026-05-13 04:49:41 +00:00      2026-05-13 04:49:42 +00:00      
 62    stopped    normal       60/10      0/0/0                --           
                               2026-05-13 04:51:15 +00:00      2026-05-13 04:51:15 +00:00      
 63    stopped    normal       60/10      0/0/0                --           
                               2026-05-13 04:54:00 +00:00      2026-05-13 04:54:01 +00:00      
 64    stopped    normal       60/10      1/0/1                --           
                               2026-05-13 04:54:34 +00:00      2026-05-13 04:56:17 +00:00      
 74    stopped    normal       60/10      0/0/0                --           
                               2026-05-13 05:49:33 +00:00      2026-05-13 05:49:57 +00:00      
 75    stopped    normal       60/10      0/0/0                --           
                               2026-05-13 05:51:42 +00:00      2026-05-13 05:52:07 +00:00      
 76    running    normal       60/10      0/0/0                running (will be tx notification after 13 secs) 
                               2026-05-13 05:52:52 +00:00                                      
----------------------------------------------------------------------------------------------------------------
 
nRU# show supervision 

 M-Plane connectivity monitoring: 
------------------------------------------------------------------------------
 Supervision state: normal 
 Supervision action-of-failure: recovery-reset (close-session, reset-system) 
 Supervision count-of-failure:  0 
 Supervision reset-system-timer(180 secs): off 
 Supervision time interval: supervision-noti-interval(60 secs) guard-time-overhead(10 secs) 

 Netconf session supervision history: (latest 10 sessions)
----------------------------------------------------------------------------------------------------------------
 id    state      supervision  interval   count(tx/tx-err/rx)  supervision-timer 
                               start-time                      end-time                 
----------------------------------------------------------------------------------------------------------------
 58    stopped    normal       60/10      0/0/0                --           
                               2026-05-13 04:41:22 +00:00      2026-05-13 04:41:47 +00:00      
 59    stopped    normal       60/10      0/0/0                --           
                               2026-05-13 04:42:20 +00:00      2026-05-13 04:42:45 +00:00      
 60    stopped    normal       60/10      0/0/0                --           
                               2026-05-13 04:47:54 +00:00      2026-05-13 04:48:19 +00:00      
 61    stopped    normal       60/10      0/0/0                --           
                               2026-05-13 04:49:41 +00:00      2026-05-13 04:49:42 +00:00      
 62    stopped    normal       60/10      0/0/0                --           
                               2026-05-13 04:51:15 +00:00      2026-05-13 04:51:15 +00:00      
 63    stopped    normal       60/10      0/0/0                --           
                               2026-05-13 04:54:00 +00:00      2026-05-13 04:54:01 +00:00      
 64    stopped    normal       60/10      1/0/1                --           
                               2026-05-13 04:54:34 +00:00      2026-05-13 04:56:17 +00:00      
 74    stopped    normal       60/10      0/0/0                --           
                               2026-05-13 05:49:33 +00:00      2026-05-13 05:49:57 +00:00      
 75    stopped    normal       60/10      0/0/0                --           
                               2026-05-13 05:51:42 +00:00      2026-05-13 05:52:07 +00:00      
 76    running    normal       60/10      0/0/0                running (will be tx notification after 12 secs) 
                               2026-05-13 05:52:52 +00:00                                      
----------------------------------------------------------------------------------------------------------------
 
nRU# show supervision 

 M-Plane connectivity monitoring: 
------------------------------------------------------------------------------
 Supervision state: normal 
 Supervision action-of-failure: recovery-reset (close-session, reset-system) 
 Supervision count-of-failure:  0 
 Supervision reset-system-timer(180 secs): off 
 Supervision time interval: supervision-noti-interval(60 secs) guard-time-overhead(10 secs) 

 Netconf session supervision history: (latest 10 sessions)
----------------------------------------------------------------------------------------------------------------
 id    state      supervision  interval   count(tx/tx-err/rx)  supervision-timer 
                               start-time                      end-time                 
----------------------------------------------------------------------------------------------------------------
 58    stopped    normal       60/10      0/0/0                --           
                               2026-05-13 04:41:22 +00:00      2026-05-13 04:41:47 +00:00      
 59    stopped    normal       60/10      0/0/0                --           
                               2026-05-13 04:42:20 +00:00      2026-05-13 04:42:45 +00:00      
 60    stopped    normal       60/10      0/0/0                --           
                               2026-05-13 04:47:54 +00:00      2026-05-13 04:48:19 +00:00      
 61    stopped    normal       60/10      0/0/0                --           
                               2026-05-13 04:49:41 +00:00      2026-05-13 04:49:42 +00:00      
 62    stopped    normal       60/10      0/0/0                --           
                               2026-05-13 04:51:15 +00:00      2026-05-13 04:51:15 +00:00      
 63    stopped    normal       60/10      0/0/0                --           
                               2026-05-13 04:54:00 +00:00      2026-05-13 04:54:01 +00:00      
 64    stopped    normal       60/10      1/0/1                --           
                               2026-05-13 04:54:34 +00:00      2026-05-13 04:56:17 +00:00      
 74    stopped    normal       60/10      0/0/0                --           
                               2026-05-13 05:49:33 +00:00      2026-05-13 05:49:57 +00:00      
 75    stopped    normal       60/10      0/0/0                --           
                               2026-05-13 05:51:42 +00:00      2026-05-13 05:52:07 +00:00      
 76    running    normal       60/10      0/0/0                running (will be tx notification after 12 secs) 
                               2026-05-13 05:52:52 +00:00                                      
----------------------------------------------------------------------------------------------------------------
 
nRU# show supervision 

 M-Plane connectivity monitoring: 
------------------------------------------------------------------------------
 Supervision state: normal 
 Supervision action-of-failure: recovery-reset (close-session, reset-system) 
 Supervision count-of-failure:  0 
 Supervision reset-system-timer(180 secs): off 
 Supervision time interval: supervision-noti-interval(60 secs) guard-time-overhead(10 secs) 

 Netconf session supervision history: (latest 10 sessions)
----------------------------------------------------------------------------------------------------------------
 id    state      supervision  interval   count(tx/tx-err/rx)  supervision-timer 
                               start-time                      end-time                 
----------------------------------------------------------------------------------------------------------------
 58    stopped    normal       60/10      0/0/0                --           
                               2026-05-13 04:41:22 +00:00      2026-05-13 04:41:47 +00:00      
 59    stopped    normal       60/10      0/0/0                --           
                               2026-05-13 04:42:20 +00:00      2026-05-13 04:42:45 +00:00      
 60    stopped    normal       60/10      0/0/0                --           
                               2026-05-13 04:47:54 +00:00      2026-05-13 04:48:19 +00:00      
 61    stopped    normal       60/10      0/0/0                --           
                               2026-05-13 04:49:41 +00:00      2026-05-13 04:49:42 +00:00      
 62    stopped    normal       60/10      0/0/0                --           
                               2026-05-13 04:51:15 +00:00      2026-05-13 04:51:15 +00:00      
 63    stopped    normal       60/10      0/0/0                --           
                               2026-05-13 04:54:00 +00:00      2026-05-13 04:54:01 +00:00      
 64    stopped    normal       60/10      1/0/1                --           
                               2026-05-13 04:54:34 +00:00      2026-05-13 04:56:17 +00:00      
 74    stopped    normal       60/10      0/0/0                --           
                               2026-05-13 05:49:33 +00:00      2026-05-13 05:49:57 +00:00      
 75    stopped    normal       60/10      0/0/0                --           
                               2026-05-13 05:51:42 +00:00      2026-05-13 05:52:07 +00:00      
 76    running    normal       60/10      0/0/0                running (will be tx notification after 11 secs) 
                               2026-05-13 05:52:52 +00:00                                      
----------------------------------------------------------------------------------------------------------------
 
nRU# show supervision 

 M-Plane connectivity monitoring: 
------------------------------------------------------------------------------
 Supervision state: normal 
 Supervision action-of-failure: recovery-reset (close-session, reset-system) 
 Supervision count-of-failure:  0 
 Supervision reset-system-timer(180 secs): off 
 Supervision time interval: supervision-noti-interval(60 secs) guard-time-overhead(10 secs) 

 Netconf session supervision history: (latest 10 sessions)
----------------------------------------------------------------------------------------------------------------
 id    state      supervision  interval   count(tx/tx-err/rx)  supervision-timer 
                               start-time                      end-time                 
----------------------------------------------------------------------------------------------------------------
 58    stopped    normal       60/10      0/0/0                --           
                               2026-05-13 04:41:22 +00:00      2026-05-13 04:41:47 +00:00      
 59    stopped    normal       60/10      0/0/0                --           
                               2026-05-13 04:42:20 +00:00      2026-05-13 04:42:45 +00:00      
 60    stopped    normal       60/10      0/0/0                --           
                               2026-05-13 04:47:54 +00:00      2026-05-13 04:48:19 +00:00      
 61    stopped    normal       60/10      0/0/0                --           
                               2026-05-13 04:49:41 +00:00      2026-05-13 04:49:42 +00:00      
 62    stopped    normal       60/10      0/0/0                --           
                               2026-05-13 04:51:15 +00:00      2026-05-13 04:51:15 +00:00      
 63    stopped    normal       60/10      0/0/0                --           
                               2026-05-13 04:54:00 +00:00      2026-05-13 04:54:01 +00:00      
 64    stopped    normal       60/10      1/0/1                --           
                               2026-05-13 04:54:34 +00:00      2026-05-13 04:56:17 +00:00      
 74    stopped    normal       60/10      0/0/0                --           
                               2026-05-13 05:49:33 +00:00      2026-05-13 05:49:57 +00:00      
 75    stopped    normal       60/10      0/0/0                --           
                               2026-05-13 05:51:42 +00:00      2026-05-13 05:52:07 +00:00      
 76    running    normal       60/10      0/0/0                running (will be tx notification after 10 secs) 
                               2026-05-13 05:52:52 +00:00                                      
----------------------------------------------------------------------------------------------------------------
 
nRU# show supervision 

 M-Plane connectivity monitoring: 
------------------------------------------------------------------------------
 Supervision state: normal 
 Supervision action-of-failure: recovery-reset (close-session, reset-system) 
 Supervision count-of-failure:  0 
 Supervision reset-system-timer(180 secs): off 
 Supervision time interval: supervision-noti-interval(60 secs) guard-time-overhead(10 secs) 

 Netconf session supervision history: (latest 10 sessions)
----------------------------------------------------------------------------------------------------------------
 id    state      supervision  interval   count(tx/tx-err/rx)  supervision-timer 
                               start-time                      end-time                 
----------------------------------------------------------------------------------------------------------------
 58    stopped    normal       60/10      0/0/0                --           
                               2026-05-13 04:41:22 +00:00      2026-05-13 04:41:47 +00:00      
 59    stopped    normal       60/10      0/0/0                --           
                               2026-05-13 04:42:20 +00:00      2026-05-13 04:42:45 +00:00      
 60    stopped    normal       60/10      0/0/0                --           
                               2026-05-13 04:47:54 +00:00      2026-05-13 04:48:19 +00:00      
 61    stopped    normal       60/10      0/0/0                --           
                               2026-05-13 04:49:41 +00:00      2026-05-13 04:49:42 +00:00      
 62    stopped    normal       60/10      0/0/0                --           
                               2026-05-13 04:51:15 +00:00      2026-05-13 04:51:15 +00:00      
 63    stopped    normal       60/10      0/0/0                --           
                               2026-05-13 04:54:00 +00:00      2026-05-13 04:54:01 +00:00      
 64    stopped    normal       60/10      1/0/1                --           
                               2026-05-13 04:54:34 +00:00      2026-05-13 04:56:17 +00:00      
 74    stopped    normal       60/10      0/0/0                --           
                               2026-05-13 05:49:33 +00:00      2026-05-13 05:49:57 +00:00      
 75    stopped    normal       60/10      0/0/0                --           
                               2026-05-13 05:51:42 +00:00      2026-05-13 05:52:07 +00:00      
 76    running    normal       60/10      0/0/0                running (will be tx notification after 9 secs) 
                               2026-05-13 05:52:52 +00:00                                      
----------------------------------------------------------------------------------------------------------------
 
nRU# show supervision 

 M-Plane connectivity monitoring: 
------------------------------------------------------------------------------
 Supervision state: normal 
 Supervision action-of-failure: recovery-reset (close-session, reset-system) 
 Supervision count-of-failure:  0 
 Supervision reset-system-timer(180 secs): off 
 Supervision time interval: supervision-noti-interval(60 secs) guard-time-overhead(10 secs) 

 Netconf session supervision history: (latest 10 sessions)
----------------------------------------------------------------------------------------------------------------
 id    state      supervision  interval   count(tx/tx-err/rx)  supervision-timer 
                               start-time                      end-time                 
----------------------------------------------------------------------------------------------------------------
 58    stopped    normal       60/10      0/0/0                --           
                               2026-05-13 04:41:22 +00:00      2026-05-13 04:41:47 +00:00      
 59    stopped    normal       60/10      0/0/0                --           
                               2026-05-13 04:42:20 +00:00      2026-05-13 04:42:45 +00:00      
 60    stopped    normal       60/10      0/0/0                --           
                               2026-05-13 04:47:54 +00:00      2026-05-13 04:48:19 +00:00      
 61    stopped    normal       60/10      0/0/0                --           
                               2026-05-13 04:49:41 +00:00      2026-05-13 04:49:42 +00:00      
 62    stopped    normal       60/10      0/0/0                --           
                               2026-05-13 04:51:15 +00:00      2026-05-13 04:51:15 +00:00      
 63    stopped    normal       60/10      0/0/0                --           
                               2026-05-13 04:54:00 +00:00      2026-05-13 04:54:01 +00:00      
 64    stopped    normal       60/10      1/0/1                --           
                               2026-05-13 04:54:34 +00:00      2026-05-13 04:56:17 +00:00      
 74    stopped    normal       60/10      0/0/0                --           
                               2026-05-13 05:49:33 +00:00      2026-05-13 05:49:57 +00:00      
 75    stopped    normal       60/10      0/0/0                --           
                               2026-05-13 05:51:42 +00:00      2026-05-13 05:52:07 +00:00      
 76    running    normal       60/10      0/0/0                running (will be tx notification after 9 secs) 
                               2026-05-13 05:52:52 +00:00                                      
----------------------------------------------------------------------------------------------------------------
 
nRU# show supervision 

 M-Plane connectivity monitoring: 
------------------------------------------------------------------------------
 Supervision state: normal 
 Supervision action-of-failure: recovery-reset (close-session, reset-system) 
 Supervision count-of-failure:  0 
 Supervision reset-system-timer(180 secs): off 
 Supervision time interval: supervision-noti-interval(60 secs) guard-time-overhead(10 secs) 

 Netconf session supervision history: (latest 10 sessions)
----------------------------------------------------------------------------------------------------------------
 id    state      supervision  interval   count(tx/tx-err/rx)  supervision-timer 
                               start-time                      end-time                 
----------------------------------------------------------------------------------------------------------------
 58    stopped    normal       60/10      0/0/0                --           
                               2026-05-13 04:41:22 +00:00      2026-05-13 04:41:47 +00:00      
 59    stopped    normal       60/10      0/0/0                --           
                               2026-05-13 04:42:20 +00:00      2026-05-13 04:42:45 +00:00      
 60    stopped    normal       60/10      0/0/0                --           
                               2026-05-13 04:47:54 +00:00      2026-05-13 04:48:19 +00:00      
 61    stopped    normal       60/10      0/0/0                --           
                               2026-05-13 04:49:41 +00:00      2026-05-13 04:49:42 +00:00      
 62    stopped    normal       60/10      0/0/0                --           
                               2026-05-13 04:51:15 +00:00      2026-05-13 04:51:15 +00:00      
 63    stopped    normal       60/10      0/0/0                --           
                               2026-05-13 04:54:00 +00:00      2026-05-13 04:54:01 +00:00      
 64    stopped    normal       60/10      1/0/1                --           
                               2026-05-13 04:54:34 +00:00      2026-05-13 04:56:17 +00:00      
 74    stopped    normal       60/10      0/0/0                --           
                               2026-05-13 05:49:33 +00:00      2026-05-13 05:49:57 +00:00      
 75    stopped    normal       60/10      0/0/0                --           
                               2026-05-13 05:51:42 +00:00      2026-05-13 05:52:07 +00:00      
 76    running    normal       60/10      0/0/0                running (will be tx notification after 8 secs) 
                               2026-05-13 05:52:52 +00:00                                      
----------------------------------------------------------------------------------------------------------------
 
nRU# show supervision 

 M-Plane connectivity monitoring: 
------------------------------------------------------------------------------
 Supervision state: normal 
 Supervision action-of-failure: recovery-reset (close-session, reset-system) 
 Supervision count-of-failure:  0 
 Supervision reset-system-timer(180 secs): off 
 Supervision time interval: supervision-noti-interval(60 secs) guard-time-overhead(10 secs) 

 Netconf session supervision history: (latest 10 sessions)
----------------------------------------------------------------------------------------------------------------
 id    state      supervision  interval   count(tx/tx-err/rx)  supervision-timer 
                               start-time                      end-time                 
----------------------------------------------------------------------------------------------------------------
 58    stopped    normal       60/10      0/0/0                --           
                               2026-05-13 04:41:22 +00:00      2026-05-13 04:41:47 +00:00      
 59    stopped    normal       60/10      0/0/0                --           
                               2026-05-13 04:42:20 +00:00      2026-05-13 04:42:45 +00:00      
 60    stopped    normal       60/10      0/0/0                --           
                               2026-05-13 04:47:54 +00:00      2026-05-13 04:48:19 +00:00      
 61    stopped    normal       60/10      0/0/0                --           
                               2026-05-13 04:49:41 +00:00      2026-05-13 04:49:42 +00:00      
 62    stopped    normal       60/10      0/0/0                --           
                               2026-05-13 04:51:15 +00:00      2026-05-13 04:51:15 +00:00      
 63    stopped    normal       60/10      0/0/0                --           
                               2026-05-13 04:54:00 +00:00      2026-05-13 04:54:01 +00:00      
 64    stopped    normal       60/10      1/0/1                --           
                               2026-05-13 04:54:34 +00:00      2026-05-13 04:56:17 +00:00      
 74    stopped    normal       60/10      0/0/0                --           
                               2026-05-13 05:49:33 +00:00      2026-05-13 05:49:57 +00:00      
 75    stopped    normal       60/10      0/0/0                --           
                               2026-05-13 05:51:42 +00:00      2026-05-13 05:52:07 +00:00      
 76    running    normal       60/10      0/0/0                running (will be tx notification after 8 secs) 
                               2026-05-13 05:52:52 +00:00                                      
----------------------------------------------------------------------------------------------------------------
 
nRU# show supervision 

 M-Plane connectivity monitoring: 
------------------------------------------------------------------------------
 Supervision state: normal 
 Supervision action-of-failure: recovery-reset (close-session, reset-system) 
 Supervision count-of-failure:  0 
 Supervision reset-system-timer(180 secs): off 
 Supervision time interval: supervision-noti-interval(60 secs) guard-time-overhead(10 secs) 

 Netconf session supervision history: (latest 10 sessions)
----------------------------------------------------------------------------------------------------------------
 id    state      supervision  interval   count(tx/tx-err/rx)  supervision-timer 
                               start-time                      end-time                 
----------------------------------------------------------------------------------------------------------------
 58    stopped    normal       60/10      0/0/0                --           
                               2026-05-13 04:41:22 +00:00      2026-05-13 04:41:47 +00:00      
 59    stopped    normal       60/10      0/0/0                --           
                               2026-05-13 04:42:20 +00:00      2026-05-13 04:42:45 +00:00      
 60    stopped    normal       60/10      0/0/0                --           
                               2026-05-13 04:47:54 +00:00      2026-05-13 04:48:19 +00:00      
 61    stopped    normal       60/10      0/0/0                --           
                               2026-05-13 04:49:41 +00:00      2026-05-13 04:49:42 +00:00      
 62    stopped    normal       60/10      0/0/0                --           
                               2026-05-13 04:51:15 +00:00      2026-05-13 04:51:15 +00:00      
 63    stopped    normal       60/10      0/0/0                --           
                               2026-05-13 04:54:00 +00:00      2026-05-13 04:54:01 +00:00      
 64    stopped    normal       60/10      1/0/1                --           
                               2026-05-13 04:54:34 +00:00      2026-05-13 04:56:17 +00:00      
 74    stopped    normal       60/10      0/0/0                --           
                               2026-05-13 05:49:33 +00:00      2026-05-13 05:49:57 +00:00      
 75    stopped    normal       60/10      0/0/0                --           
                               2026-05-13 05:51:42 +00:00      2026-05-13 05:52:07 +00:00      
 76    running    normal       60/10      0/0/0                running (will be tx notification after 7 secs) 
                               2026-05-13 05:52:52 +00:00                                      
----------------------------------------------------------------------------------------------------------------
 
nRU# show supervision 

 M-Plane connectivity monitoring: 
------------------------------------------------------------------------------
 Supervision state: normal 
 Supervision action-of-failure: recovery-reset (close-session, reset-system) 
 Supervision count-of-failure:  0 
 Supervision reset-system-timer(180 secs): off 
 Supervision time interval: supervision-noti-interval(60 secs) guard-time-overhead(10 secs) 

 Netconf session supervision history: (latest 10 sessions)
----------------------------------------------------------------------------------------------------------------
 id    state      supervision  interval   count(tx/tx-err/rx)  supervision-timer 
                               start-time                      end-time                 
----------------------------------------------------------------------------------------------------------------
 58    stopped    normal       60/10      0/0/0                --           
                               2026-05-13 04:41:22 +00:00      2026-05-13 04:41:47 +00:00      
 59    stopped    normal       60/10      0/0/0                --           
                               2026-05-13 04:42:20 +00:00      2026-05-13 04:42:45 +00:00      
 60    stopped    normal       60/10      0/0/0                --           
                               2026-05-13 04:47:54 +00:00      2026-05-13 04:48:19 +00:00      
 61    stopped    normal       60/10      0/0/0                --           
                               2026-05-13 04:49:41 +00:00      2026-05-13 04:49:42 +00:00      
 62    stopped    normal       60/10      0/0/0                --           
                               2026-05-13 04:51:15 +00:00      2026-05-13 04:51:15 +00:00      
 63    stopped    normal       60/10      0/0/0                --           
                               2026-05-13 04:54:00 +00:00      2026-05-13 04:54:01 +00:00      
 64    stopped    normal       60/10      1/0/1                --           
                               2026-05-13 04:54:34 +00:00      2026-05-13 04:56:17 +00:00      
 74    stopped    normal       60/10      0/0/0                --           
                               2026-05-13 05:49:33 +00:00      2026-05-13 05:49:57 +00:00      
 75    stopped    normal       60/10      0/0/0                --           
                               2026-05-13 05:51:42 +00:00      2026-05-13 05:52:07 +00:00      
 76    running    normal       60/10      0/0/0                running (will be tx notification after 7 secs) 
                               2026-05-13 05:52:52 +00:00                                      
----------------------------------------------------------------------------------------------------------------
 
nRU# show supervision 

 M-Plane connectivity monitoring: 
------------------------------------------------------------------------------
 Supervision state: normal 
 Supervision action-of-failure: recovery-reset (close-session, reset-system) 
 Supervision count-of-failure:  0 
 Supervision reset-system-timer(180 secs): off 
 Supervision time interval: supervision-noti-interval(60 secs) guard-time-overhead(10 secs) 

 Netconf session supervision history: (latest 10 sessions)
----------------------------------------------------------------------------------------------------------------
 id    state      supervision  interval   count(tx/tx-err/rx)  supervision-timer 
                               start-time                      end-time                 
----------------------------------------------------------------------------------------------------------------
 58    stopped    normal       60/10      0/0/0                --           
                               2026-05-13 04:41:22 +00:00      2026-05-13 04:41:47 +00:00      
 59    stopped    normal       60/10      0/0/0                --           
                               2026-05-13 04:42:20 +00:00      2026-05-13 04:42:45 +00:00      
 60    stopped    normal       60/10      0/0/0                --           
                               2026-05-13 04:47:54 +00:00      2026-05-13 04:48:19 +00:00      
 61    stopped    normal       60/10      0/0/0                --           
                               2026-05-13 04:49:41 +00:00      2026-05-13 04:49:42 +00:00      
 62    stopped    normal       60/10      0/0/0                --           
                               2026-05-13 04:51:15 +00:00      2026-05-13 04:51:15 +00:00      
 63    stopped    normal       60/10      0/0/0                --           
                               2026-05-13 04:54:00 +00:00      2026-05-13 04:54:01 +00:00      
 64    stopped    normal       60/10      1/0/1                --           
                               2026-05-13 04:54:34 +00:00      2026-05-13 04:56:17 +00:00      
 74    stopped    normal       60/10      0/0/0                --           
                               2026-05-13 05:49:33 +00:00      2026-05-13 05:49:57 +00:00      
 75    stopped    normal       60/10      0/0/0                --           
                               2026-05-13 05:51:42 +00:00      2026-05-13 05:52:07 +00:00      
 76    running    normal       60/10      0/0/0                running (will be tx notification after 6 secs) 
                               2026-05-13 05:52:52 +00:00                                      
----------------------------------------------------------------------------------------------------------------
 
nRU# show supervision 

 M-Plane connectivity monitoring: 
------------------------------------------------------------------------------
 Supervision state: normal 
 Supervision action-of-failure: recovery-reset (close-session, reset-system) 
 Supervision count-of-failure:  0 
 Supervision reset-system-timer(180 secs): off 
 Supervision time interval: supervision-noti-interval(60 secs) guard-time-overhead(10 secs) 

 Netconf session supervision history: (latest 10 sessions)
----------------------------------------------------------------------------------------------------------------
 id    state      supervision  interval   count(tx/tx-err/rx)  supervision-timer 
                               start-time                      end-time                 
----------------------------------------------------------------------------------------------------------------
 58    stopped    normal       60/10      0/0/0                --           
                               2026-05-13 04:41:22 +00:00      2026-05-13 04:41:47 +00:00      
 59    stopped    normal       60/10      0/0/0                --           
                               2026-05-13 04:42:20 +00:00      2026-05-13 04:42:45 +00:00      
 60    stopped    normal       60/10      0/0/0                --           
                               2026-05-13 04:47:54 +00:00      2026-05-13 04:48:19 +00:00      
 61    stopped    normal       60/10      0/0/0                --           
                               2026-05-13 04:49:41 +00:00      2026-05-13 04:49:42 +00:00      
 62    stopped    normal       60/10      0/0/0                --           
                               2026-05-13 04:51:15 +00:00      2026-05-13 04:51:15 +00:00      
 63    stopped    normal       60/10      0/0/0                --           
                               2026-05-13 04:54:00 +00:00      2026-05-13 04:54:01 +00:00      
 64    stopped    normal       60/10      1/0/1                --           
                               2026-05-13 04:54:34 +00:00      2026-05-13 04:56:17 +00:00      
 74    stopped    normal       60/10      0/0/0                --           
                               2026-05-13 05:49:33 +00:00      2026-05-13 05:49:57 +00:00      
 75    stopped    normal       60/10      0/0/0                --           
                               2026-05-13 05:51:42 +00:00      2026-05-13 05:52:07 +00:00      
 76    running    normal       60/10      0/0/0                running (will be tx notification after 5 secs) 
                               2026-05-13 05:52:52 +00:00                                      
----------------------------------------------------------------------------------------------------------------
 
nRU# show supervision 

 M-Plane connectivity monitoring: 
------------------------------------------------------------------------------
 Supervision state: normal 
 Supervision action-of-failure: recovery-reset (close-session, reset-system) 
 Supervision count-of-failure:  0 
 Supervision reset-system-timer(180 secs): off 
 Supervision time interval: supervision-noti-interval(60 secs) guard-time-overhead(10 secs) 

 Netconf session supervision history: (latest 10 sessions)
----------------------------------------------------------------------------------------------------------------
 id    state      supervision  interval   count(tx/tx-err/rx)  supervision-timer 
                               start-time                      end-time                 
----------------------------------------------------------------------------------------------------------------
 58    stopped    normal       60/10      0/0/0                --           
                               2026-05-13 04:41:22 +00:00      2026-05-13 04:41:47 +00:00      
 59    stopped    normal       60/10      0/0/0                --           
                               2026-05-13 04:42:20 +00:00      2026-05-13 04:42:45 +00:00      
 60    stopped    normal       60/10      0/0/0                --           
                               2026-05-13 04:47:54 +00:00      2026-05-13 04:48:19 +00:00      
 61    stopped    normal       60/10      0/0/0                --           
                               2026-05-13 04:49:41 +00:00      2026-05-13 04:49:42 +00:00      
 62    stopped    normal       60/10      0/0/0                --           
                               2026-05-13 04:51:15 +00:00      2026-05-13 04:51:15 +00:00      
 63    stopped    normal       60/10      0/0/0                --           
                               2026-05-13 04:54:00 +00:00      2026-05-13 04:54:01 +00:00      
 64    stopped    normal       60/10      1/0/1                --           
                               2026-05-13 04:54:34 +00:00      2026-05-13 04:56:17 +00:00      
 74    stopped    normal       60/10      0/0/0                --           
                               2026-05-13 05:49:33 +00:00      2026-05-13 05:49:57 +00:00      
 75    stopped    normal       60/10      0/0/0                --           
                               2026-05-13 05:51:42 +00:00      2026-05-13 05:52:07 +00:00      
 76    running    normal       60/10      0/0/0                running (will be tx notification after 5 secs) 
                               2026-05-13 05:52:52 +00:00                                      
----------------------------------------------------------------------------------------------------------------
 
nRU# show supervision 

 M-Plane connectivity monitoring: 
------------------------------------------------------------------------------
 Supervision state: normal 
 Supervision action-of-failure: recovery-reset (close-session, reset-system) 
 Supervision count-of-failure:  0 
 Supervision reset-system-timer(180 secs): off 
 Supervision time interval: supervision-noti-interval(60 secs) guard-time-overhead(10 secs) 

 Netconf session supervision history: (latest 10 sessions)
----------------------------------------------------------------------------------------------------------------
 id    state      supervision  interval   count(tx/tx-err/rx)  supervision-timer 
                               start-time                      end-time                 
----------------------------------------------------------------------------------------------------------------
 58    stopped    normal       60/10      0/0/0                --           
                               2026-05-13 04:41:22 +00:00      2026-05-13 04:41:47 +00:00      
 59    stopped    normal       60/10      0/0/0                --           
                               2026-05-13 04:42:20 +00:00      2026-05-13 04:42:45 +00:00      
 60    stopped    normal       60/10      0/0/0                --           
                               2026-05-13 04:47:54 +00:00      2026-05-13 04:48:19 +00:00      
 61    stopped    normal       60/10      0/0/0                --           
                               2026-05-13 04:49:41 +00:00      2026-05-13 04:49:42 +00:00      
 62    stopped    normal       60/10      0/0/0                --           
                               2026-05-13 04:51:15 +00:00      2026-05-13 04:51:15 +00:00      
 63    stopped    normal       60/10      0/0/0                --           
                               2026-05-13 04:54:00 +00:00      2026-05-13 04:54:01 +00:00      
 64    stopped    normal       60/10      1/0/1                --           
                               2026-05-13 04:54:34 +00:00      2026-05-13 04:56:17 +00:00      
 74    stopped    normal       60/10      0/0/0                --           
                               2026-05-13 05:49:33 +00:00      2026-05-13 05:49:57 +00:00      
 75    stopped    normal       60/10      0/0/0                --           
                               2026-05-13 05:51:42 +00:00      2026-05-13 05:52:07 +00:00      
 76    running    normal       60/10      0/0/0                running (will be tx notification after 4 secs) 
                               2026-05-13 05:52:52 +00:00                                      
----------------------------------------------------------------------------------------------------------------
 
nRU# show supervision 

 M-Plane connectivity monitoring: 
------------------------------------------------------------------------------
 Supervision state: normal 
 Supervision action-of-failure: recovery-reset (close-session, reset-system) 
 Supervision count-of-failure:  0 
 Supervision reset-system-timer(180 secs): off 
 Supervision time interval: supervision-noti-interval(60 secs) guard-time-overhead(10 secs) 

 Netconf session supervision history: (latest 10 sessions)
----------------------------------------------------------------------------------------------------------------
 id    state      supervision  interval   count(tx/tx-err/rx)  supervision-timer 
                               start-time                      end-time                 
----------------------------------------------------------------------------------------------------------------
 58    stopped    normal       60/10      0/0/0                --           
                               2026-05-13 04:41:22 +00:00      2026-05-13 04:41:47 +00:00      
 59    stopped    normal       60/10      0/0/0                --           
                               2026-05-13 04:42:20 +00:00      2026-05-13 04:42:45 +00:00      
 60    stopped    normal       60/10      0/0/0                --           
                               2026-05-13 04:47:54 +00:00      2026-05-13 04:48:19 +00:00      
 61    stopped    normal       60/10      0/0/0                --           
                               2026-05-13 04:49:41 +00:00      2026-05-13 04:49:42 +00:00      
 62    stopped    normal       60/10      0/0/0                --           
                               2026-05-13 04:51:15 +00:00      2026-05-13 04:51:15 +00:00      
 63    stopped    normal       60/10      0/0/0                --           
                               2026-05-13 04:54:00 +00:00      2026-05-13 04:54:01 +00:00      
 64    stopped    normal       60/10      1/0/1                --           
                               2026-05-13 04:54:34 +00:00      2026-05-13 04:56:17 +00:00      
 74    stopped    normal       60/10      0/0/0                --           
                               2026-05-13 05:49:33 +00:00      2026-05-13 05:49:57 +00:00      
 75    stopped    normal       60/10      0/0/0                --           
                               2026-05-13 05:51:42 +00:00      2026-05-13 05:52:07 +00:00      
 76    running    normal       60/10      0/0/0                running (will be tx notification after 3 secs) 
                               2026-05-13 05:52:52 +00:00                                      
----------------------------------------------------------------------------------------------------------------
 
nRU# show supervision 

 M-Plane connectivity monitoring: 
------------------------------------------------------------------------------
 Supervision state: normal 
 Supervision action-of-failure: recovery-reset (close-session, reset-system) 
 Supervision count-of-failure:  0 
 Supervision reset-system-timer(180 secs): off 
 Supervision time interval: supervision-noti-interval(60 secs) guard-time-overhead(10 secs) 

 Netconf session supervision history: (latest 10 sessions)
----------------------------------------------------------------------------------------------------------------
 id    state      supervision  interval   count(tx/tx-err/rx)  supervision-timer 
                               start-time                      end-time                 
----------------------------------------------------------------------------------------------------------------
 58    stopped    normal       60/10      0/0/0                --           
                               2026-05-13 04:41:22 +00:00      2026-05-13 04:41:47 +00:00      
 59    stopped    normal       60/10      0/0/0                --           
                               2026-05-13 04:42:20 +00:00      2026-05-13 04:42:45 +00:00      
 60    stopped    normal       60/10      0/0/0                --           
                               2026-05-13 04:47:54 +00:00      2026-05-13 04:48:19 +00:00      
 61    stopped    normal       60/10      0/0/0                --           
                               2026-05-13 04:49:41 +00:00      2026-05-13 04:49:42 +00:00      
 62    stopped    normal       60/10      0/0/0                --           
                               2026-05-13 04:51:15 +00:00      2026-05-13 04:51:15 +00:00      
 63    stopped    normal       60/10      0/0/0                --           
                               2026-05-13 04:54:00 +00:00      2026-05-13 04:54:01 +00:00      
 64    stopped    normal       60/10      1/0/1                --           
                               2026-05-13 04:54:34 +00:00      2026-05-13 04:56:17 +00:00      
 74    stopped    normal       60/10      0/0/0                --           
                               2026-05-13 05:49:33 +00:00      2026-05-13 05:49:57 +00:00      
 75    stopped    normal       60/10      0/0/0                --           
                               2026-05-13 05:51:42 +00:00      2026-05-13 05:52:07 +00:00      
 76    running    normal       60/10      0/0/0                running (will be tx notification after 3 secs) 
                               2026-05-13 05:52:52 +00:00                                      
----------------------------------------------------------------------------------------------------------------
 
nRU# show supervision 

 M-Plane connectivity monitoring: 
------------------------------------------------------------------------------
 Supervision state: normal 
 Supervision action-of-failure: recovery-reset (close-session, reset-system) 
 Supervision count-of-failure:  0 
 Supervision reset-system-timer(180 secs): off 
 Supervision time interval: supervision-noti-interval(60 secs) guard-time-overhead(10 secs) 

 Netconf session supervision history: (latest 10 sessions)
----------------------------------------------------------------------------------------------------------------
 id    state      supervision  interval   count(tx/tx-err/rx)  supervision-timer 
                               start-time                      end-time                 
----------------------------------------------------------------------------------------------------------------
 58    stopped    normal       60/10      0/0/0                --           
                               2026-05-13 04:41:22 +00:00      2026-05-13 04:41:47 +00:00      
 59    stopped    normal       60/10      0/0/0                --           
                               2026-05-13 04:42:20 +00:00      2026-05-13 04:42:45 +00:00      
 60    stopped    normal       60/10      0/0/0                --           
                               2026-05-13 04:47:54 +00:00      2026-05-13 04:48:19 +00:00      
 61    stopped    normal       60/10      0/0/0                --           
                               2026-05-13 04:49:41 +00:00      2026-05-13 04:49:42 +00:00      
 62    stopped    normal       60/10      0/0/0                --           
                               2026-05-13 04:51:15 +00:00      2026-05-13 04:51:15 +00:00      
 63    stopped    normal       60/10      0/0/0                --           
                               2026-05-13 04:54:00 +00:00      2026-05-13 04:54:01 +00:00      
 64    stopped    normal       60/10      1/0/1                --           
                               2026-05-13 04:54:34 +00:00      2026-05-13 04:56:17 +00:00      
 74    stopped    normal       60/10      0/0/0                --           
                               2026-05-13 05:49:33 +00:00      2026-05-13 05:49:57 +00:00      
 75    stopped    normal       60/10      0/0/0                --           
                               2026-05-13 05:51:42 +00:00      2026-05-13 05:52:07 +00:00      
 76    running    normal       60/10      0/0/0                running (will be tx notification after 2 secs) 
                               2026-05-13 05:52:52 +00:00                                      
----------------------------------------------------------------------------------------------------------------
 
nRU# show supervision 

 M-Plane connectivity monitoring: 
------------------------------------------------------------------------------
 Supervision state: normal 
 Supervision action-of-failure: recovery-reset (close-session, reset-system) 
 Supervision count-of-failure:  0 
 Supervision reset-system-timer(180 secs): off 
 Supervision time interval: supervision-noti-interval(60 secs) guard-time-overhead(10 secs) 

 Netconf session supervision history: (latest 10 sessions)
----------------------------------------------------------------------------------------------------------------
 id    state      supervision  interval   count(tx/tx-err/rx)  supervision-timer 
                               start-time                      end-time                 
----------------------------------------------------------------------------------------------------------------
 58    stopped    normal       60/10      0/0/0                --           
                               2026-05-13 04:41:22 +00:00      2026-05-13 04:41:47 +00:00      
 59    stopped    normal       60/10      0/0/0                --           
                               2026-05-13 04:42:20 +00:00      2026-05-13 04:42:45 +00:00      
 60    stopped    normal       60/10      0/0/0                --           
                               2026-05-13 04:47:54 +00:00      2026-05-13 04:48:19 +00:00      
 61    stopped    normal       60/10      0/0/0                --           
                               2026-05-13 04:49:41 +00:00      2026-05-13 04:49:42 +00:00      
 62    stopped    normal       60/10      0/0/0                --           
                               2026-05-13 04:51:15 +00:00      2026-05-13 04:51:15 +00:00      
 63    stopped    normal       60/10      0/0/0                --           
                               2026-05-13 04:54:00 +00:00      2026-05-13 04:54:01 +00:00      
 64    stopped    normal       60/10      1/0/1                --           
                               2026-05-13 04:54:34 +00:00      2026-05-13 04:56:17 +00:00      
 74    stopped    normal       60/10      0/0/0                --           
                               2026-05-13 05:49:33 +00:00      2026-05-13 05:49:57 +00:00      
 75    stopped    normal       60/10      0/0/0                --           
                               2026-05-13 05:51:42 +00:00      2026-05-13 05:52:07 +00:00      
 76    running    normal       60/10      0/0/0                running (will be tx notification after 2 secs) 
                               2026-05-13 05:52:52 +00:00                                      
----------------------------------------------------------------------------------------------------------------
 
nRU# show supervision 

 M-Plane connectivity monitoring: 
------------------------------------------------------------------------------
 Supervision state: normal 
 Supervision action-of-failure: recovery-reset (close-session, reset-system) 
 Supervision count-of-failure:  0 
 Supervision reset-system-timer(180 secs): off 
 Supervision time interval: supervision-noti-interval(60 secs) guard-time-overhead(10 secs) 

 Netconf session supervision history: (latest 10 sessions)
----------------------------------------------------------------------------------------------------------------
 id    state      supervision  interval   count(tx/tx-err/rx)  supervision-timer 
                               start-time                      end-time                 
----------------------------------------------------------------------------------------------------------------
 58    stopped    normal       60/10      0/0/0                --           
                               2026-05-13 04:41:22 +00:00      2026-05-13 04:41:47 +00:00      
 59    stopped    normal       60/10      0/0/0                --           
                               2026-05-13 04:42:20 +00:00      2026-05-13 04:42:45 +00:00      
 60    stopped    normal       60/10      0/0/0                --           
                               2026-05-13 04:47:54 +00:00      2026-05-13 04:48:19 +00:00      
 61    stopped    normal       60/10      0/0/0                --           
                               2026-05-13 04:49:41 +00:00      2026-05-13 04:49:42 +00:00      
 62    stopped    normal       60/10      0/0/0                --           
                               2026-05-13 04:51:15 +00:00      2026-05-13 04:51:15 +00:00      
 63    stopped    normal       60/10      0/0/0                --           
                               2026-05-13 04:54:00 +00:00      2026-05-13 04:54:01 +00:00      
 64    stopped    normal       60/10      1/0/1                --           
                               2026-05-13 04:54:34 +00:00      2026-05-13 04:56:17 +00:00      
 74    stopped    normal       60/10      0/0/0                --           
                               2026-05-13 05:49:33 +00:00      2026-05-13 05:49:57 +00:00      
 75    stopped    normal       60/10      0/0/0                --           
                               2026-05-13 05:51:42 +00:00      2026-05-13 05:52:07 +00:00      
 76    running    normal       60/10      0/0/0                running (will be tx notification after 1 secs) 
                               2026-05-13 05:52:52 +00:00                                      
----------------------------------------------------------------------------------------------------------------
 
nRU# show supervision 

 M-Plane connectivity monitoring: 
------------------------------------------------------------------------------
 Supervision state: normal 
 Supervision action-of-failure: recovery-reset (close-session, reset-system) 
 Supervision count-of-failure:  0 
 Supervision reset-system-timer(180 secs): off 
 Supervision time interval: supervision-noti-interval(60 secs) guard-time-overhead(10 secs) 

 Netconf session supervision history: (latest 10 sessions)
----------------------------------------------------------------------------------------------------------------
 id    state      supervision  interval   count(tx/tx-err/rx)  supervision-timer 
                               start-time                      end-time                 
----------------------------------------------------------------------------------------------------------------
 58    stopped    normal       60/10      0/0/0                --           
                               2026-05-13 04:41:22 +00:00      2026-05-13 04:41:47 +00:00      
 59    stopped    normal       60/10      0/0/0                --           
                               2026-05-13 04:42:20 +00:00      2026-05-13 04:42:45 +00:00      
 60    stopped    normal       60/10      0/0/0                --           
                               2026-05-13 04:47:54 +00:00      2026-05-13 04:48:19 +00:00      
 61    stopped    normal       60/10      0/0/0                --           
                               2026-05-13 04:49:41 +00:00      2026-05-13 04:49:42 +00:00      
 62    stopped    normal       60/10      0/0/0                --           
                               2026-05-13 04:51:15 +00:00      2026-05-13 04:51:15 +00:00      
 63    stopped    normal       60/10      0/0/0                --           
                               2026-05-13 04:54:00 +00:00      2026-05-13 04:54:01 +00:00      
 64    stopped    normal       60/10      1/0/1                --           
                               2026-05-13 04:54:34 +00:00      2026-05-13 04:56:17 +00:00      
 74    stopped    normal       60/10      0/0/0                --           
                               2026-05-13 05:49:33 +00:00      2026-05-13 05:49:57 +00:00      
 75    stopped    normal       60/10      0/0/0                --           
                               2026-05-13 05:51:42 +00:00      2026-05-13 05:52:07 +00:00      
 76    running    normal       60/10      0/0/0                running (will be tx notification after 1 secs) 
                               2026-05-13 05:52:52 +00:00                                      
----------------------------------------------------------------------------------------------------------------
 
nRU# show supervision 

 M-Plane connectivity monitoring: 
------------------------------------------------------------------------------
 Supervision state: normal 
 Supervision action-of-failure: recovery-reset (close-session, reset-system) 
 Supervision count-of-failure:  0 
 Supervision reset-system-timer(180 secs): off 
 Supervision time interval: supervision-noti-interval(60 secs) guard-time-overhead(10 secs) 

 Netconf session supervision history: (latest 10 sessions)
----------------------------------------------------------------------------------------------------------------
 id    state      supervision  interval   count(tx/tx-err/rx)  supervision-timer 
                               start-time                      end-time                 
----------------------------------------------------------------------------------------------------------------
 58    stopped    normal       60/10      0/0/0                --           
                               2026-05-13 04:41:22 +00:00      2026-05-13 04:41:47 +00:00      
 59    stopped    normal       60/10      0/0/0                --           
                               2026-05-13 04:42:20 +00:00      2026-05-13 04:42:45 +00:00      
 60    stopped    normal       60/10      0/0/0                --           
                               2026-05-13 04:47:54 +00:00      2026-05-13 04:48:19 +00:00      
 61    stopped    normal       60/10      0/0/0                --           
                               2026-05-13 04:49:41 +00:00      2026-05-13 04:49:42 +00:00      
 62    stopped    normal       60/10      0/0/0                --           
                               2026-05-13 04:51:15 +00:00      2026-05-13 04:51:15 +00:00      
 63    stopped    normal       60/10      0/0/0                --           
                               2026-05-13 04:54:00 +00:00      2026-05-13 04:54:01 +00:00      
 64    stopped    normal       60/10      1/0/1                --           
                               2026-05-13 04:54:34 +00:00      2026-05-13 04:56:17 +00:00      
 74    stopped    normal       60/10      0/0/0                --           
                               2026-05-13 05:49:33 +00:00      2026-05-13 05:49:57 +00:00      
 75    stopped    normal       60/10      0/0/0                --           
                               2026-05-13 05:51:42 +00:00      2026-05-13 05:52:07 +00:00      
 76    running    normal       60/10      0/0/0                running (will be tx notification after 0 secs) 
                               2026-05-13 05:52:52 +00:00                                      
----------------------------------------------------------------------------------------------------------------
 
nRU# show supervision 

 M-Plane connectivity monitoring: 
------------------------------------------------------------------------------
 Supervision state: normal 
 Supervision action-of-failure: recovery-reset (close-session, reset-system) 
 Supervision count-of-failure:  0 
 Supervision reset-system-timer(180 secs): off 
 Supervision time interval: supervision-noti-interval(60 secs) guard-time-overhead(10 secs) 

 Netconf session supervision history: (latest 10 sessions)
----------------------------------------------------------------------------------------------------------------
 id    state      supervision  interval   count(tx/tx-err/rx)  supervision-timer 
                               start-time                      end-time                 
----------------------------------------------------------------------------------------------------------------
 58    stopped    normal       60/10      0/0/0                --           
                               2026-05-13 04:41:22 +00:00      2026-05-13 04:41:47 +00:00      
 59    stopped    normal       60/10      0/0/0                --           
                               2026-05-13 04:42:20 +00:00      2026-05-13 04:42:45 +00:00      
 60    stopped    normal       60/10      0/0/0                --           
                               2026-05-13 04:47:54 +00:00      2026-05-13 04:48:19 +00:00      
 61    stopped    normal       60/10      0/0/0                --           
                               2026-05-13 04:49:41 +00:00      2026-05-13 04:49:42 +00:00      
 62    stopped    normal       60/10      0/0/0                --           
                               2026-05-13 04:51:15 +00:00      2026-05-13 04:51:15 +00:00      
 63    stopped    normal       60/10      0/0/0                --           
                               2026-05-13 04:54:00 +00:00      2026-05-13 04:54:01 +00:00      
 64    stopped    normal       60/10      1/0/1                --           
                               2026-05-13 04:54:34 +00:00      2026-05-13 04:56:17 +00:00      
 74    stopped    normal       60/10      0/0/0                --           
                               2026-05-13 05:49:33 +00:00      2026-05-13 05:49:57 +00:00      
 75    stopped    normal       60/10      0/0/0                --           
                               2026-05-13 05:51:42 +00:00      2026-05-13 05:52:07 +00:00      
 76    running    normal       60/10      1/0/0                running (waiting 9 secs until rx watchdog-reset) 
                               2026-05-13 05:52:52 +00:00                                      
----------------------------------------------------------------------------------------------------------------
 
nRU# show supervision 

 M-Plane connectivity monitoring: 
------------------------------------------------------------------------------
 Supervision state: normal 
 Supervision action-of-failure: recovery-reset (close-session, reset-system) 
 Supervision count-of-failure:  0 
 Supervision reset-system-timer(180 secs): off 
 Supervision time interval: supervision-noti-interval(60 secs) guard-time-overhead(10 secs) 

 Netconf session supervision history: (latest 10 sessions)
----------------------------------------------------------------------------------------------------------------
 id    state      supervision  interval   count(tx/tx-err/rx)  supervision-timer 
                               start-time                      end-time                 
----------------------------------------------------------------------------------------------------------------
 58    stopped    normal       60/10      0/0/0                --           
                               2026-05-13 04:41:22 +00:00      2026-05-13 04:41:47 +00:00      
 59    stopped    normal       60/10      0/0/0                --           
                               2026-05-13 04:42:20 +00:00      2026-05-13 04:42:45 +00:00      
 60    stopped    normal       60/10      0/0/0                --           
                               2026-05-13 04:47:54 +00:00      2026-05-13 04:48:19 +00:00      
 61    stopped    normal       60/10      0/0/0                --           
                               2026-05-13 04:49:41 +00:00      2026-05-13 04:49:42 +00:00      
 62    stopped    normal       60/10      0/0/0                --           
                               2026-05-13 04:51:15 +00:00      2026-05-13 04:51:15 +00:00      
 63    stopped    normal       60/10      0/0/0                --           
                               2026-05-13 04:54:00 +00:00      2026-05-13 04:54:01 +00:00      
 64    stopped    normal       60/10      1/0/1                --           
                               2026-05-13 04:54:34 +00:00      2026-05-13 04:56:17 +00:00      
 74    stopped    normal       60/10      0/0/0                --           
                               2026-05-13 05:49:33 +00:00      2026-05-13 05:49:57 +00:00      
 75    stopped    normal       60/10      0/0/0                --           
                               2026-05-13 05:51:42 +00:00      2026-05-13 05:52:07 +00:00      
 76    running    normal       60/10      1/0/0                running (waiting 8 secs until rx watchdog-reset) 
                               2026-05-13 05:52:52 +00:00                                      
----------------------------------------------------------------------------------------------------------------
 
nRU# show supervision 

 M-Plane connectivity monitoring: 
------------------------------------------------------------------------------
 Supervision state: normal 
 Supervision action-of-failure: recovery-reset (close-session, reset-system) 
 Supervision count-of-failure:  0 
 Supervision reset-system-timer(180 secs): off 
 Supervision time interval: supervision-noti-interval(60 secs) guard-time-overhead(10 secs) 

 Netconf session supervision history: (latest 10 sessions)
----------------------------------------------------------------------------------------------------------------
 id    state      supervision  interval   count(tx/tx-err/rx)  supervision-timer 
                               start-time                      end-time                 
----------------------------------------------------------------------------------------------------------------
 58    stopped    normal       60/10      0/0/0                --           
                               2026-05-13 04:41:22 +00:00      2026-05-13 04:41:47 +00:00      
 59    stopped    normal       60/10      0/0/0                --           
                               2026-05-13 04:42:20 +00:00      2026-05-13 04:42:45 +00:00      
 60    stopped    normal       60/10      0/0/0                --           
                               2026-05-13 04:47:54 +00:00      2026-05-13 04:48:19 +00:00      
 61    stopped    normal       60/10      0/0/0                --           
                               2026-05-13 04:49:41 +00:00      2026-05-13 04:49:42 +00:00      
 62    stopped    normal       60/10      0/0/0                --           
                               2026-05-13 04:51:15 +00:00      2026-05-13 04:51:15 +00:00      
 63    stopped    normal       60/10      0/0/0                --           
                               2026-05-13 04:54:00 +00:00      2026-05-13 04:54:01 +00:00      
 64    stopped    normal       60/10      1/0/1                --           
                               2026-05-13 04:54:34 +00:00      2026-05-13 04:56:17 +00:00      
 74    stopped    normal       60/10      0/0/0                --           
                               2026-05-13 05:49:33 +00:00      2026-05-13 05:49:57 +00:00      
 75    stopped    normal       60/10      0/0/0                --           
                               2026-05-13 05:51:42 +00:00      2026-05-13 05:52:07 +00:00      
 76    running    normal       60/10      1/0/0                running (waiting 7 secs until rx watchdog-reset) 
                               2026-05-13 05:52:52 +00:00                                      
----------------------------------------------------------------------------------------------------------------
 
nRU# show supervision 

 M-Plane connectivity monitoring: 
------------------------------------------------------------------------------
 Supervision state: normal 
 Supervision action-of-failure: recovery-reset (close-session, reset-system) 
 Supervision count-of-failure:  0 
 Supervision reset-system-timer(180 secs): off 
 Supervision time interval: supervision-noti-interval(60 secs) guard-time-overhead(10 secs) 

 Netconf session supervision history: (latest 10 sessions)
----------------------------------------------------------------------------------------------------------------
 id    state      supervision  interval   count(tx/tx-err/rx)  supervision-timer 
                               start-time                      end-time                 
----------------------------------------------------------------------------------------------------------------
 58    stopped    normal       60/10      0/0/0                --           
                               2026-05-13 04:41:22 +00:00      2026-05-13 04:41:47 +00:00      
 59    stopped    normal       60/10      0/0/0                --           
                               2026-05-13 04:42:20 +00:00      2026-05-13 04:42:45 +00:00      
 60    stopped    normal       60/10      0/0/0                --           
                               2026-05-13 04:47:54 +00:00      2026-05-13 04:48:19 +00:00      
 61    stopped    normal       60/10      0/0/0                --           
                               2026-05-13 04:49:41 +00:00      2026-05-13 04:49:42 +00:00      
 62    stopped    normal       60/10      0/0/0                --           
                               2026-05-13 04:51:15 +00:00      2026-05-13 04:51:15 +00:00      
 63    stopped    normal       60/10      0/0/0                --           
                               2026-05-13 04:54:00 +00:00      2026-05-13 04:54:01 +00:00      
 64    stopped    normal       60/10      1/0/1                --           
                               2026-05-13 04:54:34 +00:00      2026-05-13 04:56:17 +00:00      
 74    stopped    normal       60/10      0/0/0                --           
                               2026-05-13 05:49:33 +00:00      2026-05-13 05:49:57 +00:00      
 75    stopped    normal       60/10      0/0/0                --           
                               2026-05-13 05:51:42 +00:00      2026-05-13 05:52:07 +00:00      
 76    running    normal       60/10      1/0/0                running (waiting 6 secs until rx watchdog-reset) 
                               2026-05-13 05:52:52 +00:00                                      
----------------------------------------------------------------------------------------------------------------
 
nRU# show supervision 

 M-Plane connectivity monitoring: 
------------------------------------------------------------------------------
 Supervision state: normal 
 Supervision action-of-failure: recovery-reset (close-session, reset-system) 
 Supervision count-of-failure:  0 
 Supervision reset-system-timer(180 secs): off 
 Supervision time interval: supervision-noti-interval(60 secs) guard-time-overhead(10 secs) 

 Netconf session supervision history: (latest 10 sessions)
----------------------------------------------------------------------------------------------------------------
 id    state      supervision  interval   count(tx/tx-err/rx)  supervision-timer 
                               start-time                      end-time                 
----------------------------------------------------------------------------------------------------------------
 58    stopped    normal       60/10      0/0/0                --           
                               2026-05-13 04:41:22 +00:00      2026-05-13 04:41:47 +00:00      
 59    stopped    normal       60/10      0/0/0                --           
                               2026-05-13 04:42:20 +00:00      2026-05-13 04:42:45 +00:00      
 60    stopped    normal       60/10      0/0/0                --           
                               2026-05-13 04:47:54 +00:00      2026-05-13 04:48:19 +00:00      
 61    stopped    normal       60/10      0/0/0                --           
                               2026-05-13 04:49:41 +00:00      2026-05-13 04:49:42 +00:00      
 62    stopped    normal       60/10      0/0/0                --           
                               2026-05-13 04:51:15 +00:00      2026-05-13 04:51:15 +00:00      
 63    stopped    normal       60/10      0/0/0                --           
                               2026-05-13 04:54:00 +00:00      2026-05-13 04:54:01 +00:00      
 64    stopped    normal       60/10      1/0/1                --           
                               2026-05-13 04:54:34 +00:00      2026-05-13 04:56:17 +00:00      
 74    stopped    normal       60/10      0/0/0                --           
                               2026-05-13 05:49:33 +00:00      2026-05-13 05:49:57 +00:00      
 75    stopped    normal       60/10      0/0/0                --           
                               2026-05-13 05:51:42 +00:00      2026-05-13 05:52:07 +00:00      
 76    running    normal       60/10      1/0/0                running (waiting 5 secs until rx watchdog-reset) 
                               2026-05-13 05:52:52 +00:00                                      
----------------------------------------------------------------------------------------------------------------
 
nRU# show supervision 

 M-Plane connectivity monitoring: 
------------------------------------------------------------------------------
 Supervision state: normal 
 Supervision action-of-failure: recovery-reset (close-session, reset-system) 
 Supervision count-of-failure:  0 
 Supervision reset-system-timer(180 secs): off 
 Supervision time interval: supervision-noti-interval(60 secs) guard-time-overhead(10 secs) 

 Netconf session supervision history: (latest 10 sessions)
----------------------------------------------------------------------------------------------------------------
 id    state      supervision  interval   count(tx/tx-err/rx)  supervision-timer 
                               start-time                      end-time                 
----------------------------------------------------------------------------------------------------------------
 58    stopped    normal       60/10      0/0/0                --           
                               2026-05-13 04:41:22 +00:00      2026-05-13 04:41:47 +00:00      
 59    stopped    normal       60/10      0/0/0                --           
                               2026-05-13 04:42:20 +00:00      2026-05-13 04:42:45 +00:00      
 60    stopped    normal       60/10      0/0/0                --           
                               2026-05-13 04:47:54 +00:00      2026-05-13 04:48:19 +00:00      
 61    stopped    normal       60/10      0/0/0                --           
                               2026-05-13 04:49:41 +00:00      2026-05-13 04:49:42 +00:00      
 62    stopped    normal       60/10      0/0/0                --           
                               2026-05-13 04:51:15 +00:00      2026-05-13 04:51:15 +00:00      
 63    stopped    normal       60/10      0/0/0                --           
                               2026-05-13 04:54:00 +00:00      2026-05-13 04:54:01 +00:00      
 64    stopped    normal       60/10      1/0/1                --           
                               2026-05-13 04:54:34 +00:00      2026-05-13 04:56:17 +00:00      
 74    stopped    normal       60/10      0/0/0                --           
                               2026-05-13 05:49:33 +00:00      2026-05-13 05:49:57 +00:00      
 75    stopped    normal       60/10      0/0/0                --           
                               2026-05-13 05:51:42 +00:00      2026-05-13 05:52:07 +00:00      
 76    running    normal       60/10      1/0/0                running (waiting 5 secs until rx watchdog-reset) 
                               2026-05-13 05:52:52 +00:00                                      
----------------------------------------------------------------------------------------------------------------
 
nRU# show supervision 

 M-Plane connectivity monitoring: 
------------------------------------------------------------------------------
 Supervision state: normal 
 Supervision action-of-failure: recovery-reset (close-session, reset-system) 
 Supervision count-of-failure:  0 
 Supervision reset-system-timer(180 secs): off 
 Supervision time interval: supervision-noti-interval(60 secs) guard-time-overhead(10 secs) 

 Netconf session supervision history: (latest 10 sessions)
----------------------------------------------------------------------------------------------------------------
 id    state      supervision  interval   count(tx/tx-err/rx)  supervision-timer 
                               start-time                      end-time                 
----------------------------------------------------------------------------------------------------------------
 58    stopped    normal       60/10      0/0/0                --           
                               2026-05-13 04:41:22 +00:00      2026-05-13 04:41:47 +00:00      
 59    stopped    normal       60/10      0/0/0                --           
                               2026-05-13 04:42:20 +00:00      2026-05-13 04:42:45 +00:00      
 60    stopped    normal       60/10      0/0/0                --           
                               2026-05-13 04:47:54 +00:00      2026-05-13 04:48:19 +00:00      
 61    stopped    normal       60/10      0/0/0                --           
                               2026-05-13 04:49:41 +00:00      2026-05-13 04:49:42 +00:00      
 62    stopped    normal       60/10      0/0/0                --           
                               2026-05-13 04:51:15 +00:00      2026-05-13 04:51:15 +00:00      
 63    stopped    normal       60/10      0/0/0                --           
                               2026-05-13 04:54:00 +00:00      2026-05-13 04:54:01 +00:00      
 64    stopped    normal       60/10      1/0/1                --           
                               2026-05-13 04:54:34 +00:00      2026-05-13 04:56:17 +00:00      
 74    stopped    normal       60/10      0/0/0                --           
                               2026-05-13 05:49:33 +00:00      2026-05-13 05:49:57 +00:00      
 75    stopped    normal       60/10      0/0/0                --           
                               2026-05-13 05:51:42 +00:00      2026-05-13 05:52:07 +00:00      
 76    running    normal       60/10      1/0/0                running (waiting 4 secs until rx watchdog-reset) 
                               2026-05-13 05:52:52 +00:00                                      
----------------------------------------------------------------------------------------------------------------
 
nRU# show supervision 

 M-Plane connectivity monitoring: 
------------------------------------------------------------------------------
 Supervision state: normal 
 Supervision action-of-failure: recovery-reset (close-session, reset-system) 
 Supervision count-of-failure:  0 
 Supervision reset-system-timer(180 secs): off 
 Supervision time interval: supervision-noti-interval(60 secs) guard-time-overhead(10 secs) 

 Netconf session supervision history: (latest 10 sessions)
----------------------------------------------------------------------------------------------------------------
 id    state      supervision  interval   count(tx/tx-err/rx)  supervision-timer 
                               start-time                      end-time                 
----------------------------------------------------------------------------------------------------------------
 58    stopped    normal       60/10      0/0/0                --           
                               2026-05-13 04:41:22 +00:00      2026-05-13 04:41:47 +00:00      
 59    stopped    normal       60/10      0/0/0                --           
                               2026-05-13 04:42:20 +00:00      2026-05-13 04:42:45 +00:00      
 60    stopped    normal       60/10      0/0/0                --           
                               2026-05-13 04:47:54 +00:00      2026-05-13 04:48:19 +00:00      
 61    stopped    normal       60/10      0/0/0                --           
                               2026-05-13 04:49:41 +00:00      2026-05-13 04:49:42 +00:00      
 62    stopped    normal       60/10      0/0/0                --           
                               2026-05-13 04:51:15 +00:00      2026-05-13 04:51:15 +00:00      
 63    stopped    normal       60/10      0/0/0                --           
                               2026-05-13 04:54:00 +00:00      2026-05-13 04:54:01 +00:00      
 64    stopped    normal       60/10      1/0/1                --           
                               2026-05-13 04:54:34 +00:00      2026-05-13 04:56:17 +00:00      
 74    stopped    normal       60/10      0/0/0                --           
                               2026-05-13 05:49:33 +00:00      2026-05-13 05:49:57 +00:00      
 75    stopped    normal       60/10      0/0/0                --           
                               2026-05-13 05:51:42 +00:00      2026-05-13 05:52:07 +00:00      
 76    running    normal       60/10      1/0/0                running (waiting 3 secs until rx watchdog-reset) 
                               2026-05-13 05:52:52 +00:00                                      
----------------------------------------------------------------------------------------------------------------
 
nRU# 
nRU# show supervision 

 M-Plane connectivity monitoring: 
------------------------------------------------------------------------------
 Supervision state: normal 
 Supervision action-of-failure: recovery-reset (close-session, reset-system) 
 Supervision count-of-failure:  0 
 Supervision reset-system-timer(180 secs): off 
 Supervision time interval: supervision-noti-interval(60 secs) guard-time-overhead(10 secs) 

 Netconf session supervision history: (latest 10 sessions)
----------------------------------------------------------------------------------------------------------------
 id    state      supervision  interval   count(tx/tx-err/rx)  supervision-timer 
                               start-time                      end-time                 
----------------------------------------------------------------------------------------------------------------
 58    stopped    normal       60/10      0/0/0                --           
                               2026-05-13 04:41:22 +00:00      2026-05-13 04:41:47 +00:00      
 59    stopped    normal       60/10      0/0/0                --           
                               2026-05-13 04:42:20 +00:00      2026-05-13 04:42:45 +00:00      
 60    stopped    normal       60/10      0/0/0                --           
                               2026-05-13 04:47:54 +00:00      2026-05-13 04:48:19 +00:00      
 61    stopped    normal       60/10      0/0/0                --           
                               2026-05-13 04:49:41 +00:00      2026-05-13 04:49:42 +00:00      
 62    stopped    normal       60/10      0/0/0                --           
                               2026-05-13 04:51:15 +00:00      2026-05-13 04:51:15 +00:00      
 63    stopped    normal       60/10      0/0/0                --           
                               2026-05-13 04:54:00 +00:00      2026-05-13 04:54:01 +00:00      
 64    stopped    normal       60/10      1/0/1                --           
                               2026-05-13 04:54:34 +00:00      2026-05-13 04:56:17 +00:00      
 74    stopped    normal       60/10      0/0/0                --           
                               2026-05-13 05:49:33 +00:00      2026-05-13 05:49:57 +00:00      
 75    stopped    normal       60/10      0/0/0                --           
                               2026-05-13 05:51:42 +00:00      2026-05-13 05:52:07 +00:00      
 76    running    normal       60/10      1/0/0                running (waiting 2 secs until rx watchdog-reset) 
                               2026-05-13 05:52:52 +00:00                                      
----------------------------------------------------------------------------------------------------------------
 
nRU# show supervision 

 M-Plane connectivity monitoring: 
------------------------------------------------------------------------------
 Supervision state: normal 
 Supervision action-of-failure: recovery-reset (close-session, reset-system) 
 Supervision count-of-failure:  0 
 Supervision reset-system-timer(180 secs): off 
 Supervision time interval: supervision-noti-interval(60 secs) guard-time-overhead(10 secs) 

 Netconf session supervision history: (latest 10 sessions)
----------------------------------------------------------------------------------------------------------------
 id    state      supervision  interval   count(tx/tx-err/rx)  supervision-timer 
                               start-time                      end-time                 
----------------------------------------------------------------------------------------------------------------
 58    stopped    normal       60/10      0/0/0                --           
                               2026-05-13 04:41:22 +00:00      2026-05-13 04:41:47 +00:00      
 59    stopped    normal       60/10      0/0/0                --           
                               2026-05-13 04:42:20 +00:00      2026-05-13 04:42:45 +00:00      
 60    stopped    normal       60/10      0/0/0                --           
                               2026-05-13 04:47:54 +00:00      2026-05-13 04:48:19 +00:00      
 61    stopped    normal       60/10      0/0/0                --           
                               2026-05-13 04:49:41 +00:00      2026-05-13 04:49:42 +00:00      
 62    stopped    normal       60/10      0/0/0                --           
                               2026-05-13 04:51:15 +00:00      2026-05-13 04:51:15 +00:00      
 63    stopped    normal       60/10      0/0/0                --           
                               2026-05-13 04:54:00 +00:00      2026-05-13 04:54:01 +00:00      
 64    stopped    normal       60/10      1/0/1                --           
                               2026-05-13 04:54:34 +00:00      2026-05-13 04:56:17 +00:00      
 74    stopped    normal       60/10      0/0/0                --           
                               2026-05-13 05:49:33 +00:00      2026-05-13 05:49:57 +00:00      
 75    stopped    normal       60/10      0/0/0                --           
                               2026-05-13 05:51:42 +00:00      2026-05-13 05:52:07 +00:00      
 76    running    normal       60/10      1/0/0                running (waiting 1 secs until rx watchdog-reset) 
                               2026-05-13 05:52:52 +00:00                                      
----------------------------------------------------------------------------------------------------------------
 
nRU# show supervision 

 M-Plane connectivity monitoring: 
------------------------------------------------------------------------------
 Supervision state: normal 
 Supervision action-of-failure: recovery-reset (close-session, reset-system) 
 Supervision count-of-failure:  0 
 Supervision reset-system-timer(180 secs): off 
 Supervision time interval: supervision-noti-interval(60 secs) guard-time-overhead(10 secs) 

 Netconf session supervision history: (latest 10 sessions)
----------------------------------------------------------------------------------------------------------------
 id    state      supervision  interval   count(tx/tx-err/rx)  supervision-timer 
                               start-time                      end-time                 
----------------------------------------------------------------------------------------------------------------
 58    stopped    normal       60/10      0/0/0                --           
                               2026-05-13 04:41:22 +00:00      2026-05-13 04:41:47 +00:00      
 59    stopped    normal       60/10      0/0/0                --           
                               2026-05-13 04:42:20 +00:00      2026-05-13 04:42:45 +00:00      
 60    stopped    normal       60/10      0/0/0                --           
                               2026-05-13 04:47:54 +00:00      2026-05-13 04:48:19 +00:00      
 61    stopped    normal       60/10      0/0/0                --           
                               2026-05-13 04:49:41 +00:00      2026-05-13 04:49:42 +00:00      
 62    stopped    normal       60/10      0/0/0                --           
                               2026-05-13 04:51:15 +00:00      2026-05-13 04:51:15 +00:00      
 63    stopped    normal       60/10      0/0/0                --           
                               2026-05-13 04:54:00 +00:00      2026-05-13 04:54:01 +00:00      
 64    stopped    normal       60/10      1/0/1                --           
                               2026-05-13 04:54:34 +00:00      2026-05-13 04:56:17 +00:00      
 74    stopped    normal       60/10      0/0/0                --           
                               2026-05-13 05:49:33 +00:00      2026-05-13 05:49:57 +00:00      
 75    stopped    normal       60/10      0/0/0                --           
                               2026-05-13 05:51:42 +00:00      2026-05-13 05:52:07 +00:00      
 76    running    normal       60/10      1/0/0                running (waiting 1 secs until rx watchdog-reset) 
                               2026-05-13 05:52:52 +00:00                                      
----------------------------------------------------------------------------------------------------------------
 
nRU# show supervision 

 M-Plane connectivity monitoring: 
------------------------------------------------------------------------------
 Supervision state: supervision-failure(session-id=76) 
 Supervision action-of-failure: recovery-reset (close-session, reset-system) 
 Supervision count-of-failure:  1 
 Supervision reset-system-timer(180 secs): running (remaining time 180 seconds) 
 Supervision time interval: supervision-noti-interval(60 secs) guard-time-overhead(10 secs) 

 Netconf session supervision history: (latest 10 sessions)
----------------------------------------------------------------------------------------------------------------
 id    state      supervision  interval   count(tx/tx-err/rx)  supervision-timer 
                               start-time                      end-time                 
----------------------------------------------------------------------------------------------------------------
 58    stopped    normal       60/10      0/0/0                --           
                               2026-05-13 04:41:22 +00:00      2026-05-13 04:41:47 +00:00      
 59    stopped    normal       60/10      0/0/0                --           
                               2026-05-13 04:42:20 +00:00      2026-05-13 04:42:45 +00:00      
 60    stopped    normal       60/10      0/0/0                --           
                               2026-05-13 04:47:54 +00:00      2026-05-13 04:48:19 +00:00      
 61    stopped    normal       60/10      0/0/0                --           
                               2026-05-13 04:49:41 +00:00      2026-05-13 04:49:42 +00:00      
 62    stopped    normal       60/10      0/0/0                --           
                               2026-05-13 04:51:15 +00:00      2026-05-13 04:51:15 +00:00      
 63    stopped    normal       60/10      0/0/0                --           
                               2026-05-13 04:54:00 +00:00      2026-05-13 04:54:01 +00:00      
 64    stopped    normal       60/10      1/0/1                --           
                               2026-05-13 04:54:34 +00:00      2026-05-13 04:56:17 +00:00      
 74    stopped    normal       60/10      0/0/0                --           
                               2026-05-13 05:49:33 +00:00      2026-05-13 05:49:57 +00:00      
 75    stopped    normal       60/10      0/0/0                --           
                               2026-05-13 05:51:42 +00:00      2026-05-13 05:52:07 +00:00      
 76    stopped    failure      60/10      1/0/0                --           
                               2026-05-13 05:52:52 +00:00      2026-05-13 05:54:02 +00:00      
----------------------------------------------------------------------------------------------------------------
 
nRU# show supervision 

 M-Plane connectivity monitoring: 
------------------------------------------------------------------------------
 Supervision state: supervision-failure(session-id=76) 
 Supervision action-of-failure: recovery-reset (close-session, reset-system) 
 Supervision count-of-failure:  1 
 Supervision reset-system-timer(180 secs): running (remaining time 178 seconds) 
 Supervision time interval: supervision-noti-interval(60 secs) guard-time-overhead(10 secs) 

 Netconf session supervision history: (latest 10 sessions)
----------------------------------------------------------------------------------------------------------------
 id    state      supervision  interval   count(tx/tx-err/rx)  supervision-timer 
                               start-time                      end-time                 
----------------------------------------------------------------------------------------------------------------
 58    stopped    normal       60/10      0/0/0                --           
                               2026-05-13 04:41:22 +00:00      2026-05-13 04:41:47 +00:00      
 59    stopped    normal       60/10      0/0/0                --           
                               2026-05-13 04:42:20 +00:00      2026-05-13 04:42:45 +00:00      
 60    stopped    normal       60/10      0/0/0                --           
                               2026-05-13 04:47:54 +00:00      2026-05-13 04:48:19 +00:00      
 61    stopped    normal       60/10      0/0/0                --           
                               2026-05-13 04:49:41 +00:00      2026-05-13 04:49:42 +00:00      
 62    stopped    normal       60/10      0/0/0                --           
                               2026-05-13 04:51:15 +00:00      2026-05-13 04:51:15 +00:00      
 63    stopped    normal       60/10      0/0/0                --           
                               2026-05-13 04:54:00 +00:00      2026-05-13 04:54:01 +00:00      
 64    stopped    normal       60/10      1/0/1                --           
                               2026-05-13 04:54:34 +00:00      2026-05-13 04:56:17 +00:00      
 74    stopped    normal       60/10      0/0/0                --           
                               2026-05-13 05:49:33 +00:00      2026-05-13 05:49:57 +00:00      
 75    stopped    normal       60/10      0/0/0                --           
                               2026-05-13 05:51:42 +00:00      2026-05-13 05:52:07 +00:00      
 76    stopped    failure      60/10      1/0/0                --           
                               2026-05-13 05:52:52 +00:00      2026-05-13 05:54:02 +00:00      
----------------------------------------------------------------------------------------------------------------
 
nRU# show supervision 

 M-Plane connectivity monitoring: 
------------------------------------------------------------------------------
 Supervision state: supervision-failure(session-id=76) 
 Supervision action-of-failure: recovery-reset (close-session, reset-system) 
 Supervision count-of-failure:  1 
 Supervision reset-system-timer(180 secs): running (remaining time 177 seconds) 
 Supervision time interval: supervision-noti-interval(60 secs) guard-time-overhead(10 secs) 

 Netconf session supervision history: (latest 10 sessions)
----------------------------------------------------------------------------------------------------------------
 id    state      supervision  interval   count(tx/tx-err/rx)  supervision-timer 
                               start-time                      end-time                 
----------------------------------------------------------------------------------------------------------------
 58    stopped    normal       60/10      0/0/0                --           
                               2026-05-13 04:41:22 +00:00      2026-05-13 04:41:47 +00:00      
 59    stopped    normal       60/10      0/0/0                --           
                               2026-05-13 04:42:20 +00:00      2026-05-13 04:42:45 +00:00      
 60    stopped    normal       60/10      0/0/0                --           
                               2026-05-13 04:47:54 +00:00      2026-05-13 04:48:19 +00:00      
 61    stopped    normal       60/10      0/0/0                --           
                               2026-05-13 04:49:41 +00:00      2026-05-13 04:49:42 +00:00      
 62    stopped    normal       60/10      0/0/0                --           
                               2026-05-13 04:51:15 +00:00      2026-05-13 04:51:15 +00:00      
 63    stopped    normal       60/10      0/0/0                --           
                               2026-05-13 04:54:00 +00:00      2026-05-13 04:54:01 +00:00      
 64    stopped    normal       60/10      1/0/1                --           
                               2026-05-13 04:54:34 +00:00      2026-05-13 04:56:17 +00:00      
 74    stopped    normal       60/10      0/0/0                --           
                               2026-05-13 05:49:33 +00:00      2026-05-13 05:49:57 +00:00      
 75    stopped    normal       60/10      0/0/0                --           
                               2026-05-13 05:51:42 +00:00      2026-05-13 05:52:07 +00:00      
 76    stopped    failure      60/10      1/0/0                --           
                               2026-05-13 05:52:52 +00:00      2026-05-13 05:54:02 +00:00      
----------------------------------------------------------------------------------------------------------------
 
nRU# show supervision 

 M-Plane connectivity monitoring: 
------------------------------------------------------------------------------
 Supervision state: supervision-failure(session-id=76) 
 Supervision action-of-failure: recovery-reset (close-session, reset-system) 
 Supervision count-of-failure:  1 
 Supervision reset-system-timer(180 secs): running (remaining time 44 seconds) 
 Supervision time interval: supervision-noti-interval(60 secs) guard-time-overhead(10 secs) 

 Netconf session supervision history: (latest 10 sessions)
----------------------------------------------------------------------------------------------------------------
 id    state      supervision  interval   count(tx/tx-err/rx)  supervision-timer 
                               start-time                      end-time                 
----------------------------------------------------------------------------------------------------------------
 58    stopped    normal       60/10      0/0/0                --           
                               2026-05-13 04:41:22 +00:00      2026-05-13 04:41:47 +00:00      
 59    stopped    normal       60/10      0/0/0                --           
                               2026-05-13 04:42:20 +00:00      2026-05-13 04:42:45 +00:00      
 60    stopped    normal       60/10      0/0/0                --           
                               2026-05-13 04:47:54 +00:00      2026-05-13 04:48:19 +00:00      
 61    stopped    normal       60/10      0/0/0                --           
                               2026-05-13 04:49:41 +00:00      2026-05-13 04:49:42 +00:00      
 62    stopped    normal       60/10      0/0/0                --           
                               2026-05-13 04:51:15 +00:00      2026-05-13 04:51:15 +00:00      
 63    stopped    normal       60/10      0/0/0                --           
                               2026-05-13 04:54:00 +00:00      2026-05-13 04:54:01 +00:00      
 64    stopped    normal       60/10      1/0/1                --           
                               2026-05-13 04:54:34 +00:00      2026-05-13 04:56:17 +00:00      
 74    stopped    normal       60/10      0/0/0                --           
                               2026-05-13 05:49:33 +00:00      2026-05-13 05:49:57 +00:00      
 75    stopped    normal       60/10      0/0/0                --           
                               2026-05-13 05:51:42 +00:00      2026-05-13 05:52:07 +00:00      
 76    stopped    failure      60/10      1/0/0                --           
                               2026-05-13 05:52:52 +00:00      2026-05-13 05:54:02 +00:00      
----------------------------------------------------------------------------------------------------------------
 
nRU# show supervision 

 M-Plane connectivity monitoring: 
------------------------------------------------------------------------------
 Supervision state: supervision-failure(session-id=76) 
 Supervision action-of-failure: recovery-reset (close-session, reset-system) 
 Supervision count-of-failure:  1 
 Supervision reset-system-timer(180 secs): running (remaining time 43 seconds) 
 Supervision time interval: supervision-noti-interval(60 secs) guard-time-overhead(10 secs) 

 Netconf session supervision history: (latest 10 sessions)
----------------------------------------------------------------------------------------------------------------
 id    state      supervision  interval   count(tx/tx-err/rx)  supervision-timer 
                               start-time                      end-time                 
----------------------------------------------------------------------------------------------------------------
 58    stopped    normal       60/10      0/0/0                --           
                               2026-05-13 04:41:22 +00:00      2026-05-13 04:41:47 +00:00      
 59    stopped    normal       60/10      0/0/0                --           
                               2026-05-13 04:42:20 +00:00      2026-05-13 04:42:45 +00:00      
 60    stopped    normal       60/10      0/0/0                --           
                               2026-05-13 04:47:54 +00:00      2026-05-13 04:48:19 +00:00      
 61    stopped    normal       60/10      0/0/0                --           
                               2026-05-13 04:49:41 +00:00      2026-05-13 04:49:42 +00:00      
 62    stopped    normal       60/10      0/0/0                --           
                               2026-05-13 04:51:15 +00:00      2026-05-13 04:51:15 +00:00      
 63    stopped    normal       60/10      0/0/0                --           
                               2026-05-13 04:54:00 +00:00      2026-05-13 04:54:01 +00:00      
 64    stopped    normal       60/10      1/0/1                --           
                               2026-05-13 04:54:34 +00:00      2026-05-13 04:56:17 +00:00      
 74    stopped    normal       60/10      0/0/0                --           
                               2026-05-13 05:49:33 +00:00      2026-05-13 05:49:57 +00:00      
 75    stopped    normal       60/10      0/0/0                --           
                               2026-05-13 05:51:42 +00:00      2026-05-13 05:52:07 +00:00      
 76    stopped    failure      60/10      1/0/0                --           
                               2026-05-13 05:52:52 +00:00      2026-05-13 05:54:02 +00:00      
----------------------------------------------------------------------------------------------------------------
 
nRU# 
Broadcast message from root@localhost (Wed 2026-05-13 05:57:08 UTC):

The system is going down for reboot NOW!

