+------------------------------ WARNING! ------------------------------+
 This computer system and network is PRIVATE and PROPRIETARY and may
 only be accessed by authorized users. Unauthorized use of this
 computer system or network is strictly prohibited and maybe subject to
 criminal prosecution, employee discipline up to and including
 discharge, or the termination of vendor/service contracts.

 The owner, or its agents, may monitor any activity or communication on
 the computer system or network. The owner, or its agents, may retrieve
 any information stored within the computer system or network. By
 accessing and using this computer system or network, you are
 consenting to such monitoring and information retrieval for law
 enforcement and other purposes.

 Users should have no expectation of privacy as to any communication on
 or information stored within the computer system or network, including
 information stored locally or remotely on a hard drive or other media
 in use with this computer system or network.
+----------------------------------------------------------------------+

Last login: Wed May 13 02:10:53 2026 from 10.0.20.254
Security & OS hardening are being applied.

========================================================================
 Developer mode enabled.
========================================================================

Hello, this is O-RAN.MP.DAEMON (version 0.17.1 (0.17.1-15-g844a6efc9)).
Copyright 2019-2028 SOLiD Inc.

nRU# show supervision 

 M-Plane connectivity monitoring: 
------------------------------------------------------------------------------
 Supervision state: normal 
 Supervision action-of-failure: recovery-reset (close-session, reset-system) 
 Supervision count-of-failure:  0 
 Supervision reset-system-timer(180 secs): off 
 Supervision time interval: supervision-noti-interval(60 secs) guard-time-overhead(10 secs) 

 Netconf session supervision history: (latest 10 sessions)
----------------------------------------------------------------------------------------------------------------
 id    state      supervision  interval   count(tx/tx-err/rx)  supervision-timer 
                               start-time                      end-time                 
----------------------------------------------------------------------------------------------------------------
 15    stopped    normal       60/10      0/0/1                --           
                               2026-05-12 08:25:48 +00:00      2026-05-12 08:27:27 +00:00      
 17    stopped    normal       60/10      0/0/0                --           
                               2026-05-12 08:28:46 +00:00      2026-05-12 08:29:02 +00:00      
 58    stopped    normal       60/10      0/0/0                --           
                               2026-05-13 04:41:22 +00:00      2026-05-13 04:41:47 +00:00      
 59    stopped    normal       60/10      0/0/0                --           
                               2026-05-13 04:42:20 +00:00      2026-05-13 04:42:45 +00:00      
 60    stopped    normal       60/10      0/0/0                --           
                               2026-05-13 04:47:54 +00:00      2026-05-13 04:48:19 +00:00      
----------------------------------------------------------------------------------------------------------------
 
nRU# show supervision 

 M-Plane connectivity monitoring: 
------------------------------------------------------------------------------
 Supervision state: normal 
 Supervision action-of-failure: recovery-reset (close-session, reset-system) 
 Supervision count-of-failure:  0 
 Supervision reset-system-timer(180 secs): off 
 Supervision time interval: supervision-noti-interval(60 secs) guard-time-overhead(10 secs) 

 Netconf session supervision history: (latest 10 sessions)
----------------------------------------------------------------------------------------------------------------
 id    state      supervision  interval   count(tx/tx-err/rx)  supervision-timer 
                               start-time                      end-time                 
----------------------------------------------------------------------------------------------------------------
 15    stopped    normal       60/10      0/0/1                --           
                               2026-05-12 08:25:48 +00:00      2026-05-12 08:27:27 +00:00      
 17    stopped    normal       60/10      0/0/0                --           
                               2026-05-12 08:28:46 +00:00      2026-05-12 08:29:02 +00:00      
 58    stopped    normal       60/10      0/0/0                --           
                               2026-05-13 04:41:22 +00:00      2026-05-13 04:41:47 +00:00      
 59    stopped    normal       60/10      0/0/0                --           
                               2026-05-13 04:42:20 +00:00      2026-05-13 04:42:45 +00:00      
 60    stopped    normal       60/10      0/0/0                --           
                               2026-05-13 04:47:54 +00:00      2026-05-13 04:48:19 +00:00      
----------------------------------------------------------------------------------------------------------------
 
nRU# show supervision 

 M-Plane connectivity monitoring: 
------------------------------------------------------------------------------
 Supervision state: normal 
 Supervision action-of-failure: recovery-reset (close-session, reset-system) 
 Supervision count-of-failure:  0 
 Supervision reset-system-timer(180 secs): off 
 Supervision time interval: supervision-noti-interval(60 secs) guard-time-overhead(10 secs) 

 Netconf session supervision history: (latest 10 sessions)
----------------------------------------------------------------------------------------------------------------
 id    state      supervision  interval   count(tx/tx-err/rx)  supervision-timer 
                               start-time                      end-time                 
----------------------------------------------------------------------------------------------------------------
 15    stopped    normal       60/10      0/0/1                --           
                               2026-05-12 08:25:48 +00:00      2026-05-12 08:27:27 +00:00      
 17    stopped    normal       60/10      0/0/0                --           
                               2026-05-12 08:28:46 +00:00      2026-05-12 08:29:02 +00:00      
 58    stopped    normal       60/10      0/0/0                --           
                               2026-05-13 04:41:22 +00:00      2026-05-13 04:41:47 +00:00      
 59    stopped    normal       60/10      0/0/0                --           
                               2026-05-13 04:42:20 +00:00      2026-05-13 04:42:45 +00:00      
 60    stopped    normal       60/10      0/0/0                --           
                               2026-05-13 04:47:54 +00:00      2026-05-13 04:48:19 +00:00      
----------------------------------------------------------------------------------------------------------------
 
nRU# show supervision 

 M-Plane connectivity monitoring: 
------------------------------------------------------------------------------
 Supervision state: normal 
 Supervision action-of-failure: recovery-reset (close-session, reset-system) 
 Supervision count-of-failure:  0 
 Supervision reset-system-timer(180 secs): off 
 Supervision time interval: supervision-noti-interval(60 secs) guard-time-overhead(10 secs) 

 Netconf session supervision history: (latest 10 sessions)
----------------------------------------------------------------------------------------------------------------
 id    state      supervision  interval   count(tx/tx-err/rx)  supervision-timer 
                               start-time                      end-time                 
----------------------------------------------------------------------------------------------------------------
 15    stopped    normal       60/10      0/0/1                --           
                               2026-05-12 08:25:48 +00:00      2026-05-12 08:27:27 +00:00      
 17    stopped    normal       60/10      0/0/0                --           
                               2026-05-12 08:28:46 +00:00      2026-05-12 08:29:02 +00:00      
 58    stopped    normal       60/10      0/0/0                --           
                               2026-05-13 04:41:22 +00:00      2026-05-13 04:41:47 +00:00      
 59    stopped    normal       60/10      0/0/0                --           
                               2026-05-13 04:42:20 +00:00      2026-05-13 04:42:45 +00:00      
 60    stopped    normal       60/10      0/0/0                --           
                               2026-05-13 04:47:54 +00:00      2026-05-13 04:48:19 +00:00      
----------------------------------------------------------------------------------------------------------------
 
nRU# show supervision 

 M-Plane connectivity monitoring: 
------------------------------------------------------------------------------
 Supervision state: normal 
 Supervision action-of-failure: recovery-reset (close-session, reset-system) 
 Supervision count-of-failure:  0 
 Supervision reset-system-timer(180 secs): off 
 Supervision time interval: supervision-noti-interval(60 secs) guard-time-overhead(10 secs) 

 Netconf session supervision history: (latest 10 sessions)
----------------------------------------------------------------------------------------------------------------
 id    state      supervision  interval   count(tx/tx-err/rx)  supervision-timer 
                               start-time                      end-time                 
----------------------------------------------------------------------------------------------------------------
 15    stopped    normal       60/10      0/0/1                --           
                               2026-05-12 08:25:48 +00:00      2026-05-12 08:27:27 +00:00      
 17    stopped    normal       60/10      0/0/0                --           
                               2026-05-12 08:28:46 +00:00      2026-05-12 08:29:02 +00:00      
 58    stopped    normal       60/10      0/0/0                --           
                               2026-05-13 04:41:22 +00:00      2026-05-13 04:41:47 +00:00      
 59    stopped    normal       60/10      0/0/0                --           
                               2026-05-13 04:42:20 +00:00      2026-05-13 04:42:45 +00:00      
 60    stopped    normal       60/10      0/0/0                --           
                               2026-05-13 04:47:54 +00:00      2026-05-13 04:48:19 +00:00      
----------------------------------------------------------------------------------------------------------------
 
nRU# show supervision 

 M-Plane connectivity monitoring: 
------------------------------------------------------------------------------
 Supervision state: normal 
 Supervision action-of-failure: recovery-reset (close-session, reset-system) 
 Supervision count-of-failure:  0 
 Supervision reset-system-timer(180 secs): off 
 Supervision time interval: supervision-noti-interval(60 secs) guard-time-overhead(10 secs) 

 Netconf session supervision history: (latest 10 sessions)
----------------------------------------------------------------------------------------------------------------
 id    state      supervision  interval   count(tx/tx-err/rx)  supervision-timer 
                               start-time                      end-time                 
----------------------------------------------------------------------------------------------------------------
 15    stopped    normal       60/10      0/0/1                --           
                               2026-05-12 08:25:48 +00:00      2026-05-12 08:27:27 +00:00      
 17    stopped    normal       60/10      0/0/0                --           
                               2026-05-12 08:28:46 +00:00      2026-05-12 08:29:02 +00:00      
 58    stopped    normal       60/10      0/0/0                --           
                               2026-05-13 04:41:22 +00:00      2026-05-13 04:41:47 +00:00      
 59    stopped    normal       60/10      0/0/0                --           
                               2026-05-13 04:42:20 +00:00      2026-05-13 04:42:45 +00:00      
 60    stopped    normal       60/10      0/0/0                --           
                               2026-05-13 04:47:54 +00:00      2026-05-13 04:48:19 +00:00      
----------------------------------------------------------------------------------------------------------------
 
nRU# show supervision 

 M-Plane connectivity monitoring: 
------------------------------------------------------------------------------
 Supervision state: normal 
 Supervision action-of-failure: recovery-reset (close-session, reset-system) 
 Supervision count-of-failure:  0 
 Supervision reset-system-timer(180 secs): off 
 Supervision time interval: supervision-noti-interval(60 secs) guard-time-overhead(10 secs) 

 Netconf session supervision history: (latest 10 sessions)
----------------------------------------------------------------------------------------------------------------
 id    state      supervision  interval   count(tx/tx-err/rx)  supervision-timer 
                               start-time                      end-time                 
----------------------------------------------------------------------------------------------------------------
 15    stopped    normal       60/10      0/0/1                --           
                               2026-05-12 08:25:48 +00:00      2026-05-12 08:27:27 +00:00      
 17    stopped    normal       60/10      0/0/0                --           
                               2026-05-12 08:28:46 +00:00      2026-05-12 08:29:02 +00:00      
 58    stopped    normal       60/10      0/0/0                --           
                               2026-05-13 04:41:22 +00:00      2026-05-13 04:41:47 +00:00      
 59    stopped    normal       60/10      0/0/0                --           
                               2026-05-13 04:42:20 +00:00      2026-05-13 04:42:45 +00:00      
 60    stopped    normal       60/10      0/0/0                --           
                               2026-05-13 04:47:54 +00:00      2026-05-13 04:48:19 +00:00      
----------------------------------------------------------------------------------------------------------------
 
nRU# show supervision 

 M-Plane connectivity monitoring: 
------------------------------------------------------------------------------
 Supervision state: normal 
 Supervision action-of-failure: recovery-reset (close-session, reset-system) 
 Supervision count-of-failure:  0 
 Supervision reset-system-timer(180 secs): off 
 Supervision time interval: supervision-noti-interval(60 secs) guard-time-overhead(10 secs) 

 Netconf session supervision history: (latest 10 sessions)
----------------------------------------------------------------------------------------------------------------
 id    state      supervision  interval   count(tx/tx-err/rx)  supervision-timer 
                               start-time                      end-time                 
----------------------------------------------------------------------------------------------------------------
 15    stopped    normal       60/10      0/0/1                --           
                               2026-05-12 08:25:48 +00:00      2026-05-12 08:27:27 +00:00      
 17    stopped    normal       60/10      0/0/0                --           
                               2026-05-12 08:28:46 +00:00      2026-05-12 08:29:02 +00:00      
 58    stopped    normal       60/10      0/0/0                --           
                               2026-05-13 04:41:22 +00:00      2026-05-13 04:41:47 +00:00      
 59    stopped    normal       60/10      0/0/0                --           
                               2026-05-13 04:42:20 +00:00      2026-05-13 04:42:45 +00:00      
 60    stopped    normal       60/10      0/0/0                --           
                               2026-05-13 04:47:54 +00:00      2026-05-13 04:48:19 +00:00      
----------------------------------------------------------------------------------------------------------------
 
nRU# show supervision 

 M-Plane connectivity monitoring: 
------------------------------------------------------------------------------
 Supervision state: normal 
 Supervision action-of-failure: recovery-reset (close-session, reset-system) 
 Supervision count-of-failure:  0 
 Supervision reset-system-timer(180 secs): off 
 Supervision time interval: supervision-noti-interval(60 secs) guard-time-overhead(10 secs) 

 Netconf session supervision history: (latest 10 sessions)
----------------------------------------------------------------------------------------------------------------
 id    state      supervision  interval   count(tx/tx-err/rx)  supervision-timer 
                               start-time                      end-time                 
----------------------------------------------------------------------------------------------------------------
 15    stopped    normal       60/10      0/0/1                --           
                               2026-05-12 08:25:48 +00:00      2026-05-12 08:27:27 +00:00      
 17    stopped    normal       60/10      0/0/0                --           
                               2026-05-12 08:28:46 +00:00      2026-05-12 08:29:02 +00:00      
 58    stopped    normal       60/10      0/0/0                --           
                               2026-05-13 04:41:22 +00:00      2026-05-13 04:41:47 +00:00      
 59    stopped    normal       60/10      0/0/0                --           
                               2026-05-13 04:42:20 +00:00      2026-05-13 04:42:45 +00:00      
 60    stopped    normal       60/10      0/0/0                --           
                               2026-05-13 04:47:54 +00:00      2026-05-13 04:48:19 +00:00      
----------------------------------------------------------------------------------------------------------------
 
nRU# show supervision 

 M-Plane connectivity monitoring: 
------------------------------------------------------------------------------
 Supervision state: normal 
 Supervision action-of-failure: recovery-reset (close-session, reset-system) 
 Supervision count-of-failure:  0 
 Supervision reset-system-timer(180 secs): off 
 Supervision time interval: supervision-noti-interval(60 secs) guard-time-overhead(10 secs) 

 Netconf session supervision history: (latest 10 sessions)
----------------------------------------------------------------------------------------------------------------
 id    state      supervision  interval   count(tx/tx-err/rx)  supervision-timer 
                               start-time                      end-time                 
----------------------------------------------------------------------------------------------------------------
 15    stopped    normal       60/10      0/0/1                --           
                               2026-05-12 08:25:48 +00:00      2026-05-12 08:27:27 +00:00      
 17    stopped    normal       60/10      0/0/0                --           
                               2026-05-12 08:28:46 +00:00      2026-05-12 08:29:02 +00:00      
 58    stopped    normal       60/10      0/0/0                --           
                               2026-05-13 04:41:22 +00:00      2026-05-13 04:41:47 +00:00      
 59    stopped    normal       60/10      0/0/0                --           
                               2026-05-13 04:42:20 +00:00      2026-05-13 04:42:45 +00:00      
 60    stopped    normal       60/10      0/0/0                --           
                               2026-05-13 04:47:54 +00:00      2026-05-13 04:48:19 +00:00      
 61    stopped    normal       60/10      0/0/0                --           
                               2026-05-13 04:49:41 +00:00      2026-05-13 04:49:42 +00:00      
----------------------------------------------------------------------------------------------------------------
 
nRU# show supervision 

 M-Plane connectivity monitoring: 
------------------------------------------------------------------------------
 Supervision state: normal 
 Supervision action-of-failure: recovery-reset (close-session, reset-system) 
 Supervision count-of-failure:  0 
 Supervision reset-system-timer(180 secs): off 
 Supervision time interval: supervision-noti-interval(60 secs) guard-time-overhead(10 secs) 

 Netconf session supervision history: (latest 10 sessions)
----------------------------------------------------------------------------------------------------------------
 id    state      supervision  interval   count(tx/tx-err/rx)  supervision-timer 
                               start-time                      end-time                 
----------------------------------------------------------------------------------------------------------------
 15    stopped    normal       60/10      0/0/1                --           
                               2026-05-12 08:25:48 +00:00      2026-05-12 08:27:27 +00:00      
 17    stopped    normal       60/10      0/0/0                --           
                               2026-05-12 08:28:46 +00:00      2026-05-12 08:29:02 +00:00      
 58    stopped    normal       60/10      0/0/0                --           
                               2026-05-13 04:41:22 +00:00      2026-05-13 04:41:47 +00:00      
 59    stopped    normal       60/10      0/0/0                --           
                               2026-05-13 04:42:20 +00:00      2026-05-13 04:42:45 +00:00      
 60    stopped    normal       60/10      0/0/0                --           
                               2026-05-13 04:47:54 +00:00      2026-05-13 04:48:19 +00:00      
 61    stopped    normal       60/10      0/0/0                --           
                               2026-05-13 04:49:41 +00:00      2026-05-13 04:49:42 +00:00      
----------------------------------------------------------------------------------------------------------------
 
nRU# show supervision 

 M-Plane connectivity monitoring: 
------------------------------------------------------------------------------
 Supervision state: normal 
 Supervision action-of-failure: recovery-reset (close-session, reset-system) 
 Supervision count-of-failure:  0 
 Supervision reset-system-timer(180 secs): off 
 Supervision time interval: supervision-noti-interval(60 secs) guard-time-overhead(10 secs) 

 Netconf session supervision history: (latest 10 sessions)
----------------------------------------------------------------------------------------------------------------
 id    state      supervision  interval   count(tx/tx-err/rx)  supervision-timer 
                               start-time                      end-time                 
----------------------------------------------------------------------------------------------------------------
 15    stopped    normal       60/10      0/0/1                --           
                               2026-05-12 08:25:48 +00:00      2026-05-12 08:27:27 +00:00      
 17    stopped    normal       60/10      0/0/0                --           
                               2026-05-12 08:28:46 +00:00      2026-05-12 08:29:02 +00:00      
 58    stopped    normal       60/10      0/0/0                --           
                               2026-05-13 04:41:22 +00:00      2026-05-13 04:41:47 +00:00      
 59    stopped    normal       60/10      0/0/0                --           
                               2026-05-13 04:42:20 +00:00      2026-05-13 04:42:45 +00:00      
 60    stopped    normal       60/10      0/0/0                --           
                               2026-05-13 04:47:54 +00:00      2026-05-13 04:48:19 +00:00      
 61    stopped    normal       60/10      0/0/0                --           
                               2026-05-13 04:49:41 +00:00      2026-05-13 04:49:42 +00:00      
----------------------------------------------------------------------------------------------------------------
 
nRU# show supervision 

 M-Plane connectivity monitoring: 
------------------------------------------------------------------------------
 Supervision state: normal 
 Supervision action-of-failure: recovery-reset (close-session, reset-system) 
 Supervision count-of-failure:  0 
 Supervision reset-system-timer(180 secs): off 
 Supervision time interval: supervision-noti-interval(60 secs) guard-time-overhead(10 secs) 

 Netconf session supervision history: (latest 10 sessions)
----------------------------------------------------------------------------------------------------------------
 id    state      supervision  interval   count(tx/tx-err/rx)  supervision-timer 
                               start-time                      end-time                 
----------------------------------------------------------------------------------------------------------------
 15    stopped    normal       60/10      0/0/1                --           
                               2026-05-12 08:25:48 +00:00      2026-05-12 08:27:27 +00:00      
 17    stopped    normal       60/10      0/0/0                --           
                               2026-05-12 08:28:46 +00:00      2026-05-12 08:29:02 +00:00      
 58    stopped    normal       60/10      0/0/0                --           
                               2026-05-13 04:41:22 +00:00      2026-05-13 04:41:47 +00:00      
 59    stopped    normal       60/10      0/0/0                --           
                               2026-05-13 04:42:20 +00:00      2026-05-13 04:42:45 +00:00      
 60    stopped    normal       60/10      0/0/0                --           
                               2026-05-13 04:47:54 +00:00      2026-05-13 04:48:19 +00:00      
 61    stopped    normal       60/10      0/0/0                --           
                               2026-05-13 04:49:41 +00:00      2026-05-13 04:49:42 +00:00      
----------------------------------------------------------------------------------------------------------------
 
nRU# show supervision 

 M-Plane connectivity monitoring: 
------------------------------------------------------------------------------
 Supervision state: normal 
 Supervision action-of-failure: recovery-reset (close-session, reset-system) 
 Supervision count-of-failure:  0 
 Supervision reset-system-timer(180 secs): off 
 Supervision time interval: supervision-noti-interval(60 secs) guard-time-overhead(10 secs) 

 Netconf session supervision history: (latest 10 sessions)
----------------------------------------------------------------------------------------------------------------
 id    state      supervision  interval   count(tx/tx-err/rx)  supervision-timer 
                               start-time                      end-time                 
----------------------------------------------------------------------------------------------------------------
 15    stopped    normal       60/10      0/0/1                --           
                               2026-05-12 08:25:48 +00:00      2026-05-12 08:27:27 +00:00      
 17    stopped    normal       60/10      0/0/0                --           
                               2026-05-12 08:28:46 +00:00      2026-05-12 08:29:02 +00:00      
 58    stopped    normal       60/10      0/0/0                --           
                               2026-05-13 04:41:22 +00:00      2026-05-13 04:41:47 +00:00      
 59    stopped    normal       60/10      0/0/0                --           
                               2026-05-13 04:42:20 +00:00      2026-05-13 04:42:45 +00:00      
 60    stopped    normal       60/10      0/0/0                --           
                               2026-05-13 04:47:54 +00:00      2026-05-13 04:48:19 +00:00      
 61    stopped    normal       60/10      0/0/0                --           
                               2026-05-13 04:49:41 +00:00      2026-05-13 04:49:42 +00:00      
----------------------------------------------------------------------------------------------------------------
 
nRU# show supervision 

 M-Plane connectivity monitoring: 
------------------------------------------------------------------------------
 Supervision state: normal 
 Supervision action-of-failure: recovery-reset (close-session, reset-system) 
 Supervision count-of-failure:  0 
 Supervision reset-system-timer(180 secs): off 
 Supervision time interval: supervision-noti-interval(60 secs) guard-time-overhead(10 secs) 

 Netconf session supervision history: (latest 10 sessions)
----------------------------------------------------------------------------------------------------------------
 id    state      supervision  interval   count(tx/tx-err/rx)  supervision-timer 
                               start-time                      end-time                 
----------------------------------------------------------------------------------------------------------------
 15    stopped    normal       60/10      0/0/1                --           
                               2026-05-12 08:25:48 +00:00      2026-05-12 08:27:27 +00:00      
 17    stopped    normal       60/10      0/0/0                --           
                               2026-05-12 08:28:46 +00:00      2026-05-12 08:29:02 +00:00      
 58    stopped    normal       60/10      0/0/0                --           
                               2026-05-13 04:41:22 +00:00      2026-05-13 04:41:47 +00:00      
 59    stopped    normal       60/10      0/0/0                --           
                               2026-05-13 04:42:20 +00:00      2026-05-13 04:42:45 +00:00      
 60    stopped    normal       60/10      0/0/0                --           
                               2026-05-13 04:47:54 +00:00      2026-05-13 04:48:19 +00:00      
 61    stopped    normal       60/10      0/0/0                --           
                               2026-05-13 04:49:41 +00:00      2026-05-13 04:49:42 +00:00      
----------------------------------------------------------------------------------------------------------------
 
nRU# show supervision 

 M-Plane connectivity monitoring: 
------------------------------------------------------------------------------
 Supervision state: normal 
 Supervision action-of-failure: recovery-reset (close-session, reset-system) 
 Supervision count-of-failure:  0 
 Supervision reset-system-timer(180 secs): off 
 Supervision time interval: supervision-noti-interval(60 secs) guard-time-overhead(10 secs) 

 Netconf session supervision history: (latest 10 sessions)
----------------------------------------------------------------------------------------------------------------
 id    state      supervision  interval   count(tx/tx-err/rx)  supervision-timer 
                               start-time                      end-time                 
----------------------------------------------------------------------------------------------------------------
 15    stopped    normal       60/10      0/0/1                --           
                               2026-05-12 08:25:48 +00:00      2026-05-12 08:27:27 +00:00      
 17    stopped    normal       60/10      0/0/0                --           
                               2026-05-12 08:28:46 +00:00      2026-05-12 08:29:02 +00:00      
 58    stopped    normal       60/10      0/0/0                --           
                               2026-05-13 04:41:22 +00:00      2026-05-13 04:41:47 +00:00      
 59    stopped    normal       60/10      0/0/0                --           
                               2026-05-13 04:42:20 +00:00      2026-05-13 04:42:45 +00:00      
 60    stopped    normal       60/10      0/0/0                --           
                               2026-05-13 04:47:54 +00:00      2026-05-13 04:48:19 +00:00      
 61    stopped    normal       60/10      0/0/0                --           
                               2026-05-13 04:49:41 +00:00      2026-05-13 04:49:42 +00:00      
----------------------------------------------------------------------------------------------------------------
 
nRU# show supervision 

 M-Plane connectivity monitoring: 
------------------------------------------------------------------------------
 Supervision state: normal 
 Supervision action-of-failure: recovery-reset (close-session, reset-system) 
 Supervision count-of-failure:  0 
 Supervision reset-system-timer(180 secs): off 
 Supervision time interval: supervision-noti-interval(60 secs) guard-time-overhead(10 secs) 

 Netconf session supervision history: (latest 10 sessions)
----------------------------------------------------------------------------------------------------------------
 id    state      supervision  interval   count(tx/tx-err/rx)  supervision-timer 
                               start-time                      end-time                 
----------------------------------------------------------------------------------------------------------------
 15    stopped    normal       60/10      0/0/1                --           
                               2026-05-12 08:25:48 +00:00      2026-05-12 08:27:27 +00:00      
 17    stopped    normal       60/10      0/0/0                --           
                               2026-05-12 08:28:46 +00:00      2026-05-12 08:29:02 +00:00      
 58    stopped    normal       60/10      0/0/0                --           
                               2026-05-13 04:41:22 +00:00      2026-05-13 04:41:47 +00:00      
 59    stopped    normal       60/10      0/0/0                --           
                               2026-05-13 04:42:20 +00:00      2026-05-13 04:42:45 +00:00      
 60    stopped    normal       60/10      0/0/0                --           
                               2026-05-13 04:47:54 +00:00      2026-05-13 04:48:19 +00:00      
 61    stopped    normal       60/10      0/0/0                --           
                               2026-05-13 04:49:41 +00:00      2026-05-13 04:49:42 +00:00      
----------------------------------------------------------------------------------------------------------------
 
nRU# show supervision 

 M-Plane connectivity monitoring: 
------------------------------------------------------------------------------
 Supervision state: normal 
 Supervision action-of-failure: recovery-reset (close-session, reset-system) 
 Supervision count-of-failure:  0 
 Supervision reset-system-timer(180 secs): off 
 Supervision time interval: supervision-noti-interval(60 secs) guard-time-overhead(10 secs) 

 Netconf session supervision history: (latest 10 sessions)
----------------------------------------------------------------------------------------------------------------
 id    state      supervision  interval   count(tx/tx-err/rx)  supervision-timer 
                               start-time                      end-time                 
----------------------------------------------------------------------------------------------------------------
 15    stopped    normal       60/10      0/0/1                --           
                               2026-05-12 08:25:48 +00:00      2026-05-12 08:27:27 +00:00      
 17    stopped    normal       60/10      0/0/0                --           
                               2026-05-12 08:28:46 +00:00      2026-05-12 08:29:02 +00:00      
 58    stopped    normal       60/10      0/0/0                --           
                               2026-05-13 04:41:22 +00:00      2026-05-13 04:41:47 +00:00      
 59    stopped    normal       60/10      0/0/0                --           
                               2026-05-13 04:42:20 +00:00      2026-05-13 04:42:45 +00:00      
 60    stopped    normal       60/10      0/0/0                --           
                               2026-05-13 04:47:54 +00:00      2026-05-13 04:48:19 +00:00      
 61    stopped    normal       60/10      0/0/0                --           
                               2026-05-13 04:49:41 +00:00      2026-05-13 04:49:42 +00:00      
----------------------------------------------------------------------------------------------------------------
 
nRU# show supervision 

 M-Plane connectivity monitoring: 
------------------------------------------------------------------------------
 Supervision state: normal 
 Supervision action-of-failure: recovery-reset (close-session, reset-system) 
 Supervision count-of-failure:  0 
 Supervision reset-system-timer(180 secs): off 
 Supervision time interval: supervision-noti-interval(60 secs) guard-time-overhead(10 secs) 

 Netconf session supervision history: (latest 10 sessions)
----------------------------------------------------------------------------------------------------------------
 id    state      supervision  interval   count(tx/tx-err/rx)  supervision-timer 
                               start-time                      end-time                 
----------------------------------------------------------------------------------------------------------------
 15    stopped    normal       60/10      0/0/1                --           
                               2026-05-12 08:25:48 +00:00      2026-05-12 08:27:27 +00:00      
 17    stopped    normal       60/10      0/0/0                --           
                               2026-05-12 08:28:46 +00:00      2026-05-12 08:29:02 +00:00      
 58    stopped    normal       60/10      0/0/0                --           
                               2026-05-13 04:41:22 +00:00      2026-05-13 04:41:47 +00:00      
 59    stopped    normal       60/10      0/0/0                --           
                               2026-05-13 04:42:20 +00:00      2026-05-13 04:42:45 +00:00      
 60    stopped    normal       60/10      0/0/0                --           
                               2026-05-13 04:47:54 +00:00      2026-05-13 04:48:19 +00:00      
 61    stopped    normal       60/10      0/0/0                --           
                               2026-05-13 04:49:41 +00:00      2026-05-13 04:49:42 +00:00      
 62    stopped    normal       60/10      0/0/0                --           
                               2026-05-13 04:51:15 +00:00      2026-05-13 04:51:15 +00:00      
----------------------------------------------------------------------------------------------------------------
 
nRU# show supervision 

 M-Plane connectivity monitoring: 
------------------------------------------------------------------------------
 Supervision state: normal 
 Supervision action-of-failure: recovery-reset (close-session, reset-system) 
 Supervision count-of-failure:  0 
 Supervision reset-system-timer(180 secs): off 
 Supervision time interval: supervision-noti-interval(60 secs) guard-time-overhead(10 secs) 

 Netconf session supervision history: (latest 10 sessions)
----------------------------------------------------------------------------------------------------------------
 id    state      supervision  interval   count(tx/tx-err/rx)  supervision-timer 
                               start-time                      end-time                 
----------------------------------------------------------------------------------------------------------------
 15    stopped    normal       60/10      0/0/1                --           
                               2026-05-12 08:25:48 +00:00      2026-05-12 08:27:27 +00:00      
 17    stopped    normal       60/10      0/0/0                --           
                               2026-05-12 08:28:46 +00:00      2026-05-12 08:29:02 +00:00      
 58    stopped    normal       60/10      0/0/0                --           
                               2026-05-13 04:41:22 +00:00      2026-05-13 04:41:47 +00:00      
 59    stopped    normal       60/10      0/0/0                --           
                               2026-05-13 04:42:20 +00:00      2026-05-13 04:42:45 +00:00      
 60    stopped    normal       60/10      0/0/0                --           
                               2026-05-13 04:47:54 +00:00      2026-05-13 04:48:19 +00:00      
 61    stopped    normal       60/10      0/0/0                --           
                               2026-05-13 04:49:41 +00:00      2026-05-13 04:49:42 +00:00      
 62    stopped    normal       60/10      0/0/0                --           
                               2026-05-13 04:51:15 +00:00      2026-05-13 04:51:15 +00:00      
 63    stopped    normal       60/10      0/0/0                --           
                               2026-05-13 04:54:00 +00:00      2026-05-13 04:54:01 +00:00      
 64    running    normal       60/10      0/0/0                running (will be tx notification after 32 secs) 
                               2026-05-13 04:54:34 +00:00                                      
----------------------------------------------------------------------------------------------------------------
 
nRU# show supervision 

 M-Plane connectivity monitoring: 
------------------------------------------------------------------------------
 Supervision state: normal 
 Supervision action-of-failure: recovery-reset (close-session, reset-system) 
 Supervision count-of-failure:  0 
 Supervision reset-system-timer(180 secs): off 
 Supervision time interval: supervision-noti-interval(60 secs) guard-time-overhead(10 secs) 

 Netconf session supervision history: (latest 10 sessions)
----------------------------------------------------------------------------------------------------------------
 id    state      supervision  interval   count(tx/tx-err/rx)  supervision-timer 
                               start-time                      end-time                 
----------------------------------------------------------------------------------------------------------------
 15    stopped    normal       60/10      0/0/1                --           
                               2026-05-12 08:25:48 +00:00      2026-05-12 08:27:27 +00:00      
 17    stopped    normal       60/10      0/0/0                --           
                               2026-05-12 08:28:46 +00:00      2026-05-12 08:29:02 +00:00      
 58    stopped    normal       60/10      0/0/0                --           
                               2026-05-13 04:41:22 +00:00      2026-05-13 04:41:47 +00:00      
 59    stopped    normal       60/10      0/0/0                --           
                               2026-05-13 04:42:20 +00:00      2026-05-13 04:42:45 +00:00      
 60    stopped    normal       60/10      0/0/0                --           
                               2026-05-13 04:47:54 +00:00      2026-05-13 04:48:19 +00:00      
 61    stopped    normal       60/10      0/0/0                --           
                               2026-05-13 04:49:41 +00:00      2026-05-13 04:49:42 +00:00      
 62    stopped    normal       60/10      0/0/0                --           
                               2026-05-13 04:51:15 +00:00      2026-05-13 04:51:15 +00:00      
 63    stopped    normal       60/10      0/0/0                --           
                               2026-05-13 04:54:00 +00:00      2026-05-13 04:54:01 +00:00      
 64    running    normal       60/10      0/0/0                running (will be tx notification after 31 secs) 
                               2026-05-13 04:54:34 +00:00                                      
----------------------------------------------------------------------------------------------------------------
 
nRU# show supervision 

 M-Plane connectivity monitoring: 
------------------------------------------------------------------------------
 Supervision state: normal 
 Supervision action-of-failure: recovery-reset (close-session, reset-system) 
 Supervision count-of-failure:  0 
 Supervision reset-system-timer(180 secs): off 
 Supervision time interval: supervision-noti-interval(60 secs) guard-time-overhead(10 secs) 

 Netconf session supervision history: (latest 10 sessions)
----------------------------------------------------------------------------------------------------------------
 id    state      supervision  interval   count(tx/tx-err/rx)  supervision-timer 
                               start-time                      end-time                 
----------------------------------------------------------------------------------------------------------------
 15    stopped    normal       60/10      0/0/1                --           
                               2026-05-12 08:25:48 +00:00      2026-05-12 08:27:27 +00:00      
 17    stopped    normal       60/10      0/0/0                --           
                               2026-05-12 08:28:46 +00:00      2026-05-12 08:29:02 +00:00      
 58    stopped    normal       60/10      0/0/0                --           
                               2026-05-13 04:41:22 +00:00      2026-05-13 04:41:47 +00:00      
 59    stopped    normal       60/10      0/0/0                --           
                               2026-05-13 04:42:20 +00:00      2026-05-13 04:42:45 +00:00      
 60    stopped    normal       60/10      0/0/0                --           
                               2026-05-13 04:47:54 +00:00      2026-05-13 04:48:19 +00:00      
 61    stopped    normal       60/10      0/0/0                --           
                               2026-05-13 04:49:41 +00:00      2026-05-13 04:49:42 +00:00      
 62    stopped    normal       60/10      0/0/0                --           
                               2026-05-13 04:51:15 +00:00      2026-05-13 04:51:15 +00:00      
 63    stopped    normal       60/10      0/0/0                --           
                               2026-05-13 04:54:00 +00:00      2026-05-13 04:54:01 +00:00      
 64    running    normal       60/10      0/0/0                running (will be tx notification after 30 secs) 
                               2026-05-13 04:54:34 +00:00                                      
----------------------------------------------------------------------------------------------------------------
 
nRU# show supervision 

 M-Plane connectivity monitoring: 
------------------------------------------------------------------------------
 Supervision state: normal 
 Supervision action-of-failure: recovery-reset (close-session, reset-system) 
 Supervision count-of-failure:  0 
 Supervision reset-system-timer(180 secs): off 
 Supervision time interval: supervision-noti-interval(60 secs) guard-time-overhead(10 secs) 

 Netconf session supervision history: (latest 10 sessions)
----------------------------------------------------------------------------------------------------------------
 id    state      supervision  interval   count(tx/tx-err/rx)  supervision-timer 
                               start-time                      end-time                 
----------------------------------------------------------------------------------------------------------------
 15    stopped    normal       60/10      0/0/1                --           
                               2026-05-12 08:25:48 +00:00      2026-05-12 08:27:27 +00:00      
 17    stopped    normal       60/10      0/0/0                --           
                               2026-05-12 08:28:46 +00:00      2026-05-12 08:29:02 +00:00      
 58    stopped    normal       60/10      0/0/0                --           
                               2026-05-13 04:41:22 +00:00      2026-05-13 04:41:47 +00:00      
 59    stopped    normal       60/10      0/0/0                --           
                               2026-05-13 04:42:20 +00:00      2026-05-13 04:42:45 +00:00      
 60    stopped    normal       60/10      0/0/0                --           
                               2026-05-13 04:47:54 +00:00      2026-05-13 04:48:19 +00:00      
 61    stopped    normal       60/10      0/0/0                --           
                               2026-05-13 04:49:41 +00:00      2026-05-13 04:49:42 +00:00      
 62    stopped    normal       60/10      0/0/0                --           
                               2026-05-13 04:51:15 +00:00      2026-05-13 04:51:15 +00:00      
 63    stopped    normal       60/10      0/0/0                --           
                               2026-05-13 04:54:00 +00:00      2026-05-13 04:54:01 +00:00      
 64    running    normal       60/10      0/0/0                running (will be tx notification after 29 secs) 
                               2026-05-13 04:54:34 +00:00                                      
----------------------------------------------------------------------------------------------------------------
 
nRU# show supervision 

 M-Plane connectivity monitoring: 
------------------------------------------------------------------------------
 Supervision state: normal 
 Supervision action-of-failure: recovery-reset (close-session, reset-system) 
 Supervision count-of-failure:  0 
 Supervision reset-system-timer(180 secs): off 
 Supervision time interval: supervision-noti-interval(60 secs) guard-time-overhead(10 secs) 

 Netconf session supervision history: (latest 10 sessions)
----------------------------------------------------------------------------------------------------------------
 id    state      supervision  interval   count(tx/tx-err/rx)  supervision-timer 
                               start-time                      end-time                 
----------------------------------------------------------------------------------------------------------------
 15    stopped    normal       60/10      0/0/1                --           
                               2026-05-12 08:25:48 +00:00      2026-05-12 08:27:27 +00:00      
 17    stopped    normal       60/10      0/0/0                --           
                               2026-05-12 08:28:46 +00:00      2026-05-12 08:29:02 +00:00      
 58    stopped    normal       60/10      0/0/0                --           
                               2026-05-13 04:41:22 +00:00      2026-05-13 04:41:47 +00:00      
 59    stopped    normal       60/10      0/0/0                --           
                               2026-05-13 04:42:20 +00:00      2026-05-13 04:42:45 +00:00      
 60    stopped    normal       60/10      0/0/0                --           
                               2026-05-13 04:47:54 +00:00      2026-05-13 04:48:19 +00:00      
 61    stopped    normal       60/10      0/0/0                --           
                               2026-05-13 04:49:41 +00:00      2026-05-13 04:49:42 +00:00      
 62    stopped    normal       60/10      0/0/0                --           
                               2026-05-13 04:51:15 +00:00      2026-05-13 04:51:15 +00:00      
 63    stopped    normal       60/10      0/0/0                --           
                               2026-05-13 04:54:00 +00:00      2026-05-13 04:54:01 +00:00      
 64    running    normal       60/10      0/0/0                running (will be tx notification after 28 secs) 
                               2026-05-13 04:54:34 +00:00                                      
----------------------------------------------------------------------------------------------------------------
 
nRU# show supervision 

 M-Plane connectivity monitoring: 
------------------------------------------------------------------------------
 Supervision state: normal 
 Supervision action-of-failure: recovery-reset (close-session, reset-system) 
 Supervision count-of-failure:  0 
 Supervision reset-system-timer(180 secs): off 
 Supervision time interval: supervision-noti-interval(60 secs) guard-time-overhead(10 secs) 

 Netconf session supervision history: (latest 10 sessions)
----------------------------------------------------------------------------------------------------------------
 id    state      supervision  interval   count(tx/tx-err/rx)  supervision-timer 
                               start-time                      end-time                 
----------------------------------------------------------------------------------------------------------------
 15    stopped    normal       60/10      0/0/1                --           
                               2026-05-12 08:25:48 +00:00      2026-05-12 08:27:27 +00:00      
 17    stopped    normal       60/10      0/0/0                --           
                               2026-05-12 08:28:46 +00:00      2026-05-12 08:29:02 +00:00      
 58    stopped    normal       60/10      0/0/0                --           
                               2026-05-13 04:41:22 +00:00      2026-05-13 04:41:47 +00:00      
 59    stopped    normal       60/10      0/0/0                --           
                               2026-05-13 04:42:20 +00:00      2026-05-13 04:42:45 +00:00      
 60    stopped    normal       60/10      0/0/0                --           
                               2026-05-13 04:47:54 +00:00      2026-05-13 04:48:19 +00:00      
 61    stopped    normal       60/10      0/0/0                --           
                               2026-05-13 04:49:41 +00:00      2026-05-13 04:49:42 +00:00      
 62    stopped    normal       60/10      0/0/0                --           
                               2026-05-13 04:51:15 +00:00      2026-05-13 04:51:15 +00:00      
 63    stopped    normal       60/10      0/0/0                --           
                               2026-05-13 04:54:00 +00:00      2026-05-13 04:54:01 +00:00      
 64    running    normal       60/10      0/0/0                running (will be tx notification after 27 secs) 
                               2026-05-13 04:54:34 +00:00                                      
----------------------------------------------------------------------------------------------------------------
 
nRU# show supervision 

 M-Plane connectivity monitoring: 
------------------------------------------------------------------------------
 Supervision state: normal 
 Supervision action-of-failure: recovery-reset (close-session, reset-system) 
 Supervision count-of-failure:  0 
 Supervision reset-system-timer(180 secs): off 
 Supervision time interval: supervision-noti-interval(60 secs) guard-time-overhead(10 secs) 

 Netconf session supervision history: (latest 10 sessions)
----------------------------------------------------------------------------------------------------------------
 id    state      supervision  interval   count(tx/tx-err/rx)  supervision-timer 
                               start-time                      end-time                 
----------------------------------------------------------------------------------------------------------------
 15    stopped    normal       60/10      0/0/1                --           
                               2026-05-12 08:25:48 +00:00      2026-05-12 08:27:27 +00:00      
 17    stopped    normal       60/10      0/0/0                --           
                               2026-05-12 08:28:46 +00:00      2026-05-12 08:29:02 +00:00      
 58    stopped    normal       60/10      0/0/0                --           
                               2026-05-13 04:41:22 +00:00      2026-05-13 04:41:47 +00:00      
 59    stopped    normal       60/10      0/0/0                --           
                               2026-05-13 04:42:20 +00:00      2026-05-13 04:42:45 +00:00      
 60    stopped    normal       60/10      0/0/0                --           
                               2026-05-13 04:47:54 +00:00      2026-05-13 04:48:19 +00:00      
 61    stopped    normal       60/10      0/0/0                --           
                               2026-05-13 04:49:41 +00:00      2026-05-13 04:49:42 +00:00      
 62    stopped    normal       60/10      0/0/0                --           
                               2026-05-13 04:51:15 +00:00      2026-05-13 04:51:15 +00:00      
 63    stopped    normal       60/10      0/0/0                --           
                               2026-05-13 04:54:00 +00:00      2026-05-13 04:54:01 +00:00      
 64    running    normal       60/10      0/0/0                running (will be tx notification after 26 secs) 
                               2026-05-13 04:54:34 +00:00                                      
----------------------------------------------------------------------------------------------------------------
 
nRU# show supervision 

 M-Plane connectivity monitoring: 
------------------------------------------------------------------------------
 Supervision state: normal 
 Supervision action-of-failure: recovery-reset (close-session, reset-system) 
 Supervision count-of-failure:  0 
 Supervision reset-system-timer(180 secs): off 
 Supervision time interval: supervision-noti-interval(60 secs) guard-time-overhead(10 secs) 

 Netconf session supervision history: (latest 10 sessions)
----------------------------------------------------------------------------------------------------------------
 id    state      supervision  interval   count(tx/tx-err/rx)  supervision-timer 
                               start-time                      end-time                 
----------------------------------------------------------------------------------------------------------------
 15    stopped    normal       60/10      0/0/1                --           
                               2026-05-12 08:25:48 +00:00      2026-05-12 08:27:27 +00:00      
 17    stopped    normal       60/10      0/0/0                --           
                               2026-05-12 08:28:46 +00:00      2026-05-12 08:29:02 +00:00      
 58    stopped    normal       60/10      0/0/0                --           
                               2026-05-13 04:41:22 +00:00      2026-05-13 04:41:47 +00:00      
 59    stopped    normal       60/10      0/0/0                --           
                               2026-05-13 04:42:20 +00:00      2026-05-13 04:42:45 +00:00      
 60    stopped    normal       60/10      0/0/0                --           
                               2026-05-13 04:47:54 +00:00      2026-05-13 04:48:19 +00:00      
 61    stopped    normal       60/10      0/0/0                --           
                               2026-05-13 04:49:41 +00:00      2026-05-13 04:49:42 +00:00      
 62    stopped    normal       60/10      0/0/0                --           
                               2026-05-13 04:51:15 +00:00      2026-05-13 04:51:15 +00:00      
 63    stopped    normal       60/10      0/0/0                --           
                               2026-05-13 04:54:00 +00:00      2026-05-13 04:54:01 +00:00      
 64    running    normal       60/10      0/0/0                running (will be tx notification after 24 secs) 
                               2026-05-13 04:54:34 +00:00                                      
----------------------------------------------------------------------------------------------------------------
 
nRU# show supervision 

 M-Plane connectivity monitoring: 
------------------------------------------------------------------------------
 Supervision state: normal 
 Supervision action-of-failure: recovery-reset (close-session, reset-system) 
 Supervision count-of-failure:  0 
 Supervision reset-system-timer(180 secs): off 
 Supervision time interval: supervision-noti-interval(60 secs) guard-time-overhead(10 secs) 

 Netconf session supervision history: (latest 10 sessions)
----------------------------------------------------------------------------------------------------------------
 id    state      supervision  interval   count(tx/tx-err/rx)  supervision-timer 
                               start-time                      end-time                 
----------------------------------------------------------------------------------------------------------------
 15    stopped    normal       60/10      0/0/1                --           
                               2026-05-12 08:25:48 +00:00      2026-05-12 08:27:27 +00:00      
 17    stopped    normal       60/10      0/0/0                --           
                               2026-05-12 08:28:46 +00:00      2026-05-12 08:29:02 +00:00      
 58    stopped    normal       60/10      0/0/0                --           
                               2026-05-13 04:41:22 +00:00      2026-05-13 04:41:47 +00:00      
 59    stopped    normal       60/10      0/0/0                --           
                               2026-05-13 04:42:20 +00:00      2026-05-13 04:42:45 +00:00      
 60    stopped    normal       60/10      0/0/0                --           
                               2026-05-13 04:47:54 +00:00      2026-05-13 04:48:19 +00:00      
 61    stopped    normal       60/10      0/0/0                --           
                               2026-05-13 04:49:41 +00:00      2026-05-13 04:49:42 +00:00      
 62    stopped    normal       60/10      0/0/0                --           
                               2026-05-13 04:51:15 +00:00      2026-05-13 04:51:15 +00:00      
 63    stopped    normal       60/10      0/0/0                --           
                               2026-05-13 04:54:00 +00:00      2026-05-13 04:54:01 +00:00      
 64    running    normal       60/10      0/0/0                running (will be tx notification after 23 secs) 
                               2026-05-13 04:54:34 +00:00                                      
----------------------------------------------------------------------------------------------------------------
 
nRU# show supervision 

 M-Plane connectivity monitoring: 
------------------------------------------------------------------------------
 Supervision state: normal 
 Supervision action-of-failure: recovery-reset (close-session, reset-system) 
 Supervision count-of-failure:  0 
 Supervision reset-system-timer(180 secs): off 
 Supervision time interval: supervision-noti-interval(60 secs) guard-time-overhead(10 secs) 

 Netconf session supervision history: (latest 10 sessions)
----------------------------------------------------------------------------------------------------------------
 id    state      supervision  interval   count(tx/tx-err/rx)  supervision-timer 
                               start-time                      end-time                 
----------------------------------------------------------------------------------------------------------------
 15    stopped    normal       60/10      0/0/1                --           
                               2026-05-12 08:25:48 +00:00      2026-05-12 08:27:27 +00:00      
 17    stopped    normal       60/10      0/0/0                --           
                               2026-05-12 08:28:46 +00:00      2026-05-12 08:29:02 +00:00      
 58    stopped    normal       60/10      0/0/0                --           
                               2026-05-13 04:41:22 +00:00      2026-05-13 04:41:47 +00:00      
 59    stopped    normal       60/10      0/0/0                --           
                               2026-05-13 04:42:20 +00:00      2026-05-13 04:42:45 +00:00      
 60    stopped    normal       60/10      0/0/0                --           
                               2026-05-13 04:47:54 +00:00      2026-05-13 04:48:19 +00:00      
 61    stopped    normal       60/10      0/0/0                --           
                               2026-05-13 04:49:41 +00:00      2026-05-13 04:49:42 +00:00      
 62    stopped    normal       60/10      0/0/0                --           
                               2026-05-13 04:51:15 +00:00      2026-05-13 04:51:15 +00:00      
 63    stopped    normal       60/10      0/0/0                --           
                               2026-05-13 04:54:00 +00:00      2026-05-13 04:54:01 +00:00      
 64    running    normal       60/10      0/0/0                running (will be tx notification after 22 secs) 
                               2026-05-13 04:54:34 +00:00                                      
----------------------------------------------------------------------------------------------------------------
 
nRU# show supervision 

 M-Plane connectivity monitoring: 
------------------------------------------------------------------------------
 Supervision state: normal 
 Supervision action-of-failure: recovery-reset (close-session, reset-system) 
 Supervision count-of-failure:  0 
 Supervision reset-system-timer(180 secs): off 
 Supervision time interval: supervision-noti-interval(60 secs) guard-time-overhead(10 secs) 

 Netconf session supervision history: (latest 10 sessions)
----------------------------------------------------------------------------------------------------------------
 id    state      supervision  interval   count(tx/tx-err/rx)  supervision-timer 
                               start-time                      end-time                 
----------------------------------------------------------------------------------------------------------------
 15    stopped    normal       60/10      0/0/1                --           
                               2026-05-12 08:25:48 +00:00      2026-05-12 08:27:27 +00:00      
 17    stopped    normal       60/10      0/0/0                --           
                               2026-05-12 08:28:46 +00:00      2026-05-12 08:29:02 +00:00      
 58    stopped    normal       60/10      0/0/0                --           
                               2026-05-13 04:41:22 +00:00      2026-05-13 04:41:47 +00:00      
 59    stopped    normal       60/10      0/0/0                --           
                               2026-05-13 04:42:20 +00:00      2026-05-13 04:42:45 +00:00      
 60    stopped    normal       60/10      0/0/0                --           
                               2026-05-13 04:47:54 +00:00      2026-05-13 04:48:19 +00:00      
 61    stopped    normal       60/10      0/0/0                --           
                               2026-05-13 04:49:41 +00:00      2026-05-13 04:49:42 +00:00      
 62    stopped    normal       60/10      0/0/0                --           
                               2026-05-13 04:51:15 +00:00      2026-05-13 04:51:15 +00:00      
 63    stopped    normal       60/10      0/0/0                --           
                               2026-05-13 04:54:00 +00:00      2026-05-13 04:54:01 +00:00      
 64    running    normal       60/10      0/0/0                running (will be tx notification after 20 secs) 
                               2026-05-13 04:54:34 +00:00                                      
----------------------------------------------------------------------------------------------------------------
 
nRU# show supervision 

 M-Plane connectivity monitoring: 
------------------------------------------------------------------------------
 Supervision state: normal 
 Supervision action-of-failure: recovery-reset (close-session, reset-system) 
 Supervision count-of-failure:  0 
 Supervision reset-system-timer(180 secs): off 
 Supervision time interval: supervision-noti-interval(60 secs) guard-time-overhead(10 secs) 

 Netconf session supervision history: (latest 10 sessions)
----------------------------------------------------------------------------------------------------------------
 id    state      supervision  interval   count(tx/tx-err/rx)  supervision-timer 
                               start-time                      end-time                 
----------------------------------------------------------------------------------------------------------------
 15    stopped    normal       60/10      0/0/1                --           
                               2026-05-12 08:25:48 +00:00      2026-05-12 08:27:27 +00:00      
 17    stopped    normal       60/10      0/0/0                --           
                               2026-05-12 08:28:46 +00:00      2026-05-12 08:29:02 +00:00      
 58    stopped    normal       60/10      0/0/0                --           
                               2026-05-13 04:41:22 +00:00      2026-05-13 04:41:47 +00:00      
 59    stopped    normal       60/10      0/0/0                --           
                               2026-05-13 04:42:20 +00:00      2026-05-13 04:42:45 +00:00      
 60    stopped    normal       60/10      0/0/0                --           
                               2026-05-13 04:47:54 +00:00      2026-05-13 04:48:19 +00:00      
 61    stopped    normal       60/10      0/0/0                --           
                               2026-05-13 04:49:41 +00:00      2026-05-13 04:49:42 +00:00      
 62    stopped    normal       60/10      0/0/0                --           
                               2026-05-13 04:51:15 +00:00      2026-05-13 04:51:15 +00:00      
 63    stopped    normal       60/10      0/0/0                --           
                               2026-05-13 04:54:00 +00:00      2026-05-13 04:54:01 +00:00      
 64    running    normal       60/10      0/0/0                running (will be tx notification after 19 secs) 
                               2026-05-13 04:54:34 +00:00                                      
----------------------------------------------------------------------------------------------------------------
 
nRU# show supervision 

 M-Plane connectivity monitoring: 
------------------------------------------------------------------------------
 Supervision state: normal 
 Supervision action-of-failure: recovery-reset (close-session, reset-system) 
 Supervision count-of-failure:  0 
 Supervision reset-system-timer(180 secs): off 
 Supervision time interval: supervision-noti-interval(60 secs) guard-time-overhead(10 secs) 

 Netconf session supervision history: (latest 10 sessions)
----------------------------------------------------------------------------------------------------------------
 id    state      supervision  interval   count(tx/tx-err/rx)  supervision-timer 
                               start-time                      end-time                 
----------------------------------------------------------------------------------------------------------------
 15    stopped    normal       60/10      0/0/1                --           
                               2026-05-12 08:25:48 +00:00      2026-05-12 08:27:27 +00:00      
 17    stopped    normal       60/10      0/0/0                --           
                               2026-05-12 08:28:46 +00:00      2026-05-12 08:29:02 +00:00      
 58    stopped    normal       60/10      0/0/0                --           
                               2026-05-13 04:41:22 +00:00      2026-05-13 04:41:47 +00:00      
 59    stopped    normal       60/10      0/0/0                --           
                               2026-05-13 04:42:20 +00:00      2026-05-13 04:42:45 +00:00      
 60    stopped    normal       60/10      0/0/0                --           
                               2026-05-13 04:47:54 +00:00      2026-05-13 04:48:19 +00:00      
 61    stopped    normal       60/10      0/0/0                --           
                               2026-05-13 04:49:41 +00:00      2026-05-13 04:49:42 +00:00      
 62    stopped    normal       60/10      0/0/0                --           
                               2026-05-13 04:51:15 +00:00      2026-05-13 04:51:15 +00:00      
 63    stopped    normal       60/10      0/0/0                --           
                               2026-05-13 04:54:00 +00:00      2026-05-13 04:54:01 +00:00      
 64    running    normal       60/10      0/0/0                running (will be tx notification after 18 secs) 
                               2026-05-13 04:54:34 +00:00                                      
----------------------------------------------------------------------------------------------------------------
 
nRU# show supervision 

 M-Plane connectivity monitoring: 
------------------------------------------------------------------------------
 Supervision state: normal 
 Supervision action-of-failure: recovery-reset (close-session, reset-system) 
 Supervision count-of-failure:  0 
 Supervision reset-system-timer(180 secs): off 
 Supervision time interval: supervision-noti-interval(60 secs) guard-time-overhead(10 secs) 

 Netconf session supervision history: (latest 10 sessions)
----------------------------------------------------------------------------------------------------------------
 id    state      supervision  interval   count(tx/tx-err/rx)  supervision-timer 
                               start-time                      end-time                 
----------------------------------------------------------------------------------------------------------------
 15    stopped    normal       60/10      0/0/1                --           
                               2026-05-12 08:25:48 +00:00      2026-05-12 08:27:27 +00:00      
 17    stopped    normal       60/10      0/0/0                --           
                               2026-05-12 08:28:46 +00:00      2026-05-12 08:29:02 +00:00      
 58    stopped    normal       60/10      0/0/0                --           
                               2026-05-13 04:41:22 +00:00      2026-05-13 04:41:47 +00:00      
 59    stopped    normal       60/10      0/0/0                --           
                               2026-05-13 04:42:20 +00:00      2026-05-13 04:42:45 +00:00      
 60    stopped    normal       60/10      0/0/0                --           
                               2026-05-13 04:47:54 +00:00      2026-05-13 04:48:19 +00:00      
 61    stopped    normal       60/10      0/0/0                --           
                               2026-05-13 04:49:41 +00:00      2026-05-13 04:49:42 +00:00      
 62    stopped    normal       60/10      0/0/0                --           
                               2026-05-13 04:51:15 +00:00      2026-05-13 04:51:15 +00:00      
 63    stopped    normal       60/10      0/0/0                --           
                               2026-05-13 04:54:00 +00:00      2026-05-13 04:54:01 +00:00      
 64    running    normal       60/10      0/0/0                running (will be tx notification after 17 secs) 
                               2026-05-13 04:54:34 +00:00                                      
----------------------------------------------------------------------------------------------------------------
 
nRU# show supervision 

 M-Plane connectivity monitoring: 
------------------------------------------------------------------------------
 Supervision state: normal 
 Supervision action-of-failure: recovery-reset (close-session, reset-system) 
 Supervision count-of-failure:  0 
 Supervision reset-system-timer(180 secs): off 
 Supervision time interval: supervision-noti-interval(60 secs) guard-time-overhead(10 secs) 

 Netconf session supervision history: (latest 10 sessions)
----------------------------------------------------------------------------------------------------------------
 id    state      supervision  interval   count(tx/tx-err/rx)  supervision-timer 
                               start-time                      end-time                 
----------------------------------------------------------------------------------------------------------------
 15    stopped    normal       60/10      0/0/1                --           
                               2026-05-12 08:25:48 +00:00      2026-05-12 08:27:27 +00:00      
 17    stopped    normal       60/10      0/0/0                --           
                               2026-05-12 08:28:46 +00:00      2026-05-12 08:29:02 +00:00      
 58    stopped    normal       60/10      0/0/0                --           
                               2026-05-13 04:41:22 +00:00      2026-05-13 04:41:47 +00:00      
 59    stopped    normal       60/10      0/0/0                --           
                               2026-05-13 04:42:20 +00:00      2026-05-13 04:42:45 +00:00      
 60    stopped    normal       60/10      0/0/0                --           
                               2026-05-13 04:47:54 +00:00      2026-05-13 04:48:19 +00:00      
 61    stopped    normal       60/10      0/0/0                --           
                               2026-05-13 04:49:41 +00:00      2026-05-13 04:49:42 +00:00      
 62    stopped    normal       60/10      0/0/0                --           
                               2026-05-13 04:51:15 +00:00      2026-05-13 04:51:15 +00:00      
 63    stopped    normal       60/10      0/0/0                --           
                               2026-05-13 04:54:00 +00:00      2026-05-13 04:54:01 +00:00      
 64    running    normal       60/10      0/0/0                running (will be tx notification after 15 secs) 
                               2026-05-13 04:54:34 +00:00                                      
----------------------------------------------------------------------------------------------------------------
 
nRU# show supervision 

 M-Plane connectivity monitoring: 
------------------------------------------------------------------------------
 Supervision state: normal 
 Supervision action-of-failure: recovery-reset (close-session, reset-system) 
 Supervision count-of-failure:  0 
 Supervision reset-system-timer(180 secs): off 
 Supervision time interval: supervision-noti-interval(60 secs) guard-time-overhead(10 secs) 

 Netconf session supervision history: (latest 10 sessions)
----------------------------------------------------------------------------------------------------------------
 id    state      supervision  interval   count(tx/tx-err/rx)  supervision-timer 
                               start-time                      end-time                 
----------------------------------------------------------------------------------------------------------------
 15    stopped    normal       60/10      0/0/1                --           
                               2026-05-12 08:25:48 +00:00      2026-05-12 08:27:27 +00:00      
 17    stopped    normal       60/10      0/0/0                --           
                               2026-05-12 08:28:46 +00:00      2026-05-12 08:29:02 +00:00      
 58    stopped    normal       60/10      0/0/0                --           
                               2026-05-13 04:41:22 +00:00      2026-05-13 04:41:47 +00:00      
 59    stopped    normal       60/10      0/0/0                --           
                               2026-05-13 04:42:20 +00:00      2026-05-13 04:42:45 +00:00      
 60    stopped    normal       60/10      0/0/0                --           
                               2026-05-13 04:47:54 +00:00      2026-05-13 04:48:19 +00:00      
 61    stopped    normal       60/10      0/0/0                --           
                               2026-05-13 04:49:41 +00:00      2026-05-13 04:49:42 +00:00      
 62    stopped    normal       60/10      0/0/0                --           
                               2026-05-13 04:51:15 +00:00      2026-05-13 04:51:15 +00:00      
 63    stopped    normal       60/10      0/0/0                --           
                               2026-05-13 04:54:00 +00:00      2026-05-13 04:54:01 +00:00      
 64    running    normal       60/10      0/0/0                running (will be tx notification after 14 secs) 
                               2026-05-13 04:54:34 +00:00                                      
----------------------------------------------------------------------------------------------------------------
 
nRU# show supervision 

 M-Plane connectivity monitoring: 
------------------------------------------------------------------------------
 Supervision state: normal 
 Supervision action-of-failure: recovery-reset (close-session, reset-system) 
 Supervision count-of-failure:  0 
 Supervision reset-system-timer(180 secs): off 
 Supervision time interval: supervision-noti-interval(60 secs) guard-time-overhead(10 secs) 

 Netconf session supervision history: (latest 10 sessions)
----------------------------------------------------------------------------------------------------------------
 id    state      supervision  interval   count(tx/tx-err/rx)  supervision-timer 
                               start-time                      end-time                 
----------------------------------------------------------------------------------------------------------------
 15    stopped    normal       60/10      0/0/1                --           
                               2026-05-12 08:25:48 +00:00      2026-05-12 08:27:27 +00:00      
 17    stopped    normal       60/10      0/0/0                --           
                               2026-05-12 08:28:46 +00:00      2026-05-12 08:29:02 +00:00      
 58    stopped    normal       60/10      0/0/0                --           
                               2026-05-13 04:41:22 +00:00      2026-05-13 04:41:47 +00:00      
 59    stopped    normal       60/10      0/0/0                --           
                               2026-05-13 04:42:20 +00:00      2026-05-13 04:42:45 +00:00      
 60    stopped    normal       60/10      0/0/0                --           
                               2026-05-13 04:47:54 +00:00      2026-05-13 04:48:19 +00:00      
 61    stopped    normal       60/10      0/0/0                --           
                               2026-05-13 04:49:41 +00:00      2026-05-13 04:49:42 +00:00      
 62    stopped    normal       60/10      0/0/0                --           
                               2026-05-13 04:51:15 +00:00      2026-05-13 04:51:15 +00:00      
 63    stopped    normal       60/10      0/0/0                --           
                               2026-05-13 04:54:00 +00:00      2026-05-13 04:54:01 +00:00      
 64    running    normal       60/10      0/0/0                running (will be tx notification after 13 secs) 
                               2026-05-13 04:54:34 +00:00                                      
----------------------------------------------------------------------------------------------------------------
 
nRU# show supervision 

 M-Plane connectivity monitoring: 
------------------------------------------------------------------------------
 Supervision state: normal 
 Supervision action-of-failure: recovery-reset (close-session, reset-system) 
 Supervision count-of-failure:  0 
 Supervision reset-system-timer(180 secs): off 
 Supervision time interval: supervision-noti-interval(60 secs) guard-time-overhead(10 secs) 

 Netconf session supervision history: (latest 10 sessions)
----------------------------------------------------------------------------------------------------------------
 id    state      supervision  interval   count(tx/tx-err/rx)  supervision-timer 
                               start-time                      end-time                 
----------------------------------------------------------------------------------------------------------------
 15    stopped    normal       60/10      0/0/1                --           
                               2026-05-12 08:25:48 +00:00      2026-05-12 08:27:27 +00:00      
 17    stopped    normal       60/10      0/0/0                --           
                               2026-05-12 08:28:46 +00:00      2026-05-12 08:29:02 +00:00      
 58    stopped    normal       60/10      0/0/0                --           
                               2026-05-13 04:41:22 +00:00      2026-05-13 04:41:47 +00:00      
 59    stopped    normal       60/10      0/0/0                --           
                               2026-05-13 04:42:20 +00:00      2026-05-13 04:42:45 +00:00      
 60    stopped    normal       60/10      0/0/0                --           
                               2026-05-13 04:47:54 +00:00      2026-05-13 04:48:19 +00:00      
 61    stopped    normal       60/10      0/0/0                --           
                               2026-05-13 04:49:41 +00:00      2026-05-13 04:49:42 +00:00      
 62    stopped    normal       60/10      0/0/0                --           
                               2026-05-13 04:51:15 +00:00      2026-05-13 04:51:15 +00:00      
 63    stopped    normal       60/10      0/0/0                --           
                               2026-05-13 04:54:00 +00:00      2026-05-13 04:54:01 +00:00      
 64    running    normal       60/10      0/0/0                running (will be tx notification after 11 secs) 
                               2026-05-13 04:54:34 +00:00                                      
----------------------------------------------------------------------------------------------------------------
 
nRU# show supervision 

 M-Plane connectivity monitoring: 
------------------------------------------------------------------------------
 Supervision state: normal 
 Supervision action-of-failure: recovery-reset (close-session, reset-system) 
 Supervision count-of-failure:  0 
 Supervision reset-system-timer(180 secs): off 
 Supervision time interval: supervision-noti-interval(60 secs) guard-time-overhead(10 secs) 

 Netconf session supervision history: (latest 10 sessions)
----------------------------------------------------------------------------------------------------------------
 id    state      supervision  interval   count(tx/tx-err/rx)  supervision-timer 
                               start-time                      end-time                 
----------------------------------------------------------------------------------------------------------------
 15    stopped    normal       60/10      0/0/1                --           
                               2026-05-12 08:25:48 +00:00      2026-05-12 08:27:27 +00:00      
 17    stopped    normal       60/10      0/0/0                --           
                               2026-05-12 08:28:46 +00:00      2026-05-12 08:29:02 +00:00      
 58    stopped    normal       60/10      0/0/0                --           
                               2026-05-13 04:41:22 +00:00      2026-05-13 04:41:47 +00:00      
 59    stopped    normal       60/10      0/0/0                --           
                               2026-05-13 04:42:20 +00:00      2026-05-13 04:42:45 +00:00      
 60    stopped    normal       60/10      0/0/0                --           
                               2026-05-13 04:47:54 +00:00      2026-05-13 04:48:19 +00:00      
 61    stopped    normal       60/10      0/0/0                --           
                               2026-05-13 04:49:41 +00:00      2026-05-13 04:49:42 +00:00      
 62    stopped    normal       60/10      0/0/0                --           
                               2026-05-13 04:51:15 +00:00      2026-05-13 04:51:15 +00:00      
 63    stopped    normal       60/10      0/0/0                --           
                               2026-05-13 04:54:00 +00:00      2026-05-13 04:54:01 +00:00      
 64    running    normal       60/10      0/0/0                running (will be tx notification after 10 secs) 
                               2026-05-13 04:54:34 +00:00                                      
----------------------------------------------------------------------------------------------------------------
 
nRU# show supervision 

 M-Plane connectivity monitoring: 
------------------------------------------------------------------------------
 Supervision state: normal 
 Supervision action-of-failure: recovery-reset (close-session, reset-system) 
 Supervision count-of-failure:  0 
 Supervision reset-system-timer(180 secs): off 
 Supervision time interval: supervision-noti-interval(60 secs) guard-time-overhead(10 secs) 

 Netconf session supervision history: (latest 10 sessions)
----------------------------------------------------------------------------------------------------------------
 id    state      supervision  interval   count(tx/tx-err/rx)  supervision-timer 
                               start-time                      end-time                 
----------------------------------------------------------------------------------------------------------------
 15    stopped    normal       60/10      0/0/1                --           
                               2026-05-12 08:25:48 +00:00      2026-05-12 08:27:27 +00:00      
 17    stopped    normal       60/10      0/0/0                --           
                               2026-05-12 08:28:46 +00:00      2026-05-12 08:29:02 +00:00      
 58    stopped    normal       60/10      0/0/0                --           
                               2026-05-13 04:41:22 +00:00      2026-05-13 04:41:47 +00:00      
 59    stopped    normal       60/10      0/0/0                --           
                               2026-05-13 04:42:20 +00:00      2026-05-13 04:42:45 +00:00      
 60    stopped    normal       60/10      0/0/0                --           
                               2026-05-13 04:47:54 +00:00      2026-05-13 04:48:19 +00:00      
 61    stopped    normal       60/10      0/0/0                --           
                               2026-05-13 04:49:41 +00:00      2026-05-13 04:49:42 +00:00      
 62    stopped    normal       60/10      0/0/0                --           
                               2026-05-13 04:51:15 +00:00      2026-05-13 04:51:15 +00:00      
 63    stopped    normal       60/10      0/0/0                --           
                               2026-05-13 04:54:00 +00:00      2026-05-13 04:54:01 +00:00      
 64    running    normal       60/10      0/0/0                running (will be tx notification after 9 secs) 
                               2026-05-13 04:54:34 +00:00                                      
----------------------------------------------------------------------------------------------------------------
 
nRU# show supervision 

 M-Plane connectivity monitoring: 
------------------------------------------------------------------------------
 Supervision state: normal 
 Supervision action-of-failure: recovery-reset (close-session, reset-system) 
 Supervision count-of-failure:  0 
 Supervision reset-system-timer(180 secs): off 
 Supervision time interval: supervision-noti-interval(60 secs) guard-time-overhead(10 secs) 

 Netconf session supervision history: (latest 10 sessions)
----------------------------------------------------------------------------------------------------------------
 id    state      supervision  interval   count(tx/tx-err/rx)  supervision-timer 
                               start-time                      end-time                 
----------------------------------------------------------------------------------------------------------------
 15    stopped    normal       60/10      0/0/1                --           
                               2026-05-12 08:25:48 +00:00      2026-05-12 08:27:27 +00:00      
 17    stopped    normal       60/10      0/0/0                --           
                               2026-05-12 08:28:46 +00:00      2026-05-12 08:29:02 +00:00      
 58    stopped    normal       60/10      0/0/0                --           
                               2026-05-13 04:41:22 +00:00      2026-05-13 04:41:47 +00:00      
 59    stopped    normal       60/10      0/0/0                --           
                               2026-05-13 04:42:20 +00:00      2026-05-13 04:42:45 +00:00      
 60    stopped    normal       60/10      0/0/0                --           
                               2026-05-13 04:47:54 +00:00      2026-05-13 04:48:19 +00:00      
 61    stopped    normal       60/10      0/0/0                --           
                               2026-05-13 04:49:41 +00:00      2026-05-13 04:49:42 +00:00      
 62    stopped    normal       60/10      0/0/0                --           
                               2026-05-13 04:51:15 +00:00      2026-05-13 04:51:15 +00:00      
 63    stopped    normal       60/10      0/0/0                --           
                               2026-05-13 04:54:00 +00:00      2026-05-13 04:54:01 +00:00      
 64    running    normal       60/10      0/0/0                running (will be tx notification after 8 secs) 
                               2026-05-13 04:54:34 +00:00                                      
----------------------------------------------------------------------------------------------------------------
 
nRU# show supervision 

 M-Plane connectivity monitoring: 
------------------------------------------------------------------------------
 Supervision state: normal 
 Supervision action-of-failure: recovery-reset (close-session, reset-system) 
 Supervision count-of-failure:  0 
 Supervision reset-system-timer(180 secs): off 
 Supervision time interval: supervision-noti-interval(60 secs) guard-time-overhead(10 secs) 

 Netconf session supervision history: (latest 10 sessions)
----------------------------------------------------------------------------------------------------------------
 id    state      supervision  interval   count(tx/tx-err/rx)  supervision-timer 
                               start-time                      end-time                 
----------------------------------------------------------------------------------------------------------------
 15    stopped    normal       60/10      0/0/1                --           
                               2026-05-12 08:25:48 +00:00      2026-05-12 08:27:27 +00:00      
 17    stopped    normal       60/10      0/0/0                --           
                               2026-05-12 08:28:46 +00:00      2026-05-12 08:29:02 +00:00      
 58    stopped    normal       60/10      0/0/0                --           
                               2026-05-13 04:41:22 +00:00      2026-05-13 04:41:47 +00:00      
 59    stopped    normal       60/10      0/0/0                --           
                               2026-05-13 04:42:20 +00:00      2026-05-13 04:42:45 +00:00      
 60    stopped    normal       60/10      0/0/0                --           
                               2026-05-13 04:47:54 +00:00      2026-05-13 04:48:19 +00:00      
 61    stopped    normal       60/10      0/0/0                --           
                               2026-05-13 04:49:41 +00:00      2026-05-13 04:49:42 +00:00      
 62    stopped    normal       60/10      0/0/0                --           
                               2026-05-13 04:51:15 +00:00      2026-05-13 04:51:15 +00:00      
 63    stopped    normal       60/10      0/0/0                --           
                               2026-05-13 04:54:00 +00:00      2026-05-13 04:54:01 +00:00      
 64    running    normal       60/10      0/0/0                running (will be tx notification after 7 secs) 
                               2026-05-13 04:54:34 +00:00                                      
----------------------------------------------------------------------------------------------------------------
 
nRU# show supervision 

 M-Plane connectivity monitoring: 
------------------------------------------------------------------------------
 Supervision state: normal 
 Supervision action-of-failure: recovery-reset (close-session, reset-system) 
 Supervision count-of-failure:  0 
 Supervision reset-system-timer(180 secs): off 
 Supervision time interval: supervision-noti-interval(60 secs) guard-time-overhead(10 secs) 

 Netconf session supervision history: (latest 10 sessions)
----------------------------------------------------------------------------------------------------------------
 id    state      supervision  interval   count(tx/tx-err/rx)  supervision-timer 
                               start-time                      end-time                 
----------------------------------------------------------------------------------------------------------------
 15    stopped    normal       60/10      0/0/1                --           
                               2026-05-12 08:25:48 +00:00      2026-05-12 08:27:27 +00:00      
 17    stopped    normal       60/10      0/0/0                --           
                               2026-05-12 08:28:46 +00:00      2026-05-12 08:29:02 +00:00      
 58    stopped    normal       60/10      0/0/0                --           
                               2026-05-13 04:41:22 +00:00      2026-05-13 04:41:47 +00:00      
 59    stopped    normal       60/10      0/0/0                --           
                               2026-05-13 04:42:20 +00:00      2026-05-13 04:42:45 +00:00      
 60    stopped    normal       60/10      0/0/0                --           
                               2026-05-13 04:47:54 +00:00      2026-05-13 04:48:19 +00:00      
 61    stopped    normal       60/10      0/0/0                --           
                               2026-05-13 04:49:41 +00:00      2026-05-13 04:49:42 +00:00      
 62    stopped    normal       60/10      0/0/0                --           
                               2026-05-13 04:51:15 +00:00      2026-05-13 04:51:15 +00:00      
 63    stopped    normal       60/10      0/0/0                --           
                               2026-05-13 04:54:00 +00:00      2026-05-13 04:54:01 +00:00      
 64    running    normal       60/10      0/0/0                running (will be tx notification after 6 secs) 
                               2026-05-13 04:54:34 +00:00                                      
----------------------------------------------------------------------------------------------------------------
 
nRU# show supervision 

 M-Plane connectivity monitoring: 
------------------------------------------------------------------------------
 Supervision state: normal 
 Supervision action-of-failure: recovery-reset (close-session, reset-system) 
 Supervision count-of-failure:  0 
 Supervision reset-system-timer(180 secs): off 
 Supervision time interval: supervision-noti-interval(60 secs) guard-time-overhead(10 secs) 

 Netconf session supervision history: (latest 10 sessions)
----------------------------------------------------------------------------------------------------------------
 id    state      supervision  interval   count(tx/tx-err/rx)  supervision-timer 
                               start-time                      end-time                 
----------------------------------------------------------------------------------------------------------------
 15    stopped    normal       60/10      0/0/1                --           
                               2026-05-12 08:25:48 +00:00      2026-05-12 08:27:27 +00:00      
 17    stopped    normal       60/10      0/0/0                --           
                               2026-05-12 08:28:46 +00:00      2026-05-12 08:29:02 +00:00      
 58    stopped    normal       60/10      0/0/0                --           
                               2026-05-13 04:41:22 +00:00      2026-05-13 04:41:47 +00:00      
 59    stopped    normal       60/10      0/0/0                --           
                               2026-05-13 04:42:20 +00:00      2026-05-13 04:42:45 +00:00      
 60    stopped    normal       60/10      0/0/0                --           
                               2026-05-13 04:47:54 +00:00      2026-05-13 04:48:19 +00:00      
 61    stopped    normal       60/10      0/0/0                --           
                               2026-05-13 04:49:41 +00:00      2026-05-13 04:49:42 +00:00      
 62    stopped    normal       60/10      0/0/0                --           
                               2026-05-13 04:51:15 +00:00      2026-05-13 04:51:15 +00:00      
 63    stopped    normal       60/10      0/0/0                --           
                               2026-05-13 04:54:00 +00:00      2026-05-13 04:54:01 +00:00      
 64    running    normal       60/10      0/0/0                running (will be tx notification after 4 secs) 
                               2026-05-13 04:54:34 +00:00                                      
----------------------------------------------------------------------------------------------------------------
 
nRU# show supervision 

 M-Plane connectivity monitoring: 
------------------------------------------------------------------------------
 Supervision state: normal 
 Supervision action-of-failure: recovery-reset (close-session, reset-system) 
 Supervision count-of-failure:  0 
 Supervision reset-system-timer(180 secs): off 
 Supervision time interval: supervision-noti-interval(60 secs) guard-time-overhead(10 secs) 

 Netconf session supervision history: (latest 10 sessions)
----------------------------------------------------------------------------------------------------------------
 id    state      supervision  interval   count(tx/tx-err/rx)  supervision-timer 
                               start-time                      end-time                 
----------------------------------------------------------------------------------------------------------------
 15    stopped    normal       60/10      0/0/1                --           
                               2026-05-12 08:25:48 +00:00      2026-05-12 08:27:27 +00:00      
 17    stopped    normal       60/10      0/0/0                --           
                               2026-05-12 08:28:46 +00:00      2026-05-12 08:29:02 +00:00      
 58    stopped    normal       60/10      0/0/0                --           
                               2026-05-13 04:41:22 +00:00      2026-05-13 04:41:47 +00:00      
 59    stopped    normal       60/10      0/0/0                --           
                               2026-05-13 04:42:20 +00:00      2026-05-13 04:42:45 +00:00      
 60    stopped    normal       60/10      0/0/0                --           
                               2026-05-13 04:47:54 +00:00      2026-05-13 04:48:19 +00:00      
 61    stopped    normal       60/10      0/0/0                --           
                               2026-05-13 04:49:41 +00:00      2026-05-13 04:49:42 +00:00      
 62    stopped    normal       60/10      0/0/0                --           
                               2026-05-13 04:51:15 +00:00      2026-05-13 04:51:15 +00:00      
 63    stopped    normal       60/10      0/0/0                --           
                               2026-05-13 04:54:00 +00:00      2026-05-13 04:54:01 +00:00      
 64    running    normal       60/10      0/0/0                running (will be tx notification after 3 secs) 
                               2026-05-13 04:54:34 +00:00                                      
----------------------------------------------------------------------------------------------------------------
 
nRU# show supervision 

 M-Plane connectivity monitoring: 
------------------------------------------------------------------------------
 Supervision state: normal 
 Supervision action-of-failure: recovery-reset (close-session, reset-system) 
 Supervision count-of-failure:  0 
 Supervision reset-system-timer(180 secs): off 
 Supervision time interval: supervision-noti-interval(60 secs) guard-time-overhead(10 secs) 

 Netconf session supervision history: (latest 10 sessions)
----------------------------------------------------------------------------------------------------------------
 id    state      supervision  interval   count(tx/tx-err/rx)  supervision-timer 
                               start-time                      end-time                 
----------------------------------------------------------------------------------------------------------------
 15    stopped    normal       60/10      0/0/1                --           
                               2026-05-12 08:25:48 +00:00      2026-05-12 08:27:27 +00:00      
 17    stopped    normal       60/10      0/0/0                --           
                               2026-05-12 08:28:46 +00:00      2026-05-12 08:29:02 +00:00      
 58    stopped    normal       60/10      0/0/0                --           
                               2026-05-13 04:41:22 +00:00      2026-05-13 04:41:47 +00:00      
 59    stopped    normal       60/10      0/0/0                --           
                               2026-05-13 04:42:20 +00:00      2026-05-13 04:42:45 +00:00      
 60    stopped    normal       60/10      0/0/0                --           
                               2026-05-13 04:47:54 +00:00      2026-05-13 04:48:19 +00:00      
 61    stopped    normal       60/10      0/0/0                --           
                               2026-05-13 04:49:41 +00:00      2026-05-13 04:49:42 +00:00      
 62    stopped    normal       60/10      0/0/0                --           
                               2026-05-13 04:51:15 +00:00      2026-05-13 04:51:15 +00:00      
 63    stopped    normal       60/10      0/0/0                --           
                               2026-05-13 04:54:00 +00:00      2026-05-13 04:54:01 +00:00      
 64    running    normal       60/10      0/0/0                running (will be tx notification after 2 secs) 
                               2026-05-13 04:54:34 +00:00                                      
----------------------------------------------------------------------------------------------------------------
 
nRU# show supervision 

 M-Plane connectivity monitoring: 
------------------------------------------------------------------------------
 Supervision state: normal 
 Supervision action-of-failure: recovery-reset (close-session, reset-system) 
 Supervision count-of-failure:  0 
 Supervision reset-system-timer(180 secs): off 
 Supervision time interval: supervision-noti-interval(60 secs) guard-time-overhead(10 secs) 

 Netconf session supervision history: (latest 10 sessions)
----------------------------------------------------------------------------------------------------------------
 id    state      supervision  interval   count(tx/tx-err/rx)  supervision-timer 
                               start-time                      end-time                 
----------------------------------------------------------------------------------------------------------------
 15    stopped    normal       60/10      0/0/1                --           
                               2026-05-12 08:25:48 +00:00      2026-05-12 08:27:27 +00:00      
 17    stopped    normal       60/10      0/0/0                --           
                               2026-05-12 08:28:46 +00:00      2026-05-12 08:29:02 +00:00      
 58    stopped    normal       60/10      0/0/0                --           
                               2026-05-13 04:41:22 +00:00      2026-05-13 04:41:47 +00:00      
 59    stopped    normal       60/10      0/0/0                --           
                               2026-05-13 04:42:20 +00:00      2026-05-13 04:42:45 +00:00      
 60    stopped    normal       60/10      0/0/0                --           
                               2026-05-13 04:47:54 +00:00      2026-05-13 04:48:19 +00:00      
 61    stopped    normal       60/10      0/0/0                --           
                               2026-05-13 04:49:41 +00:00      2026-05-13 04:49:42 +00:00      
 62    stopped    normal       60/10      0/0/0                --           
                               2026-05-13 04:51:15 +00:00      2026-05-13 04:51:15 +00:00      
 63    stopped    normal       60/10      0/0/0                --           
                               2026-05-13 04:54:00 +00:00      2026-05-13 04:54:01 +00:00      
 64    running    normal       60/10      0/0/0                running (will be tx notification after 1 secs) 
                               2026-05-13 04:54:34 +00:00                                      
----------------------------------------------------------------------------------------------------------------
 
nRU# show supervision 

 M-Plane connectivity monitoring: 
------------------------------------------------------------------------------
 Supervision state: normal 
 Supervision action-of-failure: recovery-reset (close-session, reset-system) 
 Supervision count-of-failure:  0 
 Supervision reset-system-timer(180 secs): off 
 Supervision time interval: supervision-noti-interval(60 secs) guard-time-overhead(10 secs) 

 Netconf session supervision history: (latest 10 sessions)
----------------------------------------------------------------------------------------------------------------
 id    state      supervision  interval   count(tx/tx-err/rx)  supervision-timer 
                               start-time                      end-time                 
----------------------------------------------------------------------------------------------------------------
 15    stopped    normal       60/10      0/0/1                --           
                               2026-05-12 08:25:48 +00:00      2026-05-12 08:27:27 +00:00      
 17    stopped    normal       60/10      0/0/0                --           
                               2026-05-12 08:28:46 +00:00      2026-05-12 08:29:02 +00:00      
 58    stopped    normal       60/10      0/0/0                --           
                               2026-05-13 04:41:22 +00:00      2026-05-13 04:41:47 +00:00      
 59    stopped    normal       60/10      0/0/0                --           
                               2026-05-13 04:42:20 +00:00      2026-05-13 04:42:45 +00:00      
 60    stopped    normal       60/10      0/0/0                --           
                               2026-05-13 04:47:54 +00:00      2026-05-13 04:48:19 +00:00      
 61    stopped    normal       60/10      0/0/0                --           
                               2026-05-13 04:49:41 +00:00      2026-05-13 04:49:42 +00:00      
 62    stopped    normal       60/10      0/0/0                --           
                               2026-05-13 04:51:15 +00:00      2026-05-13 04:51:15 +00:00      
 63    stopped    normal       60/10      0/0/0                --           
                               2026-05-13 04:54:00 +00:00      2026-05-13 04:54:01 +00:00      
 64    running    normal       60/10      1/0/1                running (will be tx notification after 60 secs) 
                               2026-05-13 04:54:34 +00:00                                      
----------------------------------------------------------------------------------------------------------------
 
nRU# show supervision 

 M-Plane connectivity monitoring: 
------------------------------------------------------------------------------
 Supervision state: normal 
 Supervision action-of-failure: recovery-reset (close-session, reset-system) 
 Supervision count-of-failure:  0 
 Supervision reset-system-timer(180 secs): off 
 Supervision time interval: supervision-noti-interval(60 secs) guard-time-overhead(10 secs) 

 Netconf session supervision history: (latest 10 sessions)
----------------------------------------------------------------------------------------------------------------
 id    state      supervision  interval   count(tx/tx-err/rx)  supervision-timer 
                               start-time                      end-time                 
----------------------------------------------------------------------------------------------------------------
 15    stopped    normal       60/10      0/0/1                --           
                               2026-05-12 08:25:48 +00:00      2026-05-12 08:27:27 +00:00      
 17    stopped    normal       60/10      0/0/0                --           
                               2026-05-12 08:28:46 +00:00      2026-05-12 08:29:02 +00:00      
 58    stopped    normal       60/10      0/0/0                --           
                               2026-05-13 04:41:22 +00:00      2026-05-13 04:41:47 +00:00      
 59    stopped    normal       60/10      0/0/0                --           
                               2026-05-13 04:42:20 +00:00      2026-05-13 04:42:45 +00:00      
 60    stopped    normal       60/10      0/0/0                --           
                               2026-05-13 04:47:54 +00:00      2026-05-13 04:48:19 +00:00      
 61    stopped    normal       60/10      0/0/0                --           
                               2026-05-13 04:49:41 +00:00      2026-05-13 04:49:42 +00:00      
 62    stopped    normal       60/10      0/0/0                --           
                               2026-05-13 04:51:15 +00:00      2026-05-13 04:51:15 +00:00      
 63    stopped    normal       60/10      0/0/0                --           
                               2026-05-13 04:54:00 +00:00      2026-05-13 04:54:01 +00:00      
 64    running    normal       60/10      1/0/1                running (will be tx notification after 55 secs) 
                               2026-05-13 04:54:34 +00:00                                      
----------------------------------------------------------------------------------------------------------------
 
nRU# show supervision 

 M-Plane connectivity monitoring: 
------------------------------------------------------------------------------
 Supervision state: normal 
 Supervision action-of-failure: recovery-reset (close-session, reset-system) 
 Supervision count-of-failure:  0 
 Supervision reset-system-timer(180 secs): off 
 Supervision time interval: supervision-noti-interval(60 secs) guard-time-overhead(10 secs) 

 Netconf session supervision history: (latest 10 sessions)
----------------------------------------------------------------------------------------------------------------
 id    state      supervision  interval   count(tx/tx-err/rx)  supervision-timer 
                               start-time                      end-time                 
----------------------------------------------------------------------------------------------------------------
 15    stopped    normal       60/10      0/0/1                --           
                               2026-05-12 08:25:48 +00:00      2026-05-12 08:27:27 +00:00      
 17    stopped    normal       60/10      0/0/0                --           
                               2026-05-12 08:28:46 +00:00      2026-05-12 08:29:02 +00:00      
 58    stopped    normal       60/10      0/0/0                --           
                               2026-05-13 04:41:22 +00:00      2026-05-13 04:41:47 +00:00      
 59    stopped    normal       60/10      0/0/0                --           
                               2026-05-13 04:42:20 +00:00      2026-05-13 04:42:45 +00:00      
 60    stopped    normal       60/10      0/0/0                --           
                               2026-05-13 04:47:54 +00:00      2026-05-13 04:48:19 +00:00      
 61    stopped    normal       60/10      0/0/0                --           
                               2026-05-13 04:49:41 +00:00      2026-05-13 04:49:42 +00:00      
 62    stopped    normal       60/10      0/0/0                --           
                               2026-05-13 04:51:15 +00:00      2026-05-13 04:51:15 +00:00      
 63    stopped    normal       60/10      0/0/0                --           
                               2026-05-13 04:54:00 +00:00      2026-05-13 04:54:01 +00:00      
 64    running    normal       60/10      1/0/1                running (will be tx notification after 53 secs) 
                               2026-05-13 04:54:34 +00:00                                      
----------------------------------------------------------------------------------------------------------------
 
nRU# show supervision 

 M-Plane connectivity monitoring: 
------------------------------------------------------------------------------
 Supervision state: normal 
 Supervision action-of-failure: recovery-reset (close-session, reset-system) 
 Supervision count-of-failure:  0 
 Supervision reset-system-timer(180 secs): off 
 Supervision time interval: supervision-noti-interval(60 secs) guard-time-overhead(10 secs) 

 Netconf session supervision history: (latest 10 sessions)
----------------------------------------------------------------------------------------------------------------
 id    state      supervision  interval   count(tx/tx-err/rx)  supervision-timer 
                               start-time                      end-time                 
----------------------------------------------------------------------------------------------------------------
 15    stopped    normal       60/10      0/0/1                --           
                               2026-05-12 08:25:48 +00:00      2026-05-12 08:27:27 +00:00      
 17    stopped    normal       60/10      0/0/0                --           
                               2026-05-12 08:28:46 +00:00      2026-05-12 08:29:02 +00:00      
 58    stopped    normal       60/10      0/0/0                --           
                               2026-05-13 04:41:22 +00:00      2026-05-13 04:41:47 +00:00      
 59    stopped    normal       60/10      0/0/0                --           
                               2026-05-13 04:42:20 +00:00      2026-05-13 04:42:45 +00:00      
 60    stopped    normal       60/10      0/0/0                --           
                               2026-05-13 04:47:54 +00:00      2026-05-13 04:48:19 +00:00      
 61    stopped    normal       60/10      0/0/0                --           
                               2026-05-13 04:49:41 +00:00      2026-05-13 04:49:42 +00:00      
 62    stopped    normal       60/10      0/0/0                --           
                               2026-05-13 04:51:15 +00:00      2026-05-13 04:51:15 +00:00      
 63    stopped    normal       60/10      0/0/0                --           
                               2026-05-13 04:54:00 +00:00      2026-05-13 04:54:01 +00:00      
 64    running    normal       60/10      1/0/1                running (will be tx notification after 51 secs) 
                               2026-05-13 04:54:34 +00:00                                      
----------------------------------------------------------------------------------------------------------------
 
nRU# show supervision 

 M-Plane connectivity monitoring: 
------------------------------------------------------------------------------
 Supervision state: normal 
 Supervision action-of-failure: recovery-reset (close-session, reset-system) 
 Supervision count-of-failure:  0 
 Supervision reset-system-timer(180 secs): off 
 Supervision time interval: supervision-noti-interval(60 secs) guard-time-overhead(10 secs) 

 Netconf session supervision history: (latest 10 sessions)
----------------------------------------------------------------------------------------------------------------
 id    state      supervision  interval   count(tx/tx-err/rx)  supervision-timer 
                               start-time                      end-time                 
----------------------------------------------------------------------------------------------------------------
 15    stopped    normal       60/10      0/0/1                --           
                               2026-05-12 08:25:48 +00:00      2026-05-12 08:27:27 +00:00      
 17    stopped    normal       60/10      0/0/0                --           
                               2026-05-12 08:28:46 +00:00      2026-05-12 08:29:02 +00:00      
 58    stopped    normal       60/10      0/0/0                --           
                               2026-05-13 04:41:22 +00:00      2026-05-13 04:41:47 +00:00      
 59    stopped    normal       60/10      0/0/0                --           
                               2026-05-13 04:42:20 +00:00      2026-05-13 04:42:45 +00:00      
 60    stopped    normal       60/10      0/0/0                --           
                               2026-05-13 04:47:54 +00:00      2026-05-13 04:48:19 +00:00      
 61    stopped    normal       60/10      0/0/0                --           
                               2026-05-13 04:49:41 +00:00      2026-05-13 04:49:42 +00:00      
 62    stopped    normal       60/10      0/0/0                --           
                               2026-05-13 04:51:15 +00:00      2026-05-13 04:51:15 +00:00      
 63    stopped    normal       60/10      0/0/0                --           
                               2026-05-13 04:54:00 +00:00      2026-05-13 04:54:01 +00:00      
 64    running    normal       60/10      1/0/1                running (will be tx notification after 49 secs) 
                               2026-05-13 04:54:34 +00:00                                      
----------------------------------------------------------------------------------------------------------------
 
nRU# show supervision 

 M-Plane connectivity monitoring: 
------------------------------------------------------------------------------
 Supervision state: normal 
 Supervision action-of-failure: recovery-reset (close-session, reset-system) 
 Supervision count-of-failure:  0 
 Supervision reset-system-timer(180 secs): off 
 Supervision time interval: supervision-noti-interval(60 secs) guard-time-overhead(10 secs) 

 Netconf session supervision history: (latest 10 sessions)
----------------------------------------------------------------------------------------------------------------
 id    state      supervision  interval   count(tx/tx-err/rx)  supervision-timer 
                               start-time                      end-time                 
----------------------------------------------------------------------------------------------------------------
 15    stopped    normal       60/10      0/0/1                --           
                               2026-05-12 08:25:48 +00:00      2026-05-12 08:27:27 +00:00      
 17    stopped    normal       60/10      0/0/0                --           
                               2026-05-12 08:28:46 +00:00      2026-05-12 08:29:02 +00:00      
 58    stopped    normal       60/10      0/0/0                --           
                               2026-05-13 04:41:22 +00:00      2026-05-13 04:41:47 +00:00      
 59    stopped    normal       60/10      0/0/0                --           
                               2026-05-13 04:42:20 +00:00      2026-05-13 04:42:45 +00:00      
 60    stopped    normal       60/10      0/0/0                --           
                               2026-05-13 04:47:54 +00:00      2026-05-13 04:48:19 +00:00      
 61    stopped    normal       60/10      0/0/0                --           
                               2026-05-13 04:49:41 +00:00      2026-05-13 04:49:42 +00:00      
 62    stopped    normal       60/10      0/0/0                --           
                               2026-05-13 04:51:15 +00:00      2026-05-13 04:51:15 +00:00      
 63    stopped    normal       60/10      0/0/0                --           
                               2026-05-13 04:54:00 +00:00      2026-05-13 04:54:01 +00:00      
 64    running    normal       60/10      1/0/1                running (will be tx notification after 45 secs) 
                               2026-05-13 04:54:34 +00:00                                      
----------------------------------------------------------------------------------------------------------------
 
nRU# show supervision 

 M-Plane connectivity monitoring: 
------------------------------------------------------------------------------
 Supervision state: normal 
 Supervision action-of-failure: recovery-reset (close-session, reset-system) 
 Supervision count-of-failure:  0 
 Supervision reset-system-timer(180 secs): off 
 Supervision time interval: supervision-noti-interval(60 secs) guard-time-overhead(10 secs) 

 Netconf session supervision history: (latest 10 sessions)
----------------------------------------------------------------------------------------------------------------
 id    state      supervision  interval   count(tx/tx-err/rx)  supervision-timer 
                               start-time                      end-time                 
----------------------------------------------------------------------------------------------------------------
 15    stopped    normal       60/10      0/0/1                --           
                               2026-05-12 08:25:48 +00:00      2026-05-12 08:27:27 +00:00      
 17    stopped    normal       60/10      0/0/0                --           
                               2026-05-12 08:28:46 +00:00      2026-05-12 08:29:02 +00:00      
 58    stopped    normal       60/10      0/0/0                --           
                               2026-05-13 04:41:22 +00:00      2026-05-13 04:41:47 +00:00      
 59    stopped    normal       60/10      0/0/0                --           
                               2026-05-13 04:42:20 +00:00      2026-05-13 04:42:45 +00:00      
 60    stopped    normal       60/10      0/0/0                --           
                               2026-05-13 04:47:54 +00:00      2026-05-13 04:48:19 +00:00      
 61    stopped    normal       60/10      0/0/0                --           
                               2026-05-13 04:49:41 +00:00      2026-05-13 04:49:42 +00:00      
 62    stopped    normal       60/10      0/0/0                --           
                               2026-05-13 04:51:15 +00:00      2026-05-13 04:51:15 +00:00      
 63    stopped    normal       60/10      0/0/0                --           
                               2026-05-13 04:54:00 +00:00      2026-05-13 04:54:01 +00:00      
 64    running    normal       60/10      1/0/1                running (will be tx notification after 42 secs) 
                               2026-05-13 04:54:34 +00:00                                      
----------------------------------------------------------------------------------------------------------------
 
nRU# show supervision 

 M-Plane connectivity monitoring: 
------------------------------------------------------------------------------
 Supervision state: normal 
 Supervision action-of-failure: recovery-reset (close-session, reset-system) 
 Supervision count-of-failure:  0 
 Supervision reset-system-timer(180 secs): off 
 Supervision time interval: supervision-noti-interval(60 secs) guard-time-overhead(10 secs) 

 Netconf session supervision history: (latest 10 sessions)
----------------------------------------------------------------------------------------------------------------
 id    state      supervision  interval   count(tx/tx-err/rx)  supervision-timer 
                               start-time                      end-time                 
----------------------------------------------------------------------------------------------------------------
 15    stopped    normal       60/10      0/0/1                --           
                               2026-05-12 08:25:48 +00:00      2026-05-12 08:27:27 +00:00      
 17    stopped    normal       60/10      0/0/0                --           
                               2026-05-12 08:28:46 +00:00      2026-05-12 08:29:02 +00:00      
 58    stopped    normal       60/10      0/0/0                --           
                               2026-05-13 04:41:22 +00:00      2026-05-13 04:41:47 +00:00      
 59    stopped    normal       60/10      0/0/0                --           
                               2026-05-13 04:42:20 +00:00      2026-05-13 04:42:45 +00:00      
 60    stopped    normal       60/10      0/0/0                --           
                               2026-05-13 04:47:54 +00:00      2026-05-13 04:48:19 +00:00      
 61    stopped    normal       60/10      0/0/0                --           
                               2026-05-13 04:49:41 +00:00      2026-05-13 04:49:42 +00:00      
 62    stopped    normal       60/10      0/0/0                --           
                               2026-05-13 04:51:15 +00:00      2026-05-13 04:51:15 +00:00      
 63    stopped    normal       60/10      0/0/0                --           
                               2026-05-13 04:54:00 +00:00      2026-05-13 04:54:01 +00:00      
 64    running    normal       60/10      1/0/1                running (will be tx notification after 40 secs) 
                               2026-05-13 04:54:34 +00:00                                      
----------------------------------------------------------------------------------------------------------------
 
nRU# show supervision 

 M-Plane connectivity monitoring: 
------------------------------------------------------------------------------
 Supervision state: normal 
 Supervision action-of-failure: recovery-reset (close-session, reset-system) 
 Supervision count-of-failure:  0 
 Supervision reset-system-timer(180 secs): off 
 Supervision time interval: supervision-noti-interval(60 secs) guard-time-overhead(10 secs) 

 Netconf session supervision history: (latest 10 sessions)
----------------------------------------------------------------------------------------------------------------
 id    state      supervision  interval   count(tx/tx-err/rx)  supervision-timer 
                               start-time                      end-time                 
----------------------------------------------------------------------------------------------------------------
 15    stopped    normal       60/10      0/0/1                --           
                               2026-05-12 08:25:48 +00:00      2026-05-12 08:27:27 +00:00      
 17    stopped    normal       60/10      0/0/0                --           
                               2026-05-12 08:28:46 +00:00      2026-05-12 08:29:02 +00:00      
 58    stopped    normal       60/10      0/0/0                --           
                               2026-05-13 04:41:22 +00:00      2026-05-13 04:41:47 +00:00      
 59    stopped    normal       60/10      0/0/0                --           
                               2026-05-13 04:42:20 +00:00      2026-05-13 04:42:45 +00:00      
 60    stopped    normal       60/10      0/0/0                --           
                               2026-05-13 04:47:54 +00:00      2026-05-13 04:48:19 +00:00      
 61    stopped    normal       60/10      0/0/0                --           
                               2026-05-13 04:49:41 +00:00      2026-05-13 04:49:42 +00:00      
 62    stopped    normal       60/10      0/0/0                --           
                               2026-05-13 04:51:15 +00:00      2026-05-13 04:51:15 +00:00      
 63    stopped    normal       60/10      0/0/0                --           
                               2026-05-13 04:54:00 +00:00      2026-05-13 04:54:01 +00:00      
 64    running    normal       60/10      1/0/1                running (will be tx notification after 25 secs) 
                               2026-05-13 04:54:34 +00:00                                      
----------------------------------------------------------------------------------------------------------------
 
nRU# show supervision 

 M-Plane connectivity monitoring: 
------------------------------------------------------------------------------
 Supervision state: normal 
 Supervision action-of-failure: recovery-reset (close-session, reset-system) 
 Supervision count-of-failure:  0 
 Supervision reset-system-timer(180 secs): off 
 Supervision time interval: supervision-noti-interval(60 secs) guard-time-overhead(10 secs) 

 Netconf session supervision history: (latest 10 sessions)
----------------------------------------------------------------------------------------------------------------
 id    state      supervision  interval   count(tx/tx-err/rx)  supervision-timer 
                               start-time                      end-time                 
----------------------------------------------------------------------------------------------------------------
 15    stopped    normal       60/10      0/0/1                --           
                               2026-05-12 08:25:48 +00:00      2026-05-12 08:27:27 +00:00      
 17    stopped    normal       60/10      0/0/0                --           
                               2026-05-12 08:28:46 +00:00      2026-05-12 08:29:02 +00:00      
 58    stopped    normal       60/10      0/0/0                --           
                               2026-05-13 04:41:22 +00:00      2026-05-13 04:41:47 +00:00      
 59    stopped    normal       60/10      0/0/0                --           
                               2026-05-13 04:42:20 +00:00      2026-05-13 04:42:45 +00:00      
 60    stopped    normal       60/10      0/0/0                --           
                               2026-05-13 04:47:54 +00:00      2026-05-13 04:48:19 +00:00      
 61    stopped    normal       60/10      0/0/0                --           
                               2026-05-13 04:49:41 +00:00      2026-05-13 04:49:42 +00:00      
 62    stopped    normal       60/10      0/0/0                --           
                               2026-05-13 04:51:15 +00:00      2026-05-13 04:51:15 +00:00      
 63    stopped    normal       60/10      0/0/0                --           
                               2026-05-13 04:54:00 +00:00      2026-05-13 04:54:01 +00:00      
 64    running    normal       60/10      1/0/1                running (will be tx notification after 24 secs) 
                               2026-05-13 04:54:34 +00:00                                      
----------------------------------------------------------------------------------------------------------------
 
nRU# show supervision 

 M-Plane connectivity monitoring: 
------------------------------------------------------------------------------
 Supervision state: normal 
 Supervision action-of-failure: recovery-reset (close-session, reset-system) 
 Supervision count-of-failure:  0 
 Supervision reset-system-timer(180 secs): off 
 Supervision time interval: supervision-noti-interval(60 secs) guard-time-overhead(10 secs) 

 Netconf session supervision history: (latest 10 sessions)
----------------------------------------------------------------------------------------------------------------
 id    state      supervision  interval   count(tx/tx-err/rx)  supervision-timer 
                               start-time                      end-time                 
----------------------------------------------------------------------------------------------------------------
 15    stopped    normal       60/10      0/0/1                --           
                               2026-05-12 08:25:48 +00:00      2026-05-12 08:27:27 +00:00      
 17    stopped    normal       60/10      0/0/0                --           
                               2026-05-12 08:28:46 +00:00      2026-05-12 08:29:02 +00:00      
 58    stopped    normal       60/10      0/0/0                --           
                               2026-05-13 04:41:22 +00:00      2026-05-13 04:41:47 +00:00      
 59    stopped    normal       60/10      0/0/0                --           
                               2026-05-13 04:42:20 +00:00      2026-05-13 04:42:45 +00:00      
 60    stopped    normal       60/10      0/0/0                --           
                               2026-05-13 04:47:54 +00:00      2026-05-13 04:48:19 +00:00      
 61    stopped    normal       60/10      0/0/0                --           
                               2026-05-13 04:49:41 +00:00      2026-05-13 04:49:42 +00:00      
 62    stopped    normal       60/10      0/0/0                --           
                               2026-05-13 04:51:15 +00:00      2026-05-13 04:51:15 +00:00      
 63    stopped    normal       60/10      0/0/0                --           
                               2026-05-13 04:54:00 +00:00      2026-05-13 04:54:01 +00:00      
 64    running    normal       60/10      1/0/1                running (will be tx notification after 23 secs) 
                               2026-05-13 04:54:34 +00:00                                      
----------------------------------------------------------------------------------------------------------------
 
nRU# show supervision 

 M-Plane connectivity monitoring: 
------------------------------------------------------------------------------
 Supervision state: normal 
 Supervision action-of-failure: recovery-reset (close-session, reset-system) 
 Supervision count-of-failure:  0 
 Supervision reset-system-timer(180 secs): off 
 Supervision time interval: supervision-noti-interval(60 secs) guard-time-overhead(10 secs) 

 Netconf session supervision history: (latest 10 sessions)
----------------------------------------------------------------------------------------------------------------
 id    state      supervision  interval   count(tx/tx-err/rx)  supervision-timer 
                               start-time                      end-time                 
----------------------------------------------------------------------------------------------------------------
 15    stopped    normal       60/10      0/0/1                --           
                               2026-05-12 08:25:48 +00:00      2026-05-12 08:27:27 +00:00      
 17    stopped    normal       60/10      0/0/0                --           
                               2026-05-12 08:28:46 +00:00      2026-05-12 08:29:02 +00:00      
 58    stopped    normal       60/10      0/0/0                --           
                               2026-05-13 04:41:22 +00:00      2026-05-13 04:41:47 +00:00      
 59    stopped    normal       60/10      0/0/0                --           
                               2026-05-13 04:42:20 +00:00      2026-05-13 04:42:45 +00:00      
 60    stopped    normal       60/10      0/0/0                --           
                               2026-05-13 04:47:54 +00:00      2026-05-13 04:48:19 +00:00      
 61    stopped    normal       60/10      0/0/0                --           
                               2026-05-13 04:49:41 +00:00      2026-05-13 04:49:42 +00:00      
 62    stopped    normal       60/10      0/0/0                --           
                               2026-05-13 04:51:15 +00:00      2026-05-13 04:51:15 +00:00      
 63    stopped    normal       60/10      0/0/0                --           
                               2026-05-13 04:54:00 +00:00      2026-05-13 04:54:01 +00:00      
 64    running    normal       60/10      1/0/1                running (will be tx notification after 23 secs) 
                               2026-05-13 04:54:34 +00:00                                      
----------------------------------------------------------------------------------------------------------------
 
nRU# show supervision 

 M-Plane connectivity monitoring: 
------------------------------------------------------------------------------
 Supervision state: normal 
 Supervision action-of-failure: recovery-reset (close-session, reset-system) 
 Supervision count-of-failure:  0 
 Supervision reset-system-timer(180 secs): off 
 Supervision time interval: supervision-noti-interval(60 secs) guard-time-overhead(10 secs) 

 Netconf session supervision history: (latest 10 sessions)
----------------------------------------------------------------------------------------------------------------
 id    state      supervision  interval   count(tx/tx-err/rx)  supervision-timer 
                               start-time                      end-time                 
----------------------------------------------------------------------------------------------------------------
 15    stopped    normal       60/10      0/0/1                --           
                               2026-05-12 08:25:48 +00:00      2026-05-12 08:27:27 +00:00      
 17    stopped    normal       60/10      0/0/0                --           
                               2026-05-12 08:28:46 +00:00      2026-05-12 08:29:02 +00:00      
 58    stopped    normal       60/10      0/0/0                --           
                               2026-05-13 04:41:22 +00:00      2026-05-13 04:41:47 +00:00      
 59    stopped    normal       60/10      0/0/0                --           
                               2026-05-13 04:42:20 +00:00      2026-05-13 04:42:45 +00:00      
 60    stopped    normal       60/10      0/0/0                --           
                               2026-05-13 04:47:54 +00:00      2026-05-13 04:48:19 +00:00      
 61    stopped    normal       60/10      0/0/0                --           
                               2026-05-13 04:49:41 +00:00      2026-05-13 04:49:42 +00:00      
 62    stopped    normal       60/10      0/0/0                --           
                               2026-05-13 04:51:15 +00:00      2026-05-13 04:51:15 +00:00      
 63    stopped    normal       60/10      0/0/0                --           
                               2026-05-13 04:54:00 +00:00      2026-05-13 04:54:01 +00:00      
 64    running    normal       60/10      1/0/1                running (will be tx notification after 20 secs) 
                               2026-05-13 04:54:34 +00:00                                      
----------------------------------------------------------------------------------------------------------------
 
nRU# show supervision 

 M-Plane connectivity monitoring: 
------------------------------------------------------------------------------
 Supervision state: normal 
 Supervision action-of-failure: recovery-reset (close-session, reset-system) 
 Supervision count-of-failure:  0 
 Supervision reset-system-timer(180 secs): off 
 Supervision time interval: supervision-noti-interval(60 secs) guard-time-overhead(10 secs) 

 Netconf session supervision history: (latest 10 sessions)
----------------------------------------------------------------------------------------------------------------
 id    state      supervision  interval   count(tx/tx-err/rx)  supervision-timer 
                               start-time                      end-time                 
----------------------------------------------------------------------------------------------------------------
 15    stopped    normal       60/10      0/0/1                --           
                               2026-05-12 08:25:48 +00:00      2026-05-12 08:27:27 +00:00      
 17    stopped    normal       60/10      0/0/0                --           
                               2026-05-12 08:28:46 +00:00      2026-05-12 08:29:02 +00:00      
 58    stopped    normal       60/10      0/0/0                --           
                               2026-05-13 04:41:22 +00:00      2026-05-13 04:41:47 +00:00      
 59    stopped    normal       60/10      0/0/0                --           
                               2026-05-13 04:42:20 +00:00      2026-05-13 04:42:45 +00:00      
 60    stopped    normal       60/10      0/0/0                --           
                               2026-05-13 04:47:54 +00:00      2026-05-13 04:48:19 +00:00      
 61    stopped    normal       60/10      0/0/0                --           
                               2026-05-13 04:49:41 +00:00      2026-05-13 04:49:42 +00:00      
 62    stopped    normal       60/10      0/0/0                --           
                               2026-05-13 04:51:15 +00:00      2026-05-13 04:51:15 +00:00      
 63    stopped    normal       60/10      0/0/0                --           
                               2026-05-13 04:54:00 +00:00      2026-05-13 04:54:01 +00:00      
 64    running    normal       60/10      1/0/1                running (will be tx notification after 19 secs) 
                               2026-05-13 04:54:34 +00:00                                      
----------------------------------------------------------------------------------------------------------------
 
nRU# show supervision 

 M-Plane connectivity monitoring: 
------------------------------------------------------------------------------
 Supervision state: normal 
 Supervision action-of-failure: recovery-reset (close-session, reset-system) 
 Supervision count-of-failure:  0 
 Supervision reset-system-timer(180 secs): off 
 Supervision time interval: supervision-noti-interval(60 secs) guard-time-overhead(10 secs) 

 Netconf session supervision history: (latest 10 sessions)
----------------------------------------------------------------------------------------------------------------
 id    state      supervision  interval   count(tx/tx-err/rx)  supervision-timer 
                               start-time                      end-time                 
----------------------------------------------------------------------------------------------------------------
 15    stopped    normal       60/10      0/0/1                --           
                               2026-05-12 08:25:48 +00:00      2026-05-12 08:27:27 +00:00      
 17    stopped    normal       60/10      0/0/0                --           
                               2026-05-12 08:28:46 +00:00      2026-05-12 08:29:02 +00:00      
 58    stopped    normal       60/10      0/0/0                --           
                               2026-05-13 04:41:22 +00:00      2026-05-13 04:41:47 +00:00      
 59    stopped    normal       60/10      0/0/0                --           
                               2026-05-13 04:42:20 +00:00      2026-05-13 04:42:45 +00:00      
 60    stopped    normal       60/10      0/0/0                --           
                               2026-05-13 04:47:54 +00:00      2026-05-13 04:48:19 +00:00      
 61    stopped    normal       60/10      0/0/0                --           
                               2026-05-13 04:49:41 +00:00      2026-05-13 04:49:42 +00:00      
 62    stopped    normal       60/10      0/0/0                --           
                               2026-05-13 04:51:15 +00:00      2026-05-13 04:51:15 +00:00      
 63    stopped    normal       60/10      0/0/0                --           
                               2026-05-13 04:54:00 +00:00      2026-05-13 04:54:01 +00:00      
 64    running    normal       60/10      1/0/1                running (will be tx notification after 19 secs) 
                               2026-05-13 04:54:34 +00:00                                      
----------------------------------------------------------------------------------------------------------------
 
nRU# show supervision 

 M-Plane connectivity monitoring: 
------------------------------------------------------------------------------
 Supervision state: normal 
 Supervision action-of-failure: recovery-reset (close-session, reset-system) 
 Supervision count-of-failure:  0 
 Supervision reset-system-timer(180 secs): off 
 Supervision time interval: supervision-noti-interval(60 secs) guard-time-overhead(10 secs) 

 Netconf session supervision history: (latest 10 sessions)
----------------------------------------------------------------------------------------------------------------
 id    state      supervision  interval   count(tx/tx-err/rx)  supervision-timer 
                               start-time                      end-time                 
----------------------------------------------------------------------------------------------------------------
 15    stopped    normal       60/10      0/0/1                --           
                               2026-05-12 08:25:48 +00:00      2026-05-12 08:27:27 +00:00      
 17    stopped    normal       60/10      0/0/0                --           
                               2026-05-12 08:28:46 +00:00      2026-05-12 08:29:02 +00:00      
 58    stopped    normal       60/10      0/0/0                --           
                               2026-05-13 04:41:22 +00:00      2026-05-13 04:41:47 +00:00      
 59    stopped    normal       60/10      0/0/0                --           
                               2026-05-13 04:42:20 +00:00      2026-05-13 04:42:45 +00:00      
 60    stopped    normal       60/10      0/0/0                --           
                               2026-05-13 04:47:54 +00:00      2026-05-13 04:48:19 +00:00      
 61    stopped    normal       60/10      0/0/0                --           
                               2026-05-13 04:49:41 +00:00      2026-05-13 04:49:42 +00:00      
 62    stopped    normal       60/10      0/0/0                --           
                               2026-05-13 04:51:15 +00:00      2026-05-13 04:51:15 +00:00      
 63    stopped    normal       60/10      0/0/0                --           
                               2026-05-13 04:54:00 +00:00      2026-05-13 04:54:01 +00:00      
 64    running    normal       60/10      1/0/1                running (will be tx notification after 18 secs) 
                               2026-05-13 04:54:34 +00:00                                      
----------------------------------------------------------------------------------------------------------------
 
nRU# show supervision 

 M-Plane connectivity monitoring: 
------------------------------------------------------------------------------
 Supervision state: normal 
 Supervision action-of-failure: recovery-reset (close-session, reset-system) 
 Supervision count-of-failure:  0 
 Supervision reset-system-timer(180 secs): off 
 Supervision time interval: supervision-noti-interval(60 secs) guard-time-overhead(10 secs) 

 Netconf session supervision history: (latest 10 sessions)
----------------------------------------------------------------------------------------------------------------
 id    state      supervision  interval   count(tx/tx-err/rx)  supervision-timer 
                               start-time                      end-time                 
----------------------------------------------------------------------------------------------------------------
 15    stopped    normal       60/10      0/0/1                --           
                               2026-05-12 08:25:48 +00:00      2026-05-12 08:27:27 +00:00      
 17    stopped    normal       60/10      0/0/0                --           
                               2026-05-12 08:28:46 +00:00      2026-05-12 08:29:02 +00:00      
 58    stopped    normal       60/10      0/0/0                --           
                               2026-05-13 04:41:22 +00:00      2026-05-13 04:41:47 +00:00      
 59    stopped    normal       60/10      0/0/0                --           
                               2026-05-13 04:42:20 +00:00      2026-05-13 04:42:45 +00:00      
 60    stopped    normal       60/10      0/0/0                --           
                               2026-05-13 04:47:54 +00:00      2026-05-13 04:48:19 +00:00      
 61    stopped    normal       60/10      0/0/0                --           
                               2026-05-13 04:49:41 +00:00      2026-05-13 04:49:42 +00:00      
 62    stopped    normal       60/10      0/0/0                --           
                               2026-05-13 04:51:15 +00:00      2026-05-13 04:51:15 +00:00      
 63    stopped    normal       60/10      0/0/0                --           
                               2026-05-13 04:54:00 +00:00      2026-05-13 04:54:01 +00:00      
 64    stopped    normal       60/10      1/0/1                --           
                               2026-05-13 04:54:34 +00:00      2026-05-13 04:56:17 +00:00      
----------------------------------------------------------------------------------------------------------------
 
nRU# show supervision 

 M-Plane connectivity monitoring: 
------------------------------------------------------------------------------
 Supervision state: normal 
 Supervision action-of-failure: recovery-reset (close-session, reset-system) 
 Supervision count-of-failure:  0 
 Supervision reset-system-timer(180 secs): off 
 Supervision time interval: supervision-noti-interval(60 secs) guard-time-overhead(10 secs) 

 Netconf session supervision history: (latest 10 sessions)
----------------------------------------------------------------------------------------------------------------
 id    state      supervision  interval   count(tx/tx-err/rx)  supervision-timer 
                               start-time                      end-time                 
----------------------------------------------------------------------------------------------------------------
 15    stopped    normal       60/10      0/0/1                --           
                               2026-05-12 08:25:48 +00:00      2026-05-12 08:27:27 +00:00      
 17    stopped    normal       60/10      0/0/0                --           
                               2026-05-12 08:28:46 +00:00      2026-05-12 08:29:02 +00:00      
 58    stopped    normal       60/10      0/0/0                --           
                               2026-05-13 04:41:22 +00:00      2026-05-13 04:41:47 +00:00      
 59    stopped    normal       60/10      0/0/0                --           
                               2026-05-13 04:42:20 +00:00      2026-05-13 04:42:45 +00:00      
 60    stopped    normal       60/10      0/0/0                --           
                               2026-05-13 04:47:54 +00:00      2026-05-13 04:48:19 +00:00      
 61    stopped    normal       60/10      0/0/0                --           
                               2026-05-13 04:49:41 +00:00      2026-05-13 04:49:42 +00:00      
 62    stopped    normal       60/10      0/0/0                --           
                               2026-05-13 04:51:15 +00:00      2026-05-13 04:51:15 +00:00      
 63    stopped    normal       60/10      0/0/0                --           
                               2026-05-13 04:54:00 +00:00      2026-05-13 04:54:01 +00:00      
 64    stopped    normal       60/10      1/0/1                --           
                               2026-05-13 04:54:34 +00:00      2026-05-13 04:56:17 +00:00      
----------------------------------------------------------------------------------------------------------------
 
nRU# show supervision 

 M-Plane connectivity monitoring: 
------------------------------------------------------------------------------
 Supervision state: normal 
 Supervision action-of-failure: recovery-reset (close-session, reset-system) 
 Supervision count-of-failure:  0 
 Supervision reset-system-timer(180 secs): off 
 Supervision time interval: supervision-noti-interval(60 secs) guard-time-overhead(10 secs) 

 Netconf session supervision history: (latest 10 sessions)
----------------------------------------------------------------------------------------------------------------
 id    state      supervision  interval   count(tx/tx-err/rx)  supervision-timer 
                               start-time                      end-time                 
----------------------------------------------------------------------------------------------------------------
 15    stopped    normal       60/10      0/0/1                --           
                               2026-05-12 08:25:48 +00:00      2026-05-12 08:27:27 +00:00      
 17    stopped    normal       60/10      0/0/0                --           
                               2026-05-12 08:28:46 +00:00      2026-05-12 08:29:02 +00:00      
 58    stopped    normal       60/10      0/0/0                --           
                               2026-05-13 04:41:22 +00:00      2026-05-13 04:41:47 +00:00      
 59    stopped    normal       60/10      0/0/0                --           
                               2026-05-13 04:42:20 +00:00      2026-05-13 04:42:45 +00:00      
 60    stopped    normal       60/10      0/0/0                --           
                               2026-05-13 04:47:54 +00:00      2026-05-13 04:48:19 +00:00      
 61    stopped    normal       60/10      0/0/0                --           
                               2026-05-13 04:49:41 +00:00      2026-05-13 04:49:42 +00:00      
 62    stopped    normal       60/10      0/0/0                --           
                               2026-05-13 04:51:15 +00:00      2026-05-13 04:51:15 +00:00      
 63    stopped    normal       60/10      0/0/0                --           
                               2026-05-13 04:54:00 +00:00      2026-05-13 04:54:01 +00:00      
 64    stopped    normal       60/10      1/0/1                --           
                               2026-05-13 04:54:34 +00:00      2026-05-13 04:56:17 +00:00      
----------------------------------------------------------------------------------------------------------------
 
nRU# show supervision 

 M-Plane connectivity monitoring: 
------------------------------------------------------------------------------
 Supervision state: normal 
 Supervision action-of-failure: recovery-reset (close-session, reset-system) 
 Supervision count-of-failure:  0 
 Supervision reset-system-timer(180 secs): off 
 Supervision time interval: supervision-noti-interval(60 secs) guard-time-overhead(10 secs) 

 Netconf session supervision history: (latest 10 sessions)
----------------------------------------------------------------------------------------------------------------
 id    state      supervision  interval   count(tx/tx-err/rx)  supervision-timer 
                               start-time                      end-time                 
----------------------------------------------------------------------------------------------------------------
 15    stopped    normal       60/10      0/0/1                --           
                               2026-05-12 08:25:48 +00:00      2026-05-12 08:27:27 +00:00      
 17    stopped    normal       60/10      0/0/0                --           
                               2026-05-12 08:28:46 +00:00      2026-05-12 08:29:02 +00:00      
 58    stopped    normal       60/10      0/0/0                --           
                               2026-05-13 04:41:22 +00:00      2026-05-13 04:41:47 +00:00      
 59    stopped    normal       60/10      0/0/0                --           
                               2026-05-13 04:42:20 +00:00      2026-05-13 04:42:45 +00:00      
 60    stopped    normal       60/10      0/0/0                --           
                               2026-05-13 04:47:54 +00:00      2026-05-13 04:48:19 +00:00      
 61    stopped    normal       60/10      0/0/0                --           
                               2026-05-13 04:49:41 +00:00      2026-05-13 04:49:42 +00:00      
 62    stopped    normal       60/10      0/0/0                --           
                               2026-05-13 04:51:15 +00:00      2026-05-13 04:51:15 +00:00      
 63    stopped    normal       60/10      0/0/0                --           
                               2026-05-13 04:54:00 +00:00      2026-05-13 04:54:01 +00:00      
 64    stopped    normal       60/10      1/0/1                --           
                               2026-05-13 04:54:34 +00:00      2026-05-13 04:56:17 +00:00      
----------------------------------------------------------------------------------------------------------------
 
nRU# show supervision 

 M-Plane connectivity monitoring: 
------------------------------------------------------------------------------
 Supervision state: normal 
 Supervision action-of-failure: recovery-reset (close-session, reset-system) 
 Supervision count-of-failure:  0 
 Supervision reset-system-timer(180 secs): off 
 Supervision time interval: supervision-noti-interval(60 secs) guard-time-overhead(10 secs) 

 Netconf session supervision history: (latest 10 sessions)
----------------------------------------------------------------------------------------------------------------
 id    state      supervision  interval   count(tx/tx-err/rx)  supervision-timer 
                               start-time                      end-time                 
----------------------------------------------------------------------------------------------------------------
 15    stopped    normal       60/10      0/0/1                --           
                               2026-05-12 08:25:48 +00:00      2026-05-12 08:27:27 +00:00      
 17    stopped    normal       60/10      0/0/0                --           
                               2026-05-12 08:28:46 +00:00      2026-05-12 08:29:02 +00:00      
 58    stopped    normal       60/10      0/0/0                --           
                               2026-05-13 04:41:22 +00:00      2026-05-13 04:41:47 +00:00      
 59    stopped    normal       60/10      0/0/0                --           
                               2026-05-13 04:42:20 +00:00      2026-05-13 04:42:45 +00:00      
 60    stopped    normal       60/10      0/0/0                --           
                               2026-05-13 04:47:54 +00:00      2026-05-13 04:48:19 +00:00      
 61    stopped    normal       60/10      0/0/0                --           
                               2026-05-13 04:49:41 +00:00      2026-05-13 04:49:42 +00:00      
 62    stopped    normal       60/10      0/0/0                --           
                               2026-05-13 04:51:15 +00:00      2026-05-13 04:51:15 +00:00      
 63    stopped    normal       60/10      0/0/0                --           
                               2026-05-13 04:54:00 +00:00      2026-05-13 04:54:01 +00:00      
 64    stopped    normal       60/10      1/0/1                --           
                               2026-05-13 04:54:34 +00:00      2026-05-13 04:56:17 +00:00      
----------------------------------------------------------------------------------------------------------------
 
nRU# 

CLI connection is closed by idle-timeout (600 seconds).

