Client SENT :  verb 3
Client SENT :  knownhosts --mode skip
Client SENT :  listen --host 10.0.20.254 --port 4334 --login oranuser --timeout 300
Waiting 300s for an SSH Call Home connection on port 4334...
nc VERBOSE: Accepted a connection on 10.0.20.254:4334 from 10.0.20.128:57742.
nc DEBUG: SSH: ssh_config_parse_file: Reading configuration data from /root/.ssh/config
nc DEBUG: SSH: ssh_config_parse_file: Reading configuration data from /etc/ssh/ssh_config
nc VERBOSE: SSH: ssh_config_parse_line: Unapplicable option: SendEnv, line: 51
nc VERBOSE: SSH: ssh_config_parse_line: Unsupported option: HashKnownHosts, line: 52
nc VERBOSE: SSH: ssh_connect: libssh 0.10.6 (c) 2003-2023 Aris Adamantiadis, Andreas Schneider and libssh contributors. Distributed under the LGPL, please refer to COPYING file for information about your rights, using threading threads_pthread
nc VERBOSE: SSH: ssh_connect: Socket connecting, now waiting for the callbacks to work
nc DEBUG: SSH: ssh_socket_pollcallback: Received POLLOUT in connecting state
nc WARNING: SSH: socket_callback_connected: Socket connection callback: 1 (0)
nc DEBUG: SSH: ssh_client_connection_callback: session_state=2
nc DEBUG: SSH: ssh_socket_unbuffered_write: Enabling POLLOUT for socket
nc DEBUG: SSH: ssh_connect: current state : 2
nc DEBUG: SSH: ssh_connect: current state : 2
nc DEBUG: SSH: callback_receive_banner: Received banner: SSH-2.0-libssh_0.8.8
nc DEBUG: SSH: ssh_client_connection_callback: session_state=3
nc VERBOSE: SSH: ssh_client_connection_callback: SSH server banner: SSH-2.0-libssh_0.8.8
nc VERBOSE: SSH: ssh_analyze_banner: Analyzing banner: SSH-2.0-libssh_0.8.8
nc DEBUG: SSH: ssh_client_select_hostkeys: Order of wanted host keys: "ssh-ed25519,ecdsa-sha2-nistp256,ecdsa-sha2-nistp384,ecdsa-sha2-nistp521,ssh-rsa,rsa-sha2-512,rsa-sha2-256"
nc DEBUG: SSH: ssh_client_select_hostkeys: No key found in known_hosts; changing host key method to "ssh-ed25519,ecdsa-sha2-nistp256,ecdsa-sha2-nistp384,ecdsa-sha2-nistp521,ssh-rsa,rsa-sha2-512,rsa-sha2-256"
nc DEBUG: SSH: ssh_socket_unbuffered_write: Enabling POLLOUT for socket
nc DEBUG: SSH: packet_send2: packet: wrote [type=20, len=876, padding_size=4, comp=871, payload=871]
nc DEBUG: SSH: ssh_send_kex: SSH_MSG_KEXINIT sent
nc DEBUG: SSH: ssh_packet_socket_callback: packet: read type 20 [len=556,padding=4,comp=551,payload=551]
nc DEBUG: SSH: ssh_packet_process: Dispatching handler for packet type 20
nc DEBUG: SSH: ssh_client_connection_callback: session_state=5
nc VERBOSE: SSH: ssh_kex_select_methods: Negotiated curve25519-sha256,ssh-rsa,chacha20-poly1305@openssh.com,chacha20-poly1305@openssh.com,aead-poly1305,aead-poly1305,none,none,,
nc DEBUG: SSH: packet_send2: packet: wrote [type=30, len=44, padding_size=6, comp=37, payload=37]
nc DEBUG: SSH: ssh_connect: current state : 6
nc DEBUG: SSH: ssh_socket_unbuffered_write: Enabling POLLOUT for socket
nc DEBUG: SSH: ssh_connect: current state : 6
nc DEBUG: SSH: ssh_connect: current state : 6
nc DEBUG: SSH: ssh_packet_socket_callback: packet: read type 31 [len=868,padding=11,comp=856,payload=856]
nc DEBUG: SSH: ssh_packet_process: Dispatching handler for packet type 31
nc DEBUG: SSH: ssh_socket_unbuffered_write: Enabling POLLOUT for socket
nc DEBUG: SSH: packet_send2: packet: wrote [type=21, len=12, padding_size=10, comp=1, payload=1]
nc DEBUG: SSH: crypt_set_algorithms2: Set output algorithm to chacha20-poly1305@openssh.com
nc DEBUG: SSH: crypt_set_algorithms2: Set HMAC output algorithm to aead-poly1305
nc DEBUG: SSH: crypt_set_algorithms2: Set input algorithm to chacha20-poly1305@openssh.com
nc DEBUG: SSH: crypt_set_algorithms2: Set HMAC input algorithm to aead-poly1305
nc VERBOSE: SSH: ssh_init_rekey_state: Set rekey after 134217728 blocks
nc VERBOSE: SSH: ssh_init_rekey_state: Set rekey after 134217728 blocks
nc DEBUG: SSH: ssh_packet_send_newkeys: SSH_MSG_NEWKEYS sent
nc DEBUG: SSH: ssh_connect: current state : 6
nc DEBUG: SSH: ssh_packet_socket_callback: packet: read type 21 [len=12,padding=10,comp=1,payload=1]
nc DEBUG: SSH: ssh_packet_process: Dispatching handler for packet type 21
nc VERBOSE: SSH: ssh_packet_newkeys: Received SSH_MSG_NEWKEYS
nc VERBOSE: SSH: ssh_packet_newkeys: Signature verified and valid
nc DEBUG: SSH: ssh_client_connection_callback: session_state=6
nc DEBUG: SSH: ssh_packet_socket_callback: Processing 172 bytes left in socket buffer
nc DEBUG: SSH: ssh_packet_socket_callback: packet: read type 7 [len=152,padding=10,comp=141,payload=141]
nc DEBUG: SSH: ssh_packet_process: Dispatching handler for packet type 7
nc DEBUG: SSH: ssh_packet_ext_info: Received SSH_MSG_EXT_INFO
nc DEBUG: SSH: ssh_packet_ext_info: Follows 1 extensions
nc DEBUG: SSH: ssh_packet_ext_info: Extension: server-sig-algs=<ssh-ed25519,ecdsa-sha2-nistp256,ecdsa-sha2-nistp384,ecdsa-sha2-nistp521,ssh-rsa,rsa-sha2-512,rsa-sha2-256,ssh-dss>
nc DEBUG: SSH: ssh_connect: current state : 7
nc VERBOSE: Server hostkey check mode: skip.
nc DEBUG: SSH: ssh_socket_unbuffered_write: Enabling POLLOUT for socket
nc DEBUG: SSH: packet_send2: packet: wrote [type=5, len=24, padding_size=6, comp=17, payload=17]
nc DEBUG: SSH: ssh_service_request: Sent SSH_MSG_SERVICE_REQUEST (service ssh-userauth)
nc DEBUG: SSH: ssh_packet_socket_callback: packet: read type 6 [len=24,padding=6,comp=17,payload=17]
nc DEBUG: SSH: ssh_packet_process: Dispatching handler for packet type 6
nc DEBUG: SSH: ssh_packet_service_accept: Received SSH_MSG_SERVICE_ACCEPT
nc DEBUG: SSH: ssh_socket_unbuffered_write: Enabling POLLOUT for socket
nc DEBUG: SSH: packet_send2: packet: wrote [type=50, len=48, padding_size=8, comp=39, payload=39]
nc DEBUG: SSH: ssh_packet_socket_callback: packet: read type 51 [len=32,padding=7,comp=24,payload=24]
nc DEBUG: SSH: ssh_packet_process: Dispatching handler for packet type 51
nc WARNING: SSH: ssh_packet_userauth_failure: Access denied for 'none'. Authentication that can continue: publickey,password
nc VERBOSE: SSH: ssh_packet_userauth_failure: Access denied for 'none'. Authentication that can continue: publickey,password
nc VERBOSE: Publickey athentication.
nc VERBOSE: No key pair specified.
nc WARNING: Authentication denied.
nc VERBOSE: Password authentication (host "10.0.20.128", user "oranuser").
nc DEBUG: SSH: ssh_socket_unbuffered_write: Enabling POLLOUT for socket
nc DEBUG: SSH: packet_send2: packet: wrote [type=50, len=72, padding_size=9, comp=62, payload=62]
nc DEBUG: SSH: ssh_packet_socket_callback: packet: read type 52 [len=8,padding=6,comp=1,payload=1]
nc DEBUG: SSH: ssh_packet_process: Dispatching handler for packet type 52
nc DEBUG: SSH: ssh_packet_userauth_success: Authentication successful
nc DEBUG: SSH: ssh_packet_need_rekey: rekey: [data_rekey_needed=0, out_blocks=13, in_blocks=22]
nc VERBOSE: Authentication successful.
nc VERBOSE: SSH: channel_open: Creating a channel 43 with 64000 window and 32768 max packet
nc DEBUG: SSH: ssh_packet_need_rekey: rekey: [data_rekey_needed=0, out_blocks=16, in_blocks=25]
nc DEBUG: SSH: ssh_socket_unbuffered_write: Enabling POLLOUT for socket
nc DEBUG: SSH: packet_send2: packet: wrote [type=90, len=32, padding_size=7, comp=24, payload=24]
nc DEBUG: SSH: channel_open: Sent a SSH_MSG_CHANNEL_OPEN type session for channel 43
nc DEBUG: SSH: ssh_packet_socket_callback: packet: read type 91 [len=24,padding=6,comp=17,payload=17]
nc DEBUG: SSH: ssh_packet_process: Dispatching handler for packet type 91
nc DEBUG: SSH: ssh_packet_channel_open_conf: Received SSH2_MSG_CHANNEL_OPEN_CONFIRMATION
nc VERBOSE: SSH: ssh_packet_channel_open_conf: Received a CHANNEL_OPEN_CONFIRMATION for channel 43:43
nc VERBOSE: SSH: ssh_packet_channel_open_conf: Remote window : 32000, maxpacket : 35000
nc DEBUG: SSH: ssh_packet_need_rekey: rekey: [data_rekey_needed=0, out_blocks=16, in_blocks=24]
nc DEBUG: SSH: ssh_packet_need_rekey: rekey: [data_rekey_needed=0, out_blocks=19, in_blocks=27]
nc DEBUG: SSH: ssh_socket_unbuffered_write: Enabling POLLOUT for socket
nc DEBUG: SSH: packet_send2: packet: wrote [type=98, len=40, padding_size=9, comp=30, payload=30]
nc DEBUG: SSH: channel_request: Sent a SSH_MSG_CHANNEL_REQUEST subsystem
nc DEBUG: SSH: ssh_packet_socket_callback: packet: read type 99 [len=16,padding=10,comp=5,payload=5]
nc DEBUG: SSH: ssh_packet_process: Dispatching handler for packet type 99
nc DEBUG: SSH: ssh_packet_channel_success: Received SSH_CHANNEL_SUCCESS on channel (43:43)
nc DEBUG: SSH: ssh_packet_need_rekey: rekey: [data_rekey_needed=0, out_blocks=19, in_blocks=24]
nc VERBOSE: SSH: channel_request: Channel request subsystem success
ly VERBOSE: Searching for "ietf-inet-types" in "/root".
ly VERBOSE: Module "ietf-inet-types" not found in local searchdirs.
ly VERBOSE: Newer revision than "ietf-inet-types@2013-07-15" not found, using this as the latest revision.
ly VERBOSE: Searching for "ietf-yang-types" in "/root".
ly VERBOSE: Module "ietf-yang-types" not found in local searchdirs.
ly VERBOSE: Newer revision than "ietf-yang-types@2013-07-15" not found, using this as the latest revision.
nc DEBUG: Sending message:
<hello xmlns="urn:ietf:params:xml:ns:netconf:base:1.0"><capabilities><capability>urn:ietf:params:netconf:base:1.0</capability><capability>urn:ietf:params:netconf:base:1.1</capability></capabilities></hello>

nc DEBUG: SSH: ssh_packet_need_rekey: rekey: [data_rekey_needed=0, out_blocks=45, in_blocks=50]
nc DEBUG: SSH: ssh_socket_unbuffered_write: Enabling POLLOUT for socket
nc DEBUG: SSH: packet_send2: packet: wrote [type=94, len=224, padding_size=8, comp=215, payload=215]
nc DEBUG: SSH: channel_write_common: ssh_channel_write wrote 206 bytes
nc DEBUG: Sending message:
]]>]]>

nc DEBUG: SSH: ssh_packet_need_rekey: rekey: [data_rekey_needed=0, out_blocks=46, in_blocks=25]
nc DEBUG: SSH: packet_send2: packet: wrote [type=94, len=24, padding_size=8, comp=15, payload=15]
nc DEBUG: SSH: channel_write_common: ssh_channel_write wrote 6 bytes
nc DEBUG: SSH: ssh_packet_socket_callback: packet: read type 94 [len=3368,padding=7,comp=3360,payload=3360]
nc DEBUG: SSH: ssh_packet_process: Dispatching handler for packet type 94
nc DEBUG: SSH: channel_rcv_data: Channel receiving 3351 bytes data in 0 (local win=64000 remote win=31788)
nc DEBUG: SSH: channel_default_bufferize: placing 3351 bytes into channel buffer (stdout)
nc DEBUG: SSH: channel_rcv_data: Channel windows are now (local win=60649 remote win=31788)
nc DEBUG: SSH: ssh_packet_need_rekey: rekey: [data_rekey_needed=0, out_blocks=47, in_blocks=445]
nc DEBUG: SSH: packet_send2: packet: wrote [type=93, len=16, padding_size=6, comp=9, payload=9]
nc VERBOSE: SSH: grow_window: growing window (channel 43:43) to 1280000 bytes
nc DEBUG: SSH: ssh_packet_socket_callback: Processing 44 bytes left in socket buffer
nc DEBUG: SSH: ssh_packet_socket_callback: packet: read type 94 [len=24,padding=8,comp=15,payload=15]
nc DEBUG: SSH: ssh_packet_process: Dispatching handler for packet type 94
nc DEBUG: SSH: channel_rcv_data: Channel receiving 6 bytes data in 0 (local win=1280000 remote win=31788)
nc DEBUG: SSH: channel_default_bufferize: placing 6 bytes into channel buffer (stdout)
nc DEBUG: SSH: channel_rcv_data: Channel windows are now (local win=1279994 remote win=31788)
nc DEBUG: SSH: ssh_packet_need_rekey: rekey: [data_rekey_needed=0, out_blocks=47, in_blocks=445]
nc DEBUG: SSH: ssh_packet_need_rekey: rekey: [data_rekey_needed=0, out_blocks=47, in_blocks=445]
nc DEBUG: SSH: ssh_socket_unbuffered_write: Enabling POLLOUT for socket
nc DEBUG: SSH: ssh_channel_read_timeout: Read (6) buffered : 3357 bytes. Window: 1279994
nc DEBUG: SSH: ssh_channel_read_timeout: Read (6) buffered : 3351 bytes. Window: 1279994
nc DEBUG: SSH: ssh_channel_read_timeout: Read (6) buffered : 3345 bytes. Window: 1279994
nc DEBUG: SSH: ssh_channel_read_timeout: Read (6) buffered : 3339 bytes. Window: 1279994
nc DEBUG: SSH: ssh_channel_read_timeout: Read (6) buffered : 3333 bytes. Window: 1279994
nc DEBUG: SSH: ssh_channel_read_timeout: Read (6) buffered : 3327 bytes. Window: 1279994
nc DEBUG: SSH: ssh_channel_read_timeout: Read (6) buffered : 3321 bytes. Window: 1279994
nc DEBUG: SSH: ssh_channel_read_timeout: Read (6) buffered : 3315 bytes. Window: 1279994
nc DEBUG: SSH: ssh_channel_read_timeout: Read (6) buffered : 3309 bytes. Window: 1279994
nc DEBUG: SSH: ssh_channel_read_timeout: Read (6) buffered : 3303 bytes. Window: 1279994
nc DEBUG: SSH: ssh_channel_read_timeout: Read (6) buffered : 3297 bytes. Window: 1279994
nc DEBUG: SSH: ssh_channel_read_timeout: Read (6) buffered : 3291 bytes. Window: 1279994
nc DEBUG: SSH: ssh_channel_read_timeout: Read (6) buffered : 3285 bytes. Window: 1279994
nc DEBUG: SSH: ssh_channel_read_timeout: Read (6) buffered : 3279 bytes. Window: 1279994
nc DEBUG: SSH: ssh_channel_read_timeout: Read (6) buffered : 3273 bytes. Window: 1279994
nc DEBUG: SSH: ssh_channel_read_timeout: Read (6) buffered : 3267 bytes. Window: 1279994
nc DEBUG: SSH: ssh_channel_read_timeout: Read (6) buffered : 3261 bytes. Window: 1279994
nc DEBUG: SSH: ssh_channel_read_timeout: Read (6) buffered : 3255 bytes. Window: 1279994
nc DEBUG: SSH: ssh_channel_read_timeout: Read (6) buffered : 3249 bytes. Window: 1279994
nc DEBUG: SSH: ssh_channel_read_timeout: Read (6) buffered : 3243 bytes. Window: 1279994
nc DEBUG: SSH: ssh_channel_read_timeout: Read (6) buffered : 3237 bytes. Window: 1279994
nc DEBUG: SSH: ssh_channel_read_timeout: Read (6) buffered : 3231 bytes. Window: 1279994
nc DEBUG: SSH: ssh_channel_read_timeout: Read (6) buffered : 3225 bytes. Window: 1279994
nc DEBUG: SSH: ssh_channel_read_timeout: Read (6) buffered : 3219 bytes. Window: 1279994
nc DEBUG: SSH: ssh_channel_read_timeout: Read (6) buffered : 3213 bytes. Window: 1279994
nc DEBUG: SSH: ssh_channel_read_timeout: Read (6) buffered : 3207 bytes. Window: 1279994
nc DEBUG: SSH: ssh_channel_read_timeout: Read (6) buffered : 3201 bytes. Window: 1279994
nc DEBUG: SSH: ssh_channel_read_timeout: Read (6) buffered : 3195 bytes. Window: 1279994
nc DEBUG: SSH: ssh_channel_read_timeout: Read (6) buffered : 3189 bytes. Window: 1279994
nc DEBUG: SSH: ssh_channel_read_timeout: Read (6) buffered : 3183 bytes. Window: 1279994
nc DEBUG: SSH: ssh_channel_read_timeout: Read (6) buffered : 3177 bytes. Window: 1279994
nc DEBUG: SSH: ssh_channel_read_timeout: Read (6) buffered : 3171 bytes. Window: 1279994
nc DEBUG: SSH: ssh_channel_read_timeout: Read (6) buffered : 3165 bytes. Window: 1279994
nc DEBUG: SSH: ssh_channel_read_timeout: Read (6) buffered : 3159 bytes. Window: 1279994
nc DEBUG: SSH: ssh_channel_read_timeout: Read (6) buffered : 3153 bytes. Window: 1279994
nc DEBUG: SSH: ssh_channel_read_timeout: Read (6) buffered : 3147 bytes. Window: 1279994
nc DEBUG: SSH: ssh_channel_read_timeout: Read (6) buffered : 3141 bytes. Window: 1279994
nc DEBUG: SSH: ssh_channel_read_timeout: Read (6) buffered : 3135 bytes. Window: 1279994
nc DEBUG: SSH: ssh_channel_read_timeout: Read (6) buffered : 3129 bytes. Window: 1279994
nc DEBUG: SSH: ssh_channel_read_timeout: Read (6) buffered : 3123 bytes. Window: 1279994
nc DEBUG: SSH: ssh_channel_read_timeout: Read (6) buffered : 3117 bytes. Window: 1279994
nc DEBUG: SSH: ssh_channel_read_timeout: Read (6) buffered : 3111 bytes. Window: 1279994
nc DEBUG: SSH: ssh_channel_read_timeout: Read (6) buffered : 3105 bytes. Window: 1279994
nc DEBUG: SSH: ssh_channel_read_timeout: Read (6) buffered : 3099 bytes. Window: 1279994
nc DEBUG: SSH: ssh_channel_read_timeout: Read (6) buffered : 3093 bytes. Window: 1279994
nc DEBUG: SSH: ssh_channel_read_timeout: Read (6) buffered : 3087 bytes. Window: 1279994
nc DEBUG: SSH: ssh_channel_read_timeout: Read (6) buffered : 3081 bytes. Window: 1279994
nc DEBUG: SSH: ssh_channel_read_timeout: Read (6) buffered : 3075 bytes. Window: 1279994
nc DEBUG: SSH: ssh_channel_read_timeout: Read (6) buffered : 3069 bytes. Window: 1279994
nc DEBUG: SSH: ssh_channel_read_timeout: Read (6) buffered : 3063 bytes. Window: 1279994
nc DEBUG: SSH: ssh_channel_read_timeout: Read (6) buffered : 3057 bytes. Window: 1279994
nc DEBUG: SSH: ssh_channel_read_timeout: Read (6) buffered : 3051 bytes. Window: 1279994
nc DEBUG: SSH: ssh_channel_read_timeout: Read (6) buffered : 3045 bytes. Window: 1279994
nc DEBUG: SSH: ssh_channel_read_timeout: Read (6) buffered : 3039 bytes. Window: 1279994
nc DEBUG: SSH: ssh_channel_read_timeout: Read (6) buffered : 3033 bytes. Window: 1279994
nc DEBUG: SSH: ssh_channel_read_timeout: Read (6) buffered : 3027 bytes. Window: 1279994
nc DEBUG: SSH: ssh_channel_read_timeout: Read (6) buffered : 3021 bytes. Window: 1279994
nc DEBUG: SSH: ssh_channel_read_timeout: Read (6) buffered : 3015 bytes. Window: 1279994
nc DEBUG: SSH: ssh_channel_read_timeout: Read (6) buffered : 3009 bytes. Window: 1279994
nc DEBUG: SSH: ssh_channel_read_timeout: Read (6) buffered : 3003 bytes. Window: 1279994
nc DEBUG: SSH: ssh_channel_read_timeout: Read (6) buffered : 2997 bytes. Window: 1279994
nc DEBUG: SSH: ssh_channel_read_timeout: Read (6) buffered : 2991 bytes. Window: 1279994
nc DEBUG: SSH: ssh_channel_read_timeout: Read (6) buffered : 2985 bytes. Window: 1279994
nc DEBUG: SSH: ssh_channel_read_timeout: Read (6) buffered : 2979 bytes. Window: 1279994
nc DEBUG: SSH: ssh_channel_read_timeout: Read (6) buffered : 2973 bytes. Window: 1279994
nc DEBUG: SSH: ssh_channel_read_timeout: Read (6) buffered : 2967 bytes. Window: 1279994
nc DEBUG: SSH: ssh_channel_read_timeout: Read (6) buffered : 2961 bytes. Window: 1279994
nc DEBUG: SSH: ssh_channel_read_timeout: Read (6) buffered : 2955 bytes. Window: 1279994
nc DEBUG: SSH: ssh_channel_read_timeout: Read (6) buffered : 2949 bytes. Window: 1279994
nc DEBUG: SSH: ssh_channel_read_timeout: Read (6) buffered : 2943 bytes. Window: 1279994
nc DEBUG: SSH: ssh_channel_read_timeout: Read (6) buffered : 2937 bytes. Window: 1279994
nc DEBUG: SSH: ssh_channel_read_timeout: Read (6) buffered : 2931 bytes. Window: 1279994
nc DEBUG: SSH: ssh_channel_read_timeout: Read (6) buffered : 2925 bytes. Window: 1279994
nc DEBUG: SSH: ssh_channel_read_timeout: Read (6) buffered : 2919 bytes. Window: 1279994
nc DEBUG: SSH: ssh_channel_read_timeout: Read (6) buffered : 2913 bytes. Window: 1279994
nc DEBUG: SSH: ssh_channel_read_timeout: Read (6) buffered : 2907 bytes. Window: 1279994
nc DEBUG: SSH: ssh_channel_read_timeout: Read (6) buffered : 2901 bytes. Window: 1279994
nc DEBUG: SSH: ssh_channel_read_timeout: Read (6) buffered : 2895 bytes. Window: 1279994
nc DEBUG: SSH: ssh_channel_read_timeout: Read (6) buffered : 2889 bytes. Window: 1279994
nc DEBUG: SSH: ssh_channel_read_timeout: Read (6) buffered : 2883 bytes. Window: 1279994
nc DEBUG: SSH: ssh_channel_read_timeout: Read (6) buffered : 2877 bytes. Window: 1279994
nc DEBUG: SSH: ssh_channel_read_timeout: Read (6) buffered : 2871 bytes. Window: 1279994
nc DEBUG: SSH: ssh_channel_read_timeout: Read (6) buffered : 2865 bytes. Window: 1279994
nc DEBUG: SSH: ssh_channel_read_timeout: Read (6) buffered : 2859 bytes. Window: 1279994
nc DEBUG: SSH: ssh_channel_read_timeout: Read (6) buffered : 2853 bytes. Window: 1279994
nc DEBUG: SSH: ssh_channel_read_timeout: Read (6) buffered : 2847 bytes. Window: 1279994
nc DEBUG: SSH: ssh_channel_read_timeout: Read (6) buffered : 2841 bytes. Window: 1279994
nc DEBUG: SSH: ssh_channel_read_timeout: Read (6) buffered : 2835 bytes. Window: 1279994
nc DEBUG: SSH: ssh_channel_read_timeout: Read (6) buffered : 2829 bytes. Window: 1279994
nc DEBUG: SSH: ssh_channel_read_timeout: Read (6) buffered : 2823 bytes. Window: 1279994
nc DEBUG: SSH: ssh_channel_read_timeout: Read (6) buffered : 2817 bytes. Window: 1279994
nc DEBUG: SSH: ssh_channel_read_timeout: Read (6) buffered : 2811 bytes. Window: 1279994
nc DEBUG: SSH: ssh_channel_read_timeout: Read (6) buffered : 2805 bytes. Window: 1279994
nc DEBUG: SSH: ssh_channel_read_timeout: Read (6) buffered : 2799 bytes. Window: 1279994
nc DEBUG: SSH: ssh_channel_read_timeout: Read (6) buffered : 2793 bytes. Window: 1279994
nc DEBUG: SSH: ssh_channel_read_timeout: Read (6) buffered : 2787 bytes. Window: 1279994
nc DEBUG: SSH: ssh_channel_read_timeout: Read (6) buffered : 2781 bytes. Window: 1279994
nc DEBUG: SSH: ssh_channel_read_timeout: Read (6) buffered : 2775 bytes. Window: 1279994
nc DEBUG: SSH: ssh_channel_read_timeout: Read (6) buffered : 2769 bytes. Window: 1279994
nc DEBUG: SSH: ssh_channel_read_timeout: Read (6) buffered : 2763 bytes. Window: 1279994
nc DEBUG: SSH: ssh_channel_read_timeout: Read (6) buffered : 2757 bytes. Window: 1279994
nc DEBUG: SSH: ssh_channel_read_timeout: Read (6) buffered : 2751 bytes. Window: 1279994
nc DEBUG: SSH: ssh_channel_read_timeout: Read (6) buffered : 2745 bytes. Window: 1279994
nc DEBUG: SSH: ssh_channel_read_timeout: Read (6) buffered : 2739 bytes. Window: 1279994
nc DEBUG: SSH: ssh_channel_read_timeout: Read (6) buffered : 2733 bytes. Window: 1279994
nc DEBUG: SSH: ssh_channel_read_timeout: Read (6) buffered : 2727 bytes. Window: 1279994
nc DEBUG: SSH: ssh_channel_read_timeout: Read (6) buffered : 2721 bytes. Window: 1279994
nc DEBUG: SSH: ssh_channel_read_timeout: Read (6) buffered : 2715 bytes. Window: 1279994
nc DEBUG: SSH: ssh_channel_read_timeout: Read (6) buffered : 2709 bytes. Window: 1279994
nc DEBUG: SSH: ssh_channel_read_timeout: Read (6) buffered : 2703 bytes. Window: 1279994
nc DEBUG: SSH: ssh_channel_read_timeout: Read (6) buffered : 2697 bytes. Window: 1279994
nc DEBUG: SSH: ssh_channel_read_timeout: Read (6) buffered : 2691 bytes. Window: 1279994
nc DEBUG: SSH: ssh_channel_read_timeout: Read (6) buffered : 2685 bytes. Window: 1279994
nc DEBUG: SSH: ssh_channel_read_timeout: Read (6) buffered : 2679 bytes. Window: 1279994
nc DEBUG: SSH: ssh_channel_read_timeout: Read (6) buffered : 2673 bytes. Window: 1279994
nc DEBUG: SSH: ssh_channel_read_timeout: Read (6) buffered : 2667 bytes. Window: 1279994
nc DEBUG: SSH: ssh_channel_read_timeout: Read (6) buffered : 2661 bytes. Window: 1279994
nc DEBUG: SSH: ssh_channel_read_timeout: Read (6) buffered : 2655 bytes. Window: 1279994
nc DEBUG: SSH: ssh_channel_read_timeout: Read (6) buffered : 2649 bytes. Window: 1279994
nc DEBUG: SSH: ssh_channel_read_timeout: Read (6) buffered : 2643 bytes. Window: 1279994
nc DEBUG: SSH: ssh_channel_read_timeout: Read (6) buffered : 2637 bytes. Window: 1279994
nc DEBUG: SSH: ssh_channel_read_timeout: Read (6) buffered : 2631 bytes. Window: 1279994
nc DEBUG: SSH: ssh_channel_read_timeout: Read (6) buffered : 2625 bytes. Window: 1279994
nc DEBUG: SSH: ssh_channel_read_timeout: Read (6) buffered : 2619 bytes. Window: 1279994
nc DEBUG: SSH: ssh_channel_read_timeout: Read (6) buffered : 2613 bytes. Window: 1279994
nc DEBUG: SSH: ssh_channel_read_timeout: Read (6) buffered : 2607 bytes. Window: 1279994
nc DEBUG: SSH: ssh_channel_read_timeout: Read (6) buffered : 2601 bytes. Window: 1279994
nc DEBUG: SSH: ssh_channel_read_timeout: Read (6) buffered : 2595 bytes. Window: 1279994
nc DEBUG: SSH: ssh_channel_read_timeout: Read (6) buffered : 2589 bytes. Window: 1279994
nc DEBUG: SSH: ssh_channel_read_timeout: Read (6) buffered : 2583 bytes. Window: 1279994
nc DEBUG: SSH: ssh_channel_read_timeout: Read (6) buffered : 2577 bytes. Window: 1279994
nc DEBUG: SSH: ssh_channel_read_timeout: Read (6) buffered : 2571 bytes. Window: 1279994
nc DEBUG: SSH: ssh_channel_read_timeout: Read (6) buffered : 2565 bytes. Window: 1279994
nc DEBUG: SSH: ssh_channel_read_timeout: Read (6) buffered : 2559 bytes. Window: 1279994
nc DEBUG: SSH: ssh_channel_read_timeout: Read (6) buffered : 2553 bytes. Window: 1279994
nc DEBUG: SSH: ssh_channel_read_timeout: Read (6) buffered : 2547 bytes. Window: 1279994
nc DEBUG: SSH: ssh_channel_read_timeout: Read (6) buffered : 2541 bytes. Window: 1279994
nc DEBUG: SSH: ssh_channel_read_timeout: Read (6) buffered : 2535 bytes. Window: 1279994
nc DEBUG: SSH: ssh_channel_read_timeout: Read (6) buffered : 2529 bytes. Window: 1279994
nc DEBUG: SSH: ssh_channel_read_timeout: Read (6) buffered : 2523 bytes. Window: 1279994
nc DEBUG: SSH: ssh_channel_read_timeout: Read (6) buffered : 2517 bytes. Window: 1279994
nc DEBUG: SSH: ssh_channel_read_timeout: Read (6) buffered : 2511 bytes. Window: 1279994
nc DEBUG: SSH: ssh_channel_read_timeout: Read (6) buffered : 2505 bytes. Window: 1279994
nc DEBUG: SSH: ssh_channel_read_timeout: Read (6) buffered : 2499 bytes. Window: 1279994
nc DEBUG: SSH: ssh_channel_read_timeout: Read (6) buffered : 2493 bytes. Window: 1279994
nc DEBUG: SSH: ssh_channel_read_timeout: Read (6) buffered : 2487 bytes. Window: 1279994
nc DEBUG: SSH: ssh_channel_read_timeout: Read (6) buffered : 2481 bytes. Window: 1279994
nc DEBUG: SSH: ssh_channel_read_timeout: Read (6) buffered : 2475 bytes. Window: 1279994
nc DEBUG: SSH: ssh_channel_read_timeout: Read (6) buffered : 2469 bytes. Window: 1279994
nc DEBUG: SSH: ssh_channel_read_timeout: Read (6) buffered : 2463 bytes. Window: 1279994
nc DEBUG: SSH: ssh_channel_read_timeout: Read (6) buffered : 2457 bytes. Window: 1279994
nc DEBUG: SSH: ssh_channel_read_timeout: Read (6) buffered : 2451 bytes. Window: 1279994
nc DEBUG: SSH: ssh_channel_read_timeout: Read (6) buffered : 2445 bytes. Window: 1279994
nc DEBUG: SSH: ssh_channel_read_timeout: Read (6) buffered : 2439 bytes. Window: 1279994
nc DEBUG: SSH: ssh_channel_read_timeout: Read (6) buffered : 2433 bytes. Window: 1279994
nc DEBUG: SSH: ssh_channel_read_timeout: Read (6) buffered : 2427 bytes. Window: 1279994
nc DEBUG: SSH: ssh_channel_read_timeout: Read (6) buffered : 2421 bytes. Window: 1279994
nc DEBUG: SSH: ssh_channel_read_timeout: Read (6) buffered : 2415 bytes. Window: 1279994
nc DEBUG: SSH: ssh_channel_read_timeout: Read (6) buffered : 2409 bytes. Window: 1279994
nc DEBUG: SSH: ssh_channel_read_timeout: Read (6) buffered : 2403 bytes. Window: 1279994
nc DEBUG: SSH: ssh_channel_read_timeout: Read (6) buffered : 2397 bytes. Window: 1279994
nc DEBUG: SSH: ssh_channel_read_timeout: Read (6) buffered : 2391 bytes. Window: 1279994
nc DEBUG: SSH: ssh_channel_read_timeout: Read (6) buffered : 2385 bytes. Window: 1279994
nc DEBUG: SSH: ssh_channel_read_timeout: Read (6) buffered : 2379 bytes. Window: 1279994
nc DEBUG: SSH: ssh_channel_read_timeout: Read (6) buffered : 2373 bytes. Window: 1279994
nc DEBUG: SSH: ssh_channel_read_timeout: Read (6) buffered : 2367 bytes. Window: 1279994
nc DEBUG: SSH: ssh_channel_read_timeout: Read (6) buffered : 2361 bytes. Window: 1279994
nc DEBUG: SSH: ssh_channel_read_timeout: Read (6) buffered : 2355 bytes. Window: 1279994
nc DEBUG: SSH: ssh_channel_read_timeout: Read (6) buffered : 2349 bytes. Window: 1279994
nc DEBUG: SSH: ssh_channel_read_timeout: Read (6) buffered : 2343 bytes. Window: 1279994
nc DEBUG: SSH: ssh_channel_read_timeout: Read (6) buffered : 2337 bytes. Window: 1279994
nc DEBUG: SSH: ssh_channel_read_timeout: Read (6) buffered : 2331 bytes. Window: 1279994
nc DEBUG: SSH: ssh_channel_read_timeout: Read (6) buffered : 2325 bytes. Window: 1279994
nc DEBUG: SSH: ssh_channel_read_timeout: Read (6) buffered : 2319 bytes. Window: 1279994
nc DEBUG: SSH: ssh_channel_read_timeout: Read (6) buffered : 2313 bytes. Window: 1279994
nc DEBUG: SSH: ssh_channel_read_timeout: Read (6) buffered : 2307 bytes. Window: 1279994
nc DEBUG: SSH: ssh_channel_read_timeout: Read (6) buffered : 2301 bytes. Window: 1279994
nc DEBUG: SSH: ssh_channel_read_timeout: Read (6) buffered : 2295 bytes. Window: 1279994
nc DEBUG: SSH: ssh_channel_read_timeout: Read (6) buffered : 2289 bytes. Window: 1279994
nc DEBUG: SSH: ssh_channel_read_timeout: Read (6) buffered : 2283 bytes. Window: 1279994
nc DEBUG: SSH: ssh_channel_read_timeout: Read (6) buffered : 2277 bytes. Window: 1279994
nc DEBUG: SSH: ssh_channel_read_timeout: Read (6) buffered : 2271 bytes. Window: 1279994
nc DEBUG: SSH: ssh_channel_read_timeout: Read (6) buffered : 2265 bytes. Window: 1279994
nc DEBUG: SSH: ssh_channel_read_timeout: Read (6) buffered : 2259 bytes. Window: 1279994
nc DEBUG: SSH: ssh_channel_read_timeout: Read (6) buffered : 2253 bytes. Window: 1279994
nc DEBUG: SSH: ssh_channel_read_timeout: Read (6) buffered : 2247 bytes. Window: 1279994
nc DEBUG: SSH: ssh_channel_read_timeout: Read (6) buffered : 2241 bytes. Window: 1279994
nc DEBUG: SSH: ssh_channel_read_timeout: Read (6) buffered : 2235 bytes. Window: 1279994
nc DEBUG: SSH: ssh_channel_read_timeout: Read (6) buffered : 2229 bytes. Window: 1279994
nc DEBUG: SSH: ssh_channel_read_timeout: Read (6) buffered : 2223 bytes. Window: 1279994
nc DEBUG: SSH: ssh_channel_read_timeout: Read (6) buffered : 2217 bytes. Window: 1279994
nc DEBUG: SSH: ssh_channel_read_timeout: Read (6) buffered : 2211 bytes. Window: 1279994
nc DEBUG: SSH: ssh_channel_read_timeout: Read (6) buffered : 2205 bytes. Window: 1279994
nc DEBUG: SSH: ssh_channel_read_timeout: Read (6) buffered : 2199 bytes. Window: 1279994
nc DEBUG: SSH: ssh_channel_read_timeout: Read (6) buffered : 2193 bytes. Window: 1279994
nc DEBUG: SSH: ssh_channel_read_timeout: Read (6) buffered : 2187 bytes. Window: 1279994
nc DEBUG: SSH: ssh_channel_read_timeout: Read (6) buffered : 2181 bytes. Window: 1279994
nc DEBUG: SSH: ssh_channel_read_timeout: Read (6) buffered : 2175 bytes. Window: 1279994
nc DEBUG: SSH: ssh_channel_read_timeout: Read (6) buffered : 2169 bytes. Window: 1279994
nc DEBUG: SSH: ssh_channel_read_timeout: Read (6) buffered : 2163 bytes. Window: 1279994
nc DEBUG: SSH: ssh_channel_read_timeout: Read (6) buffered : 2157 bytes. Window: 1279994
nc DEBUG: SSH: ssh_channel_read_timeout: Read (6) buffered : 2151 bytes. Window: 1279994
nc DEBUG: SSH: ssh_channel_read_timeout: Read (6) buffered : 2145 bytes. Window: 1279994
nc DEBUG: SSH: ssh_channel_read_timeout: Read (6) buffered : 2139 bytes. Window: 1279994
nc DEBUG: SSH: ssh_channel_read_timeout: Read (6) buffered : 2133 bytes. Window: 1279994
nc DEBUG: SSH: ssh_channel_read_timeout: Read (6) buffered : 2127 bytes. Window: 1279994
nc DEBUG: SSH: ssh_channel_read_timeout: Read (6) buffered : 2121 bytes. Window: 1279994
nc DEBUG: SSH: ssh_channel_read_timeout: Read (6) buffered : 2115 bytes. Window: 1279994
nc DEBUG: SSH: ssh_channel_read_timeout: Read (6) buffered : 2109 bytes. Window: 1279994
nc DEBUG: SSH: ssh_channel_read_timeout: Read (6) buffered : 2103 bytes. Window: 1279994
nc DEBUG: SSH: ssh_channel_read_timeout: Read (6) buffered : 2097 bytes. Window: 1279994
nc DEBUG: SSH: ssh_channel_read_timeout: Read (6) buffered : 2091 bytes. Window: 1279994
nc DEBUG: SSH: ssh_channel_read_timeout: Read (6) buffered : 2085 bytes. Window: 1279994
nc DEBUG: SSH: ssh_channel_read_timeout: Read (6) buffered : 2079 bytes. Window: 1279994
nc DEBUG: SSH: ssh_channel_read_timeout: Read (6) buffered : 2073 bytes. Window: 1279994
nc DEBUG: SSH: ssh_channel_read_timeout: Read (6) buffered : 2067 bytes. Window: 1279994
nc DEBUG: SSH: ssh_channel_read_timeout: Read (6) buffered : 2061 bytes. Window: 1279994
nc DEBUG: SSH: ssh_channel_read_timeout: Read (6) buffered : 2055 bytes. Window: 1279994
nc DEBUG: SSH: ssh_channel_read_timeout: Read (6) buffered : 2049 bytes. Window: 1279994
nc DEBUG: SSH: ssh_channel_read_timeout: Read (6) buffered : 2043 bytes. Window: 1279994
nc DEBUG: SSH: ssh_channel_read_timeout: Read (6) buffered : 2037 bytes. Window: 1279994
nc DEBUG: SSH: ssh_channel_read_timeout: Read (6) buffered : 2031 bytes. Window: 1279994
nc DEBUG: SSH: ssh_channel_read_timeout: Read (6) buffered : 2025 bytes. Window: 1279994
nc DEBUG: SSH: ssh_channel_read_timeout: Read (6) buffered : 2019 bytes. Window: 1279994
nc DEBUG: SSH: ssh_channel_read_timeout: Read (6) buffered : 2013 bytes. Window: 1279994
nc DEBUG: SSH: ssh_channel_read_timeout: Read (6) buffered : 2007 bytes. Window: 1279994
nc DEBUG: SSH: ssh_channel_read_timeout: Read (6) buffered : 2001 bytes. Window: 1279994
nc DEBUG: SSH: ssh_channel_read_timeout: Read (6) buffered : 1995 bytes. Window: 1279994
nc DEBUG: SSH: ssh_channel_read_timeout: Read (6) buffered : 1989 bytes. Window: 1279994
nc DEBUG: SSH: ssh_channel_read_timeout: Read (6) buffered : 1983 bytes. Window: 1279994
nc DEBUG: SSH: ssh_channel_read_timeout: Read (6) buffered : 1977 bytes. Window: 1279994
nc DEBUG: SSH: ssh_channel_read_timeout: Read (6) buffered : 1971 bytes. Window: 1279994
nc DEBUG: SSH: ssh_channel_read_timeout: Read (6) buffered : 1965 bytes. Window: 1279994
nc DEBUG: SSH: ssh_channel_read_timeout: Read (6) buffered : 1959 bytes. Window: 1279994
nc DEBUG: SSH: ssh_channel_read_timeout: Read (6) buffered : 1953 bytes. Window: 1279994
nc DEBUG: SSH: ssh_channel_read_timeout: Read (6) buffered : 1947 bytes. Window: 1279994
nc DEBUG: SSH: ssh_channel_read_timeout: Read (6) buffered : 1941 bytes. Window: 1279994
nc DEBUG: SSH: ssh_channel_read_timeout: Read (6) buffered : 1935 bytes. Window: 1279994
nc DEBUG: SSH: ssh_channel_read_timeout: Read (6) buffered : 1929 bytes. Window: 1279994
nc DEBUG: SSH: ssh_channel_read_timeout: Read (6) buffered : 1923 bytes. Window: 1279994
nc DEBUG: SSH: ssh_channel_read_timeout: Read (6) buffered : 1917 bytes. Window: 1279994
nc DEBUG: SSH: ssh_channel_read_timeout: Read (6) buffered : 1911 bytes. Window: 1279994
nc DEBUG: SSH: ssh_channel_read_timeout: Read (6) buffered : 1905 bytes. Window: 1279994
nc DEBUG: SSH: ssh_channel_read_timeout: Read (6) buffered : 1899 bytes. Window: 1279994
nc DEBUG: SSH: ssh_channel_read_timeout: Read (6) buffered : 1893 bytes. Window: 1279994
nc DEBUG: SSH: ssh_channel_read_timeout: Read (6) buffered : 1887 bytes. Window: 1279994
nc DEBUG: SSH: ssh_channel_read_timeout: Read (6) buffered : 1881 bytes. Window: 1279994
nc DEBUG: SSH: ssh_channel_read_timeout: Read (6) buffered : 1875 bytes. Window: 1279994
nc DEBUG: SSH: ssh_channel_read_timeout: Read (6) buffered : 1869 bytes. Window: 1279994
nc DEBUG: SSH: ssh_channel_read_timeout: Read (6) buffered : 1863 bytes. Window: 1279994
nc DEBUG: SSH: ssh_channel_read_timeout: Read (6) buffered : 1857 bytes. Window: 1279994
nc DEBUG: SSH: ssh_channel_read_timeout: Read (6) buffered : 1851 bytes. Window: 1279994
nc DEBUG: SSH: ssh_channel_read_timeout: Read (6) buffered : 1845 bytes. Window: 1279994
nc DEBUG: SSH: ssh_channel_read_timeout: Read (6) buffered : 1839 bytes. Window: 1279994
nc DEBUG: SSH: ssh_channel_read_timeout: Read (6) buffered : 1833 bytes. Window: 1279994
nc DEBUG: SSH: ssh_channel_read_timeout: Read (6) buffered : 1827 bytes. Window: 1279994
nc DEBUG: SSH: ssh_channel_read_timeout: Read (6) buffered : 1821 bytes. Window: 1279994
nc DEBUG: SSH: ssh_channel_read_timeout: Read (6) buffered : 1815 bytes. Window: 1279994
nc DEBUG: SSH: ssh_channel_read_timeout: Read (6) buffered : 1809 bytes. Window: 1279994
nc DEBUG: SSH: ssh_channel_read_timeout: Read (6) buffered : 1803 bytes. Window: 1279994
nc DEBUG: SSH: ssh_channel_read_timeout: Read (6) buffered : 1797 bytes. Window: 1279994
nc DEBUG: SSH: ssh_channel_read_timeout: Read (6) buffered : 1791 bytes. Window: 1279994
nc DEBUG: SSH: ssh_channel_read_timeout: Read (6) buffered : 1785 bytes. Window: 1279994
nc DEBUG: SSH: ssh_channel_read_timeout: Read (6) buffered : 1779 bytes. Window: 1279994
nc DEBUG: SSH: ssh_channel_read_timeout: Read (6) buffered : 1773 bytes. Window: 1279994
nc DEBUG: SSH: ssh_channel_read_timeout: Read (6) buffered : 1767 bytes. Window: 1279994
nc DEBUG: SSH: ssh_channel_read_timeout: Read (6) buffered : 1761 bytes. Window: 1279994
nc DEBUG: SSH: ssh_channel_read_timeout: Read (6) buffered : 1755 bytes. Window: 1279994
nc DEBUG: SSH: ssh_channel_read_timeout: Read (6) buffered : 1749 bytes. Window: 1279994
nc DEBUG: SSH: ssh_channel_read_timeout: Read (6) buffered : 1743 bytes. Window: 1279994
nc DEBUG: SSH: ssh_channel_read_timeout: Read (6) buffered : 1737 bytes. Window: 1279994
nc DEBUG: SSH: ssh_channel_read_timeout: Read (6) buffered : 1731 bytes. Window: 1279994
nc DEBUG: SSH: ssh_channel_read_timeout: Read (6) buffered : 1725 bytes. Window: 1279994
nc DEBUG: SSH: ssh_channel_read_timeout: Read (6) buffered : 1719 bytes. Window: 1279994
nc DEBUG: SSH: ssh_channel_read_timeout: Read (6) buffered : 1713 bytes. Window: 1279994
nc DEBUG: SSH: ssh_channel_read_timeout: Read (6) buffered : 1707 bytes. Window: 1279994
nc DEBUG: SSH: ssh_channel_read_timeout: Read (6) buffered : 1701 bytes. Window: 1279994
nc DEBUG: SSH: ssh_channel_read_timeout: Read (6) buffered : 1695 bytes. Window: 1279994
nc DEBUG: SSH: ssh_channel_read_timeout: Read (6) buffered : 1689 bytes. Window: 1279994
nc DEBUG: SSH: ssh_channel_read_timeout: Read (6) buffered : 1683 bytes. Window: 1279994
nc DEBUG: SSH: ssh_channel_read_timeout: Read (6) buffered : 1677 bytes. Window: 1279994
nc DEBUG: SSH: ssh_channel_read_timeout: Read (6) buffered : 1671 bytes. Window: 1279994
nc DEBUG: SSH: ssh_channel_read_timeout: Read (6) buffered : 1665 bytes. Window: 1279994
nc DEBUG: SSH: ssh_channel_read_timeout: Read (6) buffered : 1659 bytes. Window: 1279994
nc DEBUG: SSH: ssh_channel_read_timeout: Read (6) buffered : 1653 bytes. Window: 1279994
nc DEBUG: SSH: ssh_channel_read_timeout: Read (6) buffered : 1647 bytes. Window: 1279994
nc DEBUG: SSH: ssh_channel_read_timeout: Read (6) buffered : 1641 bytes. Window: 1279994
nc DEBUG: SSH: ssh_channel_read_timeout: Read (6) buffered : 1635 bytes. Window: 1279994
nc DEBUG: SSH: ssh_channel_read_timeout: Read (6) buffered : 1629 bytes. Window: 1279994
nc DEBUG: SSH: ssh_channel_read_timeout: Read (6) buffered : 1623 bytes. Window: 1279994
nc DEBUG: SSH: ssh_channel_read_timeout: Read (6) buffered : 1617 bytes. Window: 1279994
nc DEBUG: SSH: ssh_channel_read_timeout: Read (6) buffered : 1611 bytes. Window: 1279994
nc DEBUG: SSH: ssh_channel_read_timeout: Read (6) buffered : 1605 bytes. Window: 1279994
nc DEBUG: SSH: ssh_channel_read_timeout: Read (6) buffered : 1599 bytes. Window: 1279994
nc DEBUG: SSH: ssh_channel_read_timeout: Read (6) buffered : 1593 bytes. Window: 1279994
nc DEBUG: SSH: ssh_channel_read_timeout: Read (6) buffered : 1587 bytes. Window: 1279994
nc DEBUG: SSH: ssh_channel_read_timeout: Read (6) buffered : 1581 bytes. Window: 1279994
nc DEBUG: SSH: ssh_channel_read_timeout: Read (6) buffered : 1575 bytes. Window: 1279994
nc DEBUG: SSH: ssh_channel_read_timeout: Read (6) buffered : 1569 bytes. Window: 1279994
nc DEBUG: SSH: ssh_channel_read_timeout: Read (6) buffered : 1563 bytes. Window: 1279994
nc DEBUG: SSH: ssh_channel_read_timeout: Read (6) buffered : 1557 bytes. Window: 1279994
nc DEBUG: SSH: ssh_channel_read_timeout: Read (6) buffered : 1551 bytes. Window: 1279994
nc DEBUG: SSH: ssh_channel_read_timeout: Read (6) buffered : 1545 bytes. Window: 1279994
nc DEBUG: SSH: ssh_channel_read_timeout: Read (6) buffered : 1539 bytes. Window: 1279994
nc DEBUG: SSH: ssh_channel_read_timeout: Read (6) buffered : 1533 bytes. Window: 1279994
nc DEBUG: SSH: ssh_channel_read_timeout: Read (6) buffered : 1527 bytes. Window: 1279994
nc DEBUG: SSH: ssh_channel_read_timeout: Read (6) buffered : 1521 bytes. Window: 1279994
nc DEBUG: SSH: ssh_channel_read_timeout: Read (6) buffered : 1515 bytes. Window: 1279994
nc DEBUG: SSH: ssh_channel_read_timeout: Read (6) buffered : 1509 bytes. Window: 1279994
nc DEBUG: SSH: ssh_channel_read_timeout: Read (6) buffered : 1503 bytes. Window: 1279994
nc DEBUG: SSH: ssh_channel_read_timeout: Read (6) buffered : 1497 bytes. Window: 1279994
nc DEBUG: SSH: ssh_channel_read_timeout: Read (6) buffered : 1491 bytes. Window: 1279994
nc DEBUG: SSH: ssh_channel_read_timeout: Read (6) buffered : 1485 bytes. Window: 1279994
nc DEBUG: SSH: ssh_channel_read_timeout: Read (6) buffered : 1479 bytes. Window: 1279994
nc DEBUG: SSH: ssh_channel_read_timeout: Read (6) buffered : 1473 bytes. Window: 1279994
nc DEBUG: SSH: ssh_channel_read_timeout: Read (6) buffered : 1467 bytes. Window: 1279994
nc DEBUG: SSH: ssh_channel_read_timeout: Read (6) buffered : 1461 bytes. Window: 1279994
nc DEBUG: SSH: ssh_channel_read_timeout: Read (6) buffered : 1455 bytes. Window: 1279994
nc DEBUG: SSH: ssh_channel_read_timeout: Read (6) buffered : 1449 bytes. Window: 1279994
nc DEBUG: SSH: ssh_channel_read_timeout: Read (6) buffered : 1443 bytes. Window: 1279994
nc DEBUG: SSH: ssh_channel_read_timeout: Read (6) buffered : 1437 bytes. Window: 1279994
nc DEBUG: SSH: ssh_channel_read_timeout: Read (6) buffered : 1431 bytes. Window: 1279994
nc DEBUG: SSH: ssh_channel_read_timeout: Read (6) buffered : 1425 bytes. Window: 1279994
nc DEBUG: SSH: ssh_channel_read_timeout: Read (6) buffered : 1419 bytes. Window: 1279994
nc DEBUG: SSH: ssh_channel_read_timeout: Read (6) buffered : 1413 bytes. Window: 1279994
nc DEBUG: SSH: ssh_channel_read_timeout: Read (6) buffered : 1407 bytes. Window: 1279994
nc DEBUG: SSH: ssh_channel_read_timeout: Read (6) buffered : 1401 bytes. Window: 1279994
nc DEBUG: SSH: ssh_channel_read_timeout: Read (6) buffered : 1395 bytes. Window: 1279994
nc DEBUG: SSH: ssh_channel_read_timeout: Read (6) buffered : 1389 bytes. Window: 1279994
nc DEBUG: SSH: ssh_channel_read_timeout: Read (6) buffered : 1383 bytes. Window: 1279994
nc DEBUG: SSH: ssh_channel_read_timeout: Read (6) buffered : 1377 bytes. Window: 1279994
nc DEBUG: SSH: ssh_channel_read_timeout: Read (6) buffered : 1371 bytes. Window: 1279994
nc DEBUG: SSH: ssh_channel_read_timeout: Read (6) buffered : 1365 bytes. Window: 1279994
nc DEBUG: SSH: ssh_channel_read_timeout: Read (6) buffered : 1359 bytes. Window: 1279994
nc DEBUG: SSH: ssh_channel_read_timeout: Read (6) buffered : 1353 bytes. Window: 1279994
nc DEBUG: SSH: ssh_channel_read_timeout: Read (6) buffered : 1347 bytes. Window: 1279994
nc DEBUG: SSH: ssh_channel_read_timeout: Read (6) buffered : 1341 bytes. Window: 1279994
nc DEBUG: SSH: ssh_channel_read_timeout: Read (6) buffered : 1335 bytes. Window: 1279994
nc DEBUG: SSH: ssh_channel_read_timeout: Read (6) buffered : 1329 bytes. Window: 1279994
nc DEBUG: SSH: ssh_channel_read_timeout: Read (6) buffered : 1323 bytes. Window: 1279994
nc DEBUG: SSH: ssh_channel_read_timeout: Read (6) buffered : 1317 bytes. Window: 1279994
nc DEBUG: SSH: ssh_channel_read_timeout: Read (6) buffered : 1311 bytes. Window: 1279994
nc DEBUG: SSH: ssh_channel_read_timeout: Read (6) buffered : 1305 bytes. Window: 1279994
nc DEBUG: SSH: ssh_channel_read_timeout: Read (6) buffered : 1299 bytes. Window: 1279994
nc DEBUG: SSH: ssh_channel_read_timeout: Read (6) buffered : 1293 bytes. Window: 1279994
nc DEBUG: SSH: ssh_channel_read_timeout: Read (6) buffered : 1287 bytes. Window: 1279994
nc DEBUG: SSH: ssh_channel_read_timeout: Read (6) buffered : 1281 bytes. Window: 1279994
nc DEBUG: SSH: ssh_channel_read_timeout: Read (6) buffered : 1275 bytes. Window: 1279994
nc DEBUG: SSH: ssh_channel_read_timeout: Read (6) buffered : 1269 bytes. Window: 1279994
nc DEBUG: SSH: ssh_channel_read_timeout: Read (6) buffered : 1263 bytes. Window: 1279994
nc DEBUG: SSH: ssh_channel_read_timeout: Read (6) buffered : 1257 bytes. Window: 1279994
nc DEBUG: SSH: ssh_channel_read_timeout: Read (6) buffered : 1251 bytes. Window: 1279994
nc DEBUG: SSH: ssh_channel_read_timeout: Read (6) buffered : 1245 bytes. Window: 1279994
nc DEBUG: SSH: ssh_channel_read_timeout: Read (6) buffered : 1239 bytes. Window: 1279994
nc DEBUG: SSH: ssh_channel_read_timeout: Read (6) buffered : 1233 bytes. Window: 1279994
nc DEBUG: SSH: ssh_channel_read_timeout: Read (6) buffered : 1227 bytes. Window: 1279994
nc DEBUG: SSH: ssh_channel_read_timeout: Read (6) buffered : 1221 bytes. Window: 1279994
nc DEBUG: SSH: ssh_channel_read_timeout: Read (6) buffered : 1215 bytes. Window: 1279994
nc DEBUG: SSH: ssh_channel_read_timeout: Read (6) buffered : 1209 bytes. Window: 1279994
nc DEBUG: SSH: ssh_channel_read_timeout: Read (6) buffered : 1203 bytes. Window: 1279994
nc DEBUG: SSH: ssh_channel_read_timeout: Read (6) buffered : 1197 bytes. Window: 1279994
nc DEBUG: SSH: ssh_channel_read_timeout: Read (6) buffered : 1191 bytes. Window: 1279994
nc DEBUG: SSH: ssh_channel_read_timeout: Read (6) buffered : 1185 bytes. Window: 1279994
nc DEBUG: SSH: ssh_channel_read_timeout: Read (6) buffered : 1179 bytes. Window: 1279994
nc DEBUG: SSH: ssh_channel_read_timeout: Read (6) buffered : 1173 bytes. Window: 1279994
nc DEBUG: SSH: ssh_channel_read_timeout: Read (6) buffered : 1167 bytes. Window: 1279994
nc DEBUG: SSH: ssh_channel_read_timeout: Read (6) buffered : 1161 bytes. Window: 1279994
nc DEBUG: SSH: ssh_channel_read_timeout: Read (6) buffered : 1155 bytes. Window: 1279994
nc DEBUG: SSH: ssh_channel_read_timeout: Read (6) buffered : 1149 bytes. Window: 1279994
nc DEBUG: SSH: ssh_channel_read_timeout: Read (6) buffered : 1143 bytes. Window: 1279994
nc DEBUG: SSH: ssh_channel_read_timeout: Read (6) buffered : 1137 bytes. Window: 1279994
nc DEBUG: SSH: ssh_channel_read_timeout: Read (6) buffered : 1131 bytes. Window: 1279994
nc DEBUG: SSH: ssh_channel_read_timeout: Read (6) buffered : 1125 bytes. Window: 1279994
nc DEBUG: SSH: ssh_channel_read_timeout: Read (6) buffered : 1119 bytes. Window: 1279994
nc DEBUG: SSH: ssh_channel_read_timeout: Read (6) buffered : 1113 bytes. Window: 1279994
nc DEBUG: SSH: ssh_channel_read_timeout: Read (6) buffered : 1107 bytes. Window: 1279994
nc DEBUG: SSH: ssh_channel_read_timeout: Read (6) buffered : 1101 bytes. Window: 1279994
nc DEBUG: SSH: ssh_channel_read_timeout: Read (6) buffered : 1095 bytes. Window: 1279994
nc DEBUG: SSH: ssh_channel_read_timeout: Read (6) buffered : 1089 bytes. Window: 1279994
nc DEBUG: SSH: ssh_channel_read_timeout: Read (6) buffered : 1083 bytes. Window: 1279994
nc DEBUG: SSH: ssh_channel_read_timeout: Read (6) buffered : 1077 bytes. Window: 1279994
nc DEBUG: SSH: ssh_channel_read_timeout: Read (6) buffered : 1071 bytes. Window: 1279994
nc DEBUG: SSH: ssh_channel_read_timeout: Read (6) buffered : 1065 bytes. Window: 1279994
nc DEBUG: SSH: ssh_channel_read_timeout: Read (6) buffered : 1059 bytes. Window: 1279994
nc DEBUG: SSH: ssh_channel_read_timeout: Read (6) buffered : 1053 bytes. Window: 1279994
nc DEBUG: SSH: ssh_channel_read_timeout: Read (6) buffered : 1047 bytes. Window: 1279994
nc DEBUG: SSH: ssh_channel_read_timeout: Read (6) buffered : 1041 bytes. Window: 1279994
nc DEBUG: SSH: ssh_channel_read_timeout: Read (6) buffered : 1035 bytes. Window: 1279994
nc DEBUG: SSH: ssh_channel_read_timeout: Read (6) buffered : 1029 bytes. Window: 1279994
nc DEBUG: SSH: ssh_channel_read_timeout: Read (6) buffered : 1023 bytes. Window: 1279994
nc DEBUG: SSH: ssh_channel_read_timeout: Read (6) buffered : 1017 bytes. Window: 1279994
nc DEBUG: SSH: ssh_channel_read_timeout: Read (6) buffered : 1011 bytes. Window: 1279994
nc DEBUG: SSH: ssh_channel_read_timeout: Read (6) buffered : 1005 bytes. Window: 1279994
nc DEBUG: SSH: ssh_channel_read_timeout: Read (6) buffered : 999 bytes. Window: 1279994
nc DEBUG: SSH: ssh_channel_read_timeout: Read (6) buffered : 993 bytes. Window: 1279994
nc DEBUG: SSH: ssh_channel_read_timeout: Read (6) buffered : 987 bytes. Window: 1279994
nc DEBUG: SSH: ssh_channel_read_timeout: Read (6) buffered : 981 bytes. Window: 1279994
nc DEBUG: SSH: ssh_channel_read_timeout: Read (6) buffered : 975 bytes. Window: 1279994
nc DEBUG: SSH: ssh_channel_read_timeout: Read (6) buffered : 969 bytes. Window: 1279994
nc DEBUG: SSH: ssh_channel_read_timeout: Read (6) buffered : 963 bytes. Window: 1279994
nc DEBUG: SSH: ssh_channel_read_timeout: Read (6) buffered : 957 bytes. Window: 1279994
nc DEBUG: SSH: ssh_channel_read_timeout: Read (6) buffered : 951 bytes. Window: 1279994
nc DEBUG: SSH: ssh_channel_read_timeout: Read (6) buffered : 945 bytes. Window: 1279994
nc DEBUG: SSH: ssh_channel_read_timeout: Read (6) buffered : 939 bytes. Window: 1279994
nc DEBUG: SSH: ssh_channel_read_timeout: Read (6) buffered : 933 bytes. Window: 1279994
nc DEBUG: SSH: ssh_channel_read_timeout: Read (6) buffered : 927 bytes. Window: 1279994
nc DEBUG: SSH: ssh_channel_read_timeout: Read (6) buffered : 921 bytes. Window: 1279994
nc DEBUG: SSH: ssh_channel_read_timeout: Read (6) buffered : 915 bytes. Window: 1279994
nc DEBUG: SSH: ssh_channel_read_timeout: Read (6) buffered : 909 bytes. Window: 1279994
nc DEBUG: SSH: ssh_channel_read_timeout: Read (6) buffered : 903 bytes. Window: 1279994
nc DEBUG: SSH: ssh_channel_read_timeout: Read (6) buffered : 897 bytes. Window: 1279994
nc DEBUG: SSH: ssh_channel_read_timeout: Read (6) buffered : 891 bytes. Window: 1279994
nc DEBUG: SSH: ssh_channel_read_timeout: Read (6) buffered : 885 bytes. Window: 1279994
nc DEBUG: SSH: ssh_channel_read_timeout: Read (6) buffered : 879 bytes. Window: 1279994
nc DEBUG: SSH: ssh_channel_read_timeout: Read (6) buffered : 873 bytes. Window: 1279994
nc DEBUG: SSH: ssh_channel_read_timeout: Read (6) buffered : 867 bytes. Window: 1279994
nc DEBUG: SSH: ssh_channel_read_timeout: Read (6) buffered : 861 bytes. Window: 1279994
nc DEBUG: SSH: ssh_channel_read_timeout: Read (6) buffered : 855 bytes. Window: 1279994
nc DEBUG: SSH: ssh_channel_read_timeout: Read (6) buffered : 849 bytes. Window: 1279994
nc DEBUG: SSH: ssh_channel_read_timeout: Read (6) buffered : 843 bytes. Window: 1279994
nc DEBUG: SSH: ssh_channel_read_timeout: Read (6) buffered : 837 bytes. Window: 1279994
nc DEBUG: SSH: ssh_channel_read_timeout: Read (6) buffered : 831 bytes. Window: 1279994
nc DEBUG: SSH: ssh_channel_read_timeout: Read (6) buffered : 825 bytes. Window: 1279994
nc DEBUG: SSH: ssh_channel_read_timeout: Read (6) buffered : 819 bytes. Window: 1279994
nc DEBUG: SSH: ssh_channel_read_timeout: Read (6) buffered : 813 bytes. Window: 1279994
nc DEBUG: SSH: ssh_channel_read_timeout: Read (6) buffered : 807 bytes. Window: 1279994
nc DEBUG: SSH: ssh_channel_read_timeout: Read (6) buffered : 801 bytes. Window: 1279994
nc DEBUG: SSH: ssh_channel_read_timeout: Read (6) buffered : 795 bytes. Window: 1279994
nc DEBUG: SSH: ssh_channel_read_timeout: Read (6) buffered : 789 bytes. Window: 1279994
nc DEBUG: SSH: ssh_channel_read_timeout: Read (6) buffered : 783 bytes. Window: 1279994
nc DEBUG: SSH: ssh_channel_read_timeout: Read (6) buffered : 777 bytes. Window: 1279994
nc DEBUG: SSH: ssh_channel_read_timeout: Read (6) buffered : 771 bytes. Window: 1279994
nc DEBUG: SSH: ssh_channel_read_timeout: Read (6) buffered : 765 bytes. Window: 1279994
nc DEBUG: SSH: ssh_channel_read_timeout: Read (6) buffered : 759 bytes. Window: 1279994
nc DEBUG: SSH: ssh_channel_read_timeout: Read (6) buffered : 753 bytes. Window: 1279994
nc DEBUG: SSH: ssh_channel_read_timeout: Read (6) buffered : 747 bytes. Window: 1279994
nc DEBUG: SSH: ssh_channel_read_timeout: Read (6) buffered : 741 bytes. Window: 1279994
nc DEBUG: SSH: ssh_channel_read_timeout: Read (6) buffered : 735 bytes. Window: 1279994
nc DEBUG: SSH: ssh_channel_read_timeout: Read (6) buffered : 729 bytes. Window: 1279994
nc DEBUG: SSH: ssh_channel_read_timeout: Read (6) buffered : 723 bytes. Window: 1279994
nc DEBUG: SSH: ssh_channel_read_timeout: Read (6) buffered : 717 bytes. Window: 1279994
nc DEBUG: SSH: ssh_channel_read_timeout: Read (6) buffered : 711 bytes. Window: 1279994
nc DEBUG: SSH: ssh_channel_read_timeout: Read (6) buffered : 705 bytes. Window: 1279994
nc DEBUG: SSH: ssh_channel_read_timeout: Read (6) buffered : 699 bytes. Window: 1279994
nc DEBUG: SSH: ssh_channel_read_timeout: Read (6) buffered : 693 bytes. Window: 1279994
nc DEBUG: SSH: ssh_channel_read_timeout: Read (6) buffered : 687 bytes. Window: 1279994
nc DEBUG: SSH: ssh_channel_read_timeout: Read (6) buffered : 681 bytes. Window: 1279994
nc DEBUG: SSH: ssh_channel_read_timeout: Read (6) buffered : 675 bytes. Window: 1279994
nc DEBUG: SSH: ssh_channel_read_timeout: Read (6) buffered : 669 bytes. Window: 1279994
nc DEBUG: SSH: ssh_channel_read_timeout: Read (6) buffered : 663 bytes. Window: 1279994
nc DEBUG: SSH: ssh_channel_read_timeout: Read (6) buffered : 657 bytes. Window: 1279994
nc DEBUG: SSH: ssh_channel_read_timeout: Read (6) buffered : 651 bytes. Window: 1279994
nc DEBUG: SSH: ssh_channel_read_timeout: Read (6) buffered : 645 bytes. Window: 1279994
nc DEBUG: SSH: ssh_channel_read_timeout: Read (6) buffered : 639 bytes. Window: 1279994
nc DEBUG: SSH: ssh_channel_read_timeout: Read (6) buffered : 633 bytes. Window: 1279994
nc DEBUG: SSH: ssh_channel_read_timeout: Read (6) buffered : 627 bytes. Window: 1279994
nc DEBUG: SSH: ssh_channel_read_timeout: Read (6) buffered : 621 bytes. Window: 1279994
nc DEBUG: SSH: ssh_channel_read_timeout: Read (6) buffered : 615 bytes. Window: 1279994
nc DEBUG: SSH: ssh_channel_read_timeout: Read (6) buffered : 609 bytes. Window: 1279994
nc DEBUG: SSH: ssh_channel_read_timeout: Read (6) buffered : 603 bytes. Window: 1279994
nc DEBUG: SSH: ssh_channel_read_timeout: Read (6) buffered : 597 bytes. Window: 1279994
nc DEBUG: SSH: ssh_channel_read_timeout: Read (6) buffered : 591 bytes. Window: 1279994
nc DEBUG: SSH: ssh_channel_read_timeout: Read (6) buffered : 585 bytes. Window: 1279994
nc DEBUG: SSH: ssh_channel_read_timeout: Read (6) buffered : 579 bytes. Window: 1279994
nc DEBUG: SSH: ssh_channel_read_timeout: Read (6) buffered : 573 bytes. Window: 1279994
nc DEBUG: SSH: ssh_channel_read_timeout: Read (6) buffered : 567 bytes. Window: 1279994
nc DEBUG: SSH: ssh_channel_read_timeout: Read (6) buffered : 561 bytes. Window: 1279994
nc DEBUG: SSH: ssh_channel_read_timeout: Read (6) buffered : 555 bytes. Window: 1279994
nc DEBUG: SSH: ssh_channel_read_timeout: Read (6) buffered : 549 bytes. Window: 1279994
nc DEBUG: SSH: ssh_channel_read_timeout: Read (6) buffered : 543 bytes. Window: 1279994
nc DEBUG: SSH: ssh_channel_read_timeout: Read (6) buffered : 537 bytes. Window: 1279994
nc DEBUG: SSH: ssh_channel_read_timeout: Read (6) buffered : 531 bytes. Window: 1279994
nc DEBUG: SSH: ssh_channel_read_timeout: Read (6) buffered : 525 bytes. Window: 1279994
nc DEBUG: SSH: ssh_channel_read_timeout: Read (6) buffered : 519 bytes. Window: 1279994
nc DEBUG: SSH: ssh_channel_read_timeout: Read (6) buffered : 513 bytes. Window: 1279994
nc DEBUG: SSH: ssh_channel_read_timeout: Read (6) buffered : 507 bytes. Window: 1279994
nc DEBUG: SSH: ssh_channel_read_timeout: Read (6) buffered : 501 bytes. Window: 1279994
nc DEBUG: SSH: ssh_channel_read_timeout: Read (6) buffered : 495 bytes. Window: 1279994
nc DEBUG: SSH: ssh_channel_read_timeout: Read (6) buffered : 489 bytes. Window: 1279994
nc DEBUG: SSH: ssh_channel_read_timeout: Read (6) buffered : 483 bytes. Window: 1279994
nc DEBUG: SSH: ssh_channel_read_timeout: Read (6) buffered : 477 bytes. Window: 1279994
nc DEBUG: SSH: ssh_channel_read_timeout: Read (6) buffered : 471 bytes. Window: 1279994
nc DEBUG: SSH: ssh_channel_read_timeout: Read (6) buffered : 465 bytes. Window: 1279994
nc DEBUG: SSH: ssh_channel_read_timeout: Read (6) buffered : 459 bytes. Window: 1279994
nc DEBUG: SSH: ssh_channel_read_timeout: Read (6) buffered : 453 bytes. Window: 1279994
nc DEBUG: SSH: ssh_channel_read_timeout: Read (6) buffered : 447 bytes. Window: 1279994
nc DEBUG: SSH: ssh_channel_read_timeout: Read (6) buffered : 441 bytes. Window: 1279994
nc DEBUG: SSH: ssh_channel_read_timeout: Read (6) buffered : 435 bytes. Window: 1279994
nc DEBUG: SSH: ssh_channel_read_timeout: Read (6) buffered : 429 bytes. Window: 1279994
nc DEBUG: SSH: ssh_channel_read_timeout: Read (6) buffered : 423 bytes. Window: 1279994
nc DEBUG: SSH: ssh_channel_read_timeout: Read (6) buffered : 417 bytes. Window: 1279994
nc DEBUG: SSH: ssh_channel_read_timeout: Read (6) buffered : 411 bytes. Window: 1279994
nc DEBUG: SSH: ssh_channel_read_timeout: Read (6) buffered : 405 bytes. Window: 1279994
nc DEBUG: SSH: ssh_channel_read_timeout: Read (6) buffered : 399 bytes. Window: 1279994
nc DEBUG: SSH: ssh_channel_read_timeout: Read (6) buffered : 393 bytes. Window: 1279994
nc DEBUG: SSH: ssh_channel_read_timeout: Read (6) buffered : 387 bytes. Window: 1279994
nc DEBUG: SSH: ssh_channel_read_timeout: Read (6) buffered : 381 bytes. Window: 1279994
nc DEBUG: SSH: ssh_channel_read_timeout: Read (6) buffered : 375 bytes. Window: 1279994
nc DEBUG: SSH: ssh_channel_read_timeout: Read (6) buffered : 369 bytes. Window: 1279994
nc DEBUG: SSH: ssh_channel_read_timeout: Read (6) buffered : 363 bytes. Window: 1279994
nc DEBUG: SSH: ssh_channel_read_timeout: Read (6) buffered : 357 bytes. Window: 1279994
nc DEBUG: SSH: ssh_channel_read_timeout: Read (6) buffered : 351 bytes. Window: 1279994
nc DEBUG: SSH: ssh_channel_read_timeout: Read (6) buffered : 345 bytes. Window: 1279994
nc DEBUG: SSH: ssh_channel_read_timeout: Read (6) buffered : 339 bytes. Window: 1279994
nc DEBUG: SSH: ssh_channel_read_timeout: Read (6) buffered : 333 bytes. Window: 1279994
nc DEBUG: SSH: ssh_channel_read_timeout: Read (6) buffered : 327 bytes. Window: 1279994
nc DEBUG: SSH: ssh_channel_read_timeout: Read (6) buffered : 321 bytes. Window: 1279994
nc DEBUG: SSH: ssh_channel_read_timeout: Read (6) buffered : 315 bytes. Window: 1279994
nc DEBUG: SSH: ssh_channel_read_timeout: Read (6) buffered : 309 bytes. Window: 1279994
nc DEBUG: SSH: ssh_channel_read_timeout: Read (6) buffered : 303 bytes. Window: 1279994
nc DEBUG: SSH: ssh_channel_read_timeout: Read (6) buffered : 297 bytes. Window: 1279994
nc DEBUG: SSH: ssh_channel_read_timeout: Read (6) buffered : 291 bytes. Window: 1279994
nc DEBUG: SSH: ssh_channel_read_timeout: Read (6) buffered : 285 bytes. Window: 1279994
nc DEBUG: SSH: ssh_channel_read_timeout: Read (6) buffered : 279 bytes. Window: 1279994
nc DEBUG: SSH: ssh_channel_read_timeout: Read (6) buffered : 273 bytes. Window: 1279994
nc DEBUG: SSH: ssh_channel_read_timeout: Read (6) buffered : 267 bytes. Window: 1279994
nc DEBUG: SSH: ssh_channel_read_timeout: Read (6) buffered : 261 bytes. Window: 1279994
nc DEBUG: SSH: ssh_channel_read_timeout: Read (6) buffered : 255 bytes. Window: 1279994
nc DEBUG: SSH: ssh_channel_read_timeout: Read (6) buffered : 249 bytes. Window: 1279994
nc DEBUG: SSH: ssh_channel_read_timeout: Read (6) buffered : 243 bytes. Window: 1279994
nc DEBUG: SSH: ssh_channel_read_timeout: Read (6) buffered : 237 bytes. Window: 1279994
nc DEBUG: SSH: ssh_channel_read_timeout: Read (6) buffered : 231 bytes. Window: 1279994
nc DEBUG: SSH: ssh_channel_read_timeout: Read (6) buffered : 225 bytes. Window: 1279994
nc DEBUG: SSH: ssh_channel_read_timeout: Read (6) buffered : 219 bytes. Window: 1279994
nc DEBUG: SSH: ssh_channel_read_timeout: Read (6) buffered : 213 bytes. Window: 1279994
nc DEBUG: SSH: ssh_channel_read_timeout: Read (6) buffered : 207 bytes. Window: 1279994
nc DEBUG: SSH: ssh_channel_read_timeout: Read (6) buffered : 201 bytes. Window: 1279994
nc DEBUG: SSH: ssh_channel_read_timeout: Read (6) buffered : 195 bytes. Window: 1279994
nc DEBUG: SSH: ssh_channel_read_timeout: Read (6) buffered : 189 bytes. Window: 1279994
nc DEBUG: SSH: ssh_channel_read_timeout: Read (6) buffered : 183 bytes. Window: 1279994
nc DEBUG: SSH: ssh_channel_read_timeout: Read (6) buffered : 177 bytes. Window: 1279994
nc DEBUG: SSH: ssh_channel_read_timeout: Read (6) buffered : 171 bytes. Window: 1279994
nc DEBUG: SSH: ssh_channel_read_timeout: Read (6) buffered : 165 bytes. Window: 1279994
nc DEBUG: SSH: ssh_channel_read_timeout: Read (6) buffered : 159 bytes. Window: 1279994
nc DEBUG: SSH: ssh_channel_read_timeout: Read (6) buffered : 153 bytes. Window: 1279994
nc DEBUG: SSH: ssh_channel_read_timeout: Read (6) buffered : 147 bytes. Window: 1279994
nc DEBUG: SSH: ssh_channel_read_timeout: Read (6) buffered : 141 bytes. Window: 1279994
nc DEBUG: SSH: ssh_channel_read_timeout: Read (6) buffered : 135 bytes. Window: 1279994
nc DEBUG: SSH: ssh_channel_read_timeout: Read (6) buffered : 129 bytes. Window: 1279994
nc DEBUG: SSH: ssh_channel_read_timeout: Read (6) buffered : 123 bytes. Window: 1279994
nc DEBUG: SSH: ssh_channel_read_timeout: Read (6) buffered : 117 bytes. Window: 1279994
nc DEBUG: SSH: ssh_channel_read_timeout: Read (6) buffered : 111 bytes. Window: 1279994
nc DEBUG: SSH: ssh_channel_read_timeout: Read (6) buffered : 105 bytes. Window: 1279994
nc DEBUG: SSH: ssh_channel_read_timeout: Read (6) buffered : 99 bytes. Window: 1279994
nc DEBUG: SSH: ssh_channel_read_timeout: Read (6) buffered : 93 bytes. Window: 1279994
nc DEBUG: SSH: ssh_channel_read_timeout: Read (6) buffered : 87 bytes. Window: 1279994
nc DEBUG: SSH: ssh_channel_read_timeout: Read (6) buffered : 81 bytes. Window: 1279994
nc DEBUG: SSH: ssh_channel_read_timeout: Read (6) buffered : 75 bytes. Window: 1279994
nc DEBUG: SSH: ssh_channel_read_timeout: Read (6) buffered : 69 bytes. Window: 1279994
nc DEBUG: SSH: ssh_channel_read_timeout: Read (6) buffered : 63 bytes. Window: 1279994
nc DEBUG: SSH: ssh_channel_read_timeout: Read (6) buffered : 57 bytes. Window: 1279994
nc DEBUG: SSH: ssh_channel_read_timeout: Read (6) buffered : 51 bytes. Window: 1279994
nc DEBUG: SSH: ssh_channel_read_timeout: Read (6) buffered : 45 bytes. Window: 1279994
nc DEBUG: SSH: ssh_channel_read_timeout: Read (6) buffered : 39 bytes. Window: 1279994
nc DEBUG: SSH: ssh_channel_read_timeout: Read (6) buffered : 33 bytes. Window: 1279994
nc DEBUG: SSH: ssh_channel_read_timeout: Read (6) buffered : 27 bytes. Window: 1279994
nc DEBUG: SSH: ssh_channel_read_timeout: Read (6) buffered : 21 bytes. Window: 1279994
nc DEBUG: SSH: ssh_channel_read_timeout: Read (6) buffered : 15 bytes. Window: 1279994
nc DEBUG: SSH: ssh_channel_read_timeout: Read (6) buffered : 9 bytes. Window: 1279994
nc DEBUG: SSH: ssh_channel_read_timeout: Read (3) buffered : 3 bytes. Window: 1279994
nc DEBUG: Received message:
<hello xmlns="urn:ietf:params:xml:ns:netconf:base:1.0"><capabilities><capability>urn:ietf:params:netconf:base:1.0</capability><capability>urn:ietf:params:netconf:base:1.1</capability><capability>urn:ietf:params:netconf:capability:writable-running:1.0</capability><capability>urn:ietf:params:netconf:capability:rollback-on-error:1.0</capability><capability>urn:ietf:params:netconf:capability:startup:1.0</capability><capability>urn:ietf:params:netconf:capability:url:1.0</capability><capability>urn:ietf:params:netconf:capability:xpath:1.0</capability><capability>urn:ietf:params:netconf:capability:with-defaults:1.0?basic-mode=explicit&amp;also-supported=report-all,report-all-tagged,trim,explicit</capability><capability>urn:ietf:params:netconf:capability:notification:1.0</capability><capability>urn:ietf:params:netconf:capability:interleave:1.0</capability><capability>urn:ietf:params:xml:ns:yang:ietf-yang-metadata?module=ietf-yang-metadata&amp;revision=2016-08-05</capability><capability>urn:ietf:params:xml:ns:yang:1?module=yang&amp;revision=2017-02-20</capability><capability>urn:ietf:params:xml:ns:yang:ietf-inet-types?module=ietf-inet-types&amp;revision=2013-07-15</capability><capability>urn:ietf:params:xml:ns:yang:ietf-yang-types?module=ietf-yang-types&amp;revision=2013-07-15</capability><capability>urn:ietf:params:netconf:capability:yang-library:1.0?revision=2019-01-04&amp;module-set-id=65</capability><capability>urn:ietf:params:xml:ns:yang:ietf-netconf-acm?module=ietf-netconf-acm&amp;revision=2018-02-14</capability><capability>urn:ietf:params:xml:ns:netconf:base:1.0?module=ietf-netconf&amp;revision=2011-06-01&amp;features=writable-running,rollback-on-error,startup,url,xpath</capability><capability>urn:ietf:params:xml:ns:yang:ietf-netconf-notifications?module=ietf-netconf-notifications&amp;revision=2012-02-06</capability><capability>urn:ietf:params:xml:ns:netconf:notification:1.0?module=notifications&amp;revision=2008-07-14</capability><capability>urn:ietf:params:xml:ns:netmod:notification?module=nc-notifications&amp;revision=2008-07-14</capability><capability>urn:ietf:params:xml:ns:yang:ietf-x509-cert-to-name?module=ietf-x509-cert-to-name&amp;revision=2014-12-10</capability><capability>urn:ietf:params:xml:ns:yang:ietf-netconf-with-defaults?module=ietf-netconf-with-defaults&amp;revision=2011-06-01</capability><capability>urn:ietf:params:xml:ns:yang:ietf-netconf-monitoring?module=ietf-netconf-monitoring&amp;revision=2010-10-04</capability><capability>urn:ietf:params:xml:ns:yang:iana-crypt-hash?module=iana-crypt-hash&amp;revision=2014-08-06</capability><capability>urn:ietf:params:xml:ns:yang:ietf-system?module=ietf-system&amp;revision=2014-08-06&amp;features=authentication,local-users</capability><capability>urn:ietf:params:xml:ns:yang:iana-if-type?module=iana-if-type&amp;revision=2017-01-19</capability><capability>urn:ieee:std:802.1Q:yang:ieee802-dot1q-types?module=ieee802-dot1q-types&amp;revision=2020-06-04</capability><capability>urn:ieee:std:802.1Q:yang:ieee802-types?module=ieee802-types&amp;revision=2020-06-04</capability><capability>urn:ieee:std:802.1X:yang:ieee802-dot1x-types?module=ieee802-dot1x-types&amp;revision=2020-02-18</capability><capability>urn:ieee:std:802.1X:yang:ieee802-dot1x?module=ieee802-dot1x&amp;revision=2020-02-18</capability></capabilities><session-id>5</session-id></hello>

nc VERBOSE: Capability for <get-schema> support found.
nc VERBOSE: Capability for yang-library support found.
nc VERBOSE: Capability for XPath filter support found.
nc VERBOSE: Reading module "ietf-netconf@<latest>" from local file "/usr/local/share/yang/modules/netopeer2/ietf-netconf@2013-09-29.yang".
nc VERBOSE: Reading module "ietf-netconf-acm@2018-02-14" from local file "/usr/local/share/yang/modules/netopeer2/ietf-netconf-acm@2018-02-14.yang".
nc VERBOSE: Reading module "ietf-yang-metadata@2016-08-05" from local file "/usr/local/share/yang/modules/libyang/ietf-yang-metadata@2016-08-05.yang".
nc VERBOSE: Reading module "ietf-yang-library@2019-01-04" from local file "/usr/local/share/yang/modules/netopeer2/ietf-yang-library@2019-01-04.yang".
nc VERBOSE: Unable to identify revision of the import module "ietf-datastores" from the available server side information.
nc VERBOSE: Reading module "ietf-datastores@<latest>" from server via get-schema.
nc DEBUG: Sending message:

#220


nc DEBUG: SSH: ssh_packet_need_rekey: rekey: [data_rekey_needed=0, out_blocks=48, in_blocks=446]
nc DEBUG: SSH: packet_send2: packet: wrote [type=94, len=24, padding_size=8, comp=15, payload=15]
nc DEBUG: SSH: channel_write_common: ssh_channel_write wrote 6 bytes
nc DEBUG: SSH: ssh_packet_socket_callback: packet: read type 93 [len=16,padding=6,comp=9,payload=9]
nc DEBUG: SSH: ssh_packet_process: Dispatching handler for packet type 93
nc VERBOSE: SSH: channel_rcv_change_window: Adding 1248206 bytes to channel (43:43) (from 31782 bytes)
nc DEBUG: SSH: ssh_packet_need_rekey: rekey: [data_rekey_needed=0, out_blocks=48, in_blocks=446]
nc DEBUG: SSH: ssh_socket_unbuffered_write: Enabling POLLOUT for socket
nc DEBUG: Sending message:
<rpc xmlns="urn:ietf:params:xml:ns:netconf:base:1.0" message-id="1"><get-schema xmlns="urn:ietf:params:xml:ns:yang:ietf-netconf-monitoring"><identifier>ietf-datastores</identifier><format>yang</format></get-schema></rpc>

nc DEBUG: SSH: ssh_packet_need_rekey: rekey: [data_rekey_needed=0, out_blocks=76, in_blocks=474]
nc DEBUG: SSH: packet_send2: packet: wrote [type=94, len=240, padding_size=10, comp=229, payload=229]
nc DEBUG: SSH: channel_write_common: ssh_channel_write wrote 220 bytes
nc DEBUG: SSH: ssh_socket_unbuffered_write: Enabling POLLOUT for socket
nc DEBUG: Sending message:

##


nc DEBUG: SSH: ssh_packet_need_rekey: rekey: [data_rekey_needed=0, out_blocks=77, in_blocks=447]
nc DEBUG: SSH: packet_send2: packet: wrote [type=94, len=24, padding_size=10, comp=13, payload=13]
nc DEBUG: SSH: channel_write_common: ssh_channel_write wrote 4 bytes
nc DEBUG: SSH: ssh_socket_unbuffered_write: Enabling POLLOUT for socket
nc DEBUG: SSH: ssh_packet_socket_callback: packet: read type 94 [len=24,padding=7,comp=16,payload=16]
nc DEBUG: SSH: ssh_packet_process: Dispatching handler for packet type 94
nc DEBUG: SSH: channel_rcv_data: Channel receiving 7 bytes data in 0 (local win=1279994 remote win=1279764)
nc DEBUG: SSH: channel_default_bufferize: placing 7 bytes into channel buffer (stdout)
nc DEBUG: SSH: channel_rcv_data: Channel windows are now (local win=1279987 remote win=1279764)
nc DEBUG: SSH: ssh_packet_need_rekey: rekey: [data_rekey_needed=0, out_blocks=77, in_blocks=448]
nc DEBUG: SSH: ssh_channel_read_timeout: Read (2) buffered : 7 bytes. Window: 1279987
nc DEBUG: SSH: ssh_channel_read_timeout: Read (1) buffered : 5 bytes. Window: 1279987
nc DEBUG: SSH: ssh_channel_read_timeout: Read (1) buffered : 4 bytes. Window: 1279987
nc DEBUG: SSH: ssh_channel_read_timeout: Read (1) buffered : 3 bytes. Window: 1279987
nc DEBUG: SSH: ssh_channel_read_timeout: Read (1) buffered : 2 bytes. Window: 1279987
nc DEBUG: SSH: ssh_channel_read_timeout: Read (1) buffered : 1 bytes. Window: 1279987
nc DEBUG: SSH: ssh_channel_read_timeout: Read (2816) buffered : 0 bytes. Window: 1279987
nc DEBUG: SSH: ssh_packet_socket_callback: packet: read type 94 [len=2832,padding=6,comp=2825,payload=2825]
nc DEBUG: SSH: ssh_packet_process: Dispatching handler for packet type 94
nc DEBUG: SSH: channel_rcv_data: Channel receiving 2816 bytes data in 0 (local win=1279987 remote win=1279764)
nc DEBUG: SSH: channel_default_bufferize: placing 2816 bytes into channel buffer (stdout)
nc DEBUG: SSH: channel_rcv_data: Channel windows are now (local win=1277171 remote win=1279764)
nc DEBUG: SSH: ssh_packet_need_rekey: rekey: [data_rekey_needed=0, out_blocks=77, in_blocks=801]
nc DEBUG: SSH: ssh_channel_read_timeout: Read (2) buffered : 0 bytes. Window: 1277171
nc DEBUG: SSH: ssh_packet_socket_callback: packet: read type 94 [len=24,padding=10,comp=13,payload=13]
nc DEBUG: SSH: ssh_packet_process: Dispatching handler for packet type 94
nc DEBUG: SSH: channel_rcv_data: Channel receiving 4 bytes data in 0 (local win=1277171 remote win=1279764)
nc DEBUG: SSH: channel_default_bufferize: placing 4 bytes into channel buffer (stdout)
nc DEBUG: SSH: channel_rcv_data: Channel windows are now (local win=1277167 remote win=1279764)
nc DEBUG: SSH: ssh_packet_need_rekey: rekey: [data_rekey_needed=0, out_blocks=77, in_blocks=802]
nc DEBUG: SSH: ssh_channel_read_timeout: Read (1) buffered : 2 bytes. Window: 1277167
nc DEBUG: SSH: ssh_channel_read_timeout: Read (1) buffered : 1 bytes. Window: 1277167
nc DEBUG: Received message:
<rpc-reply xmlns="urn:ietf:params:xml:ns:netconf:base:1.0" message-id="1"><data xmlns="urn:ietf:params:xml:ns:yang:ietf-netconf-monitoring">module ietf-datastores {
  yang-version 1.1;
  namespace "urn:ietf:params:xml:ns:yang:ietf-datastores";
  prefix ds;

  organization
    "IETF Network Modeling (NETMOD) Working Group";
  contact
    "WG Web:   &lt;https://datatracker.ietf.org/wg/netmod/&gt;

     WG List:  &lt;mailto:netmod@ietf.org&gt;

     Author:   Martin Bjorklund
               &lt;mailto:mbj@tail-f.com&gt;

     Author:   Juergen Schoenwaelder
               &lt;mailto:j.schoenwaelder@jacobs-university.de&gt;

     Author:   Phil Shafer
               &lt;mailto:phil@juniper.net&gt;

     Author:   Kent Watsen
               &lt;mailto:kwatsen@juniper.net&gt;

     Author:   Rob Wilton
               &lt;rwilton@cisco.com&gt;";
  description
    "This YANG module defines a set of identities for identifying
     datastores.

     Copyright (c) 2018 IETF Trust and the persons identified as
     authors of the code.  All rights reserved.

     Redistribution and use in source and binary forms, with or
     without modification, is permitted pursuant to, and subject to
     the license terms contained in, the Simplified BSD License set
     forth in Section 4.c of the IETF Trust's Legal Provisions
     Relating to IETF Documents
     (https://trustee.ietf.org/license-info).

     This version of this YANG module is part of RFC 8342
     (https://www.rfc-editor.org/info/rfc8342); see the RFC itself
     for full legal notices.";

  revision 2018-02-14 {
    description
      "Initial revision.";
    reference
      "RFC 8342: Network Management Datastore Architecture (NMDA)";
  }

  identity datastore {
    description
      "Abstract base identity for datastore identities.";
  }

  identity conventional {
    base datastore;
    description
      "Abstract base identity for conventional configuration
       datastores.";
  }

  identity running {
    base conventional;
    description
      "The running configuration datastore.";
  }

  identity candidate {
    base conventional;
    description
      "The candidate configuration datastore.";
  }

  identity startup {
    base conventional;
    description
      "The startup configuration datastore.";
  }

  identity intended {
    base conventional;
    description
      "The intended configuration datastore.";
  }

  identity dynamic {
    base datastore;
    description
      "Abstract base identity for dynamic configuration datastores.";
  }

  identity operational {
    base datastore;
    description
      "The operational state datastore.";
  }

  typedef datastore-ref {
    type identityref {
      base datastore;
    }
    description
      "A datastore identity reference.";
  }
}
</data></rpc-reply>

nc DEBUG: Sending message:

#237


nc DEBUG: SSH: ssh_packet_need_rekey: rekey: [data_rekey_needed=0, out_blocks=78, in_blocks=803]
nc DEBUG: SSH: ssh_socket_unbuffered_write: Enabling POLLOUT for socket
nc DEBUG: SSH: packet_send2: packet: wrote [type=94, len=24, padding_size=8, comp=15, payload=15]
nc DEBUG: SSH: channel_write_common: ssh_channel_write wrote 6 bytes
nc DEBUG: Sending message:
<rpc xmlns="urn:ietf:params:xml:ns:netconf:base:1.0" message-id="2"><get xmlns="urn:ietf:params:xml:ns:netconf:base:1.0"><filter type="xpath" xmlns:yanglib="urn:ietf:params:xml:ns:yang:ietf-yang-library" select="/yanglib:*"/></get></rpc>

nc DEBUG: SSH: ssh_packet_need_rekey: rekey: [data_rekey_needed=0, out_blocks=108, in_blocks=832]
nc DEBUG: SSH: packet_send2: packet: wrote [type=94, len=256, padding_size=9, comp=246, payload=246]
nc DEBUG: SSH: channel_write_common: ssh_channel_write wrote 237 bytes
nc DEBUG: SSH: ssh_socket_unbuffered_write: Enabling POLLOUT for socket
nc DEBUG: Sending message:

##


nc DEBUG: SSH: ssh_packet_need_rekey: rekey: [data_rekey_needed=0, out_blocks=109, in_blocks=803]
nc DEBUG: SSH: packet_send2: packet: wrote [type=94, len=24, padding_size=10, comp=13, payload=13]
nc DEBUG: SSH: channel_write_common: ssh_channel_write wrote 4 bytes
nc DEBUG: SSH: ssh_socket_unbuffered_write: Enabling POLLOUT for socket
nc DEBUG: SSH: ssh_packet_socket_callback: packet: read type 94 [len=24,padding=6,comp=17,payload=17]
nc DEBUG: SSH: ssh_packet_process: Dispatching handler for packet type 94
nc DEBUG: SSH: channel_rcv_data: Channel receiving 8 bytes data in 0 (local win=1277167 remote win=1279517)
nc DEBUG: SSH: channel_default_bufferize: placing 8 bytes into channel buffer (stdout)
nc DEBUG: SSH: channel_rcv_data: Channel windows are now (local win=1277159 remote win=1279517)
nc DEBUG: SSH: ssh_packet_need_rekey: rekey: [data_rekey_needed=0, out_blocks=109, in_blocks=804]
nc DEBUG: SSH: ssh_channel_read_timeout: Read (2) buffered : 8 bytes. Window: 1277159
nc DEBUG: SSH: ssh_channel_read_timeout: Read (1) buffered : 6 bytes. Window: 1277159
nc DEBUG: SSH: ssh_channel_read_timeout: Read (1) buffered : 5 bytes. Window: 1277159
nc DEBUG: SSH: ssh_channel_read_timeout: Read (1) buffered : 4 bytes. Window: 1277159
nc DEBUG: SSH: ssh_channel_read_timeout: Read (1) buffered : 3 bytes. Window: 1277159
nc DEBUG: SSH: ssh_channel_read_timeout: Read (1) buffered : 2 bytes. Window: 1277159
nc DEBUG: SSH: ssh_channel_read_timeout: Read (1) buffered : 1 bytes. Window: 1277159
nc DEBUG: SSH: ssh_channel_read_timeout: Read (12905) buffered : 0 bytes. Window: 1277159
nc DEBUG: SSH: ssh_channel_read_timeout: Read (12905) buffered : 0 bytes. Window: 1277159
nc DEBUG: SSH: ssh_packet_socket_callback: packet: partial packet (read len) [len=12920, receivedlen=4096, to_be_read=12940]
nc DEBUG: SSH: ssh_channel_read_timeout: Read (12905) buffered : 0 bytes. Window: 1277159
nc DEBUG: SSH: ssh_packet_socket_callback: packet: partial packet (read len) [len=12920, receivedlen=8192, to_be_read=12940]
nc DEBUG: SSH: ssh_channel_read_timeout: Read (12905) buffered : 0 bytes. Window: 1277159
nc DEBUG: SSH: ssh_packet_socket_callback: packet: partial packet (read len) [len=12920, receivedlen=12288, to_be_read=12940]
nc DEBUG: SSH: ssh_channel_read_timeout: Read (12905) buffered : 0 bytes. Window: 1277159
nc DEBUG: SSH: ssh_packet_socket_callback: packet: read type 94 [len=12920,padding=5,comp=12914,payload=12914]
nc DEBUG: SSH: ssh_packet_process: Dispatching handler for packet type 94
nc DEBUG: SSH: channel_rcv_data: Channel receiving 12905 bytes data in 0 (local win=1277159 remote win=1279517)
nc DEBUG: SSH: channel_default_bufferize: placing 12905 bytes into channel buffer (stdout)
nc DEBUG: SSH: channel_rcv_data: Channel windows are now (local win=1264254 remote win=1279517)
nc DEBUG: SSH: ssh_packet_socket_callback: Processing 44 bytes left in socket buffer
nc DEBUG: SSH: ssh_packet_socket_callback: packet: read type 94 [len=24,padding=10,comp=13,payload=13]
nc DEBUG: SSH: ssh_packet_process: Dispatching handler for packet type 94
nc DEBUG: SSH: channel_rcv_data: Channel receiving 4 bytes data in 0 (local win=1264254 remote win=1279517)
nc DEBUG: SSH: channel_default_bufferize: placing 4 bytes into channel buffer (stdout)
nc DEBUG: SSH: channel_rcv_data: Channel windows are now (local win=1264250 remote win=1279517)
nc DEBUG: SSH: ssh_packet_need_rekey: rekey: [data_rekey_needed=0, out_blocks=109, in_blocks=2419]
nc DEBUG: SSH: ssh_packet_need_rekey: rekey: [data_rekey_needed=0, out_blocks=109, in_blocks=2419]
nc DEBUG: SSH: ssh_channel_read_timeout: Read (2) buffered : 4 bytes. Window: 1264250
nc DEBUG: SSH: ssh_channel_read_timeout: Read (1) buffered : 2 bytes. Window: 1264250
nc DEBUG: SSH: ssh_channel_read_timeout: Read (1) buffered : 1 bytes. Window: 1264250
nc DEBUG: Received message:
<rpc-reply xmlns="urn:ietf:params:xml:ns:netconf:base:1.0" message-id="2"><data xmlns="urn:ietf:params:xml:ns:netconf:base:1.0"><yang-library xmlns="urn:ietf:params:xml:ns:yang:ietf-yang-library"><content-id>65</content-id><schema><name>complete</name><module-set>complete</module-set></schema></yang-library><modules-state xmlns="urn:ietf:params:xml:ns:yang:ietf-yang-library"><module-set-id>65</module-set-id><module><name>ietf-yang-metadata</name><revision>2016-08-05</revision><namespace>urn:ietf:params:xml:ns:yang:ietf-yang-metadata</namespace><conformance-type>import</conformance-type></module><module><name>yang</name><revision>2017-02-20</revision><namespace>urn:ietf:params:xml:ns:yang:1</namespace><conformance-type>implement</conformance-type></module><module><name>ietf-inet-types</name><revision>2013-07-15</revision><namespace>urn:ietf:params:xml:ns:yang:ietf-inet-types</namespace><conformance-type>import</conformance-type></module><module><name>ietf-yang-types</name><revision>2013-07-15</revision><namespace>urn:ietf:params:xml:ns:yang:ietf-yang-types</namespace><conformance-type>import</conformance-type></module><module><name>ietf-datastores</name><revision>2018-02-14</revision><namespace>urn:ietf:params:xml:ns:yang:ietf-datastores</namespace><conformance-type>import</conformance-type></module><module><name>ietf-yang-library</name><revision>2019-01-04</revision><namespace>urn:ietf:params:xml:ns:yang:ietf-yang-library</namespace><conformance-type>implement</conformance-type></module><module><name>ietf-netconf-acm</name><revision>2018-02-14</revision><namespace>urn:ietf:params:xml:ns:yang:ietf-netconf-acm</namespace><conformance-type>implement</conformance-type></module><module><name>ietf-netconf</name><revision>2011-06-01</revision><namespace>urn:ietf:params:xml:ns:netconf:base:1.0</namespace><feature>writable-running</feature><feature>rollback-on-error</feature><feature>startup</feature><feature>url</feature><feature>xpath</feature><conformance-type>implement</conformance-type></module><module><name>ietf-netconf-notifications</name><revision>2012-02-06</revision><namespace>urn:ietf:params:xml:ns:yang:ietf-netconf-notifications</namespace><conformance-type>implement</conformance-type></module><module><name>notifications</name><revision>2008-07-14</revision><namespace>urn:ietf:params:xml:ns:netconf:notification:1.0</namespace><conformance-type>implement</conformance-type></module><module><name>nc-notifications</name><revision>2008-07-14</revision><namespace>urn:ietf:params:xml:ns:netmod:notification</namespace><conformance-type>implement</conformance-type></module><module><name>ietf-x509-cert-to-name</name><revision>2014-12-10</revision><namespace>urn:ietf:params:xml:ns:yang:ietf-x509-cert-to-name</namespace><conformance-type>implement</conformance-type></module><module><name>ietf-keystore</name><revision>2016-10-31</revision><namespace>urn:ietf:params:xml:ns:yang:ietf-keystore</namespace><conformance-type>implement</conformance-type></module><module><name>ietf-netconf-with-defaults</name><revision>2011-06-01</revision><namespace>urn:ietf:params:xml:ns:yang:ietf-netconf-with-defaults</namespace><conformance-type>implement</conformance-type></module><module><name>ietf-netconf-monitoring</name><revision>2010-10-04</revision><namespace>urn:ietf:params:xml:ns:yang:ietf-netconf-monitoring</namespace><conformance-type>implement</conformance-type></module><module><name>ietf-datastores</name><revision>2017-08-17</revision><namespace>urn:ietf:params:xml:ns:yang:ietf-datastores</namespace><conformance-type>implement</conformance-type></module><module><name>ietf-ssh-server</name><revision>2016-11-02</revision><namespace>urn:ietf:params:xml:ns:yang:ietf-ssh-server</namespace><conformance-type>import</conformance-type></module><module><name>ietf-tls-server</name><revision>2016-11-02</revision><namespace>urn:ietf:params:xml:ns:yang:ietf-tls-server</namespace><conformance-type>import</conformance-type></module><module><name>ietf-netconf-server</name><revision>2016-11-02</revision><namespace>urn:ietf:params:xml:ns:yang:ietf-netconf-server</namespace><feature>listen</feature><feature>ssh-listen</feature><feature>tls-listen</feature><feature>call-home</feature><feature>ssh-call-home</feature><feature>tls-call-home</feature><conformance-type>implement</conformance-type></module><module><name>iana-crypt-hash</name><revision>2014-08-06</revision><namespace>urn:ietf:params:xml:ns:yang:iana-crypt-hash</namespace><conformance-type>import</conformance-type></module><module><name>ietf-system</name><revision>2014-08-06</revision><namespace>urn:ietf:params:xml:ns:yang:ietf-system</namespace><feature>authentication</feature><feature>local-users</feature><conformance-type>implement</conformance-type></module><module><name>ietf-crypto-types</name><revision>2022-12-12</revision><namespace>urn:ietf:params:xml:ns:yang:ietf-crypto-types</namespace><conformance-type>implement</conformance-type></module><module><name>ietf-interfaces</name><revision>2018-02-20</revision><namespace>urn:ietf:params:xml:ns:yang:ietf-interfaces</namespace><feature>if-mib</feature><conformance-type>implement</conformance-type></module><module><name>ietf-ip</name><revision>2018-02-22</revision><namespace>urn:ietf:params:xml:ns:yang:ietf-ip</namespace><conformance-type>implement</conformance-type></module><module><name>iana-hardware</name><revision>2018-03-13</revision><namespace>urn:ietf:params:xml:ns:yang:iana-hardware</namespace><conformance-type>implement</conformance-type></module><module><name>ietf-hardware</name><revision>2018-03-13</revision><namespace>urn:ietf:params:xml:ns:yang:ietf-hardware</namespace><feature>hardware-state</feature><feature>hardware-sensor</feature><conformance-type>implement</conformance-type></module><module><name>ietf-dhcpv6-types</name><revision>2018-09-04</revision><namespace>urn:ietf:params:xml:ns:yang:ietf-dhcpv6-types</namespace><conformance-type>implement</conformance-type></module><module><name>iana-if-type</name><revision>2017-01-19</revision><namespace>urn:ietf:params:xml:ns:yang:iana-if-type</namespace><conformance-type>implement</conformance-type></module><module><name>ietf-dhcpv6-common</name><revision>2021-01-29</revision><namespace>urn:ietf:params:xml:ns:yang:ietf-dhcpv6-common</namespace><conformance-type>implement</conformance-type></module><module><name>ieee802-dot1q-cfm-types</name><revision>2020-06-04</revision><namespace>urn:ieee:std:802.1Q:yang:ieee802-dot1q-cfm-types</namespace><conformance-type>implement</conformance-type></module><module><name>ieee802-dot1q-types</name><revision>2020-06-04</revision><namespace>urn:ieee:std:802.1Q:yang:ieee802-dot1q-types</namespace><conformance-type>implement</conformance-type></module><module><name>ieee802-types</name><revision>2020-06-04</revision><namespace>urn:ieee:std:802.1Q:yang:ieee802-types</namespace><conformance-type>implement</conformance-type></module><module><name>ieee802-dot1q-cfm</name><revision>2020-06-04</revision><namespace>urn:ieee:std:802.1Q:yang:ieee802-dot1q-cfm</namespace><conformance-type>implement</conformance-type></module><module><name>ieee802-dot1x-types</name><revision>2020-02-18</revision><namespace>urn:ieee:std:802.1X:yang:ieee802-dot1x-types</namespace><conformance-type>implement</conformance-type></module><module><name>ieee802-dot1x</name><revision>2020-02-18</revision><namespace>urn:ieee:std:802.1X:yang:ieee802-dot1x</namespace><conformance-type>implement</conformance-type></module><module><name>o-ran-common-yang-types</name><revision>2023-08-14</revision><namespace>urn:o-ran:common-yang-types:1.0</namespace><conformance-type>implement</conformance-type></module><module><name>o-ran-common-identity-refs</name><revision>2022-08-15</revision><namespace>urn:o-ran:wg1identityref:1.0</namespace><conformance-type>implement</conformance-type></module><module><name>o-ran-certificates</name><revision>2022-08-15</revision><namespace>urn:o-ran:certificates:1.0</namespace><conformance-type>implement</conformance-type></module><module><name>o-ran-wg4-features</name><revision>2024-04-15</revision><namespace>urn:o-ran:wg4feat:1.0</namespace><feature>EXT-ANT-DELAY-CONTROL</feature><feature>SUPERVISION-WITH-SESSION-ID</feature><conformance-type>implement</conformance-type></module><module><name>o-ran-usermgmt</name><revision>2023-12-11</revision><namespace>urn:o-ran:user-mgmt:1.0</namespace><conformance-type>implement</conformance-type></module><module><name>o-ran-supervision</name><revision>2022-12-05</revision><namespace>urn:o-ran:supervision:1.0</namespace><conformance-type>implement</conformance-type></module><module><name>o-ran-fm</name><revision>2024-04-15</revision><namespace>urn:o-ran:fm:1.0</namespace><feature>HISTORICAL-ALARM-LIST</feature><conformance-type>implement</conformance-type></module><module><name>o-ran-fan</name><revision>2021-12-01</revision><namespace>urn:o-ran:fan:1.0</namespace><conformance-type>implement</conformance-type></module><module><name>o-ran-hardware</name><revision>2024-04-15</revision><namespace>urn:o-ran:hardware:1.0</namespace><conformance-type>implement</conformance-type></module><module><name>o-ran-interfaces</name><revision>2024-04-15</revision><namespace>urn:o-ran:interfaces:1.0</namespace><conformance-type>implement</conformance-type></module><module><name>o-ran-ieee802-dot1q-cfm</name><revision>2023-04-10</revision><namespace>urn:o-ran:o-ran-ieee802-dot1q-cfm:1.0</namespace><conformance-type>implement</conformance-type></module><module><name>o-ran-mplane-int</name><revision>2021-12-01</revision><namespace>urn:o-ran:mplane-interfaces:1.0</namespace><conformance-type>implement</conformance-type></module><module><name>o-ran-dhcp</name><revision>2022-08-15</revision><namespace>urn:o-ran:dhcp:1.0</namespace><conformance-type>implement</conformance-type></module><module><name>o-ran-transceiver</name><revision>2023-04-10</revision><namespace>urn:o-ran:transceiver:1.0</namespace><conformance-type>implement</conformance-type></module><module><name>o-ran-trace</name><revision>2022-08-15</revision><namespace>urn:o-ran:trace:1.0</namespace><conformance-type>implement</conformance-type></module><module><name>o-ran-operations</name><revision>2024-04-15</revision><namespace>urn:o-ran:operations:1.0</namespace><conformance-type>implement</conformance-type></module><module><name>o-ran-troubleshooting</name><revision>2022-08-15</revision><namespace>urn:o-ran:troubleshooting:1.0</namespace><conformance-type>implement</conformance-type></module><module><name>o-ran-file-management</name><revision>2023-04-10</revision><namespace>urn:o-ran:file-management:1.0</namespace><conformance-type>implement</conformance-type></module><module><name>o-ran-software-management</name><revision>2024-04-15</revision><namespace>urn:o-ran:software-management:1.0</namespace><conformance-type>implement</conformance-type></module><module><name>o-ran-sync</name><revision>2024-04-15</revision><namespace>urn:o-ran:sync:1.0</namespace><conformance-type>implement</conformance-type></module><module><name>o-ran-compression-factors</name><revision>2023-08-14</revision><namespace>urn:o-ran:compression-factors:1.0</namespace><conformance-type>implement</conformance-type></module><module><name>o-ran-module-cap</name><revision>2024-04-15</revision><namespace>urn:o-ran:module-cap:1.0</namespace><feature>EAXC-ID-GROUP-SUPPORTED</feature><feature>CONFIGURABLE-TDD-PATTERN-SUPPORTED</feature><conformance-type>implement</conformance-type></module><module><name>o-ran-delay-management</name><revision>2024-04-15</revision><namespace>urn:o-ran:delay:1.0</namespace><conformance-type>implement</conformance-type></module><module><name>o-ran-processing-element</name><revision>2022-08-15</revision><namespace>urn:o-ran:processing-element:1.0</namespace><conformance-type>implement</conformance-type></module><module><name>o-ran-lbm</name><revision>2024-04-15</revision><namespace>urn:o-ran:lbm:1.0</namespace><conformance-type>implement</conformance-type></module><module><name>o-ran-uplane-conf</name><revision>2024-04-15</revision><namespace>urn:o-ran:uplane-conf:1.0</namespace><feature>EAXC-GAIN-CORRECTION</feature><conformance-type>implement</conformance-type></module><module><name>o-ran-performance-management</name><revision>2024-04-15</revision><namespace>urn:o-ran:performance-management:1.0</namespace><feature>GRANULARITY-TRANSPORT-MEASUREMENT</feature><feature>GRANULARITY-EAXC-ID-MEASUREMENT</feature><conformance-type>implement</conformance-type></module><module><name>o-ran-ethernet-forwarding</name><revision>2021-12-01</revision><namespace>urn:o-ran:ethernet-fwd:1.0</namespace><conformance-type>implement</conformance-type></module><module><name>o-ran-shared-cell</name><revision>2024-04-15</revision><namespace>urn:o-ran:shared-cell:1.0</namespace><conformance-type>implement</conformance-type></module></modules-state></data></rpc-reply>

nc WARNING: Server implements module "yang" in revision "2017-02-20" but revision "2025-01-29" is already implemented and will be used instead.
nc WARNING: Server implements module "ietf-netconf" in revision "2011-06-01" but revision "2013-09-29" is already implemented and will be used instead.
nc VERBOSE: Reading module "ietf-netconf-notifications@2012-02-06" from local file "/usr/local/share/yang/modules/netopeer2/ietf-netconf-notifications@2012-02-06.yang".
nc VERBOSE: Reading module "notifications@2008-07-14" from local file "/usr/local/share/yang/modules/netopeer2/notifications@2008-07-14.yang".
nc VERBOSE: Reading module "nc-notifications@2008-07-14" from local file "/usr/local/share/yang/modules/netopeer2/nc-notifications@2008-07-14.yang".
nc VERBOSE: Reading module "ietf-x509-cert-to-name@2014-12-10" from local file "/usr/local/share/yang/modules/netopeer2/ietf-x509-cert-to-name@2014-12-10.yang".
nc VERBOSE: Reading module "ietf-keystore@2016-10-31" from local file "/usr/local/share/yang/modules/netopeer2/ietf-keystore@2016-10-31.yang".
nc VERBOSE: Reading module "ietf-netconf-with-defaults@2011-06-01" from local file "/usr/local/share/yang/modules/netopeer2/ietf-netconf-with-defaults@2011-06-01.yang".
nc WARNING: Server implements module "ietf-datastores" in revision "2017-08-17" but revision "2018-02-14" is already implemented and will be used instead.
nc VERBOSE: Reading module "ietf-netconf-server@2016-11-02" from local file "/usr/local/share/yang/modules/netopeer2/ietf-netconf-server@2016-11-02.yang".
nc VERBOSE: Reading module "ietf-ssh-server@2016-11-02" from local file "/usr/local/share/yang/modules/netopeer2/ietf-ssh-server@2016-11-02.yang".
nc VERBOSE: Reading module "ietf-tls-server@2016-11-02" from local file "/usr/local/share/yang/modules/netopeer2/ietf-tls-server@2016-11-02.yang".
nc VERBOSE: Reading module "ietf-system@2014-08-06" from local file "/usr/local/share/yang/modules/netopeer2/ietf-system@2014-08-06.yang".
nc VERBOSE: Reading module "iana-crypt-hash@2014-08-06" from local file "/usr/local/share/yang/modules/netopeer2/iana-crypt-hash@2014-08-06.yang".
nc VERBOSE: Reading module "ietf-crypto-types@2022-12-12" from local file "/usr/local/share/yang/modules/netopeer2/ietf-crypto-types@2022-12-12.yang".
nc VERBOSE: Reading module "ietf-interfaces@2018-02-20" from local file "/usr/local/share/yang/modules/netopeer2/ietf-interfaces@2018-02-20.yang".
nc VERBOSE: Reading module "ietf-ip@2018-02-22" from local file "/usr/local/share/yang/modules/netopeer2/ietf-ip@2018-02-22.yang".
nc VERBOSE: Reading module "iana-hardware@2018-03-13" from local file "/usr/local/share/yang/modules/netopeer2/iana-hardware@2018-03-13.yang".
nc VERBOSE: Reading module "ietf-hardware@2018-03-13" from local file "/usr/local/share/yang/modules/netopeer2/ietf-hardware@2018-03-13.yang".
nc VERBOSE: Reading module "ietf-dhcpv6-types@2018-09-04" from local file "/usr/local/share/yang/modules/netopeer2/ietf-dhcpv6-types@2018-09-04.yang".
nc VERBOSE: Reading module "iana-if-type@2017-01-19" from local file "/usr/local/share/yang/modules/netopeer2/iana-if-type@2017-01-19.yang".
nc VERBOSE: Reading module "ietf-dhcpv6-common@2021-01-29" from local file "/usr/local/share/yang/modules/netopeer2/ietf-dhcpv6-common@2021-01-29.yang".
nc VERBOSE: Reading module "ieee802-dot1q-cfm-types@2020-06-04" from local file "/usr/local/share/yang/modules/netopeer2/ieee802-dot1q-cfm-types@2020-06-04.yang".
nc VERBOSE: Reading module "ieee802-dot1q-types@2020-06-04" from local file "/usr/local/share/yang/modules/netopeer2/ieee802-dot1q-types@2020-06-04.yang".
nc VERBOSE: Reading module "ieee802-types@2020-06-04" from local file "/usr/local/share/yang/modules/netopeer2/ieee802-types@2020-06-04.yang".
nc VERBOSE: Reading module "ieee802-dot1q-cfm@2020-06-04" from local file "/usr/local/share/yang/modules/netopeer2/ieee802-dot1q-cfm@2020-06-04.yang".
nc VERBOSE: Reading module "ieee802-dot1x-types@2020-02-18" from local file "/usr/local/share/yang/modules/netopeer2/ieee802-dot1x-types@2020-02-18.yang".
nc VERBOSE: Reading module "ieee802-dot1x@2020-02-18" from local file "/usr/local/share/yang/modules/netopeer2/ieee802-dot1x@2020-02-18.yang".
nc VERBOSE: Reading module "o-ran-common-yang-types@2023-08-14" from local file "/usr/local/share/yang/modules/netopeer2/o-ran-common-yang-types@2023-08-14.yang".
nc VERBOSE: Reading module "o-ran-common-identity-refs@2022-08-15" from local file "/usr/local/share/yang/modules/netopeer2/o-ran-common-identity-refs@2022-08-15.yang".
nc VERBOSE: Reading module "o-ran-certificates@2022-08-15" from local file "/usr/local/share/yang/modules/netopeer2/o-ran-certificates@2022-08-15.yang".
nc VERBOSE: Reading module "o-ran-wg4-features@2024-04-15" from local file "/usr/local/share/yang/modules/netopeer2/o-ran-wg4-features@2024-04-15.yang".
nc VERBOSE: Reading module "o-ran-usermgmt@2023-12-11" from local file "/usr/local/share/yang/modules/netopeer2/o-ran-usermgmt@2023-12-11.yang".
nc VERBOSE: Reading module "o-ran-supervision@2022-12-05" from local file "/usr/local/share/yang/modules/netopeer2/o-ran-supervision@2022-12-05.yang".
nc VERBOSE: Reading module "o-ran-fm@2024-04-15" from local file "/usr/local/share/yang/modules/netopeer2/o-ran-fm@2024-04-15.yang".
nc VERBOSE: Reading module "o-ran-fan@2021-12-01" from local file "/usr/local/share/yang/modules/netopeer2/o-ran-fan@2021-12-01.yang".
nc VERBOSE: Reading module "o-ran-hardware@2024-04-15" from local file "/usr/local/share/yang/modules/netopeer2/o-ran-hardware@2024-04-15.yang".
nc VERBOSE: Reading module "o-ran-interfaces@2024-04-15" from local file "/usr/local/share/yang/modules/netopeer2/o-ran-interfaces@2024-04-15.yang".
nc VERBOSE: Reading module "o-ran-ieee802-dot1q-cfm@2023-04-10" from local file "/usr/local/share/yang/modules/netopeer2/o-ran-ieee802-dot1q-cfm@2023-04-10.yang".
nc VERBOSE: Reading module "o-ran-mplane-int@2021-12-01" from local file "/usr/local/share/yang/modules/netopeer2/o-ran-mplane-int@2021-12-01.yang".
nc VERBOSE: Reading module "o-ran-dhcp@2022-08-15" from local file "/usr/local/share/yang/modules/netopeer2/o-ran-dhcp@2022-08-15.yang".
nc VERBOSE: Reading module "o-ran-transceiver@2023-04-10" from local file "/usr/local/share/yang/modules/netopeer2/o-ran-transceiver@2023-04-10.yang".
nc VERBOSE: Reading module "o-ran-trace@2022-08-15" from local file "/usr/local/share/yang/modules/netopeer2/o-ran-trace@2022-08-15.yang".
nc VERBOSE: Reading module "o-ran-operations@2024-04-15" from local file "/usr/local/share/yang/modules/netopeer2/o-ran-operations@2024-04-15.yang".
nc VERBOSE: Reading module "o-ran-troubleshooting@2022-08-15" from local file "/usr/local/share/yang/modules/netopeer2/o-ran-troubleshooting@2022-08-15.yang".
nc VERBOSE: Reading module "o-ran-file-management@2023-04-10" from local file "/usr/local/share/yang/modules/netopeer2/o-ran-file-management@2023-04-10.yang".
nc VERBOSE: Reading module "o-ran-software-management@2024-04-15" from local file "/usr/local/share/yang/modules/netopeer2/o-ran-software-management@2024-04-15.yang".
nc VERBOSE: Reading module "o-ran-sync@2024-04-15" from local file "/usr/local/share/yang/modules/netopeer2/o-ran-sync@2024-04-15.yang".
nc VERBOSE: Reading module "o-ran-compression-factors@2023-08-14" from local file "/usr/local/share/yang/modules/netopeer2/o-ran-compression-factors@2023-08-14.yang".
nc VERBOSE: Reading module "o-ran-module-cap@2024-04-15" from local file "/usr/local/share/yang/modules/netopeer2/o-ran-module-cap@2024-04-15.yang".
nc VERBOSE: Reading module "o-ran-delay-management@2024-04-15" from local file "/usr/local/share/yang/modules/netopeer2/o-ran-delay-management@2024-04-15.yang".
nc VERBOSE: Reading module "o-ran-processing-element@2022-08-15" from local file "/usr/local/share/yang/modules/netopeer2/o-ran-processing-element@2022-08-15.yang".
nc VERBOSE: Reading module "o-ran-lbm@2024-04-15" from local file "/usr/local/share/yang/modules/netopeer2/o-ran-lbm@2024-04-15.yang".
nc VERBOSE: Reading module "o-ran-uplane-conf@2024-04-15" from local file "/usr/local/share/yang/modules/netopeer2/o-ran-uplane-conf@2024-04-15.yang".
nc VERBOSE: Reading module "o-ran-performance-management@2024-04-15" from local file "/usr/local/share/yang/modules/netopeer2/o-ran-performance-management@2024-04-15.yang".
nc VERBOSE: Reading module "o-ran-ethernet-forwarding@2021-12-01" from local file "/usr/local/share/yang/modules/netopeer2/o-ran-ethernet-forwarding@2021-12-01.yang".
nc VERBOSE: Reading module "o-ran-shared-cell@2024-04-15" from local file "/usr/local/share/yang/modules/netopeer2/o-ran-shared-cell@2024-04-15.yang".
nc DEBUG: Sending message:

#317


nc DEBUG: SSH: ssh_packet_need_rekey: rekey: [data_rekey_needed=0, out_blocks=110, in_blocks=2420]
nc DEBUG: SSH: ssh_socket_unbuffered_write: Enabling POLLOUT for socket
nc DEBUG: SSH: packet_send2: packet: wrote [type=94, len=24, padding_size=8, comp=15, payload=15]
nc DEBUG: SSH: channel_write_common: ssh_channel_write wrote 6 bytes
nc DEBUG: Sending message:
<rpc xmlns="urn:ietf:params:xml:ns:netconf:base:1.0" message-id="3"><get xmlns="urn:ietf:params:xml:ns:netconf:base:1.0"><filter type="xpath" xmlns:yanglib="urn:ietf:params:xml:ns:yang:ietf-yang-library" xmlns:yangmnt="urn:ietf:params:xml:ns:yang:ietf-yang-schema-mount" select="/yanglib:* | /yangmnt:*"/></get></rpc>

nc DEBUG: SSH: ssh_packet_need_rekey: rekey: [data_rekey_needed=0, out_blocks=150, in_blocks=2459]
nc DEBUG: SSH: packet_send2: packet: wrote [type=94, len=336, padding_size=9, comp=326, payload=326]
nc DEBUG: SSH: channel_write_common: ssh_channel_write wrote 317 bytes
nc DEBUG: SSH: ssh_socket_unbuffered_write: Enabling POLLOUT for socket
nc DEBUG: Sending message:

##


nc DEBUG: SSH: ssh_packet_need_rekey: rekey: [data_rekey_needed=0, out_blocks=151, in_blocks=2420]
nc DEBUG: SSH: packet_send2: packet: wrote [type=94, len=24, padding_size=10, comp=13, payload=13]
nc DEBUG: SSH: channel_write_common: ssh_channel_write wrote 4 bytes
nc DEBUG: SSH: ssh_socket_unbuffered_write: Enabling POLLOUT for socket
nc DEBUG: SSH: ssh_packet_socket_callback: packet: read type 94 [len=24,padding=8,comp=15,payload=15]
nc DEBUG: SSH: ssh_packet_process: Dispatching handler for packet type 94
nc DEBUG: SSH: channel_rcv_data: Channel receiving 6 bytes data in 0 (local win=1264250 remote win=1279190)
nc DEBUG: SSH: channel_default_bufferize: placing 6 bytes into channel buffer (stdout)
nc DEBUG: SSH: channel_rcv_data: Channel windows are now (local win=1264244 remote win=1279190)
nc DEBUG: SSH: ssh_packet_socket_callback: Processing 404 bytes left in socket buffer
nc DEBUG: SSH: ssh_packet_socket_callback: packet: read type 94 [len=384,padding=9,comp=374,payload=374]
nc DEBUG: SSH: ssh_packet_process: Dispatching handler for packet type 94
nc DEBUG: SSH: channel_rcv_data: Channel receiving 365 bytes data in 0 (local win=1264244 remote win=1279190)
nc DEBUG: SSH: channel_default_bufferize: placing 365 bytes into channel buffer (stdout)
nc DEBUG: SSH: channel_rcv_data: Channel windows are now (local win=1263879 remote win=1279190)
nc DEBUG: SSH: ssh_packet_need_rekey: rekey: [data_rekey_needed=0, out_blocks=151, in_blocks=2466]
nc DEBUG: SSH: ssh_packet_need_rekey: rekey: [data_rekey_needed=0, out_blocks=151, in_blocks=2466]
nc DEBUG: SSH: ssh_channel_read_timeout: Read (2) buffered : 371 bytes. Window: 1263879
nc DEBUG: SSH: ssh_channel_read_timeout: Read (1) buffered : 369 bytes. Window: 1263879
nc DEBUG: SSH: ssh_channel_read_timeout: Read (1) buffered : 368 bytes. Window: 1263879
nc DEBUG: SSH: ssh_channel_read_timeout: Read (1) buffered : 367 bytes. Window: 1263879
nc DEBUG: SSH: ssh_channel_read_timeout: Read (1) buffered : 366 bytes. Window: 1263879
nc DEBUG: SSH: ssh_channel_read_timeout: Read (365) buffered : 365 bytes. Window: 1263879
nc DEBUG: SSH: ssh_channel_read_timeout: Read (2) buffered : 0 bytes. Window: 1263879
nc DEBUG: SSH: ssh_packet_socket_callback: packet: read type 94 [len=24,padding=10,comp=13,payload=13]
nc DEBUG: SSH: ssh_packet_process: Dispatching handler for packet type 94
nc DEBUG: SSH: channel_rcv_data: Channel receiving 4 bytes data in 0 (local win=1263879 remote win=1279190)
nc DEBUG: SSH: channel_default_bufferize: placing 4 bytes into channel buffer (stdout)
nc DEBUG: SSH: channel_rcv_data: Channel windows are now (local win=1263875 remote win=1279190)
nc DEBUG: SSH: ssh_packet_need_rekey: rekey: [data_rekey_needed=0, out_blocks=151, in_blocks=2467]
nc DEBUG: SSH: ssh_channel_read_timeout: Read (1) buffered : 2 bytes. Window: 1263875
nc DEBUG: SSH: ssh_channel_read_timeout: Read (1) buffered : 1 bytes. Window: 1263875
nc DEBUG: Received message:
<rpc-reply xmlns="urn:ietf:params:xml:ns:netconf:base:1.0" message-id="3"><rpc-error><error-type>application</error-type><error-tag>operation-failed</error-tag><error-severity>error</error-severity><error-message xml:lang="en">Module with the namespace "urn:ietf:params:xml:ns:yang:ietf-yang-schema-mount" could not be found.</error-message></rpc-error></rpc-reply>

nc WARNING: Unexpected reply without data to a <get> RPC.
Client SENT :  subscribe --stream NETCONF
nc DEBUG: Sending message:

#197


nc DEBUG: SSH: ssh_packet_need_rekey: rekey: [data_rekey_needed=0, out_blocks=152, in_blocks=2468]
nc DEBUG: SSH: ssh_socket_unbuffered_write: Enabling POLLOUT for socket
nc DEBUG: SSH: packet_send2: packet: wrote [type=94, len=24, padding_size=8, comp=15, payload=15]
nc DEBUG: SSH: channel_write_common: ssh_channel_write wrote 6 bytes
nc DEBUG: Sending message:
<rpc xmlns="urn:ietf:params:xml:ns:netconf:base:1.0" message-id="4"><create-subscription xmlns="urn:ietf:params:xml:ns:netconf:notification:1.0"><stream>NETCONF</stream></create-subscription></rpc>

nc DEBUG: SSH: ssh_packet_need_rekey: rekey: [data_rekey_needed=0, out_blocks=177, in_blocks=2492]
nc DEBUG: SSH: packet_send2: packet: wrote [type=94, len=216, padding_size=9, comp=206, payload=206]
nc DEBUG: SSH: channel_write_common: ssh_channel_write wrote 197 bytes
nc DEBUG: SSH: ssh_socket_unbuffered_write: Enabling POLLOUT for socket
nc DEBUG: Sending message:

##


nc DEBUG: SSH: ssh_packet_need_rekey: rekey: [data_rekey_needed=0, out_blocks=178, in_blocks=2468]
nc DEBUG: SSH: packet_send2: packet: wrote [type=94, len=24, padding_size=10, comp=13, payload=13]
nc DEBUG: SSH: channel_write_common: ssh_channel_write wrote 4 bytes
nc DEBUG: SSH: ssh_socket_unbuffered_write: Enabling POLLOUT for socket
Client SENT :  user-rpc --content /mplane_automation/miniDU/get/get_mp_version_org.xml --out /tmp/get_mp_version.xml
nc DEBUG: SSH: ssh_packet_socket_callback: packet: read type 94 [len=24,padding=9,comp=14,payload=14]
nc DEBUG: SSH: ssh_packet_process: Dispatching handler for packet type 94
nc DEBUG: SSH: channel_rcv_data: Channel receiving 5 bytes data in 0 (local win=1263875 remote win=1278983)
nc DEBUG: SSH: channel_default_bufferize: placing 5 bytes into channel buffer (stdout)
nc DEBUG: SSH: channel_rcv_data: Channel windows are now (local win=1263870 remote win=1278983)
nc DEBUG: SSH: ssh_packet_socket_callback: Processing 132 bytes left in socket buffer
nc DEBUG: SSH: ssh_packet_socket_callback: packet: read type 94 [len=112,padding=11,comp=100,payload=100]
nc DEBUG: SSH: ssh_packet_process: Dispatching handler for packet type 94
nc DEBUG: SSH: channel_rcv_data: Channel receiving 91 bytes data in 0 (local win=1263870 remote win=1278983)
nc DEBUG: SSH: channel_default_bufferize: placing 91 bytes into channel buffer (stdout)
nc DEBUG: SSH: channel_rcv_data: Channel windows are now (local win=1263779 remote win=1278983)
nc DEBUG: SSH: ssh_packet_need_rekey: rekey: [data_rekey_needed=0, out_blocks=178, in_blocks=2480]
nc DEBUG: SSH: ssh_packet_need_rekey: rekey: [data_rekey_needed=0, out_blocks=178, in_blocks=2480]
nc DEBUG: SSH: ssh_channel_read_timeout: Read (2) buffered : 96 bytes. Window: 1263779
nc DEBUG: SSH: ssh_channel_read_timeout: Read (1) buffered : 94 bytes. Window: 1263779
nc DEBUG: SSH: ssh_channel_read_timeout: Read (1) buffered : 93 bytes. Window: 1263779
nc DEBUG: SSH: ssh_channel_read_timeout: Read (1) buffered : 92 bytes. Window: 1263779
nc DEBUG: SSH: ssh_channel_read_timeout: Read (91) buffered : 91 bytes. Window: 1263779
nc DEBUG: SSH: ssh_channel_read_timeout: Read (2) buffered : 0 bytes. Window: 1263779
nc DEBUG: SSH: ssh_packet_socket_callback: packet: read type 94 [len=24,padding=10,comp=13,payload=13]
nc DEBUG: SSH: ssh_packet_process: Dispatching handler for packet type 94
nc DEBUG: SSH: channel_rcv_data: Channel receiving 4 bytes data in 0 (local win=1263779 remote win=1278983)
nc DEBUG: SSH: channel_default_bufferize: placing 4 bytes into channel buffer (stdout)
nc DEBUG: SSH: channel_rcv_data: Channel windows are now (local win=1263775 remote win=1278983)
nc DEBUG: SSH: ssh_packet_need_rekey: rekey: [data_rekey_needed=0, out_blocks=178, in_blocks=2481]
nc DEBUG: SSH: ssh_channel_read_timeout: Read (1) buffered : 2 bytes. Window: 1263775
nc DEBUG: SSH: ssh_channel_read_timeout: Read (1) buffered : 1 bytes. Window: 1263775
nc DEBUG: Received message:
<rpc-reply xmlns="urn:ietf:params:xml:ns:netconf:base:1.0" message-id="4"><ok/></rpc-reply>

OK
ly VERBOSE: Parsing opaque term node "supported-mplane-version" with invalid value "".
nc DEBUG: Sending message:

#291


nc DEBUG: SSH: ssh_packet_need_rekey: rekey: [data_rekey_needed=0, out_blocks=179, in_blocks=2482]
nc DEBUG: SSH: ssh_socket_unbuffered_write: Enabling POLLOUT for socket
nc DEBUG: SSH: packet_send2: packet: wrote [type=94, len=24, padding_size=8, comp=15, payload=15]
nc DEBUG: SSH: channel_write_common: ssh_channel_write wrote 6 bytes
nc DEBUG: Sending message:
<rpc xmlns="urn:ietf:params:xml:ns:netconf:base:1.0" message-id="5"><get xmlns="urn:ietf:params:xml:ns:netconf:base:1.0"><filter type="subtree"><operational-info xmlns="urn:o-ran:operations:1.0"><declarations><supported-mplane-version/></declarations></operational-info></filter></get></rpc>

nc DEBUG: SSH: ssh_packet_need_rekey: rekey: [data_rekey_needed=0, out_blocks=216, in_blocks=2518]
nc DEBUG: SSH: packet_send2: packet: wrote [type=94, len=312, padding_size=11, comp=300, payload=300]
nc DEBUG: SSH: channel_write_common: ssh_channel_write wrote 291 bytes
nc DEBUG: SSH: ssh_socket_unbuffered_write: Enabling POLLOUT for socket
nc DEBUG: Sending message:

##


nc DEBUG: SSH: ssh_packet_need_rekey: rekey: [data_rekey_needed=0, out_blocks=217, in_blocks=2482]
nc DEBUG: SSH: packet_send2: packet: wrote [type=94, len=24, padding_size=10, comp=13, payload=13]
nc DEBUG: SSH: channel_write_common: ssh_channel_write wrote 4 bytes
nc DEBUG: SSH: ssh_socket_unbuffered_write: Enabling POLLOUT for socket
ly VERBOSE: Parsing opaque term node "supported-mplane-version" with invalid value "".
nc DEBUG: SSH: ssh_packet_socket_callback: packet: read type 94 [len=24,padding=8,comp=15,payload=15]
nc DEBUG: SSH: ssh_packet_process: Dispatching handler for packet type 94
nc DEBUG: SSH: channel_rcv_data: Channel receiving 6 bytes data in 0 (local win=1263775 remote win=1278682)
nc DEBUG: SSH: channel_default_bufferize: placing 6 bytes into channel buffer (stdout)
nc DEBUG: SSH: channel_rcv_data: Channel windows are now (local win=1263769 remote win=1278682)
nc DEBUG: SSH: ssh_packet_socket_callback: Processing 340 bytes left in socket buffer
nc DEBUG: SSH: ssh_packet_socket_callback: packet: read type 94 [len=320,padding=5,comp=314,payload=314]
nc DEBUG: SSH: ssh_packet_process: Dispatching handler for packet type 94
nc DEBUG: SSH: channel_rcv_data: Channel receiving 305 bytes data in 0 (local win=1263769 remote win=1278682)
nc DEBUG: SSH: channel_default_bufferize: placing 305 bytes into channel buffer (stdout)
nc DEBUG: SSH: channel_rcv_data: Channel windows are now (local win=1263464 remote win=1278682)
nc DEBUG: SSH: ssh_packet_need_rekey: rekey: [data_rekey_needed=0, out_blocks=217, in_blocks=2521]
nc DEBUG: SSH: ssh_packet_need_rekey: rekey: [data_rekey_needed=0, out_blocks=217, in_blocks=2521]
nc DEBUG: SSH: ssh_channel_read_timeout: Read (2) buffered : 311 bytes. Window: 1263464
nc DEBUG: SSH: ssh_channel_read_timeout: Read (1) buffered : 309 bytes. Window: 1263464
nc DEBUG: SSH: ssh_channel_read_timeout: Read (1) buffered : 308 bytes. Window: 1263464
nc DEBUG: SSH: ssh_channel_read_timeout: Read (1) buffered : 307 bytes. Window: 1263464
nc DEBUG: SSH: ssh_channel_read_timeout: Read (1) buffered : 306 bytes. Window: 1263464
nc DEBUG: SSH: ssh_channel_read_timeout: Read (305) buffered : 305 bytes. Window: 1263464
nc DEBUG: SSH: ssh_channel_read_timeout: Read (2) buffered : 0 bytes. Window: 1263464
nc DEBUG: SSH: ssh_packet_socket_callback: packet: read type 94 [len=24,padding=10,comp=13,payload=13]
nc DEBUG: SSH: ssh_packet_process: Dispatching handler for packet type 94
nc DEBUG: SSH: channel_rcv_data: Channel receiving 4 bytes data in 0 (local win=1263464 remote win=1278682)
nc DEBUG: SSH: channel_default_bufferize: placing 4 bytes into channel buffer (stdout)
nc DEBUG: SSH: channel_rcv_data: Channel windows are now (local win=1263460 remote win=1278682)
nc DEBUG: SSH: ssh_packet_need_rekey: rekey: [data_rekey_needed=0, out_blocks=217, in_blocks=2522]
nc DEBUG: SSH: ssh_channel_read_timeout: Read (1) buffered : 2 bytes. Window: 1263460
nc DEBUG: SSH: ssh_channel_read_timeout: Read (1) buffered : 1 bytes. Window: 1263460
nc DEBUG: Received message:
<rpc-reply xmlns="urn:ietf:params:xml:ns:netconf:base:1.0" message-id="5"><data xmlns="urn:ietf:params:xml:ns:netconf:base:1.0"><operational-info xmlns="urn:o-ran:operations:1.0"><declarations><supported-mplane-version>15.0.0</supported-mplane-version></declarations></operational-info></data></rpc-reply>

nc DEBUG: Received message:
<notification xmlns="urn:ietf:params:xml:ns:netconf:notification:1.0"><eventTime>2026-04-14T02:09:00Z</eventTime><supervision-notification xmlns="urn:o-ran:supervision:1.0"/></notification>

notification (2026-04-14T02:09:00Z)
<supervision-notification xmlns="urn:o-ran:supervision:1.0"/>

Client SENT :  user-rpc --content /mplane_automation/conformance_test/watchdog.xml
nc DEBUG: Sending message:

#285


nc DEBUG: SSH: ssh_packet_need_rekey: rekey: [data_rekey_needed=0, out_blocks=218, in_blocks=2549]
nc DEBUG: SSH: ssh_socket_unbuffered_write: Enabling POLLOUT for socket
nc DEBUG: SSH: packet_send2: packet: wrote [type=94, len=24, padding_size=8, comp=15, payload=15]
nc DEBUG: SSH: channel_write_common: ssh_channel_write wrote 6 bytes
nc DEBUG: Sending message:
<rpc xmlns="urn:ietf:params:xml:ns:netconf:base:1.0" message-id="6"><supervision-watchdog-reset xmlns="urn:o-ran:supervision:1.0"><supervision-notification-interval>10</supervision-notification-interval><guard-timer-overhead>10</guard-timer-overhead></supervision-watchdog-reset></rpc>

nc DEBUG: SSH: ssh_packet_need_rekey: rekey: [data_rekey_needed=0, out_blocks=254, in_blocks=2584]
nc DEBUG: SSH: packet_send2: packet: wrote [type=94, len=304, padding_size=9, comp=294, payload=294]
nc DEBUG: SSH: channel_write_common: ssh_channel_write wrote 285 bytes
nc DEBUG: SSH: ssh_socket_unbuffered_write: Enabling POLLOUT for socket
nc DEBUG: Sending message:

##


nc DEBUG: SSH: ssh_packet_need_rekey: rekey: [data_rekey_needed=0, out_blocks=255, in_blocks=2549]
nc DEBUG: SSH: packet_send2: packet: wrote [type=94, len=24, padding_size=10, comp=13, payload=13]
nc DEBUG: SSH: channel_write_common: ssh_channel_write wrote 4 bytes
nc DEBUG: SSH: ssh_socket_unbuffered_write: Enabling POLLOUT for socket
nc DEBUG: SSH: ssh_packet_socket_callback: packet: read type 94 [len=24,padding=8,comp=15,payload=15]
nc DEBUG: SSH: ssh_packet_process: Dispatching handler for packet type 94
nc DEBUG: SSH: channel_rcv_data: Channel receiving 6 bytes data in 0 (local win=1263261 remote win=1278387)
nc DEBUG: SSH: channel_default_bufferize: placing 6 bytes into channel buffer (stdout)
nc DEBUG: SSH: channel_rcv_data: Channel windows are now (local win=1263255 remote win=1278387)
nc DEBUG: SSH: ssh_packet_socket_callback: Processing 212 bytes left in socket buffer
nc DEBUG: SSH: ssh_packet_socket_callback: packet: read type 94 [len=192,padding=4,comp=187,payload=187]
nc DEBUG: SSH: ssh_packet_process: Dispatching handler for packet type 94
nc DEBUG: SSH: channel_rcv_data: Channel receiving 178 bytes data in 0 (local win=1263255 remote win=1278387)
nc DEBUG: SSH: channel_default_bufferize: placing 178 bytes into channel buffer (stdout)
nc DEBUG: SSH: channel_rcv_data: Channel windows are now (local win=1263077 remote win=1278387)
nc DEBUG: SSH: ssh_packet_need_rekey: rekey: [data_rekey_needed=0, out_blocks=255, in_blocks=2572]
nc DEBUG: SSH: ssh_packet_need_rekey: rekey: [data_rekey_needed=0, out_blocks=255, in_blocks=2572]
nc DEBUG: SSH: ssh_channel_read_timeout: Read (2) buffered : 184 bytes. Window: 1263077
nc DEBUG: SSH: ssh_channel_read_timeout: Read (1) buffered : 182 bytes. Window: 1263077
nc DEBUG: SSH: ssh_channel_read_timeout: Read (1) buffered : 181 bytes. Window: 1263077
nc DEBUG: SSH: ssh_channel_read_timeout: Read (1) buffered : 180 bytes. Window: 1263077
nc DEBUG: SSH: ssh_channel_read_timeout: Read (1) buffered : 179 bytes. Window: 1263077
nc DEBUG: SSH: ssh_channel_read_timeout: Read (178) buffered : 178 bytes. Window: 1263077
nc DEBUG: SSH: ssh_channel_read_timeout: Read (2) buffered : 0 bytes. Window: 1263077
nc DEBUG: SSH: ssh_packet_socket_callback: packet: read type 94 [len=24,padding=10,comp=13,payload=13]
nc DEBUG: SSH: ssh_packet_process: Dispatching handler for packet type 94
nc DEBUG: SSH: channel_rcv_data: Channel receiving 4 bytes data in 0 (local win=1263077 remote win=1278387)
nc DEBUG: SSH: channel_default_bufferize: placing 4 bytes into channel buffer (stdout)
nc DEBUG: SSH: channel_rcv_data: Channel windows are now (local win=1263073 remote win=1278387)
nc DEBUG: SSH: ssh_packet_need_rekey: rekey: [data_rekey_needed=0, out_blocks=255, in_blocks=2573]
nc DEBUG: SSH: ssh_channel_read_timeout: Read (1) buffered : 2 bytes. Window: 1263073
nc DEBUG: SSH: ssh_channel_read_timeout: Read (1) buffered : 1 bytes. Window: 1263073
nc DEBUG: Received message:
<rpc-reply xmlns="urn:ietf:params:xml:ns:netconf:base:1.0" message-id="6"><next-update-at xmlns="urn:o-ran:supervision:1.0">2026-04-14T02:09:10+00:00</next-update-at></rpc-reply>

DATA
<next-update-at xmlns="urn:o-ran:supervision:1.0">2026-04-14T11:09:10+09:00</next-update-at>

nc DEBUG: Received message:
<notification xmlns="urn:ietf:params:xml:ns:netconf:notification:1.0"><eventTime>2026-04-14T02:09:10Z</eventTime><supervision-notification xmlns="urn:o-ran:supervision:1.0"/></notification>

notification (2026-04-14T02:09:10Z)
<supervision-notification xmlns="urn:o-ran:supervision:1.0"/>

Client SENT :  user-rpc --content /mplane_automation/conformance_test/watchdog.xml
nc DEBUG: Sending message:

#285


nc DEBUG: SSH: ssh_packet_need_rekey: rekey: [data_rekey_needed=0, out_blocks=256, in_blocks=2600]
nc DEBUG: SSH: ssh_socket_unbuffered_write: Enabling POLLOUT for socket
nc DEBUG: SSH: packet_send2: packet: wrote [type=94, len=24, padding_size=8, comp=15, payload=15]
nc DEBUG: SSH: channel_write_common: ssh_channel_write wrote 6 bytes
nc DEBUG: Sending message:
<rpc xmlns="urn:ietf:params:xml:ns:netconf:base:1.0" message-id="7"><supervision-watchdog-reset xmlns="urn:o-ran:supervision:1.0"><supervision-notification-interval>10</supervision-notification-interval><guard-timer-overhead>10</guard-timer-overhead></supervision-watchdog-reset></rpc>

nc DEBUG: SSH: ssh_packet_need_rekey: rekey: [data_rekey_needed=0, out_blocks=292, in_blocks=2635]
nc DEBUG: SSH: packet_send2: packet: wrote [type=94, len=304, padding_size=9, comp=294, payload=294]
nc DEBUG: SSH: channel_write_common: ssh_channel_write wrote 285 bytes
nc DEBUG: SSH: ssh_socket_unbuffered_write: Enabling POLLOUT for socket
nc DEBUG: Sending message:

##


nc DEBUG: SSH: ssh_packet_need_rekey: rekey: [data_rekey_needed=0, out_blocks=293, in_blocks=2600]
nc DEBUG: SSH: packet_send2: packet: wrote [type=94, len=24, padding_size=10, comp=13, payload=13]
nc DEBUG: SSH: channel_write_common: ssh_channel_write wrote 4 bytes
nc DEBUG: SSH: ssh_socket_unbuffered_write: Enabling POLLOUT for socket
nc DEBUG: SSH: ssh_packet_socket_callback: packet: read type 94 [len=24,padding=8,comp=15,payload=15]
nc DEBUG: SSH: ssh_packet_process: Dispatching handler for packet type 94
nc DEBUG: SSH: channel_rcv_data: Channel receiving 6 bytes data in 0 (local win=1262874 remote win=1278092)
nc DEBUG: SSH: channel_default_bufferize: placing 6 bytes into channel buffer (stdout)
nc DEBUG: SSH: channel_rcv_data: Channel windows are now (local win=1262868 remote win=1278092)
nc DEBUG: SSH: ssh_packet_socket_callback: Processing 212 bytes left in socket buffer
nc DEBUG: SSH: ssh_packet_socket_callback: packet: read type 94 [len=192,padding=4,comp=187,payload=187]
nc DEBUG: SSH: ssh_packet_process: Dispatching handler for packet type 94
nc DEBUG: SSH: channel_rcv_data: Channel receiving 178 bytes data in 0 (local win=1262868 remote win=1278092)
nc DEBUG: SSH: channel_default_bufferize: placing 178 bytes into channel buffer (stdout)
nc DEBUG: SSH: channel_rcv_data: Channel windows are now (local win=1262690 remote win=1278092)
nc DEBUG: SSH: ssh_packet_need_rekey: rekey: [data_rekey_needed=0, out_blocks=293, in_blocks=2623]
nc DEBUG: SSH: ssh_packet_need_rekey: rekey: [data_rekey_needed=0, out_blocks=293, in_blocks=2623]
nc DEBUG: SSH: ssh_channel_read_timeout: Read (2) buffered : 184 bytes. Window: 1262690
nc DEBUG: SSH: ssh_channel_read_timeout: Read (1) buffered : 182 bytes. Window: 1262690
nc DEBUG: SSH: ssh_channel_read_timeout: Read (1) buffered : 181 bytes. Window: 1262690
nc DEBUG: SSH: ssh_channel_read_timeout: Read (1) buffered : 180 bytes. Window: 1262690
nc DEBUG: SSH: ssh_channel_read_timeout: Read (1) buffered : 179 bytes. Window: 1262690
nc DEBUG: SSH: ssh_channel_read_timeout: Read (178) buffered : 178 bytes. Window: 1262690
nc DEBUG: SSH: ssh_channel_read_timeout: Read (2) buffered : 0 bytes. Window: 1262690
nc DEBUG: SSH: ssh_packet_socket_callback: packet: read type 94 [len=24,padding=10,comp=13,payload=13]
nc DEBUG: SSH: ssh_packet_process: Dispatching handler for packet type 94
nc DEBUG: SSH: channel_rcv_data: Channel receiving 4 bytes data in 0 (local win=1262690 remote win=1278092)
nc DEBUG: SSH: channel_default_bufferize: placing 4 bytes into channel buffer (stdout)
nc DEBUG: SSH: channel_rcv_data: Channel windows are now (local win=1262686 remote win=1278092)
nc DEBUG: SSH: ssh_packet_need_rekey: rekey: [data_rekey_needed=0, out_blocks=293, in_blocks=2624]
nc DEBUG: SSH: ssh_channel_read_timeout: Read (1) buffered : 2 bytes. Window: 1262686
nc DEBUG: SSH: ssh_channel_read_timeout: Read (1) buffered : 1 bytes. Window: 1262686
nc DEBUG: Received message:
<rpc-reply xmlns="urn:ietf:params:xml:ns:netconf:base:1.0" message-id="7"><next-update-at xmlns="urn:o-ran:supervision:1.0">2026-04-14T02:09:20+00:00</next-update-at></rpc-reply>

DATA
<next-update-at xmlns="urn:o-ran:supervision:1.0">2026-04-14T11:09:20+09:00</next-update-at>

nc DEBUG: Received message:
<notification xmlns="urn:ietf:params:xml:ns:netconf:notification:1.0"><eventTime>2026-04-14T02:09:20Z</eventTime><supervision-notification xmlns="urn:o-ran:supervision:1.0"/></notification>

notification (2026-04-14T02:09:20Z)
<supervision-notification xmlns="urn:o-ran:supervision:1.0"/>

Client SENT :  user-rpc --content /mplane_automation/conformance_test/watchdog.xml
nc DEBUG: Sending message:

#285


nc DEBUG: SSH: ssh_packet_need_rekey: rekey: [data_rekey_needed=0, out_blocks=294, in_blocks=2651]
nc DEBUG: SSH: ssh_socket_unbuffered_write: Enabling POLLOUT for socket
nc DEBUG: SSH: packet_send2: packet: wrote [type=94, len=24, padding_size=8, comp=15, payload=15]
nc DEBUG: SSH: channel_write_common: ssh_channel_write wrote 6 bytes
nc DEBUG: Sending message:
<rpc xmlns="urn:ietf:params:xml:ns:netconf:base:1.0" message-id="8"><supervision-watchdog-reset xmlns="urn:o-ran:supervision:1.0"><supervision-notification-interval>10</supervision-notification-interval><guard-timer-overhead>10</guard-timer-overhead></supervision-watchdog-reset></rpc>

nc DEBUG: SSH: ssh_packet_need_rekey: rekey: [data_rekey_needed=0, out_blocks=330, in_blocks=2686]
nc DEBUG: SSH: packet_send2: packet: wrote [type=94, len=304, padding_size=9, comp=294, payload=294]
nc DEBUG: SSH: channel_write_common: ssh_channel_write wrote 285 bytes
nc DEBUG: SSH: ssh_socket_unbuffered_write: Enabling POLLOUT for socket
nc DEBUG: Sending message:

##


nc DEBUG: SSH: ssh_packet_need_rekey: rekey: [data_rekey_needed=0, out_blocks=331, in_blocks=2651]
nc DEBUG: SSH: packet_send2: packet: wrote [type=94, len=24, padding_size=10, comp=13, payload=13]
nc DEBUG: SSH: channel_write_common: ssh_channel_write wrote 4 bytes
nc DEBUG: SSH: ssh_socket_unbuffered_write: Enabling POLLOUT for socket
nc DEBUG: SSH: ssh_packet_socket_callback: packet: read type 94 [len=24,padding=8,comp=15,payload=15]
nc DEBUG: SSH: ssh_packet_process: Dispatching handler for packet type 94
nc DEBUG: SSH: channel_rcv_data: Channel receiving 6 bytes data in 0 (local win=1262487 remote win=1277797)
nc DEBUG: SSH: channel_default_bufferize: placing 6 bytes into channel buffer (stdout)
nc DEBUG: SSH: channel_rcv_data: Channel windows are now (local win=1262481 remote win=1277797)
nc DEBUG: SSH: ssh_packet_socket_callback: Processing 212 bytes left in socket buffer
nc DEBUG: SSH: ssh_packet_socket_callback: packet: read type 94 [len=192,padding=4,comp=187,payload=187]
nc DEBUG: SSH: ssh_packet_process: Dispatching handler for packet type 94
nc DEBUG: SSH: channel_rcv_data: Channel receiving 178 bytes data in 0 (local win=1262481 remote win=1277797)
nc DEBUG: SSH: channel_default_bufferize: placing 178 bytes into channel buffer (stdout)
nc DEBUG: SSH: channel_rcv_data: Channel windows are now (local win=1262303 remote win=1277797)
nc DEBUG: SSH: ssh_packet_need_rekey: rekey: [data_rekey_needed=0, out_blocks=331, in_blocks=2674]
nc DEBUG: SSH: ssh_packet_need_rekey: rekey: [data_rekey_needed=0, out_blocks=331, in_blocks=2674]
nc DEBUG: SSH: ssh_channel_read_timeout: Read (2) buffered : 184 bytes. Window: 1262303
nc DEBUG: SSH: ssh_channel_read_timeout: Read (1) buffered : 182 bytes. Window: 1262303
nc DEBUG: SSH: ssh_channel_read_timeout: Read (1) buffered : 181 bytes. Window: 1262303
nc DEBUG: SSH: ssh_channel_read_timeout: Read (1) buffered : 180 bytes. Window: 1262303
nc DEBUG: SSH: ssh_channel_read_timeout: Read (1) buffered : 179 bytes. Window: 1262303
nc DEBUG: SSH: ssh_channel_read_timeout: Read (178) buffered : 178 bytes. Window: 1262303
nc DEBUG: SSH: ssh_channel_read_timeout: Read (2) buffered : 0 bytes. Window: 1262303
nc DEBUG: SSH: ssh_packet_socket_callback: packet: read type 94 [len=24,padding=10,comp=13,payload=13]
nc DEBUG: SSH: ssh_packet_process: Dispatching handler for packet type 94
nc DEBUG: SSH: channel_rcv_data: Channel receiving 4 bytes data in 0 (local win=1262303 remote win=1277797)
nc DEBUG: SSH: channel_default_bufferize: placing 4 bytes into channel buffer (stdout)
nc DEBUG: SSH: channel_rcv_data: Channel windows are now (local win=1262299 remote win=1277797)
nc DEBUG: SSH: ssh_packet_need_rekey: rekey: [data_rekey_needed=0, out_blocks=331, in_blocks=2675]
nc DEBUG: SSH: ssh_channel_read_timeout: Read (1) buffered : 2 bytes. Window: 1262299
nc DEBUG: SSH: ssh_channel_read_timeout: Read (1) buffered : 1 bytes. Window: 1262299
nc DEBUG: Received message:
<rpc-reply xmlns="urn:ietf:params:xml:ns:netconf:base:1.0" message-id="8"><next-update-at xmlns="urn:o-ran:supervision:1.0">2026-04-14T02:09:30+00:00</next-update-at></rpc-reply>

DATA
<next-update-at xmlns="urn:o-ran:supervision:1.0">2026-04-14T11:09:30+09:00</next-update-at>

nc DEBUG: Received message:
<notification xmlns="urn:ietf:params:xml:ns:netconf:notification:1.0"><eventTime>2026-04-14T02:09:30Z</eventTime><supervision-notification xmlns="urn:o-ran:supervision:1.0"/></notification>

notification (2026-04-14T02:09:30Z)
<supervision-notification xmlns="urn:o-ran:supervision:1.0"/>

Client SENT :  user-rpc --content /mplane_automation/conformance_test/watchdog.xml
nc DEBUG: Sending message:

#285


nc DEBUG: SSH: ssh_packet_need_rekey: rekey: [data_rekey_needed=0, out_blocks=332, in_blocks=2702]
nc DEBUG: SSH: ssh_socket_unbuffered_write: Enabling POLLOUT for socket
nc DEBUG: SSH: packet_send2: packet: wrote [type=94, len=24, padding_size=8, comp=15, payload=15]
nc DEBUG: SSH: channel_write_common: ssh_channel_write wrote 6 bytes
nc DEBUG: Sending message:
<rpc xmlns="urn:ietf:params:xml:ns:netconf:base:1.0" message-id="9"><supervision-watchdog-reset xmlns="urn:o-ran:supervision:1.0"><supervision-notification-interval>10</supervision-notification-interval><guard-timer-overhead>10</guard-timer-overhead></supervision-watchdog-reset></rpc>

nc DEBUG: SSH: ssh_packet_need_rekey: rekey: [data_rekey_needed=0, out_blocks=368, in_blocks=2737]
nc DEBUG: SSH: packet_send2: packet: wrote [type=94, len=304, padding_size=9, comp=294, payload=294]
nc DEBUG: SSH: channel_write_common: ssh_channel_write wrote 285 bytes
nc DEBUG: SSH: ssh_socket_unbuffered_write: Enabling POLLOUT for socket
nc DEBUG: Sending message:

##


nc DEBUG: SSH: ssh_packet_need_rekey: rekey: [data_rekey_needed=0, out_blocks=369, in_blocks=2702]
nc DEBUG: SSH: packet_send2: packet: wrote [type=94, len=24, padding_size=10, comp=13, payload=13]
nc DEBUG: SSH: channel_write_common: ssh_channel_write wrote 4 bytes
nc DEBUG: SSH: ssh_socket_unbuffered_write: Enabling POLLOUT for socket
nc DEBUG: SSH: ssh_packet_socket_callback: packet: read type 94 [len=24,padding=8,comp=15,payload=15]
nc DEBUG: SSH: ssh_packet_process: Dispatching handler for packet type 94
nc DEBUG: SSH: channel_rcv_data: Channel receiving 6 bytes data in 0 (local win=1262100 remote win=1277502)
nc DEBUG: SSH: channel_default_bufferize: placing 6 bytes into channel buffer (stdout)
nc DEBUG: SSH: channel_rcv_data: Channel windows are now (local win=1262094 remote win=1277502)
nc DEBUG: SSH: ssh_packet_need_rekey: rekey: [data_rekey_needed=0, out_blocks=369, in_blocks=2702]
nc DEBUG: SSH: ssh_channel_read_timeout: Read (2) buffered : 6 bytes. Window: 1262094
nc DEBUG: SSH: ssh_channel_read_timeout: Read (1) buffered : 4 bytes. Window: 1262094
nc DEBUG: SSH: ssh_channel_read_timeout: Read (1) buffered : 3 bytes. Window: 1262094
nc DEBUG: SSH: ssh_channel_read_timeout: Read (1) buffered : 2 bytes. Window: 1262094
nc DEBUG: SSH: ssh_channel_read_timeout: Read (1) buffered : 1 bytes. Window: 1262094
nc DEBUG: SSH: ssh_channel_read_timeout: Read (178) buffered : 0 bytes. Window: 1262094
nc DEBUG: SSH: ssh_packet_socket_callback: packet: read type 94 [len=192,padding=4,comp=187,payload=187]
nc DEBUG: SSH: ssh_packet_process: Dispatching handler for packet type 94
nc DEBUG: SSH: channel_rcv_data: Channel receiving 178 bytes data in 0 (local win=1262094 remote win=1277502)
nc DEBUG: SSH: channel_default_bufferize: placing 178 bytes into channel buffer (stdout)
nc DEBUG: SSH: channel_rcv_data: Channel windows are now (local win=1261916 remote win=1277502)
nc DEBUG: SSH: ssh_packet_socket_callback: Processing 44 bytes left in socket buffer
nc DEBUG: SSH: ssh_packet_socket_callback: packet: read type 94 [len=24,padding=10,comp=13,payload=13]
nc DEBUG: SSH: ssh_packet_process: Dispatching handler for packet type 94
nc DEBUG: SSH: channel_rcv_data: Channel receiving 4 bytes data in 0 (local win=1261916 remote win=1277502)
nc DEBUG: SSH: channel_default_bufferize: placing 4 bytes into channel buffer (stdout)
nc DEBUG: SSH: channel_rcv_data: Channel windows are now (local win=1261912 remote win=1277502)
nc DEBUG: SSH: ssh_packet_need_rekey: rekey: [data_rekey_needed=0, out_blocks=369, in_blocks=2726]
nc DEBUG: SSH: ssh_packet_need_rekey: rekey: [data_rekey_needed=0, out_blocks=369, in_blocks=2726]
nc DEBUG: SSH: ssh_channel_read_timeout: Read (2) buffered : 4 bytes. Window: 1261912
nc DEBUG: SSH: ssh_channel_read_timeout: Read (1) buffered : 2 bytes. Window: 1261912
nc DEBUG: SSH: ssh_channel_read_timeout: Read (1) buffered : 1 bytes. Window: 1261912
nc DEBUG: Received message:
<rpc-reply xmlns="urn:ietf:params:xml:ns:netconf:base:1.0" message-id="9"><next-update-at xmlns="urn:o-ran:supervision:1.0">2026-04-14T02:09:40+00:00</next-update-at></rpc-reply>

DATA
<next-update-at xmlns="urn:o-ran:supervision:1.0">2026-04-14T11:09:40+09:00</next-update-at>

nc DEBUG: Received message:
<notification xmlns="urn:ietf:params:xml:ns:netconf:notification:1.0"><eventTime>2026-04-14T02:09:40Z</eventTime><supervision-notification xmlns="urn:o-ran:supervision:1.0"/></notification>

notification (2026-04-14T02:09:40Z)
<supervision-notification xmlns="urn:o-ran:supervision:1.0"/>

Client SENT :  user-rpc --content /mplane_automation/conformance_test/watchdog.xml
nc DEBUG: Sending message:

#286


nc DEBUG: SSH: ssh_packet_need_rekey: rekey: [data_rekey_needed=0, out_blocks=370, in_blocks=2753]
nc DEBUG: SSH: ssh_socket_unbuffered_write: Enabling POLLOUT for socket
nc DEBUG: SSH: packet_send2: packet: wrote [type=94, len=24, padding_size=8, comp=15, payload=15]
nc DEBUG: SSH: channel_write_common: ssh_channel_write wrote 6 bytes
nc DEBUG: Sending message:
<rpc xmlns="urn:ietf:params:xml:ns:netconf:base:1.0" message-id="10"><supervision-watchdog-reset xmlns="urn:o-ran:supervision:1.0"><supervision-notification-interval>10</supervision-notification-interval><guard-timer-overhead>10</guard-timer-overhead></supervision-watchdog-reset></rpc>

nc DEBUG: SSH: ssh_packet_need_rekey: rekey: [data_rekey_needed=0, out_blocks=406, in_blocks=2788]
nc DEBUG: SSH: packet_send2: packet: wrote [type=94, len=304, padding_size=8, comp=295, payload=295]
nc DEBUG: SSH: channel_write_common: ssh_channel_write wrote 286 bytes
nc DEBUG: SSH: ssh_socket_unbuffered_write: Enabling POLLOUT for socket
nc DEBUG: Sending message:

##


nc DEBUG: SSH: ssh_packet_need_rekey: rekey: [data_rekey_needed=0, out_blocks=407, in_blocks=2753]
nc DEBUG: SSH: packet_send2: packet: wrote [type=94, len=24, padding_size=10, comp=13, payload=13]
nc DEBUG: SSH: channel_write_common: ssh_channel_write wrote 4 bytes
nc DEBUG: SSH: ssh_socket_unbuffered_write: Enabling POLLOUT for socket
nc DEBUG: SSH: ssh_packet_socket_callback: packet: read type 94 [len=24,padding=8,comp=15,payload=15]
nc DEBUG: SSH: ssh_packet_process: Dispatching handler for packet type 94
nc DEBUG: SSH: channel_rcv_data: Channel receiving 6 bytes data in 0 (local win=1261713 remote win=1277206)
nc DEBUG: SSH: channel_default_bufferize: placing 6 bytes into channel buffer (stdout)
nc DEBUG: SSH: channel_rcv_data: Channel windows are now (local win=1261707 remote win=1277206)
nc DEBUG: SSH: ssh_packet_socket_callback: Processing 220 bytes left in socket buffer
nc DEBUG: SSH: ssh_packet_socket_callback: packet: read type 94 [len=200,padding=11,comp=188,payload=188]
nc DEBUG: SSH: ssh_packet_process: Dispatching handler for packet type 94
nc DEBUG: SSH: channel_rcv_data: Channel receiving 179 bytes data in 0 (local win=1261707 remote win=1277206)
nc DEBUG: SSH: channel_default_bufferize: placing 179 bytes into channel buffer (stdout)
nc DEBUG: SSH: channel_rcv_data: Channel windows are now (local win=1261528 remote win=1277206)
nc DEBUG: SSH: ssh_packet_need_rekey: rekey: [data_rekey_needed=0, out_blocks=407, in_blocks=2776]
nc DEBUG: SSH: ssh_packet_need_rekey: rekey: [data_rekey_needed=0, out_blocks=407, in_blocks=2776]
nc DEBUG: SSH: ssh_channel_read_timeout: Read (2) buffered : 185 bytes. Window: 1261528
nc DEBUG: SSH: ssh_channel_read_timeout: Read (1) buffered : 183 bytes. Window: 1261528
nc DEBUG: SSH: ssh_channel_read_timeout: Read (1) buffered : 182 bytes. Window: 1261528
nc DEBUG: SSH: ssh_channel_read_timeout: Read (1) buffered : 181 bytes. Window: 1261528
nc DEBUG: SSH: ssh_channel_read_timeout: Read (1) buffered : 180 bytes. Window: 1261528
nc DEBUG: SSH: ssh_channel_read_timeout: Read (179) buffered : 179 bytes. Window: 1261528
nc DEBUG: SSH: ssh_channel_read_timeout: Read (2) buffered : 0 bytes. Window: 1261528
nc DEBUG: SSH: ssh_packet_socket_callback: packet: read type 94 [len=24,padding=10,comp=13,payload=13]
nc DEBUG: SSH: ssh_packet_process: Dispatching handler for packet type 94
nc DEBUG: SSH: channel_rcv_data: Channel receiving 4 bytes data in 0 (local win=1261528 remote win=1277206)
nc DEBUG: SSH: channel_default_bufferize: placing 4 bytes into channel buffer (stdout)
nc DEBUG: SSH: channel_rcv_data: Channel windows are now (local win=1261524 remote win=1277206)
nc DEBUG: SSH: ssh_packet_need_rekey: rekey: [data_rekey_needed=0, out_blocks=407, in_blocks=2777]
nc DEBUG: SSH: ssh_channel_read_timeout: Read (1) buffered : 2 bytes. Window: 1261524
nc DEBUG: SSH: ssh_channel_read_timeout: Read (1) buffered : 1 bytes. Window: 1261524
nc DEBUG: Received message:
<rpc-reply xmlns="urn:ietf:params:xml:ns:netconf:base:1.0" message-id="10"><next-update-at xmlns="urn:o-ran:supervision:1.0">2026-04-14T02:09:50+00:00</next-update-at></rpc-reply>

DATA
<next-update-at xmlns="urn:o-ran:supervision:1.0">2026-04-14T11:09:50+09:00</next-update-at>

nc DEBUG: Received message:
<notification xmlns="urn:ietf:params:xml:ns:netconf:notification:1.0"><eventTime>2026-04-14T02:09:50Z</eventTime><supervision-notification xmlns="urn:o-ran:supervision:1.0"/></notification>

notification (2026-04-14T02:09:50Z)
<supervision-notification xmlns="urn:o-ran:supervision:1.0"/>

Client SENT :  user-rpc --content /mplane_automation/conformance_test/watchdog.xml
nc DEBUG: Sending message:

#286


nc DEBUG: SSH: ssh_packet_need_rekey: rekey: [data_rekey_needed=0, out_blocks=408, in_blocks=2804]
nc DEBUG: SSH: ssh_socket_unbuffered_write: Enabling POLLOUT for socket
nc DEBUG: SSH: packet_send2: packet: wrote [type=94, len=24, padding_size=8, comp=15, payload=15]
nc DEBUG: SSH: channel_write_common: ssh_channel_write wrote 6 bytes
nc DEBUG: Sending message:
<rpc xmlns="urn:ietf:params:xml:ns:netconf:base:1.0" message-id="11"><supervision-watchdog-reset xmlns="urn:o-ran:supervision:1.0"><supervision-notification-interval>10</supervision-notification-interval><guard-timer-overhead>10</guard-timer-overhead></supervision-watchdog-reset></rpc>

nc DEBUG: SSH: ssh_packet_need_rekey: rekey: [data_rekey_needed=0, out_blocks=444, in_blocks=2839]
nc DEBUG: SSH: packet_send2: packet: wrote [type=94, len=304, padding_size=8, comp=295, payload=295]
nc DEBUG: SSH: channel_write_common: ssh_channel_write wrote 286 bytes
nc DEBUG: SSH: ssh_socket_unbuffered_write: Enabling POLLOUT for socket
nc DEBUG: Sending message:

##


nc DEBUG: SSH: ssh_packet_need_rekey: rekey: [data_rekey_needed=0, out_blocks=445, in_blocks=2804]
nc DEBUG: SSH: packet_send2: packet: wrote [type=94, len=24, padding_size=10, comp=13, payload=13]
nc DEBUG: SSH: channel_write_common: ssh_channel_write wrote 4 bytes
nc DEBUG: SSH: ssh_socket_unbuffered_write: Enabling POLLOUT for socket
nc DEBUG: SSH: ssh_packet_socket_callback: packet: read type 94 [len=24,padding=8,comp=15,payload=15]
nc DEBUG: SSH: ssh_packet_process: Dispatching handler for packet type 94
nc DEBUG: SSH: channel_rcv_data: Channel receiving 6 bytes data in 0 (local win=1261325 remote win=1276910)
nc DEBUG: SSH: channel_default_bufferize: placing 6 bytes into channel buffer (stdout)
nc DEBUG: SSH: channel_rcv_data: Channel windows are now (local win=1261319 remote win=1276910)
nc DEBUG: SSH: ssh_packet_need_rekey: rekey: [data_rekey_needed=0, out_blocks=445, in_blocks=2804]
nc DEBUG: SSH: ssh_channel_read_timeout: Read (2) buffered : 6 bytes. Window: 1261319
nc DEBUG: SSH: ssh_channel_read_timeout: Read (1) buffered : 4 bytes. Window: 1261319
nc DEBUG: SSH: ssh_channel_read_timeout: Read (1) buffered : 3 bytes. Window: 1261319
nc DEBUG: SSH: ssh_channel_read_timeout: Read (1) buffered : 2 bytes. Window: 1261319
nc DEBUG: SSH: ssh_channel_read_timeout: Read (1) buffered : 1 bytes. Window: 1261319
nc DEBUG: SSH: ssh_channel_read_timeout: Read (179) buffered : 0 bytes. Window: 1261319
nc DEBUG: SSH: ssh_packet_socket_callback: packet: read type 94 [len=200,padding=11,comp=188,payload=188]
nc DEBUG: SSH: ssh_packet_process: Dispatching handler for packet type 94
nc DEBUG: SSH: channel_rcv_data: Channel receiving 179 bytes data in 0 (local win=1261319 remote win=1276910)
nc DEBUG: SSH: channel_default_bufferize: placing 179 bytes into channel buffer (stdout)
nc DEBUG: SSH: channel_rcv_data: Channel windows are now (local win=1261140 remote win=1276910)
nc DEBUG: SSH: ssh_packet_socket_callback: Processing 44 bytes left in socket buffer
nc DEBUG: SSH: ssh_packet_socket_callback: packet: read type 94 [len=24,padding=10,comp=13,payload=13]
nc DEBUG: SSH: ssh_packet_process: Dispatching handler for packet type 94
nc DEBUG: SSH: channel_rcv_data: Channel receiving 4 bytes data in 0 (local win=1261140 remote win=1276910)
nc DEBUG: SSH: channel_default_bufferize: placing 4 bytes into channel buffer (stdout)
nc DEBUG: SSH: channel_rcv_data: Channel windows are now (local win=1261136 remote win=1276910)
nc DEBUG: SSH: ssh_packet_need_rekey: rekey: [data_rekey_needed=0, out_blocks=445, in_blocks=2828]
nc DEBUG: SSH: ssh_packet_need_rekey: rekey: [data_rekey_needed=0, out_blocks=445, in_blocks=2828]
nc DEBUG: SSH: ssh_channel_read_timeout: Read (2) buffered : 4 bytes. Window: 1261136
nc DEBUG: SSH: ssh_channel_read_timeout: Read (1) buffered : 2 bytes. Window: 1261136
nc DEBUG: SSH: ssh_channel_read_timeout: Read (1) buffered : 1 bytes. Window: 1261136
nc DEBUG: Received message:
<rpc-reply xmlns="urn:ietf:params:xml:ns:netconf:base:1.0" message-id="11"><next-update-at xmlns="urn:o-ran:supervision:1.0">2026-04-14T02:10:00+00:00</next-update-at></rpc-reply>

DATA
<next-update-at xmlns="urn:o-ran:supervision:1.0">2026-04-14T11:10:00+09:00</next-update-at>

nc DEBUG: Received message:
<notification xmlns="urn:ietf:params:xml:ns:netconf:notification:1.0"><eventTime>2026-04-14T02:10:00Z</eventTime><supervision-notification xmlns="urn:o-ran:supervision:1.0"/></notification>

notification (2026-04-14T02:10:00Z)
<supervision-notification xmlns="urn:o-ran:supervision:1.0"/>

Client SENT :  user-rpc --content /mplane_automation/conformance_test/watchdog.xml
nc DEBUG: Sending message:

#286


nc DEBUG: SSH: ssh_packet_need_rekey: rekey: [data_rekey_needed=0, out_blocks=446, in_blocks=2855]
nc DEBUG: SSH: ssh_socket_unbuffered_write: Enabling POLLOUT for socket
nc DEBUG: SSH: packet_send2: packet: wrote [type=94, len=24, padding_size=8, comp=15, payload=15]
nc DEBUG: SSH: channel_write_common: ssh_channel_write wrote 6 bytes
nc DEBUG: Sending message:
<rpc xmlns="urn:ietf:params:xml:ns:netconf:base:1.0" message-id="12"><supervision-watchdog-reset xmlns="urn:o-ran:supervision:1.0"><supervision-notification-interval>10</supervision-notification-interval><guard-timer-overhead>10</guard-timer-overhead></supervision-watchdog-reset></rpc>

nc DEBUG: SSH: ssh_packet_need_rekey: rekey: [data_rekey_needed=0, out_blocks=482, in_blocks=2890]
nc DEBUG: SSH: packet_send2: packet: wrote [type=94, len=304, padding_size=8, comp=295, payload=295]
nc DEBUG: SSH: channel_write_common: ssh_channel_write wrote 286 bytes
nc DEBUG: SSH: ssh_socket_unbuffered_write: Enabling POLLOUT for socket
nc DEBUG: Sending message:

##


nc DEBUG: SSH: ssh_packet_need_rekey: rekey: [data_rekey_needed=0, out_blocks=483, in_blocks=2855]
nc DEBUG: SSH: packet_send2: packet: wrote [type=94, len=24, padding_size=10, comp=13, payload=13]
nc DEBUG: SSH: channel_write_common: ssh_channel_write wrote 4 bytes
nc DEBUG: SSH: ssh_socket_unbuffered_write: Enabling POLLOUT for socket
nc DEBUG: SSH: ssh_packet_socket_callback: packet: read type 94 [len=24,padding=8,comp=15,payload=15]
nc DEBUG: SSH: ssh_packet_process: Dispatching handler for packet type 94
nc DEBUG: SSH: channel_rcv_data: Channel receiving 6 bytes data in 0 (local win=1260937 remote win=1276614)
nc DEBUG: SSH: channel_default_bufferize: placing 6 bytes into channel buffer (stdout)
nc DEBUG: SSH: channel_rcv_data: Channel windows are now (local win=1260931 remote win=1276614)
nc DEBUG: SSH: ssh_packet_need_rekey: rekey: [data_rekey_needed=0, out_blocks=483, in_blocks=2855]
nc DEBUG: SSH: ssh_channel_read_timeout: Read (2) buffered : 6 bytes. Window: 1260931
nc DEBUG: SSH: ssh_channel_read_timeout: Read (1) buffered : 4 bytes. Window: 1260931
nc DEBUG: SSH: ssh_channel_read_timeout: Read (1) buffered : 3 bytes. Window: 1260931
nc DEBUG: SSH: ssh_channel_read_timeout: Read (1) buffered : 2 bytes. Window: 1260931
nc DEBUG: SSH: ssh_channel_read_timeout: Read (1) buffered : 1 bytes. Window: 1260931
nc DEBUG: SSH: ssh_channel_read_timeout: Read (179) buffered : 0 bytes. Window: 1260931
nc DEBUG: SSH: ssh_packet_socket_callback: packet: read type 94 [len=200,padding=11,comp=188,payload=188]
nc DEBUG: SSH: ssh_packet_process: Dispatching handler for packet type 94
nc DEBUG: SSH: channel_rcv_data: Channel receiving 179 bytes data in 0 (local win=1260931 remote win=1276614)
nc DEBUG: SSH: channel_default_bufferize: placing 179 bytes into channel buffer (stdout)
nc DEBUG: SSH: channel_rcv_data: Channel windows are now (local win=1260752 remote win=1276614)
nc DEBUG: SSH: ssh_packet_socket_callback: Processing 44 bytes left in socket buffer
nc DEBUG: SSH: ssh_packet_socket_callback: packet: read type 94 [len=24,padding=10,comp=13,payload=13]
nc DEBUG: SSH: ssh_packet_process: Dispatching handler for packet type 94
nc DEBUG: SSH: channel_rcv_data: Channel receiving 4 bytes data in 0 (local win=1260752 remote win=1276614)
nc DEBUG: SSH: channel_default_bufferize: placing 4 bytes into channel buffer (stdout)
nc DEBUG: SSH: channel_rcv_data: Channel windows are now (local win=1260748 remote win=1276614)
nc DEBUG: SSH: ssh_packet_need_rekey: rekey: [data_rekey_needed=0, out_blocks=483, in_blocks=2879]
nc DEBUG: SSH: ssh_packet_need_rekey: rekey: [data_rekey_needed=0, out_blocks=483, in_blocks=2879]
nc DEBUG: SSH: ssh_channel_read_timeout: Read (2) buffered : 4 bytes. Window: 1260748
nc DEBUG: SSH: ssh_channel_read_timeout: Read (1) buffered : 2 bytes. Window: 1260748
nc DEBUG: SSH: ssh_channel_read_timeout: Read (1) buffered : 1 bytes. Window: 1260748
nc DEBUG: Received message:
<rpc-reply xmlns="urn:ietf:params:xml:ns:netconf:base:1.0" message-id="12"><next-update-at xmlns="urn:o-ran:supervision:1.0">2026-04-14T02:10:10+00:00</next-update-at></rpc-reply>

DATA
<next-update-at xmlns="urn:o-ran:supervision:1.0">2026-04-14T11:10:10+09:00</next-update-at>

nc DEBUG: Received message:
<notification xmlns="urn:ietf:params:xml:ns:netconf:notification:1.0"><eventTime>2026-04-14T02:10:10Z</eventTime><supervision-notification xmlns="urn:o-ran:supervision:1.0"/></notification>

notification (2026-04-14T02:10:10Z)
<supervision-notification xmlns="urn:o-ran:supervision:1.0"/>

Client SENT :  user-rpc --content /mplane_automation/conformance_test/watchdog.xml
nc DEBUG: Sending message:

#286


nc DEBUG: SSH: ssh_packet_need_rekey: rekey: [data_rekey_needed=0, out_blocks=484, in_blocks=2906]
nc DEBUG: SSH: ssh_socket_unbuffered_write: Enabling POLLOUT for socket
nc DEBUG: SSH: packet_send2: packet: wrote [type=94, len=24, padding_size=8, comp=15, payload=15]
nc DEBUG: SSH: channel_write_common: ssh_channel_write wrote 6 bytes
nc DEBUG: Sending message:
<rpc xmlns="urn:ietf:params:xml:ns:netconf:base:1.0" message-id="13"><supervision-watchdog-reset xmlns="urn:o-ran:supervision:1.0"><supervision-notification-interval>10</supervision-notification-interval><guard-timer-overhead>10</guard-timer-overhead></supervision-watchdog-reset></rpc>

nc DEBUG: SSH: ssh_packet_need_rekey: rekey: [data_rekey_needed=0, out_blocks=520, in_blocks=2941]
nc DEBUG: SSH: packet_send2: packet: wrote [type=94, len=304, padding_size=8, comp=295, payload=295]
nc DEBUG: SSH: channel_write_common: ssh_channel_write wrote 286 bytes
nc DEBUG: SSH: ssh_socket_unbuffered_write: Enabling POLLOUT for socket
nc DEBUG: Sending message:

##


nc DEBUG: SSH: ssh_packet_need_rekey: rekey: [data_rekey_needed=0, out_blocks=521, in_blocks=2906]
nc DEBUG: SSH: packet_send2: packet: wrote [type=94, len=24, padding_size=10, comp=13, payload=13]
nc DEBUG: SSH: channel_write_common: ssh_channel_write wrote 4 bytes
nc DEBUG: SSH: ssh_socket_unbuffered_write: Enabling POLLOUT for socket
nc DEBUG: SSH: ssh_packet_socket_callback: packet: read type 94 [len=24,padding=8,comp=15,payload=15]
nc DEBUG: SSH: ssh_packet_process: Dispatching handler for packet type 94
nc DEBUG: SSH: channel_rcv_data: Channel receiving 6 bytes data in 0 (local win=1260549 remote win=1276318)
nc DEBUG: SSH: channel_default_bufferize: placing 6 bytes into channel buffer (stdout)
nc DEBUG: SSH: channel_rcv_data: Channel windows are now (local win=1260543 remote win=1276318)
nc DEBUG: SSH: ssh_packet_socket_callback: Processing 220 bytes left in socket buffer
nc DEBUG: SSH: ssh_packet_socket_callback: packet: read type 94 [len=200,padding=11,comp=188,payload=188]
nc DEBUG: SSH: ssh_packet_process: Dispatching handler for packet type 94
nc DEBUG: SSH: channel_rcv_data: Channel receiving 179 bytes data in 0 (local win=1260543 remote win=1276318)
nc DEBUG: SSH: channel_default_bufferize: placing 179 bytes into channel buffer (stdout)
nc DEBUG: SSH: channel_rcv_data: Channel windows are now (local win=1260364 remote win=1276318)
nc DEBUG: SSH: ssh_packet_need_rekey: rekey: [data_rekey_needed=0, out_blocks=521, in_blocks=2929]
nc DEBUG: SSH: ssh_packet_need_rekey: rekey: [data_rekey_needed=0, out_blocks=521, in_blocks=2929]
nc DEBUG: SSH: ssh_channel_read_timeout: Read (2) buffered : 185 bytes. Window: 1260364
nc DEBUG: SSH: ssh_channel_read_timeout: Read (1) buffered : 183 bytes. Window: 1260364
nc DEBUG: SSH: ssh_channel_read_timeout: Read (1) buffered : 182 bytes. Window: 1260364
nc DEBUG: SSH: ssh_channel_read_timeout: Read (1) buffered : 181 bytes. Window: 1260364
nc DEBUG: SSH: ssh_channel_read_timeout: Read (1) buffered : 180 bytes. Window: 1260364
nc DEBUG: SSH: ssh_channel_read_timeout: Read (179) buffered : 179 bytes. Window: 1260364
nc DEBUG: SSH: ssh_channel_read_timeout: Read (2) buffered : 0 bytes. Window: 1260364
nc DEBUG: SSH: ssh_packet_socket_callback: packet: read type 94 [len=24,padding=10,comp=13,payload=13]
nc DEBUG: SSH: ssh_packet_process: Dispatching handler for packet type 94
nc DEBUG: SSH: channel_rcv_data: Channel receiving 4 bytes data in 0 (local win=1260364 remote win=1276318)
nc DEBUG: SSH: channel_default_bufferize: placing 4 bytes into channel buffer (stdout)
nc DEBUG: SSH: channel_rcv_data: Channel windows are now (local win=1260360 remote win=1276318)
nc DEBUG: SSH: ssh_packet_need_rekey: rekey: [data_rekey_needed=0, out_blocks=521, in_blocks=2930]
nc DEBUG: SSH: ssh_channel_read_timeout: Read (1) buffered : 2 bytes. Window: 1260360
nc DEBUG: SSH: ssh_channel_read_timeout: Read (1) buffered : 1 bytes. Window: 1260360
nc DEBUG: Received message:
<rpc-reply xmlns="urn:ietf:params:xml:ns:netconf:base:1.0" message-id="13"><next-update-at xmlns="urn:o-ran:supervision:1.0">2026-04-14T02:10:20+00:00</next-update-at></rpc-reply>

DATA
<next-update-at xmlns="urn:o-ran:supervision:1.0">2026-04-14T11:10:20+09:00</next-update-at>

nc DEBUG: Received message:
<notification xmlns="urn:ietf:params:xml:ns:netconf:notification:1.0"><eventTime>2026-04-14T02:10:20Z</eventTime><supervision-notification xmlns="urn:o-ran:supervision:1.0"/></notification>

notification (2026-04-14T02:10:20Z)
<supervision-notification xmlns="urn:o-ran:supervision:1.0"/>

Client SENT :  user-rpc --content /mplane_automation/conformance_test/watchdog.xml
nc DEBUG: Sending message:

#286


nc DEBUG: SSH: ssh_packet_need_rekey: rekey: [data_rekey_needed=0, out_blocks=522, in_blocks=2957]
nc DEBUG: SSH: ssh_socket_unbuffered_write: Enabling POLLOUT for socket
nc DEBUG: SSH: packet_send2: packet: wrote [type=94, len=24, padding_size=8, comp=15, payload=15]
nc DEBUG: SSH: channel_write_common: ssh_channel_write wrote 6 bytes
nc DEBUG: Sending message:
<rpc xmlns="urn:ietf:params:xml:ns:netconf:base:1.0" message-id="14"><supervision-watchdog-reset xmlns="urn:o-ran:supervision:1.0"><supervision-notification-interval>10</supervision-notification-interval><guard-timer-overhead>10</guard-timer-overhead></supervision-watchdog-reset></rpc>

nc DEBUG: SSH: ssh_packet_need_rekey: rekey: [data_rekey_needed=0, out_blocks=558, in_blocks=2992]
nc DEBUG: SSH: packet_send2: packet: wrote [type=94, len=304, padding_size=8, comp=295, payload=295]
nc DEBUG: SSH: channel_write_common: ssh_channel_write wrote 286 bytes
nc DEBUG: SSH: ssh_socket_unbuffered_write: Enabling POLLOUT for socket
nc DEBUG: Sending message:

##


nc DEBUG: SSH: ssh_packet_need_rekey: rekey: [data_rekey_needed=0, out_blocks=559, in_blocks=2957]
nc DEBUG: SSH: packet_send2: packet: wrote [type=94, len=24, padding_size=10, comp=13, payload=13]
nc DEBUG: SSH: channel_write_common: ssh_channel_write wrote 4 bytes
nc DEBUG: SSH: ssh_socket_unbuffered_write: Enabling POLLOUT for socket
nc DEBUG: SSH: ssh_packet_socket_callback: packet: read type 94 [len=24,padding=8,comp=15,payload=15]
nc DEBUG: SSH: ssh_packet_process: Dispatching handler for packet type 94
nc DEBUG: SSH: channel_rcv_data: Channel receiving 6 bytes data in 0 (local win=1260161 remote win=1276022)
nc DEBUG: SSH: channel_default_bufferize: placing 6 bytes into channel buffer (stdout)
nc DEBUG: SSH: channel_rcv_data: Channel windows are now (local win=1260155 remote win=1276022)
nc DEBUG: SSH: ssh_packet_socket_callback: Processing 220 bytes left in socket buffer
nc DEBUG: SSH: ssh_packet_socket_callback: packet: read type 94 [len=200,padding=11,comp=188,payload=188]
nc DEBUG: SSH: ssh_packet_process: Dispatching handler for packet type 94
nc DEBUG: SSH: channel_rcv_data: Channel receiving 179 bytes data in 0 (local win=1260155 remote win=1276022)
nc DEBUG: SSH: channel_default_bufferize: placing 179 bytes into channel buffer (stdout)
nc DEBUG: SSH: channel_rcv_data: Channel windows are now (local win=1259976 remote win=1276022)
nc DEBUG: SSH: ssh_packet_need_rekey: rekey: [data_rekey_needed=0, out_blocks=559, in_blocks=2980]
nc DEBUG: SSH: ssh_packet_need_rekey: rekey: [data_rekey_needed=0, out_blocks=559, in_blocks=2980]
nc DEBUG: SSH: ssh_channel_read_timeout: Read (2) buffered : 185 bytes. Window: 1259976
nc DEBUG: SSH: ssh_channel_read_timeout: Read (1) buffered : 183 bytes. Window: 1259976
nc DEBUG: SSH: ssh_channel_read_timeout: Read (1) buffered : 182 bytes. Window: 1259976
nc DEBUG: SSH: ssh_channel_read_timeout: Read (1) buffered : 181 bytes. Window: 1259976
nc DEBUG: SSH: ssh_channel_read_timeout: Read (1) buffered : 180 bytes. Window: 1259976
nc DEBUG: SSH: ssh_channel_read_timeout: Read (179) buffered : 179 bytes. Window: 1259976
nc DEBUG: SSH: ssh_channel_read_timeout: Read (2) buffered : 0 bytes. Window: 1259976
nc DEBUG: SSH: ssh_packet_socket_callback: packet: read type 94 [len=24,padding=10,comp=13,payload=13]
nc DEBUG: SSH: ssh_packet_process: Dispatching handler for packet type 94
nc DEBUG: SSH: channel_rcv_data: Channel receiving 4 bytes data in 0 (local win=1259976 remote win=1276022)
nc DEBUG: SSH: channel_default_bufferize: placing 4 bytes into channel buffer (stdout)
nc DEBUG: SSH: channel_rcv_data: Channel windows are now (local win=1259972 remote win=1276022)
nc DEBUG: SSH: ssh_packet_need_rekey: rekey: [data_rekey_needed=0, out_blocks=559, in_blocks=2981]
nc DEBUG: SSH: ssh_channel_read_timeout: Read (1) buffered : 2 bytes. Window: 1259972
nc DEBUG: SSH: ssh_channel_read_timeout: Read (1) buffered : 1 bytes. Window: 1259972
nc DEBUG: Received message:
<rpc-reply xmlns="urn:ietf:params:xml:ns:netconf:base:1.0" message-id="14"><next-update-at xmlns="urn:o-ran:supervision:1.0">2026-04-14T02:10:30+00:00</next-update-at></rpc-reply>

DATA
<next-update-at xmlns="urn:o-ran:supervision:1.0">2026-04-14T11:10:30+09:00</next-update-at>

nc DEBUG: Received message:
<notification xmlns="urn:ietf:params:xml:ns:netconf:notification:1.0"><eventTime>2026-04-14T02:10:30Z</eventTime><supervision-notification xmlns="urn:o-ran:supervision:1.0"/></notification>

notification (2026-04-14T02:10:30Z)
<supervision-notification xmlns="urn:o-ran:supervision:1.0"/>

Client SENT :  user-rpc --content /mplane_automation/conformance_test/watchdog.xml
nc DEBUG: Sending message:

#286


nc DEBUG: SSH: ssh_packet_need_rekey: rekey: [data_rekey_needed=0, out_blocks=560, in_blocks=3008]
nc DEBUG: SSH: ssh_socket_unbuffered_write: Enabling POLLOUT for socket
nc DEBUG: SSH: packet_send2: packet: wrote [type=94, len=24, padding_size=8, comp=15, payload=15]
nc DEBUG: SSH: channel_write_common: ssh_channel_write wrote 6 bytes
nc DEBUG: Sending message:
<rpc xmlns="urn:ietf:params:xml:ns:netconf:base:1.0" message-id="15"><supervision-watchdog-reset xmlns="urn:o-ran:supervision:1.0"><supervision-notification-interval>10</supervision-notification-interval><guard-timer-overhead>10</guard-timer-overhead></supervision-watchdog-reset></rpc>

nc DEBUG: SSH: ssh_packet_need_rekey: rekey: [data_rekey_needed=0, out_blocks=596, in_blocks=3043]
nc DEBUG: SSH: packet_send2: packet: wrote [type=94, len=304, padding_size=8, comp=295, payload=295]
nc DEBUG: SSH: channel_write_common: ssh_channel_write wrote 286 bytes
nc DEBUG: SSH: ssh_socket_unbuffered_write: Enabling POLLOUT for socket
nc DEBUG: Sending message:

##


nc DEBUG: SSH: ssh_packet_need_rekey: rekey: [data_rekey_needed=0, out_blocks=597, in_blocks=3008]
nc DEBUG: SSH: packet_send2: packet: wrote [type=94, len=24, padding_size=10, comp=13, payload=13]
nc DEBUG: SSH: channel_write_common: ssh_channel_write wrote 4 bytes
nc DEBUG: SSH: ssh_socket_unbuffered_write: Enabling POLLOUT for socket
nc DEBUG: SSH: ssh_packet_socket_callback: packet: read type 94 [len=24,padding=8,comp=15,payload=15]
nc DEBUG: SSH: ssh_packet_process: Dispatching handler for packet type 94
nc DEBUG: SSH: channel_rcv_data: Channel receiving 6 bytes data in 0 (local win=1259773 remote win=1275726)
nc DEBUG: SSH: channel_default_bufferize: placing 6 bytes into channel buffer (stdout)
nc DEBUG: SSH: channel_rcv_data: Channel windows are now (local win=1259767 remote win=1275726)
nc DEBUG: SSH: ssh_packet_socket_callback: Processing 220 bytes left in socket buffer
nc DEBUG: SSH: ssh_packet_socket_callback: packet: read type 94 [len=200,padding=11,comp=188,payload=188]
nc DEBUG: SSH: ssh_packet_process: Dispatching handler for packet type 94
nc DEBUG: SSH: channel_rcv_data: Channel receiving 179 bytes data in 0 (local win=1259767 remote win=1275726)
nc DEBUG: SSH: channel_default_bufferize: placing 179 bytes into channel buffer (stdout)
nc DEBUG: SSH: channel_rcv_data: Channel windows are now (local win=1259588 remote win=1275726)
nc DEBUG: SSH: ssh_packet_need_rekey: rekey: [data_rekey_needed=0, out_blocks=597, in_blocks=3031]
nc DEBUG: SSH: ssh_packet_need_rekey: rekey: [data_rekey_needed=0, out_blocks=597, in_blocks=3031]
nc DEBUG: SSH: ssh_channel_read_timeout: Read (2) buffered : 185 bytes. Window: 1259588
nc DEBUG: SSH: ssh_channel_read_timeout: Read (1) buffered : 183 bytes. Window: 1259588
nc DEBUG: SSH: ssh_channel_read_timeout: Read (1) buffered : 182 bytes. Window: 1259588
nc DEBUG: SSH: ssh_channel_read_timeout: Read (1) buffered : 181 bytes. Window: 1259588
nc DEBUG: SSH: ssh_channel_read_timeout: Read (1) buffered : 180 bytes. Window: 1259588
nc DEBUG: SSH: ssh_channel_read_timeout: Read (179) buffered : 179 bytes. Window: 1259588
nc DEBUG: SSH: ssh_channel_read_timeout: Read (2) buffered : 0 bytes. Window: 1259588
nc DEBUG: SSH: ssh_packet_socket_callback: packet: read type 94 [len=24,padding=10,comp=13,payload=13]
nc DEBUG: SSH: ssh_packet_process: Dispatching handler for packet type 94
nc DEBUG: SSH: channel_rcv_data: Channel receiving 4 bytes data in 0 (local win=1259588 remote win=1275726)
nc DEBUG: SSH: channel_default_bufferize: placing 4 bytes into channel buffer (stdout)
nc DEBUG: SSH: channel_rcv_data: Channel windows are now (local win=1259584 remote win=1275726)
nc DEBUG: SSH: ssh_packet_need_rekey: rekey: [data_rekey_needed=0, out_blocks=597, in_blocks=3032]
nc DEBUG: SSH: ssh_channel_read_timeout: Read (1) buffered : 2 bytes. Window: 1259584
nc DEBUG: SSH: ssh_channel_read_timeout: Read (1) buffered : 1 bytes. Window: 1259584
nc DEBUG: Received message:
<rpc-reply xmlns="urn:ietf:params:xml:ns:netconf:base:1.0" message-id="15"><next-update-at xmlns="urn:o-ran:supervision:1.0">2026-04-14T02:10:40+00:00</next-update-at></rpc-reply>

DATA
<next-update-at xmlns="urn:o-ran:supervision:1.0">2026-04-14T11:10:40+09:00</next-update-at>

nc DEBUG: Received message:
<notification xmlns="urn:ietf:params:xml:ns:netconf:notification:1.0"><eventTime>2026-04-14T02:10:40Z</eventTime><supervision-notification xmlns="urn:o-ran:supervision:1.0"/></notification>

notification (2026-04-14T02:10:40Z)
<supervision-notification xmlns="urn:o-ran:supervision:1.0"/>

Client SENT :  user-rpc --content /mplane_automation/conformance_test/watchdog.xml
nc DEBUG: Sending message:

#286


nc DEBUG: SSH: ssh_packet_need_rekey: rekey: [data_rekey_needed=0, out_blocks=598, in_blocks=3059]
nc DEBUG: SSH: ssh_socket_unbuffered_write: Enabling POLLOUT for socket
nc DEBUG: SSH: packet_send2: packet: wrote [type=94, len=24, padding_size=8, comp=15, payload=15]
nc DEBUG: SSH: channel_write_common: ssh_channel_write wrote 6 bytes
nc DEBUG: Sending message:
<rpc xmlns="urn:ietf:params:xml:ns:netconf:base:1.0" message-id="16"><supervision-watchdog-reset xmlns="urn:o-ran:supervision:1.0"><supervision-notification-interval>10</supervision-notification-interval><guard-timer-overhead>10</guard-timer-overhead></supervision-watchdog-reset></rpc>

nc DEBUG: SSH: ssh_packet_need_rekey: rekey: [data_rekey_needed=0, out_blocks=634, in_blocks=3094]
nc DEBUG: SSH: packet_send2: packet: wrote [type=94, len=304, padding_size=8, comp=295, payload=295]
nc DEBUG: SSH: channel_write_common: ssh_channel_write wrote 286 bytes
nc DEBUG: SSH: ssh_socket_unbuffered_write: Enabling POLLOUT for socket
nc DEBUG: Sending message:

##


nc DEBUG: SSH: ssh_packet_need_rekey: rekey: [data_rekey_needed=0, out_blocks=635, in_blocks=3059]
nc DEBUG: SSH: packet_send2: packet: wrote [type=94, len=24, padding_size=10, comp=13, payload=13]
nc DEBUG: SSH: channel_write_common: ssh_channel_write wrote 4 bytes
nc DEBUG: SSH: ssh_socket_unbuffered_write: Enabling POLLOUT for socket
nc DEBUG: SSH: ssh_packet_socket_callback: packet: read type 94 [len=24,padding=8,comp=15,payload=15]
nc DEBUG: SSH: ssh_packet_process: Dispatching handler for packet type 94
nc DEBUG: SSH: channel_rcv_data: Channel receiving 6 bytes data in 0 (local win=1259385 remote win=1275430)
nc DEBUG: SSH: channel_default_bufferize: placing 6 bytes into channel buffer (stdout)
nc DEBUG: SSH: channel_rcv_data: Channel windows are now (local win=1259379 remote win=1275430)
nc DEBUG: SSH: ssh_packet_socket_callback: Processing 220 bytes left in socket buffer
nc DEBUG: SSH: ssh_packet_socket_callback: packet: read type 94 [len=200,padding=11,comp=188,payload=188]
nc DEBUG: SSH: ssh_packet_process: Dispatching handler for packet type 94
nc DEBUG: SSH: channel_rcv_data: Channel receiving 179 bytes data in 0 (local win=1259379 remote win=1275430)
nc DEBUG: SSH: channel_default_bufferize: placing 179 bytes into channel buffer (stdout)
nc DEBUG: SSH: channel_rcv_data: Channel windows are now (local win=1259200 remote win=1275430)
nc DEBUG: SSH: ssh_packet_need_rekey: rekey: [data_rekey_needed=0, out_blocks=635, in_blocks=3082]
nc DEBUG: SSH: ssh_packet_need_rekey: rekey: [data_rekey_needed=0, out_blocks=635, in_blocks=3082]
nc DEBUG: SSH: ssh_channel_read_timeout: Read (2) buffered : 185 bytes. Window: 1259200
nc DEBUG: SSH: ssh_channel_read_timeout: Read (1) buffered : 183 bytes. Window: 1259200
nc DEBUG: SSH: ssh_channel_read_timeout: Read (1) buffered : 182 bytes. Window: 1259200
nc DEBUG: SSH: ssh_channel_read_timeout: Read (1) buffered : 181 bytes. Window: 1259200
nc DEBUG: SSH: ssh_channel_read_timeout: Read (1) buffered : 180 bytes. Window: 1259200
nc DEBUG: SSH: ssh_channel_read_timeout: Read (179) buffered : 179 bytes. Window: 1259200
nc DEBUG: SSH: ssh_channel_read_timeout: Read (2) buffered : 0 bytes. Window: 1259200
nc DEBUG: SSH: ssh_packet_socket_callback: packet: read type 94 [len=24,padding=10,comp=13,payload=13]
nc DEBUG: SSH: ssh_packet_process: Dispatching handler for packet type 94
nc DEBUG: SSH: channel_rcv_data: Channel receiving 4 bytes data in 0 (local win=1259200 remote win=1275430)
nc DEBUG: SSH: channel_default_bufferize: placing 4 bytes into channel buffer (stdout)
nc DEBUG: SSH: channel_rcv_data: Channel windows are now (local win=1259196 remote win=1275430)
nc DEBUG: SSH: ssh_packet_need_rekey: rekey: [data_rekey_needed=0, out_blocks=635, in_blocks=3083]
nc DEBUG: SSH: ssh_channel_read_timeout: Read (1) buffered : 2 bytes. Window: 1259196
nc DEBUG: SSH: ssh_channel_read_timeout: Read (1) buffered : 1 bytes. Window: 1259196
nc DEBUG: Received message:
<rpc-reply xmlns="urn:ietf:params:xml:ns:netconf:base:1.0" message-id="16"><next-update-at xmlns="urn:o-ran:supervision:1.0">2026-04-14T02:10:51+00:00</next-update-at></rpc-reply>

DATA
<next-update-at xmlns="urn:o-ran:supervision:1.0">2026-04-14T11:10:51+09:00</next-update-at>

nc DEBUG: Received message:
<notification xmlns="urn:ietf:params:xml:ns:netconf:notification:1.0"><eventTime>2026-04-14T02:10:51Z</eventTime><supervision-notification xmlns="urn:o-ran:supervision:1.0"/></notification>

notification (2026-04-14T02:10:51Z)
<supervision-notification xmlns="urn:o-ran:supervision:1.0"/>

Client SENT :  user-rpc --content /mplane_automation/conformance_test/watchdog.xml
nc DEBUG: Sending message:

#286


nc DEBUG: SSH: ssh_packet_need_rekey: rekey: [data_rekey_needed=0, out_blocks=636, in_blocks=3110]
nc DEBUG: SSH: ssh_socket_unbuffered_write: Enabling POLLOUT for socket
nc DEBUG: SSH: packet_send2: packet: wrote [type=94, len=24, padding_size=8, comp=15, payload=15]
nc DEBUG: SSH: channel_write_common: ssh_channel_write wrote 6 bytes
nc DEBUG: Sending message:
<rpc xmlns="urn:ietf:params:xml:ns:netconf:base:1.0" message-id="17"><supervision-watchdog-reset xmlns="urn:o-ran:supervision:1.0"><supervision-notification-interval>10</supervision-notification-interval><guard-timer-overhead>10</guard-timer-overhead></supervision-watchdog-reset></rpc>

nc DEBUG: SSH: ssh_packet_need_rekey: rekey: [data_rekey_needed=0, out_blocks=672, in_blocks=3145]
nc DEBUG: SSH: packet_send2: packet: wrote [type=94, len=304, padding_size=8, comp=295, payload=295]
nc DEBUG: SSH: channel_write_common: ssh_channel_write wrote 286 bytes
nc DEBUG: SSH: ssh_socket_unbuffered_write: Enabling POLLOUT for socket
nc DEBUG: Sending message:

##


nc DEBUG: SSH: ssh_packet_need_rekey: rekey: [data_rekey_needed=0, out_blocks=673, in_blocks=3110]
nc DEBUG: SSH: packet_send2: packet: wrote [type=94, len=24, padding_size=10, comp=13, payload=13]
nc DEBUG: SSH: channel_write_common: ssh_channel_write wrote 4 bytes
nc DEBUG: SSH: ssh_socket_unbuffered_write: Enabling POLLOUT for socket
nc DEBUG: SSH: ssh_packet_socket_callback: packet: read type 94 [len=24,padding=8,comp=15,payload=15]
nc DEBUG: SSH: ssh_packet_process: Dispatching handler for packet type 94
nc DEBUG: SSH: channel_rcv_data: Channel receiving 6 bytes data in 0 (local win=1258997 remote win=1275134)
nc DEBUG: SSH: channel_default_bufferize: placing 6 bytes into channel buffer (stdout)
nc DEBUG: SSH: channel_rcv_data: Channel windows are now (local win=1258991 remote win=1275134)
nc DEBUG: SSH: ssh_packet_socket_callback: Processing 220 bytes left in socket buffer
nc DEBUG: SSH: ssh_packet_socket_callback: packet: read type 94 [len=200,padding=11,comp=188,payload=188]
nc DEBUG: SSH: ssh_packet_process: Dispatching handler for packet type 94
nc DEBUG: SSH: channel_rcv_data: Channel receiving 179 bytes data in 0 (local win=1258991 remote win=1275134)
nc DEBUG: SSH: channel_default_bufferize: placing 179 bytes into channel buffer (stdout)
nc DEBUG: SSH: channel_rcv_data: Channel windows are now (local win=1258812 remote win=1275134)
nc DEBUG: SSH: ssh_packet_need_rekey: rekey: [data_rekey_needed=0, out_blocks=673, in_blocks=3133]
nc DEBUG: SSH: ssh_packet_need_rekey: rekey: [data_rekey_needed=0, out_blocks=673, in_blocks=3133]
nc DEBUG: SSH: ssh_channel_read_timeout: Read (2) buffered : 185 bytes. Window: 1258812
nc DEBUG: SSH: ssh_channel_read_timeout: Read (1) buffered : 183 bytes. Window: 1258812
nc DEBUG: SSH: ssh_channel_read_timeout: Read (1) buffered : 182 bytes. Window: 1258812
nc DEBUG: SSH: ssh_channel_read_timeout: Read (1) buffered : 181 bytes. Window: 1258812
nc DEBUG: SSH: ssh_channel_read_timeout: Read (1) buffered : 180 bytes. Window: 1258812
nc DEBUG: SSH: ssh_channel_read_timeout: Read (179) buffered : 179 bytes. Window: 1258812
nc DEBUG: SSH: ssh_channel_read_timeout: Read (2) buffered : 0 bytes. Window: 1258812
nc DEBUG: SSH: ssh_packet_socket_callback: packet: read type 94 [len=24,padding=10,comp=13,payload=13]
nc DEBUG: SSH: ssh_packet_process: Dispatching handler for packet type 94
nc DEBUG: SSH: channel_rcv_data: Channel receiving 4 bytes data in 0 (local win=1258812 remote win=1275134)
nc DEBUG: SSH: channel_default_bufferize: placing 4 bytes into channel buffer (stdout)
nc DEBUG: SSH: channel_rcv_data: Channel windows are now (local win=1258808 remote win=1275134)
nc DEBUG: SSH: ssh_packet_need_rekey: rekey: [data_rekey_needed=0, out_blocks=673, in_blocks=3134]
nc DEBUG: SSH: ssh_channel_read_timeout: Read (1) buffered : 2 bytes. Window: 1258808
nc DEBUG: SSH: ssh_channel_read_timeout: Read (1) buffered : 1 bytes. Window: 1258808
nc DEBUG: Received message:
<rpc-reply xmlns="urn:ietf:params:xml:ns:netconf:base:1.0" message-id="17"><next-update-at xmlns="urn:o-ran:supervision:1.0">2026-04-14T02:11:01+00:00</next-update-at></rpc-reply>

DATA
<next-update-at xmlns="urn:o-ran:supervision:1.0">2026-04-14T11:11:01+09:00</next-update-at>

nc DEBUG: Received message:
<notification xmlns="urn:ietf:params:xml:ns:netconf:notification:1.0"><eventTime>2026-04-14T02:11:01Z</eventTime><supervision-notification xmlns="urn:o-ran:supervision:1.0"/></notification>

notification (2026-04-14T02:11:01Z)
<supervision-notification xmlns="urn:o-ran:supervision:1.0"/>

Client SENT :  user-rpc --content /mplane_automation/conformance_test/watchdog.xml
nc DEBUG: Sending message:

#286


nc DEBUG: SSH: ssh_packet_need_rekey: rekey: [data_rekey_needed=0, out_blocks=674, in_blocks=3161]
nc DEBUG: SSH: ssh_socket_unbuffered_write: Enabling POLLOUT for socket
nc DEBUG: SSH: packet_send2: packet: wrote [type=94, len=24, padding_size=8, comp=15, payload=15]
nc DEBUG: SSH: channel_write_common: ssh_channel_write wrote 6 bytes
nc DEBUG: Sending message:
<rpc xmlns="urn:ietf:params:xml:ns:netconf:base:1.0" message-id="18"><supervision-watchdog-reset xmlns="urn:o-ran:supervision:1.0"><supervision-notification-interval>10</supervision-notification-interval><guard-timer-overhead>10</guard-timer-overhead></supervision-watchdog-reset></rpc>

nc DEBUG: SSH: ssh_packet_need_rekey: rekey: [data_rekey_needed=0, out_blocks=710, in_blocks=3196]
nc DEBUG: SSH: packet_send2: packet: wrote [type=94, len=304, padding_size=8, comp=295, payload=295]
nc DEBUG: SSH: channel_write_common: ssh_channel_write wrote 286 bytes
nc DEBUG: SSH: ssh_socket_unbuffered_write: Enabling POLLOUT for socket
nc DEBUG: Sending message:

##


nc DEBUG: SSH: ssh_packet_need_rekey: rekey: [data_rekey_needed=0, out_blocks=711, in_blocks=3161]
nc DEBUG: SSH: packet_send2: packet: wrote [type=94, len=24, padding_size=10, comp=13, payload=13]
nc DEBUG: SSH: channel_write_common: ssh_channel_write wrote 4 bytes
nc DEBUG: SSH: ssh_socket_unbuffered_write: Enabling POLLOUT for socket
nc DEBUG: SSH: ssh_packet_socket_callback: packet: read type 94 [len=24,padding=8,comp=15,payload=15]
nc DEBUG: SSH: ssh_packet_process: Dispatching handler for packet type 94
nc DEBUG: SSH: channel_rcv_data: Channel receiving 6 bytes data in 0 (local win=1258609 remote win=1274838)
nc DEBUG: SSH: channel_default_bufferize: placing 6 bytes into channel buffer (stdout)
nc DEBUG: SSH: channel_rcv_data: Channel windows are now (local win=1258603 remote win=1274838)
nc DEBUG: SSH: ssh_packet_socket_callback: Processing 220 bytes left in socket buffer
nc DEBUG: SSH: ssh_packet_socket_callback: packet: read type 94 [len=200,padding=11,comp=188,payload=188]
nc DEBUG: SSH: ssh_packet_process: Dispatching handler for packet type 94
nc DEBUG: SSH: channel_rcv_data: Channel receiving 179 bytes data in 0 (local win=1258603 remote win=1274838)
nc DEBUG: SSH: channel_default_bufferize: placing 179 bytes into channel buffer (stdout)
nc DEBUG: SSH: channel_rcv_data: Channel windows are now (local win=1258424 remote win=1274838)
nc DEBUG: SSH: ssh_packet_need_rekey: rekey: [data_rekey_needed=0, out_blocks=711, in_blocks=3184]
nc DEBUG: SSH: ssh_packet_need_rekey: rekey: [data_rekey_needed=0, out_blocks=711, in_blocks=3184]
nc DEBUG: SSH: ssh_channel_read_timeout: Read (2) buffered : 185 bytes. Window: 1258424
nc DEBUG: SSH: ssh_channel_read_timeout: Read (1) buffered : 183 bytes. Window: 1258424
nc DEBUG: SSH: ssh_channel_read_timeout: Read (1) buffered : 182 bytes. Window: 1258424
nc DEBUG: SSH: ssh_channel_read_timeout: Read (1) buffered : 181 bytes. Window: 1258424
nc DEBUG: SSH: ssh_channel_read_timeout: Read (1) buffered : 180 bytes. Window: 1258424
nc DEBUG: SSH: ssh_channel_read_timeout: Read (179) buffered : 179 bytes. Window: 1258424
nc DEBUG: SSH: ssh_channel_read_timeout: Read (2) buffered : 0 bytes. Window: 1258424
nc DEBUG: SSH: ssh_packet_socket_callback: packet: read type 94 [len=24,padding=10,comp=13,payload=13]
nc DEBUG: SSH: ssh_packet_process: Dispatching handler for packet type 94
nc DEBUG: SSH: channel_rcv_data: Channel receiving 4 bytes data in 0 (local win=1258424 remote win=1274838)
nc DEBUG: SSH: channel_default_bufferize: placing 4 bytes into channel buffer (stdout)
nc DEBUG: SSH: channel_rcv_data: Channel windows are now (local win=1258420 remote win=1274838)
nc DEBUG: SSH: ssh_packet_need_rekey: rekey: [data_rekey_needed=0, out_blocks=711, in_blocks=3185]
nc DEBUG: SSH: ssh_channel_read_timeout: Read (1) buffered : 2 bytes. Window: 1258420
nc DEBUG: SSH: ssh_channel_read_timeout: Read (1) buffered : 1 bytes. Window: 1258420
nc DEBUG: Received message:
<rpc-reply xmlns="urn:ietf:params:xml:ns:netconf:base:1.0" message-id="18"><next-update-at xmlns="urn:o-ran:supervision:1.0">2026-04-14T02:11:11+00:00</next-update-at></rpc-reply>

DATA
<next-update-at xmlns="urn:o-ran:supervision:1.0">2026-04-14T11:11:11+09:00</next-update-at>

nc DEBUG: Received message:
<notification xmlns="urn:ietf:params:xml:ns:netconf:notification:1.0"><eventTime>2026-04-14T02:11:11Z</eventTime><supervision-notification xmlns="urn:o-ran:supervision:1.0"/></notification>

notification (2026-04-14T02:11:11Z)
<supervision-notification xmlns="urn:o-ran:supervision:1.0"/>

Client SENT :  user-rpc --content /mplane_automation/conformance_test/watchdog.xml
nc DEBUG: Sending message:

#286


nc DEBUG: SSH: ssh_packet_need_rekey: rekey: [data_rekey_needed=0, out_blocks=712, in_blocks=3212]
nc DEBUG: SSH: ssh_socket_unbuffered_write: Enabling POLLOUT for socket
nc DEBUG: SSH: packet_send2: packet: wrote [type=94, len=24, padding_size=8, comp=15, payload=15]
nc DEBUG: SSH: channel_write_common: ssh_channel_write wrote 6 bytes
nc DEBUG: Sending message:
<rpc xmlns="urn:ietf:params:xml:ns:netconf:base:1.0" message-id="19"><supervision-watchdog-reset xmlns="urn:o-ran:supervision:1.0"><supervision-notification-interval>10</supervision-notification-interval><guard-timer-overhead>10</guard-timer-overhead></supervision-watchdog-reset></rpc>

nc DEBUG: SSH: ssh_packet_need_rekey: rekey: [data_rekey_needed=0, out_blocks=748, in_blocks=3247]
nc DEBUG: SSH: packet_send2: packet: wrote [type=94, len=304, padding_size=8, comp=295, payload=295]
nc DEBUG: SSH: channel_write_common: ssh_channel_write wrote 286 bytes
nc DEBUG: SSH: ssh_socket_unbuffered_write: Enabling POLLOUT for socket
nc DEBUG: Sending message:

##


nc DEBUG: SSH: ssh_packet_need_rekey: rekey: [data_rekey_needed=0, out_blocks=749, in_blocks=3212]
nc DEBUG: SSH: packet_send2: packet: wrote [type=94, len=24, padding_size=10, comp=13, payload=13]
nc DEBUG: SSH: channel_write_common: ssh_channel_write wrote 4 bytes
nc DEBUG: SSH: ssh_socket_unbuffered_write: Enabling POLLOUT for socket
nc DEBUG: SSH: ssh_packet_socket_callback: packet: read type 94 [len=24,padding=8,comp=15,payload=15]
nc DEBUG: SSH: ssh_packet_process: Dispatching handler for packet type 94
nc DEBUG: SSH: channel_rcv_data: Channel receiving 6 bytes data in 0 (local win=1258221 remote win=1274542)
nc DEBUG: SSH: channel_default_bufferize: placing 6 bytes into channel buffer (stdout)
nc DEBUG: SSH: channel_rcv_data: Channel windows are now (local win=1258215 remote win=1274542)
nc DEBUG: SSH: ssh_packet_need_rekey: rekey: [data_rekey_needed=0, out_blocks=749, in_blocks=3212]
nc DEBUG: SSH: ssh_channel_read_timeout: Read (2) buffered : 6 bytes. Window: 1258215
nc DEBUG: SSH: ssh_channel_read_timeout: Read (1) buffered : 4 bytes. Window: 1258215
nc DEBUG: SSH: ssh_channel_read_timeout: Read (1) buffered : 3 bytes. Window: 1258215
nc DEBUG: SSH: ssh_channel_read_timeout: Read (1) buffered : 2 bytes. Window: 1258215
nc DEBUG: SSH: ssh_channel_read_timeout: Read (1) buffered : 1 bytes. Window: 1258215
nc DEBUG: SSH: ssh_channel_read_timeout: Read (179) buffered : 0 bytes. Window: 1258215
nc DEBUG: SSH: ssh_packet_socket_callback: packet: read type 94 [len=200,padding=11,comp=188,payload=188]
nc DEBUG: SSH: ssh_packet_process: Dispatching handler for packet type 94
nc DEBUG: SSH: channel_rcv_data: Channel receiving 179 bytes data in 0 (local win=1258215 remote win=1274542)
nc DEBUG: SSH: channel_default_bufferize: placing 179 bytes into channel buffer (stdout)
nc DEBUG: SSH: channel_rcv_data: Channel windows are now (local win=1258036 remote win=1274542)
nc DEBUG: SSH: ssh_packet_socket_callback: Processing 44 bytes left in socket buffer
nc DEBUG: SSH: ssh_packet_socket_callback: packet: read type 94 [len=24,padding=10,comp=13,payload=13]
nc DEBUG: SSH: ssh_packet_process: Dispatching handler for packet type 94
nc DEBUG: SSH: channel_rcv_data: Channel receiving 4 bytes data in 0 (local win=1258036 remote win=1274542)
nc DEBUG: SSH: channel_default_bufferize: placing 4 bytes into channel buffer (stdout)
nc DEBUG: SSH: channel_rcv_data: Channel windows are now (local win=1258032 remote win=1274542)
nc DEBUG: SSH: ssh_packet_need_rekey: rekey: [data_rekey_needed=0, out_blocks=749, in_blocks=3236]
nc DEBUG: SSH: ssh_packet_need_rekey: rekey: [data_rekey_needed=0, out_blocks=749, in_blocks=3236]
nc DEBUG: SSH: ssh_channel_read_timeout: Read (2) buffered : 4 bytes. Window: 1258032
nc DEBUG: SSH: ssh_channel_read_timeout: Read (1) buffered : 2 bytes. Window: 1258032
nc DEBUG: SSH: ssh_channel_read_timeout: Read (1) buffered : 1 bytes. Window: 1258032
nc DEBUG: Received message:
<rpc-reply xmlns="urn:ietf:params:xml:ns:netconf:base:1.0" message-id="19"><next-update-at xmlns="urn:o-ran:supervision:1.0">2026-04-14T02:11:21+00:00</next-update-at></rpc-reply>

DATA
<next-update-at xmlns="urn:o-ran:supervision:1.0">2026-04-14T11:11:21+09:00</next-update-at>

nc DEBUG: Received message:
<notification xmlns="urn:ietf:params:xml:ns:netconf:notification:1.0"><eventTime>2026-04-14T02:11:21Z</eventTime><supervision-notification xmlns="urn:o-ran:supervision:1.0"/></notification>

notification (2026-04-14T02:11:21Z)
<supervision-notification xmlns="urn:o-ran:supervision:1.0"/>

Client SENT :  user-rpc --content /mplane_automation/conformance_test/watchdog.xml
nc DEBUG: Sending message:

#286


nc DEBUG: SSH: ssh_packet_need_rekey: rekey: [data_rekey_needed=0, out_blocks=750, in_blocks=3263]
nc DEBUG: SSH: ssh_socket_unbuffered_write: Enabling POLLOUT for socket
nc DEBUG: SSH: packet_send2: packet: wrote [type=94, len=24, padding_size=8, comp=15, payload=15]
nc DEBUG: SSH: channel_write_common: ssh_channel_write wrote 6 bytes
nc DEBUG: Sending message:
<rpc xmlns="urn:ietf:params:xml:ns:netconf:base:1.0" message-id="20"><supervision-watchdog-reset xmlns="urn:o-ran:supervision:1.0"><supervision-notification-interval>10</supervision-notification-interval><guard-timer-overhead>10</guard-timer-overhead></supervision-watchdog-reset></rpc>

nc DEBUG: SSH: ssh_packet_need_rekey: rekey: [data_rekey_needed=0, out_blocks=786, in_blocks=3298]
nc DEBUG: SSH: packet_send2: packet: wrote [type=94, len=304, padding_size=8, comp=295, payload=295]
nc DEBUG: SSH: channel_write_common: ssh_channel_write wrote 286 bytes
nc DEBUG: SSH: ssh_socket_unbuffered_write: Enabling POLLOUT for socket
nc DEBUG: Sending message:

##


nc DEBUG: SSH: ssh_packet_need_rekey: rekey: [data_rekey_needed=0, out_blocks=787, in_blocks=3263]
nc DEBUG: SSH: packet_send2: packet: wrote [type=94, len=24, padding_size=10, comp=13, payload=13]
nc DEBUG: SSH: channel_write_common: ssh_channel_write wrote 4 bytes
nc DEBUG: SSH: ssh_socket_unbuffered_write: Enabling POLLOUT for socket
nc DEBUG: SSH: ssh_packet_socket_callback: packet: read type 94 [len=24,padding=8,comp=15,payload=15]
nc DEBUG: SSH: ssh_packet_process: Dispatching handler for packet type 94
nc DEBUG: SSH: channel_rcv_data: Channel receiving 6 bytes data in 0 (local win=1257833 remote win=1274246)
nc DEBUG: SSH: channel_default_bufferize: placing 6 bytes into channel buffer (stdout)
nc DEBUG: SSH: channel_rcv_data: Channel windows are now (local win=1257827 remote win=1274246)
nc DEBUG: SSH: ssh_packet_socket_callback: Processing 220 bytes left in socket buffer
nc DEBUG: SSH: ssh_packet_socket_callback: packet: read type 94 [len=200,padding=11,comp=188,payload=188]
nc DEBUG: SSH: ssh_packet_process: Dispatching handler for packet type 94
nc DEBUG: SSH: channel_rcv_data: Channel receiving 179 bytes data in 0 (local win=1257827 remote win=1274246)
nc DEBUG: SSH: channel_default_bufferize: placing 179 bytes into channel buffer (stdout)
nc DEBUG: SSH: channel_rcv_data: Channel windows are now (local win=1257648 remote win=1274246)
nc DEBUG: SSH: ssh_packet_need_rekey: rekey: [data_rekey_needed=0, out_blocks=787, in_blocks=3286]
nc DEBUG: SSH: ssh_packet_need_rekey: rekey: [data_rekey_needed=0, out_blocks=787, in_blocks=3286]
nc DEBUG: SSH: ssh_channel_read_timeout: Read (2) buffered : 185 bytes. Window: 1257648
nc DEBUG: SSH: ssh_channel_read_timeout: Read (1) buffered : 183 bytes. Window: 1257648
nc DEBUG: SSH: ssh_channel_read_timeout: Read (1) buffered : 182 bytes. Window: 1257648
nc DEBUG: SSH: ssh_channel_read_timeout: Read (1) buffered : 181 bytes. Window: 1257648
nc DEBUG: SSH: ssh_channel_read_timeout: Read (1) buffered : 180 bytes. Window: 1257648
nc DEBUG: SSH: ssh_channel_read_timeout: Read (179) buffered : 179 bytes. Window: 1257648
nc DEBUG: SSH: ssh_channel_read_timeout: Read (2) buffered : 0 bytes. Window: 1257648
nc DEBUG: SSH: ssh_packet_socket_callback: packet: read type 94 [len=24,padding=10,comp=13,payload=13]
nc DEBUG: SSH: ssh_packet_process: Dispatching handler for packet type 94
nc DEBUG: SSH: channel_rcv_data: Channel receiving 4 bytes data in 0 (local win=1257648 remote win=1274246)
nc DEBUG: SSH: channel_default_bufferize: placing 4 bytes into channel buffer (stdout)
nc DEBUG: SSH: channel_rcv_data: Channel windows are now (local win=1257644 remote win=1274246)
nc DEBUG: SSH: ssh_packet_need_rekey: rekey: [data_rekey_needed=0, out_blocks=787, in_blocks=3287]
nc DEBUG: SSH: ssh_channel_read_timeout: Read (1) buffered : 2 bytes. Window: 1257644
nc DEBUG: SSH: ssh_channel_read_timeout: Read (1) buffered : 1 bytes. Window: 1257644
nc DEBUG: Received message:
<rpc-reply xmlns="urn:ietf:params:xml:ns:netconf:base:1.0" message-id="20"><next-update-at xmlns="urn:o-ran:supervision:1.0">2026-04-14T02:11:31+00:00</next-update-at></rpc-reply>

DATA
<next-update-at xmlns="urn:o-ran:supervision:1.0">2026-04-14T11:11:31+09:00</next-update-at>

nc DEBUG: Received message:
<notification xmlns="urn:ietf:params:xml:ns:netconf:notification:1.0"><eventTime>2026-04-14T02:11:31Z</eventTime><supervision-notification xmlns="urn:o-ran:supervision:1.0"/></notification>

notification (2026-04-14T02:11:31Z)
<supervision-notification xmlns="urn:o-ran:supervision:1.0"/>

Client SENT :  user-rpc --content /mplane_automation/conformance_test/watchdog.xml
nc DEBUG: Sending message:

#286


nc DEBUG: SSH: ssh_packet_need_rekey: rekey: [data_rekey_needed=0, out_blocks=788, in_blocks=3314]
nc DEBUG: SSH: ssh_socket_unbuffered_write: Enabling POLLOUT for socket
nc DEBUG: SSH: packet_send2: packet: wrote [type=94, len=24, padding_size=8, comp=15, payload=15]
nc DEBUG: SSH: channel_write_common: ssh_channel_write wrote 6 bytes
nc DEBUG: Sending message:
<rpc xmlns="urn:ietf:params:xml:ns:netconf:base:1.0" message-id="21"><supervision-watchdog-reset xmlns="urn:o-ran:supervision:1.0"><supervision-notification-interval>10</supervision-notification-interval><guard-timer-overhead>10</guard-timer-overhead></supervision-watchdog-reset></rpc>

nc DEBUG: SSH: ssh_packet_need_rekey: rekey: [data_rekey_needed=0, out_blocks=824, in_blocks=3349]
nc DEBUG: SSH: packet_send2: packet: wrote [type=94, len=304, padding_size=8, comp=295, payload=295]
nc DEBUG: SSH: channel_write_common: ssh_channel_write wrote 286 bytes
nc DEBUG: SSH: ssh_socket_unbuffered_write: Enabling POLLOUT for socket
nc DEBUG: Sending message:

##


nc DEBUG: SSH: ssh_packet_need_rekey: rekey: [data_rekey_needed=0, out_blocks=825, in_blocks=3314]
nc DEBUG: SSH: packet_send2: packet: wrote [type=94, len=24, padding_size=10, comp=13, payload=13]
nc DEBUG: SSH: channel_write_common: ssh_channel_write wrote 4 bytes
nc DEBUG: SSH: ssh_socket_unbuffered_write: Enabling POLLOUT for socket
nc DEBUG: SSH: ssh_packet_socket_callback: packet: read type 94 [len=24,padding=8,comp=15,payload=15]
nc DEBUG: SSH: ssh_packet_process: Dispatching handler for packet type 94
nc DEBUG: SSH: channel_rcv_data: Channel receiving 6 bytes data in 0 (local win=1257445 remote win=1273950)
nc DEBUG: SSH: channel_default_bufferize: placing 6 bytes into channel buffer (stdout)
nc DEBUG: SSH: channel_rcv_data: Channel windows are now (local win=1257439 remote win=1273950)
nc DEBUG: SSH: ssh_packet_need_rekey: rekey: [data_rekey_needed=0, out_blocks=825, in_blocks=3314]
nc DEBUG: SSH: ssh_channel_read_timeout: Read (2) buffered : 6 bytes. Window: 1257439
nc DEBUG: SSH: ssh_channel_read_timeout: Read (1) buffered : 4 bytes. Window: 1257439
nc DEBUG: SSH: ssh_channel_read_timeout: Read (1) buffered : 3 bytes. Window: 1257439
nc DEBUG: SSH: ssh_channel_read_timeout: Read (1) buffered : 2 bytes. Window: 1257439
nc DEBUG: SSH: ssh_channel_read_timeout: Read (1) buffered : 1 bytes. Window: 1257439
nc DEBUG: SSH: ssh_channel_read_timeout: Read (179) buffered : 0 bytes. Window: 1257439
nc DEBUG: SSH: ssh_packet_socket_callback: packet: read type 94 [len=200,padding=11,comp=188,payload=188]
nc DEBUG: SSH: ssh_packet_process: Dispatching handler for packet type 94
nc DEBUG: SSH: channel_rcv_data: Channel receiving 179 bytes data in 0 (local win=1257439 remote win=1273950)
nc DEBUG: SSH: channel_default_bufferize: placing 179 bytes into channel buffer (stdout)
nc DEBUG: SSH: channel_rcv_data: Channel windows are now (local win=1257260 remote win=1273950)
nc DEBUG: SSH: ssh_packet_socket_callback: Processing 44 bytes left in socket buffer
nc DEBUG: SSH: ssh_packet_socket_callback: packet: read type 94 [len=24,padding=10,comp=13,payload=13]
nc DEBUG: SSH: ssh_packet_process: Dispatching handler for packet type 94
nc DEBUG: SSH: channel_rcv_data: Channel receiving 4 bytes data in 0 (local win=1257260 remote win=1273950)
nc DEBUG: SSH: channel_default_bufferize: placing 4 bytes into channel buffer (stdout)
nc DEBUG: SSH: channel_rcv_data: Channel windows are now (local win=1257256 remote win=1273950)
nc DEBUG: SSH: ssh_packet_need_rekey: rekey: [data_rekey_needed=0, out_blocks=825, in_blocks=3338]
nc DEBUG: SSH: ssh_packet_need_rekey: rekey: [data_rekey_needed=0, out_blocks=825, in_blocks=3338]
nc DEBUG: SSH: ssh_channel_read_timeout: Read (2) buffered : 4 bytes. Window: 1257256
nc DEBUG: SSH: ssh_channel_read_timeout: Read (1) buffered : 2 bytes. Window: 1257256
nc DEBUG: SSH: ssh_channel_read_timeout: Read (1) buffered : 1 bytes. Window: 1257256
nc DEBUG: Received message:
<rpc-reply xmlns="urn:ietf:params:xml:ns:netconf:base:1.0" message-id="21"><next-update-at xmlns="urn:o-ran:supervision:1.0">2026-04-14T02:11:41+00:00</next-update-at></rpc-reply>

DATA
<next-update-at xmlns="urn:o-ran:supervision:1.0">2026-04-14T11:11:41+09:00</next-update-at>

nc DEBUG: Received message:
<notification xmlns="urn:ietf:params:xml:ns:netconf:notification:1.0"><eventTime>2026-04-14T02:11:41Z</eventTime><supervision-notification xmlns="urn:o-ran:supervision:1.0"/></notification>

notification (2026-04-14T02:11:41Z)
<supervision-notification xmlns="urn:o-ran:supervision:1.0"/>

Client SENT :  user-rpc --content /mplane_automation/conformance_test/watchdog.xml
nc DEBUG: Sending message:

#286


nc DEBUG: SSH: ssh_packet_need_rekey: rekey: [data_rekey_needed=0, out_blocks=826, in_blocks=3365]
nc DEBUG: SSH: ssh_socket_unbuffered_write: Enabling POLLOUT for socket
nc DEBUG: SSH: packet_send2: packet: wrote [type=94, len=24, padding_size=8, comp=15, payload=15]
nc DEBUG: SSH: channel_write_common: ssh_channel_write wrote 6 bytes
nc DEBUG: Sending message:
<rpc xmlns="urn:ietf:params:xml:ns:netconf:base:1.0" message-id="22"><supervision-watchdog-reset xmlns="urn:o-ran:supervision:1.0"><supervision-notification-interval>10</supervision-notification-interval><guard-timer-overhead>10</guard-timer-overhead></supervision-watchdog-reset></rpc>

nc DEBUG: SSH: ssh_packet_need_rekey: rekey: [data_rekey_needed=0, out_blocks=862, in_blocks=3400]
nc DEBUG: SSH: packet_send2: packet: wrote [type=94, len=304, padding_size=8, comp=295, payload=295]
nc DEBUG: SSH: channel_write_common: ssh_channel_write wrote 286 bytes
nc DEBUG: SSH: ssh_socket_unbuffered_write: Enabling POLLOUT for socket
nc DEBUG: Sending message:

##


nc DEBUG: SSH: ssh_packet_need_rekey: rekey: [data_rekey_needed=0, out_blocks=863, in_blocks=3365]
nc DEBUG: SSH: packet_send2: packet: wrote [type=94, len=24, padding_size=10, comp=13, payload=13]
nc DEBUG: SSH: channel_write_common: ssh_channel_write wrote 4 bytes
nc DEBUG: SSH: ssh_socket_unbuffered_write: Enabling POLLOUT for socket
nc DEBUG: SSH: ssh_packet_socket_callback: packet: read type 94 [len=24,padding=8,comp=15,payload=15]
nc DEBUG: SSH: ssh_packet_process: Dispatching handler for packet type 94
nc DEBUG: SSH: channel_rcv_data: Channel receiving 6 bytes data in 0 (local win=1257057 remote win=1273654)
nc DEBUG: SSH: channel_default_bufferize: placing 6 bytes into channel buffer (stdout)
nc DEBUG: SSH: channel_rcv_data: Channel windows are now (local win=1257051 remote win=1273654)
nc DEBUG: SSH: ssh_packet_socket_callback: Processing 220 bytes left in socket buffer
nc DEBUG: SSH: ssh_packet_socket_callback: packet: read type 94 [len=200,padding=11,comp=188,payload=188]
nc DEBUG: SSH: ssh_packet_process: Dispatching handler for packet type 94
nc DEBUG: SSH: channel_rcv_data: Channel receiving 179 bytes data in 0 (local win=1257051 remote win=1273654)
nc DEBUG: SSH: channel_default_bufferize: placing 179 bytes into channel buffer (stdout)
nc DEBUG: SSH: channel_rcv_data: Channel windows are now (local win=1256872 remote win=1273654)
nc DEBUG: SSH: ssh_packet_need_rekey: rekey: [data_rekey_needed=0, out_blocks=863, in_blocks=3388]
nc DEBUG: SSH: ssh_packet_need_rekey: rekey: [data_rekey_needed=0, out_blocks=863, in_blocks=3388]
nc DEBUG: SSH: ssh_channel_read_timeout: Read (2) buffered : 185 bytes. Window: 1256872
nc DEBUG: SSH: ssh_channel_read_timeout: Read (1) buffered : 183 bytes. Window: 1256872
nc DEBUG: SSH: ssh_channel_read_timeout: Read (1) buffered : 182 bytes. Window: 1256872
nc DEBUG: SSH: ssh_channel_read_timeout: Read (1) buffered : 181 bytes. Window: 1256872
nc DEBUG: SSH: ssh_channel_read_timeout: Read (1) buffered : 180 bytes. Window: 1256872
nc DEBUG: SSH: ssh_channel_read_timeout: Read (179) buffered : 179 bytes. Window: 1256872
nc DEBUG: SSH: ssh_channel_read_timeout: Read (2) buffered : 0 bytes. Window: 1256872
nc DEBUG: SSH: ssh_packet_socket_callback: packet: read type 94 [len=24,padding=10,comp=13,payload=13]
nc DEBUG: SSH: ssh_packet_process: Dispatching handler for packet type 94
nc DEBUG: SSH: channel_rcv_data: Channel receiving 4 bytes data in 0 (local win=1256872 remote win=1273654)
nc DEBUG: SSH: channel_default_bufferize: placing 4 bytes into channel buffer (stdout)
nc DEBUG: SSH: channel_rcv_data: Channel windows are now (local win=1256868 remote win=1273654)
nc DEBUG: SSH: ssh_packet_need_rekey: rekey: [data_rekey_needed=0, out_blocks=863, in_blocks=3389]
nc DEBUG: SSH: ssh_channel_read_timeout: Read (1) buffered : 2 bytes. Window: 1256868
nc DEBUG: SSH: ssh_channel_read_timeout: Read (1) buffered : 1 bytes. Window: 1256868
nc DEBUG: Received message:
<rpc-reply xmlns="urn:ietf:params:xml:ns:netconf:base:1.0" message-id="22"><next-update-at xmlns="urn:o-ran:supervision:1.0">2026-04-14T02:11:51+00:00</next-update-at></rpc-reply>

DATA
<next-update-at xmlns="urn:o-ran:supervision:1.0">2026-04-14T11:11:51+09:00</next-update-at>

nc DEBUG: Received message:
<notification xmlns="urn:ietf:params:xml:ns:netconf:notification:1.0"><eventTime>2026-04-14T02:11:51Z</eventTime><supervision-notification xmlns="urn:o-ran:supervision:1.0"/></notification>

notification (2026-04-14T02:11:51Z)
<supervision-notification xmlns="urn:o-ran:supervision:1.0"/>

Client SENT :  user-rpc --content /mplane_automation/conformance_test/watchdog.xml
nc DEBUG: Sending message:

#286


nc DEBUG: SSH: ssh_packet_need_rekey: rekey: [data_rekey_needed=0, out_blocks=864, in_blocks=3416]
nc DEBUG: SSH: ssh_socket_unbuffered_write: Enabling POLLOUT for socket
nc DEBUG: SSH: packet_send2: packet: wrote [type=94, len=24, padding_size=8, comp=15, payload=15]
nc DEBUG: SSH: channel_write_common: ssh_channel_write wrote 6 bytes
nc DEBUG: Sending message:
<rpc xmlns="urn:ietf:params:xml:ns:netconf:base:1.0" message-id="23"><supervision-watchdog-reset xmlns="urn:o-ran:supervision:1.0"><supervision-notification-interval>10</supervision-notification-interval><guard-timer-overhead>10</guard-timer-overhead></supervision-watchdog-reset></rpc>

nc DEBUG: SSH: ssh_packet_need_rekey: rekey: [data_rekey_needed=0, out_blocks=900, in_blocks=3451]
nc DEBUG: SSH: packet_send2: packet: wrote [type=94, len=304, padding_size=8, comp=295, payload=295]
nc DEBUG: SSH: channel_write_common: ssh_channel_write wrote 286 bytes
nc DEBUG: SSH: ssh_socket_unbuffered_write: Enabling POLLOUT for socket
nc DEBUG: Sending message:

##


nc DEBUG: SSH: ssh_packet_need_rekey: rekey: [data_rekey_needed=0, out_blocks=901, in_blocks=3416]
nc DEBUG: SSH: packet_send2: packet: wrote [type=94, len=24, padding_size=10, comp=13, payload=13]
nc DEBUG: SSH: channel_write_common: ssh_channel_write wrote 4 bytes
nc DEBUG: SSH: ssh_socket_unbuffered_write: Enabling POLLOUT for socket
nc DEBUG: SSH: ssh_packet_socket_callback: packet: read type 94 [len=24,padding=8,comp=15,payload=15]
nc DEBUG: SSH: ssh_packet_process: Dispatching handler for packet type 94
nc DEBUG: SSH: channel_rcv_data: Channel receiving 6 bytes data in 0 (local win=1256669 remote win=1273358)
nc DEBUG: SSH: channel_default_bufferize: placing 6 bytes into channel buffer (stdout)
nc DEBUG: SSH: channel_rcv_data: Channel windows are now (local win=1256663 remote win=1273358)
nc DEBUG: SSH: ssh_packet_need_rekey: rekey: [data_rekey_needed=0, out_blocks=901, in_blocks=3416]
nc DEBUG: SSH: ssh_channel_read_timeout: Read (2) buffered : 6 bytes. Window: 1256663
nc DEBUG: SSH: ssh_channel_read_timeout: Read (1) buffered : 4 bytes. Window: 1256663
nc DEBUG: SSH: ssh_channel_read_timeout: Read (1) buffered : 3 bytes. Window: 1256663
nc DEBUG: SSH: ssh_channel_read_timeout: Read (1) buffered : 2 bytes. Window: 1256663
nc DEBUG: SSH: ssh_channel_read_timeout: Read (1) buffered : 1 bytes. Window: 1256663
nc DEBUG: SSH: ssh_channel_read_timeout: Read (179) buffered : 0 bytes. Window: 1256663
nc DEBUG: SSH: ssh_packet_socket_callback: packet: read type 94 [len=200,padding=11,comp=188,payload=188]
nc DEBUG: SSH: ssh_packet_process: Dispatching handler for packet type 94
nc DEBUG: SSH: channel_rcv_data: Channel receiving 179 bytes data in 0 (local win=1256663 remote win=1273358)
nc DEBUG: SSH: channel_default_bufferize: placing 179 bytes into channel buffer (stdout)
nc DEBUG: SSH: channel_rcv_data: Channel windows are now (local win=1256484 remote win=1273358)
nc DEBUG: SSH: ssh_packet_socket_callback: Processing 44 bytes left in socket buffer
nc DEBUG: SSH: ssh_packet_socket_callback: packet: read type 94 [len=24,padding=10,comp=13,payload=13]
nc DEBUG: SSH: ssh_packet_process: Dispatching handler for packet type 94
nc DEBUG: SSH: channel_rcv_data: Channel receiving 4 bytes data in 0 (local win=1256484 remote win=1273358)
nc DEBUG: SSH: channel_default_bufferize: placing 4 bytes into channel buffer (stdout)
nc DEBUG: SSH: channel_rcv_data: Channel windows are now (local win=1256480 remote win=1273358)
nc DEBUG: SSH: ssh_packet_need_rekey: rekey: [data_rekey_needed=0, out_blocks=901, in_blocks=3440]
nc DEBUG: SSH: ssh_packet_need_rekey: rekey: [data_rekey_needed=0, out_blocks=901, in_blocks=3440]
nc DEBUG: SSH: ssh_channel_read_timeout: Read (2) buffered : 4 bytes. Window: 1256480
nc DEBUG: SSH: ssh_channel_read_timeout: Read (1) buffered : 2 bytes. Window: 1256480
nc DEBUG: SSH: ssh_channel_read_timeout: Read (1) buffered : 1 bytes. Window: 1256480
nc DEBUG: Received message:
<rpc-reply xmlns="urn:ietf:params:xml:ns:netconf:base:1.0" message-id="23"><next-update-at xmlns="urn:o-ran:supervision:1.0">2026-04-14T02:12:01+00:00</next-update-at></rpc-reply>

DATA
<next-update-at xmlns="urn:o-ran:supervision:1.0">2026-04-14T11:12:01+09:00</next-update-at>

nc DEBUG: Received message:
<notification xmlns="urn:ietf:params:xml:ns:netconf:notification:1.0"><eventTime>2026-04-14T02:12:01Z</eventTime><supervision-notification xmlns="urn:o-ran:supervision:1.0"/></notification>

notification (2026-04-14T02:12:01Z)
<supervision-notification xmlns="urn:o-ran:supervision:1.0"/>

Client SENT :  user-rpc --content /mplane_automation/conformance_test/watchdog.xml
nc DEBUG: Sending message:

#286


nc DEBUG: SSH: ssh_packet_need_rekey: rekey: [data_rekey_needed=0, out_blocks=902, in_blocks=3467]
nc DEBUG: SSH: ssh_socket_unbuffered_write: Enabling POLLOUT for socket
nc DEBUG: SSH: packet_send2: packet: wrote [type=94, len=24, padding_size=8, comp=15, payload=15]
nc DEBUG: SSH: channel_write_common: ssh_channel_write wrote 6 bytes
nc DEBUG: Sending message:
<rpc xmlns="urn:ietf:params:xml:ns:netconf:base:1.0" message-id="24"><supervision-watchdog-reset xmlns="urn:o-ran:supervision:1.0"><supervision-notification-interval>10</supervision-notification-interval><guard-timer-overhead>10</guard-timer-overhead></supervision-watchdog-reset></rpc>

nc DEBUG: SSH: ssh_packet_need_rekey: rekey: [data_rekey_needed=0, out_blocks=938, in_blocks=3502]
nc DEBUG: SSH: packet_send2: packet: wrote [type=94, len=304, padding_size=8, comp=295, payload=295]
nc DEBUG: SSH: channel_write_common: ssh_channel_write wrote 286 bytes
nc DEBUG: SSH: ssh_socket_unbuffered_write: Enabling POLLOUT for socket
nc DEBUG: Sending message:

##


nc DEBUG: SSH: ssh_packet_need_rekey: rekey: [data_rekey_needed=0, out_blocks=939, in_blocks=3467]
nc DEBUG: SSH: packet_send2: packet: wrote [type=94, len=24, padding_size=10, comp=13, payload=13]
nc DEBUG: SSH: channel_write_common: ssh_channel_write wrote 4 bytes
nc DEBUG: SSH: ssh_socket_unbuffered_write: Enabling POLLOUT for socket
nc DEBUG: SSH: ssh_packet_socket_callback: packet: read type 94 [len=24,padding=8,comp=15,payload=15]
nc DEBUG: SSH: ssh_packet_process: Dispatching handler for packet type 94
nc DEBUG: SSH: channel_rcv_data: Channel receiving 6 bytes data in 0 (local win=1256281 remote win=1273062)
nc DEBUG: SSH: channel_default_bufferize: placing 6 bytes into channel buffer (stdout)
nc DEBUG: SSH: channel_rcv_data: Channel windows are now (local win=1256275 remote win=1273062)
nc DEBUG: SSH: ssh_packet_need_rekey: rekey: [data_rekey_needed=0, out_blocks=939, in_blocks=3467]
nc DEBUG: SSH: ssh_channel_read_timeout: Read (2) buffered : 6 bytes. Window: 1256275
nc DEBUG: SSH: ssh_channel_read_timeout: Read (1) buffered : 4 bytes. Window: 1256275
nc DEBUG: SSH: ssh_channel_read_timeout: Read (1) buffered : 3 bytes. Window: 1256275
nc DEBUG: SSH: ssh_channel_read_timeout: Read (1) buffered : 2 bytes. Window: 1256275
nc DEBUG: SSH: ssh_channel_read_timeout: Read (1) buffered : 1 bytes. Window: 1256275
nc DEBUG: SSH: ssh_channel_read_timeout: Read (179) buffered : 0 bytes. Window: 1256275
nc DEBUG: SSH: ssh_packet_socket_callback: packet: read type 94 [len=200,padding=11,comp=188,payload=188]
nc DEBUG: SSH: ssh_packet_process: Dispatching handler for packet type 94
nc DEBUG: SSH: channel_rcv_data: Channel receiving 179 bytes data in 0 (local win=1256275 remote win=1273062)
nc DEBUG: SSH: channel_default_bufferize: placing 179 bytes into channel buffer (stdout)
nc DEBUG: SSH: channel_rcv_data: Channel windows are now (local win=1256096 remote win=1273062)
nc DEBUG: SSH: ssh_packet_need_rekey: rekey: [data_rekey_needed=0, out_blocks=939, in_blocks=3490]
nc DEBUG: SSH: ssh_channel_read_timeout: Read (2) buffered : 0 bytes. Window: 1256096
nc DEBUG: SSH: ssh_packet_socket_callback: packet: read type 94 [len=24,padding=10,comp=13,payload=13]
nc DEBUG: SSH: ssh_packet_process: Dispatching handler for packet type 94
nc DEBUG: SSH: channel_rcv_data: Channel receiving 4 bytes data in 0 (local win=1256096 remote win=1273062)
nc DEBUG: SSH: channel_default_bufferize: placing 4 bytes into channel buffer (stdout)
nc DEBUG: SSH: channel_rcv_data: Channel windows are now (local win=1256092 remote win=1273062)
nc DEBUG: SSH: ssh_packet_need_rekey: rekey: [data_rekey_needed=0, out_blocks=939, in_blocks=3491]
nc DEBUG: SSH: ssh_channel_read_timeout: Read (1) buffered : 2 bytes. Window: 1256092
nc DEBUG: SSH: ssh_channel_read_timeout: Read (1) buffered : 1 bytes. Window: 1256092
nc DEBUG: Received message:
<rpc-reply xmlns="urn:ietf:params:xml:ns:netconf:base:1.0" message-id="24"><next-update-at xmlns="urn:o-ran:supervision:1.0">2026-04-14T02:12:11+00:00</next-update-at></rpc-reply>

DATA
<next-update-at xmlns="urn:o-ran:supervision:1.0">2026-04-14T11:12:11+09:00</next-update-at>

nc DEBUG: Received message:
<notification xmlns="urn:ietf:params:xml:ns:netconf:notification:1.0"><eventTime>2026-04-14T02:12:11Z</eventTime><supervision-notification xmlns="urn:o-ran:supervision:1.0"/></notification>

notification (2026-04-14T02:12:11Z)
<supervision-notification xmlns="urn:o-ran:supervision:1.0"/>

Client SENT :  user-rpc --content /mplane_automation/conformance_test/watchdog.xml
nc DEBUG: Sending message:

#286


nc DEBUG: SSH: ssh_packet_need_rekey: rekey: [data_rekey_needed=0, out_blocks=940, in_blocks=3518]
nc DEBUG: SSH: ssh_socket_unbuffered_write: Enabling POLLOUT for socket
nc DEBUG: SSH: packet_send2: packet: wrote [type=94, len=24, padding_size=8, comp=15, payload=15]
nc DEBUG: SSH: channel_write_common: ssh_channel_write wrote 6 bytes
nc DEBUG: Sending message:
<rpc xmlns="urn:ietf:params:xml:ns:netconf:base:1.0" message-id="25"><supervision-watchdog-reset xmlns="urn:o-ran:supervision:1.0"><supervision-notification-interval>10</supervision-notification-interval><guard-timer-overhead>10</guard-timer-overhead></supervision-watchdog-reset></rpc>

nc DEBUG: SSH: ssh_packet_need_rekey: rekey: [data_rekey_needed=0, out_blocks=976, in_blocks=3553]
nc DEBUG: SSH: packet_send2: packet: wrote [type=94, len=304, padding_size=8, comp=295, payload=295]
nc DEBUG: SSH: channel_write_common: ssh_channel_write wrote 286 bytes
nc DEBUG: SSH: ssh_socket_unbuffered_write: Enabling POLLOUT for socket
nc DEBUG: Sending message:

##


nc DEBUG: SSH: ssh_packet_need_rekey: rekey: [data_rekey_needed=0, out_blocks=977, in_blocks=3518]
nc DEBUG: SSH: packet_send2: packet: wrote [type=94, len=24, padding_size=10, comp=13, payload=13]
nc DEBUG: SSH: channel_write_common: ssh_channel_write wrote 4 bytes
nc DEBUG: SSH: ssh_socket_unbuffered_write: Enabling POLLOUT for socket
nc DEBUG: SSH: ssh_packet_socket_callback: packet: read type 94 [len=24,padding=8,comp=15,payload=15]
nc DEBUG: SSH: ssh_packet_process: Dispatching handler for packet type 94
nc DEBUG: SSH: channel_rcv_data: Channel receiving 6 bytes data in 0 (local win=1255893 remote win=1272766)
nc DEBUG: SSH: channel_default_bufferize: placing 6 bytes into channel buffer (stdout)
nc DEBUG: SSH: channel_rcv_data: Channel windows are now (local win=1255887 remote win=1272766)
nc DEBUG: SSH: ssh_packet_socket_callback: Processing 220 bytes left in socket buffer
nc DEBUG: SSH: ssh_packet_socket_callback: packet: read type 94 [len=200,padding=11,comp=188,payload=188]
nc DEBUG: SSH: ssh_packet_process: Dispatching handler for packet type 94
nc DEBUG: SSH: channel_rcv_data: Channel receiving 179 bytes data in 0 (local win=1255887 remote win=1272766)
nc DEBUG: SSH: channel_default_bufferize: placing 179 bytes into channel buffer (stdout)
nc DEBUG: SSH: channel_rcv_data: Channel windows are now (local win=1255708 remote win=1272766)
nc DEBUG: SSH: ssh_packet_need_rekey: rekey: [data_rekey_needed=0, out_blocks=977, in_blocks=3541]
nc DEBUG: SSH: ssh_packet_need_rekey: rekey: [data_rekey_needed=0, out_blocks=977, in_blocks=3541]
nc DEBUG: SSH: ssh_channel_read_timeout: Read (2) buffered : 185 bytes. Window: 1255708
nc DEBUG: SSH: ssh_channel_read_timeout: Read (1) buffered : 183 bytes. Window: 1255708
nc DEBUG: SSH: ssh_channel_read_timeout: Read (1) buffered : 182 bytes. Window: 1255708
nc DEBUG: SSH: ssh_channel_read_timeout: Read (1) buffered : 181 bytes. Window: 1255708
nc DEBUG: SSH: ssh_channel_read_timeout: Read (1) buffered : 180 bytes. Window: 1255708
nc DEBUG: SSH: ssh_channel_read_timeout: Read (179) buffered : 179 bytes. Window: 1255708
nc DEBUG: SSH: ssh_channel_read_timeout: Read (2) buffered : 0 bytes. Window: 1255708
nc DEBUG: SSH: ssh_packet_socket_callback: packet: read type 94 [len=24,padding=10,comp=13,payload=13]
nc DEBUG: SSH: ssh_packet_process: Dispatching handler for packet type 94
nc DEBUG: SSH: channel_rcv_data: Channel receiving 4 bytes data in 0 (local win=1255708 remote win=1272766)
nc DEBUG: SSH: channel_default_bufferize: placing 4 bytes into channel buffer (stdout)
nc DEBUG: SSH: channel_rcv_data: Channel windows are now (local win=1255704 remote win=1272766)
nc DEBUG: SSH: ssh_packet_need_rekey: rekey: [data_rekey_needed=0, out_blocks=977, in_blocks=3542]
nc DEBUG: SSH: ssh_channel_read_timeout: Read (1) buffered : 2 bytes. Window: 1255704
nc DEBUG: SSH: ssh_channel_read_timeout: Read (1) buffered : 1 bytes. Window: 1255704
nc DEBUG: Received message:
<rpc-reply xmlns="urn:ietf:params:xml:ns:netconf:base:1.0" message-id="25"><next-update-at xmlns="urn:o-ran:supervision:1.0">2026-04-14T02:12:21+00:00</next-update-at></rpc-reply>

DATA
<next-update-at xmlns="urn:o-ran:supervision:1.0">2026-04-14T11:12:21+09:00</next-update-at>

nc DEBUG: Received message:
<notification xmlns="urn:ietf:params:xml:ns:netconf:notification:1.0"><eventTime>2026-04-14T02:12:21Z</eventTime><supervision-notification xmlns="urn:o-ran:supervision:1.0"/></notification>

notification (2026-04-14T02:12:21Z)
<supervision-notification xmlns="urn:o-ran:supervision:1.0"/>

Client SENT :  user-rpc --content /mplane_automation/conformance_test/watchdog.xml
nc DEBUG: Sending message:

#286


nc DEBUG: SSH: ssh_packet_need_rekey: rekey: [data_rekey_needed=0, out_blocks=978, in_blocks=3569]
nc DEBUG: SSH: ssh_socket_unbuffered_write: Enabling POLLOUT for socket
nc DEBUG: SSH: packet_send2: packet: wrote [type=94, len=24, padding_size=8, comp=15, payload=15]
nc DEBUG: SSH: channel_write_common: ssh_channel_write wrote 6 bytes
nc DEBUG: Sending message:
<rpc xmlns="urn:ietf:params:xml:ns:netconf:base:1.0" message-id="26"><supervision-watchdog-reset xmlns="urn:o-ran:supervision:1.0"><supervision-notification-interval>10</supervision-notification-interval><guard-timer-overhead>10</guard-timer-overhead></supervision-watchdog-reset></rpc>

nc DEBUG: SSH: ssh_packet_need_rekey: rekey: [data_rekey_needed=0, out_blocks=1014, in_blocks=3604]
nc DEBUG: SSH: packet_send2: packet: wrote [type=94, len=304, padding_size=8, comp=295, payload=295]
nc DEBUG: SSH: channel_write_common: ssh_channel_write wrote 286 bytes
nc DEBUG: SSH: ssh_socket_unbuffered_write: Enabling POLLOUT for socket
nc DEBUG: Sending message:

##


nc DEBUG: SSH: ssh_packet_need_rekey: rekey: [data_rekey_needed=0, out_blocks=1015, in_blocks=3569]
nc DEBUG: SSH: packet_send2: packet: wrote [type=94, len=24, padding_size=10, comp=13, payload=13]
nc DEBUG: SSH: channel_write_common: ssh_channel_write wrote 4 bytes
nc DEBUG: SSH: ssh_socket_unbuffered_write: Enabling POLLOUT for socket
nc DEBUG: SSH: ssh_packet_socket_callback: packet: read type 94 [len=24,padding=8,comp=15,payload=15]
nc DEBUG: SSH: ssh_packet_process: Dispatching handler for packet type 94
nc DEBUG: SSH: channel_rcv_data: Channel receiving 6 bytes data in 0 (local win=1255505 remote win=1272470)
nc DEBUG: SSH: channel_default_bufferize: placing 6 bytes into channel buffer (stdout)
nc DEBUG: SSH: channel_rcv_data: Channel windows are now (local win=1255499 remote win=1272470)
nc DEBUG: SSH: ssh_packet_need_rekey: rekey: [data_rekey_needed=0, out_blocks=1015, in_blocks=3569]
nc DEBUG: SSH: ssh_channel_read_timeout: Read (2) buffered : 6 bytes. Window: 1255499
nc DEBUG: SSH: ssh_channel_read_timeout: Read (1) buffered : 4 bytes. Window: 1255499
nc DEBUG: SSH: ssh_channel_read_timeout: Read (1) buffered : 3 bytes. Window: 1255499
nc DEBUG: SSH: ssh_channel_read_timeout: Read (1) buffered : 2 bytes. Window: 1255499
nc DEBUG: SSH: ssh_channel_read_timeout: Read (1) buffered : 1 bytes. Window: 1255499
nc DEBUG: SSH: ssh_channel_read_timeout: Read (179) buffered : 0 bytes. Window: 1255499
nc DEBUG: SSH: ssh_packet_socket_callback: packet: read type 94 [len=200,padding=11,comp=188,payload=188]
nc DEBUG: SSH: ssh_packet_process: Dispatching handler for packet type 94
nc DEBUG: SSH: channel_rcv_data: Channel receiving 179 bytes data in 0 (local win=1255499 remote win=1272470)
nc DEBUG: SSH: channel_default_bufferize: placing 179 bytes into channel buffer (stdout)
nc DEBUG: SSH: channel_rcv_data: Channel windows are now (local win=1255320 remote win=1272470)
nc DEBUG: SSH: ssh_packet_socket_callback: Processing 44 bytes left in socket buffer
nc DEBUG: SSH: ssh_packet_socket_callback: packet: read type 94 [len=24,padding=10,comp=13,payload=13]
nc DEBUG: SSH: ssh_packet_process: Dispatching handler for packet type 94
nc DEBUG: SSH: channel_rcv_data: Channel receiving 4 bytes data in 0 (local win=1255320 remote win=1272470)
nc DEBUG: SSH: channel_default_bufferize: placing 4 bytes into channel buffer (stdout)
nc DEBUG: SSH: channel_rcv_data: Channel windows are now (local win=1255316 remote win=1272470)
nc DEBUG: SSH: ssh_packet_need_rekey: rekey: [data_rekey_needed=0, out_blocks=1015, in_blocks=3593]
nc DEBUG: SSH: ssh_packet_need_rekey: rekey: [data_rekey_needed=0, out_blocks=1015, in_blocks=3593]
nc DEBUG: SSH: ssh_channel_read_timeout: Read (2) buffered : 4 bytes. Window: 1255316
nc DEBUG: SSH: ssh_channel_read_timeout: Read (1) buffered : 2 bytes. Window: 1255316
nc DEBUG: SSH: ssh_channel_read_timeout: Read (1) buffered : 1 bytes. Window: 1255316
nc DEBUG: Received message:
<rpc-reply xmlns="urn:ietf:params:xml:ns:netconf:base:1.0" message-id="26"><next-update-at xmlns="urn:o-ran:supervision:1.0">2026-04-14T02:12:31+00:00</next-update-at></rpc-reply>

DATA
<next-update-at xmlns="urn:o-ran:supervision:1.0">2026-04-14T11:12:31+09:00</next-update-at>

nc DEBUG: Received message:
<notification xmlns="urn:ietf:params:xml:ns:netconf:notification:1.0"><eventTime>2026-04-14T02:12:31Z</eventTime><supervision-notification xmlns="urn:o-ran:supervision:1.0"/></notification>

notification (2026-04-14T02:12:31Z)
<supervision-notification xmlns="urn:o-ran:supervision:1.0"/>

Client SENT :  user-rpc --content /mplane_automation/conformance_test/watchdog.xml
nc DEBUG: Sending message:

#286


nc DEBUG: SSH: ssh_packet_need_rekey: rekey: [data_rekey_needed=0, out_blocks=1016, in_blocks=3620]
nc DEBUG: SSH: ssh_socket_unbuffered_write: Enabling POLLOUT for socket
nc DEBUG: SSH: packet_send2: packet: wrote [type=94, len=24, padding_size=8, comp=15, payload=15]
nc DEBUG: SSH: channel_write_common: ssh_channel_write wrote 6 bytes
nc DEBUG: Sending message:
<rpc xmlns="urn:ietf:params:xml:ns:netconf:base:1.0" message-id="27"><supervision-watchdog-reset xmlns="urn:o-ran:supervision:1.0"><supervision-notification-interval>10</supervision-notification-interval><guard-timer-overhead>10</guard-timer-overhead></supervision-watchdog-reset></rpc>

nc DEBUG: SSH: ssh_packet_need_rekey: rekey: [data_rekey_needed=0, out_blocks=1052, in_blocks=3655]
nc DEBUG: SSH: packet_send2: packet: wrote [type=94, len=304, padding_size=8, comp=295, payload=295]
nc DEBUG: SSH: channel_write_common: ssh_channel_write wrote 286 bytes
nc DEBUG: SSH: ssh_socket_unbuffered_write: Enabling POLLOUT for socket
nc DEBUG: Sending message:

##


nc DEBUG: SSH: ssh_packet_need_rekey: rekey: [data_rekey_needed=0, out_blocks=1053, in_blocks=3620]
nc DEBUG: SSH: packet_send2: packet: wrote [type=94, len=24, padding_size=10, comp=13, payload=13]
nc DEBUG: SSH: channel_write_common: ssh_channel_write wrote 4 bytes
nc DEBUG: SSH: ssh_socket_unbuffered_write: Enabling POLLOUT for socket
nc DEBUG: SSH: ssh_packet_socket_callback: packet: read type 94 [len=24,padding=8,comp=15,payload=15]
nc DEBUG: SSH: ssh_packet_process: Dispatching handler for packet type 94
nc DEBUG: SSH: channel_rcv_data: Channel receiving 6 bytes data in 0 (local win=1255117 remote win=1272174)
nc DEBUG: SSH: channel_default_bufferize: placing 6 bytes into channel buffer (stdout)
nc DEBUG: SSH: channel_rcv_data: Channel windows are now (local win=1255111 remote win=1272174)
nc DEBUG: SSH: ssh_packet_socket_callback: Processing 220 bytes left in socket buffer
nc DEBUG: SSH: ssh_packet_socket_callback: packet: read type 94 [len=200,padding=11,comp=188,payload=188]
nc DEBUG: SSH: ssh_packet_process: Dispatching handler for packet type 94
nc DEBUG: SSH: channel_rcv_data: Channel receiving 179 bytes data in 0 (local win=1255111 remote win=1272174)
nc DEBUG: SSH: channel_default_bufferize: placing 179 bytes into channel buffer (stdout)
nc DEBUG: SSH: channel_rcv_data: Channel windows are now (local win=1254932 remote win=1272174)
nc DEBUG: SSH: ssh_packet_need_rekey: rekey: [data_rekey_needed=0, out_blocks=1053, in_blocks=3643]
nc DEBUG: SSH: ssh_packet_need_rekey: rekey: [data_rekey_needed=0, out_blocks=1053, in_blocks=3643]
nc DEBUG: SSH: ssh_channel_read_timeout: Read (2) buffered : 185 bytes. Window: 1254932
nc DEBUG: SSH: ssh_channel_read_timeout: Read (1) buffered : 183 bytes. Window: 1254932
nc DEBUG: SSH: ssh_channel_read_timeout: Read (1) buffered : 182 bytes. Window: 1254932
nc DEBUG: SSH: ssh_channel_read_timeout: Read (1) buffered : 181 bytes. Window: 1254932
nc DEBUG: SSH: ssh_channel_read_timeout: Read (1) buffered : 180 bytes. Window: 1254932
nc DEBUG: SSH: ssh_channel_read_timeout: Read (179) buffered : 179 bytes. Window: 1254932
nc DEBUG: SSH: ssh_channel_read_timeout: Read (2) buffered : 0 bytes. Window: 1254932
nc DEBUG: SSH: ssh_packet_socket_callback: packet: read type 94 [len=24,padding=10,comp=13,payload=13]
nc DEBUG: SSH: ssh_packet_process: Dispatching handler for packet type 94
nc DEBUG: SSH: channel_rcv_data: Channel receiving 4 bytes data in 0 (local win=1254932 remote win=1272174)
nc DEBUG: SSH: channel_default_bufferize: placing 4 bytes into channel buffer (stdout)
nc DEBUG: SSH: channel_rcv_data: Channel windows are now (local win=1254928 remote win=1272174)
nc DEBUG: SSH: ssh_packet_need_rekey: rekey: [data_rekey_needed=0, out_blocks=1053, in_blocks=3644]
nc DEBUG: SSH: ssh_channel_read_timeout: Read (1) buffered : 2 bytes. Window: 1254928
nc DEBUG: SSH: ssh_channel_read_timeout: Read (1) buffered : 1 bytes. Window: 1254928
nc DEBUG: Received message:
<rpc-reply xmlns="urn:ietf:params:xml:ns:netconf:base:1.0" message-id="27"><next-update-at xmlns="urn:o-ran:supervision:1.0">2026-04-14T02:12:41+00:00</next-update-at></rpc-reply>

DATA
<next-update-at xmlns="urn:o-ran:supervision:1.0">2026-04-14T11:12:41+09:00</next-update-at>

nc DEBUG: Received message:
<notification xmlns="urn:ietf:params:xml:ns:netconf:notification:1.0"><eventTime>2026-04-14T02:12:41Z</eventTime><supervision-notification xmlns="urn:o-ran:supervision:1.0"/></notification>

notification (2026-04-14T02:12:41Z)
<supervision-notification xmlns="urn:o-ran:supervision:1.0"/>

Client SENT :  user-rpc --content /mplane_automation/conformance_test/watchdog.xml
nc DEBUG: Sending message:

#286


nc DEBUG: SSH: ssh_packet_need_rekey: rekey: [data_rekey_needed=0, out_blocks=1054, in_blocks=3671]
nc DEBUG: SSH: ssh_socket_unbuffered_write: Enabling POLLOUT for socket
nc DEBUG: SSH: packet_send2: packet: wrote [type=94, len=24, padding_size=8, comp=15, payload=15]
nc DEBUG: SSH: channel_write_common: ssh_channel_write wrote 6 bytes
nc DEBUG: Sending message:
<rpc xmlns="urn:ietf:params:xml:ns:netconf:base:1.0" message-id="28"><supervision-watchdog-reset xmlns="urn:o-ran:supervision:1.0"><supervision-notification-interval>10</supervision-notification-interval><guard-timer-overhead>10</guard-timer-overhead></supervision-watchdog-reset></rpc>

nc DEBUG: SSH: ssh_packet_need_rekey: rekey: [data_rekey_needed=0, out_blocks=1090, in_blocks=3706]
nc DEBUG: SSH: packet_send2: packet: wrote [type=94, len=304, padding_size=8, comp=295, payload=295]
nc DEBUG: SSH: channel_write_common: ssh_channel_write wrote 286 bytes
nc DEBUG: SSH: ssh_socket_unbuffered_write: Enabling POLLOUT for socket
nc DEBUG: Sending message:

##


nc DEBUG: SSH: ssh_packet_need_rekey: rekey: [data_rekey_needed=0, out_blocks=1091, in_blocks=3671]
nc DEBUG: SSH: packet_send2: packet: wrote [type=94, len=24, padding_size=10, comp=13, payload=13]
nc DEBUG: SSH: channel_write_common: ssh_channel_write wrote 4 bytes
nc DEBUG: SSH: ssh_socket_unbuffered_write: Enabling POLLOUT for socket
nc DEBUG: SSH: ssh_packet_socket_callback: packet: read type 94 [len=24,padding=8,comp=15,payload=15]
nc DEBUG: SSH: ssh_packet_process: Dispatching handler for packet type 94
nc DEBUG: SSH: channel_rcv_data: Channel receiving 6 bytes data in 0 (local win=1254729 remote win=1271878)
nc DEBUG: SSH: channel_default_bufferize: placing 6 bytes into channel buffer (stdout)
nc DEBUG: SSH: channel_rcv_data: Channel windows are now (local win=1254723 remote win=1271878)
nc DEBUG: SSH: ssh_packet_socket_callback: Processing 220 bytes left in socket buffer
nc DEBUG: SSH: ssh_packet_socket_callback: packet: read type 94 [len=200,padding=11,comp=188,payload=188]
nc DEBUG: SSH: ssh_packet_process: Dispatching handler for packet type 94
nc DEBUG: SSH: channel_rcv_data: Channel receiving 179 bytes data in 0 (local win=1254723 remote win=1271878)
nc DEBUG: SSH: channel_default_bufferize: placing 179 bytes into channel buffer (stdout)
nc DEBUG: SSH: channel_rcv_data: Channel windows are now (local win=1254544 remote win=1271878)
nc DEBUG: SSH: ssh_packet_need_rekey: rekey: [data_rekey_needed=0, out_blocks=1091, in_blocks=3694]
nc DEBUG: SSH: ssh_packet_need_rekey: rekey: [data_rekey_needed=0, out_blocks=1091, in_blocks=3694]
nc DEBUG: SSH: ssh_channel_read_timeout: Read (2) buffered : 185 bytes. Window: 1254544
nc DEBUG: SSH: ssh_channel_read_timeout: Read (1) buffered : 183 bytes. Window: 1254544
nc DEBUG: SSH: ssh_channel_read_timeout: Read (1) buffered : 182 bytes. Window: 1254544
nc DEBUG: SSH: ssh_channel_read_timeout: Read (1) buffered : 181 bytes. Window: 1254544
nc DEBUG: SSH: ssh_channel_read_timeout: Read (1) buffered : 180 bytes. Window: 1254544
nc DEBUG: SSH: ssh_channel_read_timeout: Read (179) buffered : 179 bytes. Window: 1254544
nc DEBUG: SSH: ssh_channel_read_timeout: Read (2) buffered : 0 bytes. Window: 1254544
nc DEBUG: SSH: ssh_packet_socket_callback: packet: read type 94 [len=24,padding=10,comp=13,payload=13]
nc DEBUG: SSH: ssh_packet_process: Dispatching handler for packet type 94
nc DEBUG: SSH: channel_rcv_data: Channel receiving 4 bytes data in 0 (local win=1254544 remote win=1271878)
nc DEBUG: SSH: channel_default_bufferize: placing 4 bytes into channel buffer (stdout)
nc DEBUG: SSH: channel_rcv_data: Channel windows are now (local win=1254540 remote win=1271878)
nc DEBUG: SSH: ssh_packet_need_rekey: rekey: [data_rekey_needed=0, out_blocks=1091, in_blocks=3695]
nc DEBUG: SSH: ssh_channel_read_timeout: Read (1) buffered : 2 bytes. Window: 1254540
nc DEBUG: SSH: ssh_channel_read_timeout: Read (1) buffered : 1 bytes. Window: 1254540
nc DEBUG: Received message:
<rpc-reply xmlns="urn:ietf:params:xml:ns:netconf:base:1.0" message-id="28"><next-update-at xmlns="urn:o-ran:supervision:1.0">2026-04-14T02:12:51+00:00</next-update-at></rpc-reply>

DATA
<next-update-at xmlns="urn:o-ran:supervision:1.0">2026-04-14T11:12:51+09:00</next-update-at>

nc DEBUG: Received message:
<notification xmlns="urn:ietf:params:xml:ns:netconf:notification:1.0"><eventTime>2026-04-14T02:12:51Z</eventTime><supervision-notification xmlns="urn:o-ran:supervision:1.0"/></notification>

notification (2026-04-14T02:12:51Z)
<supervision-notification xmlns="urn:o-ran:supervision:1.0"/>

Client SENT :  user-rpc --content /mplane_automation/conformance_test/watchdog.xml
nc DEBUG: Sending message:

#286


nc DEBUG: SSH: ssh_packet_need_rekey: rekey: [data_rekey_needed=0, out_blocks=1092, in_blocks=3722]
nc DEBUG: SSH: ssh_socket_unbuffered_write: Enabling POLLOUT for socket
nc DEBUG: SSH: packet_send2: packet: wrote [type=94, len=24, padding_size=8, comp=15, payload=15]
nc DEBUG: SSH: channel_write_common: ssh_channel_write wrote 6 bytes
nc DEBUG: Sending message:
<rpc xmlns="urn:ietf:params:xml:ns:netconf:base:1.0" message-id="29"><supervision-watchdog-reset xmlns="urn:o-ran:supervision:1.0"><supervision-notification-interval>10</supervision-notification-interval><guard-timer-overhead>10</guard-timer-overhead></supervision-watchdog-reset></rpc>

nc DEBUG: SSH: ssh_packet_need_rekey: rekey: [data_rekey_needed=0, out_blocks=1128, in_blocks=3757]
nc DEBUG: SSH: packet_send2: packet: wrote [type=94, len=304, padding_size=8, comp=295, payload=295]
nc DEBUG: SSH: channel_write_common: ssh_channel_write wrote 286 bytes
nc DEBUG: SSH: ssh_socket_unbuffered_write: Enabling POLLOUT for socket
nc DEBUG: Sending message:

##


nc DEBUG: SSH: ssh_packet_need_rekey: rekey: [data_rekey_needed=0, out_blocks=1129, in_blocks=3722]
nc DEBUG: SSH: packet_send2: packet: wrote [type=94, len=24, padding_size=10, comp=13, payload=13]
nc DEBUG: SSH: channel_write_common: ssh_channel_write wrote 4 bytes
nc DEBUG: SSH: ssh_socket_unbuffered_write: Enabling POLLOUT for socket
nc DEBUG: SSH: ssh_packet_socket_callback: packet: read type 94 [len=24,padding=8,comp=15,payload=15]
nc DEBUG: SSH: ssh_packet_process: Dispatching handler for packet type 94
nc DEBUG: SSH: channel_rcv_data: Channel receiving 6 bytes data in 0 (local win=1254341 remote win=1271582)
nc DEBUG: SSH: channel_default_bufferize: placing 6 bytes into channel buffer (stdout)
nc DEBUG: SSH: channel_rcv_data: Channel windows are now (local win=1254335 remote win=1271582)
nc DEBUG: SSH: ssh_packet_need_rekey: rekey: [data_rekey_needed=0, out_blocks=1129, in_blocks=3722]
nc DEBUG: SSH: ssh_channel_read_timeout: Read (2) buffered : 6 bytes. Window: 1254335
nc DEBUG: SSH: ssh_channel_read_timeout: Read (1) buffered : 4 bytes. Window: 1254335
nc DEBUG: SSH: ssh_channel_read_timeout: Read (1) buffered : 3 bytes. Window: 1254335
nc DEBUG: SSH: ssh_channel_read_timeout: Read (1) buffered : 2 bytes. Window: 1254335
nc DEBUG: SSH: ssh_channel_read_timeout: Read (1) buffered : 1 bytes. Window: 1254335
nc DEBUG: SSH: ssh_channel_read_timeout: Read (179) buffered : 0 bytes. Window: 1254335
nc DEBUG: SSH: ssh_packet_socket_callback: packet: read type 94 [len=200,padding=11,comp=188,payload=188]
nc DEBUG: SSH: ssh_packet_process: Dispatching handler for packet type 94
nc DEBUG: SSH: channel_rcv_data: Channel receiving 179 bytes data in 0 (local win=1254335 remote win=1271582)
nc DEBUG: SSH: channel_default_bufferize: placing 179 bytes into channel buffer (stdout)
nc DEBUG: SSH: channel_rcv_data: Channel windows are now (local win=1254156 remote win=1271582)
nc DEBUG: SSH: ssh_packet_need_rekey: rekey: [data_rekey_needed=0, out_blocks=1129, in_blocks=3745]
nc DEBUG: SSH: ssh_channel_read_timeout: Read (2) buffered : 0 bytes. Window: 1254156
nc DEBUG: SSH: ssh_packet_socket_callback: packet: read type 94 [len=24,padding=10,comp=13,payload=13]
nc DEBUG: SSH: ssh_packet_process: Dispatching handler for packet type 94
nc DEBUG: SSH: channel_rcv_data: Channel receiving 4 bytes data in 0 (local win=1254156 remote win=1271582)
nc DEBUG: SSH: channel_default_bufferize: placing 4 bytes into channel buffer (stdout)
nc DEBUG: SSH: channel_rcv_data: Channel windows are now (local win=1254152 remote win=1271582)
nc DEBUG: SSH: ssh_packet_need_rekey: rekey: [data_rekey_needed=0, out_blocks=1129, in_blocks=3746]
nc DEBUG: SSH: ssh_channel_read_timeout: Read (1) buffered : 2 bytes. Window: 1254152
nc DEBUG: SSH: ssh_channel_read_timeout: Read (1) buffered : 1 bytes. Window: 1254152
nc DEBUG: Received message:
<rpc-reply xmlns="urn:ietf:params:xml:ns:netconf:base:1.0" message-id="29"><next-update-at xmlns="urn:o-ran:supervision:1.0">2026-04-14T02:13:01+00:00</next-update-at></rpc-reply>

DATA
<next-update-at xmlns="urn:o-ran:supervision:1.0">2026-04-14T11:13:01+09:00</next-update-at>

nc DEBUG: Received message:
<notification xmlns="urn:ietf:params:xml:ns:netconf:notification:1.0"><eventTime>2026-04-14T02:13:01Z</eventTime><supervision-notification xmlns="urn:o-ran:supervision:1.0"/></notification>

notification (2026-04-14T02:13:01Z)
<supervision-notification xmlns="urn:o-ran:supervision:1.0"/>

Client SENT :  user-rpc --content /mplane_automation/conformance_test/watchdog.xml
nc DEBUG: Sending message:

#286


nc DEBUG: SSH: ssh_packet_need_rekey: rekey: [data_rekey_needed=0, out_blocks=1130, in_blocks=3773]
nc DEBUG: SSH: ssh_socket_unbuffered_write: Enabling POLLOUT for socket
nc DEBUG: SSH: packet_send2: packet: wrote [type=94, len=24, padding_size=8, comp=15, payload=15]
nc DEBUG: SSH: channel_write_common: ssh_channel_write wrote 6 bytes
nc DEBUG: Sending message:
<rpc xmlns="urn:ietf:params:xml:ns:netconf:base:1.0" message-id="30"><supervision-watchdog-reset xmlns="urn:o-ran:supervision:1.0"><supervision-notification-interval>10</supervision-notification-interval><guard-timer-overhead>10</guard-timer-overhead></supervision-watchdog-reset></rpc>

nc DEBUG: SSH: ssh_packet_need_rekey: rekey: [data_rekey_needed=0, out_blocks=1166, in_blocks=3808]
nc DEBUG: SSH: packet_send2: packet: wrote [type=94, len=304, padding_size=8, comp=295, payload=295]
nc DEBUG: SSH: channel_write_common: ssh_channel_write wrote 286 bytes
nc DEBUG: SSH: ssh_socket_unbuffered_write: Enabling POLLOUT for socket
nc DEBUG: Sending message:

##


nc DEBUG: SSH: ssh_packet_need_rekey: rekey: [data_rekey_needed=0, out_blocks=1167, in_blocks=3773]
nc DEBUG: SSH: packet_send2: packet: wrote [type=94, len=24, padding_size=10, comp=13, payload=13]
nc DEBUG: SSH: channel_write_common: ssh_channel_write wrote 4 bytes
nc DEBUG: SSH: ssh_socket_unbuffered_write: Enabling POLLOUT for socket
nc DEBUG: SSH: ssh_packet_socket_callback: packet: read type 94 [len=24,padding=8,comp=15,payload=15]
nc DEBUG: SSH: ssh_packet_process: Dispatching handler for packet type 94
nc DEBUG: SSH: channel_rcv_data: Channel receiving 6 bytes data in 0 (local win=1253953 remote win=1271286)
nc DEBUG: SSH: channel_default_bufferize: placing 6 bytes into channel buffer (stdout)
nc DEBUG: SSH: channel_rcv_data: Channel windows are now (local win=1253947 remote win=1271286)
nc DEBUG: SSH: ssh_packet_socket_callback: Processing 220 bytes left in socket buffer
nc DEBUG: SSH: ssh_packet_socket_callback: packet: read type 94 [len=200,padding=11,comp=188,payload=188]
nc DEBUG: SSH: ssh_packet_process: Dispatching handler for packet type 94
nc DEBUG: SSH: channel_rcv_data: Channel receiving 179 bytes data in 0 (local win=1253947 remote win=1271286)
nc DEBUG: SSH: channel_default_bufferize: placing 179 bytes into channel buffer (stdout)
nc DEBUG: SSH: channel_rcv_data: Channel windows are now (local win=1253768 remote win=1271286)
nc DEBUG: SSH: ssh_packet_need_rekey: rekey: [data_rekey_needed=0, out_blocks=1167, in_blocks=3796]
nc DEBUG: SSH: ssh_packet_need_rekey: rekey: [data_rekey_needed=0, out_blocks=1167, in_blocks=3796]
nc DEBUG: SSH: ssh_channel_read_timeout: Read (2) buffered : 185 bytes. Window: 1253768
nc DEBUG: SSH: ssh_channel_read_timeout: Read (1) buffered : 183 bytes. Window: 1253768
nc DEBUG: SSH: ssh_channel_read_timeout: Read (1) buffered : 182 bytes. Window: 1253768
nc DEBUG: SSH: ssh_channel_read_timeout: Read (1) buffered : 181 bytes. Window: 1253768
nc DEBUG: SSH: ssh_channel_read_timeout: Read (1) buffered : 180 bytes. Window: 1253768
nc DEBUG: SSH: ssh_channel_read_timeout: Read (179) buffered : 179 bytes. Window: 1253768
nc DEBUG: SSH: ssh_channel_read_timeout: Read (2) buffered : 0 bytes. Window: 1253768
nc DEBUG: SSH: ssh_packet_socket_callback: packet: read type 94 [len=24,padding=10,comp=13,payload=13]
nc DEBUG: SSH: ssh_packet_process: Dispatching handler for packet type 94
nc DEBUG: SSH: channel_rcv_data: Channel receiving 4 bytes data in 0 (local win=1253768 remote win=1271286)
nc DEBUG: SSH: channel_default_bufferize: placing 4 bytes into channel buffer (stdout)
nc DEBUG: SSH: channel_rcv_data: Channel windows are now (local win=1253764 remote win=1271286)
nc DEBUG: SSH: ssh_packet_need_rekey: rekey: [data_rekey_needed=0, out_blocks=1167, in_blocks=3797]
nc DEBUG: SSH: ssh_channel_read_timeout: Read (1) buffered : 2 bytes. Window: 1253764
nc DEBUG: SSH: ssh_channel_read_timeout: Read (1) buffered : 1 bytes. Window: 1253764
nc DEBUG: Received message:
<rpc-reply xmlns="urn:ietf:params:xml:ns:netconf:base:1.0" message-id="30"><next-update-at xmlns="urn:o-ran:supervision:1.0">2026-04-14T02:13:11+00:00</next-update-at></rpc-reply>

DATA
<next-update-at xmlns="urn:o-ran:supervision:1.0">2026-04-14T11:13:11+09:00</next-update-at>

nc DEBUG: Received message:
<notification xmlns="urn:ietf:params:xml:ns:netconf:notification:1.0"><eventTime>2026-04-14T02:13:11Z</eventTime><supervision-notification xmlns="urn:o-ran:supervision:1.0"/></notification>

notification (2026-04-14T02:13:11Z)
<supervision-notification xmlns="urn:o-ran:supervision:1.0"/>

Client SENT :  user-rpc --content /mplane_automation/conformance_test/watchdog.xml
nc DEBUG: Sending message:

#286


nc DEBUG: SSH: ssh_packet_need_rekey: rekey: [data_rekey_needed=0, out_blocks=1168, in_blocks=3824]
nc DEBUG: SSH: ssh_socket_unbuffered_write: Enabling POLLOUT for socket
nc DEBUG: SSH: packet_send2: packet: wrote [type=94, len=24, padding_size=8, comp=15, payload=15]
nc DEBUG: SSH: channel_write_common: ssh_channel_write wrote 6 bytes
nc DEBUG: Sending message:
<rpc xmlns="urn:ietf:params:xml:ns:netconf:base:1.0" message-id="31"><supervision-watchdog-reset xmlns="urn:o-ran:supervision:1.0"><supervision-notification-interval>10</supervision-notification-interval><guard-timer-overhead>10</guard-timer-overhead></supervision-watchdog-reset></rpc>

nc DEBUG: SSH: ssh_packet_need_rekey: rekey: [data_rekey_needed=0, out_blocks=1204, in_blocks=3859]
nc DEBUG: SSH: packet_send2: packet: wrote [type=94, len=304, padding_size=8, comp=295, payload=295]
nc DEBUG: SSH: channel_write_common: ssh_channel_write wrote 286 bytes
nc DEBUG: SSH: ssh_socket_unbuffered_write: Enabling POLLOUT for socket
nc DEBUG: Sending message:

##


nc DEBUG: SSH: ssh_packet_need_rekey: rekey: [data_rekey_needed=0, out_blocks=1205, in_blocks=3824]
nc DEBUG: SSH: packet_send2: packet: wrote [type=94, len=24, padding_size=10, comp=13, payload=13]
nc DEBUG: SSH: channel_write_common: ssh_channel_write wrote 4 bytes
nc DEBUG: SSH: ssh_socket_unbuffered_write: Enabling POLLOUT for socket
nc DEBUG: SSH: ssh_packet_socket_callback: packet: read type 94 [len=24,padding=8,comp=15,payload=15]
nc DEBUG: SSH: ssh_packet_process: Dispatching handler for packet type 94
nc DEBUG: SSH: channel_rcv_data: Channel receiving 6 bytes data in 0 (local win=1253565 remote win=1270990)
nc DEBUG: SSH: channel_default_bufferize: placing 6 bytes into channel buffer (stdout)
nc DEBUG: SSH: channel_rcv_data: Channel windows are now (local win=1253559 remote win=1270990)
nc DEBUG: SSH: ssh_packet_socket_callback: Processing 220 bytes left in socket buffer
nc DEBUG: SSH: ssh_packet_socket_callback: packet: read type 94 [len=200,padding=11,comp=188,payload=188]
nc DEBUG: SSH: ssh_packet_process: Dispatching handler for packet type 94
nc DEBUG: SSH: channel_rcv_data: Channel receiving 179 bytes data in 0 (local win=1253559 remote win=1270990)
nc DEBUG: SSH: channel_default_bufferize: placing 179 bytes into channel buffer (stdout)
nc DEBUG: SSH: channel_rcv_data: Channel windows are now (local win=1253380 remote win=1270990)
nc DEBUG: SSH: ssh_packet_need_rekey: rekey: [data_rekey_needed=0, out_blocks=1205, in_blocks=3847]
nc DEBUG: SSH: ssh_packet_need_rekey: rekey: [data_rekey_needed=0, out_blocks=1205, in_blocks=3847]
nc DEBUG: SSH: ssh_channel_read_timeout: Read (2) buffered : 185 bytes. Window: 1253380
nc DEBUG: SSH: ssh_channel_read_timeout: Read (1) buffered : 183 bytes. Window: 1253380
nc DEBUG: SSH: ssh_channel_read_timeout: Read (1) buffered : 182 bytes. Window: 1253380
nc DEBUG: SSH: ssh_channel_read_timeout: Read (1) buffered : 181 bytes. Window: 1253380
nc DEBUG: SSH: ssh_channel_read_timeout: Read (1) buffered : 180 bytes. Window: 1253380
nc DEBUG: SSH: ssh_channel_read_timeout: Read (179) buffered : 179 bytes. Window: 1253380
nc DEBUG: SSH: ssh_channel_read_timeout: Read (2) buffered : 0 bytes. Window: 1253380
nc DEBUG: SSH: ssh_packet_socket_callback: packet: read type 94 [len=24,padding=10,comp=13,payload=13]
nc DEBUG: SSH: ssh_packet_process: Dispatching handler for packet type 94
nc DEBUG: SSH: channel_rcv_data: Channel receiving 4 bytes data in 0 (local win=1253380 remote win=1270990)
nc DEBUG: SSH: channel_default_bufferize: placing 4 bytes into channel buffer (stdout)
nc DEBUG: SSH: channel_rcv_data: Channel windows are now (local win=1253376 remote win=1270990)
nc DEBUG: SSH: ssh_packet_need_rekey: rekey: [data_rekey_needed=0, out_blocks=1205, in_blocks=3848]
nc DEBUG: SSH: ssh_channel_read_timeout: Read (1) buffered : 2 bytes. Window: 1253376
nc DEBUG: SSH: ssh_channel_read_timeout: Read (1) buffered : 1 bytes. Window: 1253376
nc DEBUG: Received message:
<rpc-reply xmlns="urn:ietf:params:xml:ns:netconf:base:1.0" message-id="31"><next-update-at xmlns="urn:o-ran:supervision:1.0">2026-04-14T02:13:21+00:00</next-update-at></rpc-reply>

DATA
<next-update-at xmlns="urn:o-ran:supervision:1.0">2026-04-14T11:13:21+09:00</next-update-at>

nc DEBUG: Received message:
<notification xmlns="urn:ietf:params:xml:ns:netconf:notification:1.0"><eventTime>2026-04-14T02:13:21Z</eventTime><supervision-notification xmlns="urn:o-ran:supervision:1.0"/></notification>

notification (2026-04-14T02:13:21Z)
<supervision-notification xmlns="urn:o-ran:supervision:1.0"/>

Client SENT :  user-rpc --content /mplane_automation/conformance_test/watchdog.xml
nc DEBUG: Sending message:

#286


nc DEBUG: SSH: ssh_packet_need_rekey: rekey: [data_rekey_needed=0, out_blocks=1206, in_blocks=3875]
nc DEBUG: SSH: ssh_socket_unbuffered_write: Enabling POLLOUT for socket
nc DEBUG: SSH: packet_send2: packet: wrote [type=94, len=24, padding_size=8, comp=15, payload=15]
nc DEBUG: SSH: channel_write_common: ssh_channel_write wrote 6 bytes
nc DEBUG: Sending message:
<rpc xmlns="urn:ietf:params:xml:ns:netconf:base:1.0" message-id="32"><supervision-watchdog-reset xmlns="urn:o-ran:supervision:1.0"><supervision-notification-interval>10</supervision-notification-interval><guard-timer-overhead>10</guard-timer-overhead></supervision-watchdog-reset></rpc>

nc DEBUG: SSH: ssh_packet_need_rekey: rekey: [data_rekey_needed=0, out_blocks=1242, in_blocks=3910]
nc DEBUG: SSH: packet_send2: packet: wrote [type=94, len=304, padding_size=8, comp=295, payload=295]
nc DEBUG: SSH: channel_write_common: ssh_channel_write wrote 286 bytes
nc DEBUG: SSH: ssh_socket_unbuffered_write: Enabling POLLOUT for socket
nc DEBUG: Sending message:

##


nc DEBUG: SSH: ssh_packet_need_rekey: rekey: [data_rekey_needed=0, out_blocks=1243, in_blocks=3875]
nc DEBUG: SSH: packet_send2: packet: wrote [type=94, len=24, padding_size=10, comp=13, payload=13]
nc DEBUG: SSH: channel_write_common: ssh_channel_write wrote 4 bytes
nc DEBUG: SSH: ssh_socket_unbuffered_write: Enabling POLLOUT for socket
nc DEBUG: SSH: ssh_packet_socket_callback: packet: read type 94 [len=24,padding=8,comp=15,payload=15]
nc DEBUG: SSH: ssh_packet_process: Dispatching handler for packet type 94
nc DEBUG: SSH: channel_rcv_data: Channel receiving 6 bytes data in 0 (local win=1253177 remote win=1270694)
nc DEBUG: SSH: channel_default_bufferize: placing 6 bytes into channel buffer (stdout)
nc DEBUG: SSH: channel_rcv_data: Channel windows are now (local win=1253171 remote win=1270694)
nc DEBUG: SSH: ssh_packet_socket_callback: Processing 220 bytes left in socket buffer
nc DEBUG: SSH: ssh_packet_socket_callback: packet: read type 94 [len=200,padding=11,comp=188,payload=188]
nc DEBUG: SSH: ssh_packet_process: Dispatching handler for packet type 94
nc DEBUG: SSH: channel_rcv_data: Channel receiving 179 bytes data in 0 (local win=1253171 remote win=1270694)
nc DEBUG: SSH: channel_default_bufferize: placing 179 bytes into channel buffer (stdout)
nc DEBUG: SSH: channel_rcv_data: Channel windows are now (local win=1252992 remote win=1270694)
nc DEBUG: SSH: ssh_packet_need_rekey: rekey: [data_rekey_needed=0, out_blocks=1243, in_blocks=3898]
nc DEBUG: SSH: ssh_packet_need_rekey: rekey: [data_rekey_needed=0, out_blocks=1243, in_blocks=3898]
nc DEBUG: SSH: ssh_channel_read_timeout: Read (2) buffered : 185 bytes. Window: 1252992
nc DEBUG: SSH: ssh_channel_read_timeout: Read (1) buffered : 183 bytes. Window: 1252992
nc DEBUG: SSH: ssh_channel_read_timeout: Read (1) buffered : 182 bytes. Window: 1252992
nc DEBUG: SSH: ssh_channel_read_timeout: Read (1) buffered : 181 bytes. Window: 1252992
nc DEBUG: SSH: ssh_channel_read_timeout: Read (1) buffered : 180 bytes. Window: 1252992
nc DEBUG: SSH: ssh_channel_read_timeout: Read (179) buffered : 179 bytes. Window: 1252992
nc DEBUG: SSH: ssh_channel_read_timeout: Read (2) buffered : 0 bytes. Window: 1252992
nc DEBUG: SSH: ssh_packet_socket_callback: packet: read type 94 [len=24,padding=10,comp=13,payload=13]
nc DEBUG: SSH: ssh_packet_process: Dispatching handler for packet type 94
nc DEBUG: SSH: channel_rcv_data: Channel receiving 4 bytes data in 0 (local win=1252992 remote win=1270694)
nc DEBUG: SSH: channel_default_bufferize: placing 4 bytes into channel buffer (stdout)
nc DEBUG: SSH: channel_rcv_data: Channel windows are now (local win=1252988 remote win=1270694)
nc DEBUG: SSH: ssh_packet_need_rekey: rekey: [data_rekey_needed=0, out_blocks=1243, in_blocks=3899]
nc DEBUG: SSH: ssh_channel_read_timeout: Read (1) buffered : 2 bytes. Window: 1252988
nc DEBUG: SSH: ssh_channel_read_timeout: Read (1) buffered : 1 bytes. Window: 1252988
nc DEBUG: Received message:
<rpc-reply xmlns="urn:ietf:params:xml:ns:netconf:base:1.0" message-id="32"><next-update-at xmlns="urn:o-ran:supervision:1.0">2026-04-14T02:13:31+00:00</next-update-at></rpc-reply>

DATA
<next-update-at xmlns="urn:o-ran:supervision:1.0">2026-04-14T11:13:31+09:00</next-update-at>

nc DEBUG: Received message:
<notification xmlns="urn:ietf:params:xml:ns:netconf:notification:1.0"><eventTime>2026-04-14T02:13:31Z</eventTime><supervision-notification xmlns="urn:o-ran:supervision:1.0"/></notification>

notification (2026-04-14T02:13:31Z)
<supervision-notification xmlns="urn:o-ran:supervision:1.0"/>

Client SENT :  user-rpc --content /mplane_automation/conformance_test/watchdog.xml
nc DEBUG: Sending message:

#286


nc DEBUG: SSH: ssh_packet_need_rekey: rekey: [data_rekey_needed=0, out_blocks=1244, in_blocks=3926]
nc DEBUG: SSH: ssh_socket_unbuffered_write: Enabling POLLOUT for socket
nc DEBUG: SSH: packet_send2: packet: wrote [type=94, len=24, padding_size=8, comp=15, payload=15]
nc DEBUG: SSH: channel_write_common: ssh_channel_write wrote 6 bytes
nc DEBUG: Sending message:
<rpc xmlns="urn:ietf:params:xml:ns:netconf:base:1.0" message-id="33"><supervision-watchdog-reset xmlns="urn:o-ran:supervision:1.0"><supervision-notification-interval>10</supervision-notification-interval><guard-timer-overhead>10</guard-timer-overhead></supervision-watchdog-reset></rpc>

nc DEBUG: SSH: ssh_packet_need_rekey: rekey: [data_rekey_needed=0, out_blocks=1280, in_blocks=3961]
nc DEBUG: SSH: packet_send2: packet: wrote [type=94, len=304, padding_size=8, comp=295, payload=295]
nc DEBUG: SSH: channel_write_common: ssh_channel_write wrote 286 bytes
nc DEBUG: SSH: ssh_socket_unbuffered_write: Enabling POLLOUT for socket
nc DEBUG: Sending message:

##


nc DEBUG: SSH: ssh_packet_need_rekey: rekey: [data_rekey_needed=0, out_blocks=1281, in_blocks=3926]
nc DEBUG: SSH: packet_send2: packet: wrote [type=94, len=24, padding_size=10, comp=13, payload=13]
nc DEBUG: SSH: channel_write_common: ssh_channel_write wrote 4 bytes
nc DEBUG: SSH: ssh_socket_unbuffered_write: Enabling POLLOUT for socket
nc DEBUG: SSH: ssh_packet_socket_callback: packet: read type 94 [len=24,padding=8,comp=15,payload=15]
nc DEBUG: SSH: ssh_packet_process: Dispatching handler for packet type 94
nc DEBUG: SSH: channel_rcv_data: Channel receiving 6 bytes data in 0 (local win=1252789 remote win=1270398)
nc DEBUG: SSH: channel_default_bufferize: placing 6 bytes into channel buffer (stdout)
nc DEBUG: SSH: channel_rcv_data: Channel windows are now (local win=1252783 remote win=1270398)
nc DEBUG: SSH: ssh_packet_socket_callback: Processing 220 bytes left in socket buffer
nc DEBUG: SSH: ssh_packet_socket_callback: packet: read type 94 [len=200,padding=11,comp=188,payload=188]
nc DEBUG: SSH: ssh_packet_process: Dispatching handler for packet type 94
nc DEBUG: SSH: channel_rcv_data: Channel receiving 179 bytes data in 0 (local win=1252783 remote win=1270398)
nc DEBUG: SSH: channel_default_bufferize: placing 179 bytes into channel buffer (stdout)
nc DEBUG: SSH: channel_rcv_data: Channel windows are now (local win=1252604 remote win=1270398)
nc DEBUG: SSH: ssh_packet_need_rekey: rekey: [data_rekey_needed=0, out_blocks=1281, in_blocks=3949]
nc DEBUG: SSH: ssh_packet_need_rekey: rekey: [data_rekey_needed=0, out_blocks=1281, in_blocks=3949]
nc DEBUG: SSH: ssh_channel_read_timeout: Read (2) buffered : 185 bytes. Window: 1252604
nc DEBUG: SSH: ssh_channel_read_timeout: Read (1) buffered : 183 bytes. Window: 1252604
nc DEBUG: SSH: ssh_channel_read_timeout: Read (1) buffered : 182 bytes. Window: 1252604
nc DEBUG: SSH: ssh_channel_read_timeout: Read (1) buffered : 181 bytes. Window: 1252604
nc DEBUG: SSH: ssh_channel_read_timeout: Read (1) buffered : 180 bytes. Window: 1252604
nc DEBUG: SSH: ssh_channel_read_timeout: Read (179) buffered : 179 bytes. Window: 1252604
nc DEBUG: SSH: ssh_channel_read_timeout: Read (2) buffered : 0 bytes. Window: 1252604
nc DEBUG: SSH: ssh_packet_socket_callback: packet: read type 94 [len=24,padding=10,comp=13,payload=13]
nc DEBUG: SSH: ssh_packet_process: Dispatching handler for packet type 94
nc DEBUG: SSH: channel_rcv_data: Channel receiving 4 bytes data in 0 (local win=1252604 remote win=1270398)
nc DEBUG: SSH: channel_default_bufferize: placing 4 bytes into channel buffer (stdout)
nc DEBUG: SSH: channel_rcv_data: Channel windows are now (local win=1252600 remote win=1270398)
nc DEBUG: SSH: ssh_packet_need_rekey: rekey: [data_rekey_needed=0, out_blocks=1281, in_blocks=3950]
nc DEBUG: SSH: ssh_channel_read_timeout: Read (1) buffered : 2 bytes. Window: 1252600
nc DEBUG: SSH: ssh_channel_read_timeout: Read (1) buffered : 1 bytes. Window: 1252600
nc DEBUG: Received message:
<rpc-reply xmlns="urn:ietf:params:xml:ns:netconf:base:1.0" message-id="33"><next-update-at xmlns="urn:o-ran:supervision:1.0">2026-04-14T02:13:41+00:00</next-update-at></rpc-reply>

DATA
<next-update-at xmlns="urn:o-ran:supervision:1.0">2026-04-14T11:13:41+09:00</next-update-at>

nc DEBUG: Received message:
<notification xmlns="urn:ietf:params:xml:ns:netconf:notification:1.0"><eventTime>2026-04-14T02:13:41Z</eventTime><supervision-notification xmlns="urn:o-ran:supervision:1.0"/></notification>

notification (2026-04-14T02:13:41Z)
<supervision-notification xmlns="urn:o-ran:supervision:1.0"/>

Client SENT :  user-rpc --content /mplane_automation/conformance_test/watchdog.xml
nc DEBUG: Sending message:

#286


nc DEBUG: SSH: ssh_packet_need_rekey: rekey: [data_rekey_needed=0, out_blocks=1282, in_blocks=3977]
nc DEBUG: SSH: ssh_socket_unbuffered_write: Enabling POLLOUT for socket
nc DEBUG: SSH: packet_send2: packet: wrote [type=94, len=24, padding_size=8, comp=15, payload=15]
nc DEBUG: SSH: channel_write_common: ssh_channel_write wrote 6 bytes
nc DEBUG: Sending message:
<rpc xmlns="urn:ietf:params:xml:ns:netconf:base:1.0" message-id="34"><supervision-watchdog-reset xmlns="urn:o-ran:supervision:1.0"><supervision-notification-interval>10</supervision-notification-interval><guard-timer-overhead>10</guard-timer-overhead></supervision-watchdog-reset></rpc>

nc DEBUG: SSH: ssh_packet_need_rekey: rekey: [data_rekey_needed=0, out_blocks=1318, in_blocks=4012]
nc DEBUG: SSH: packet_send2: packet: wrote [type=94, len=304, padding_size=8, comp=295, payload=295]
nc DEBUG: SSH: channel_write_common: ssh_channel_write wrote 286 bytes
nc DEBUG: SSH: ssh_socket_unbuffered_write: Enabling POLLOUT for socket
nc DEBUG: Sending message:

##


nc DEBUG: SSH: ssh_packet_need_rekey: rekey: [data_rekey_needed=0, out_blocks=1319, in_blocks=3977]
nc DEBUG: SSH: packet_send2: packet: wrote [type=94, len=24, padding_size=10, comp=13, payload=13]
nc DEBUG: SSH: channel_write_common: ssh_channel_write wrote 4 bytes
nc DEBUG: SSH: ssh_socket_unbuffered_write: Enabling POLLOUT for socket
nc DEBUG: SSH: ssh_packet_socket_callback: packet: read type 94 [len=24,padding=8,comp=15,payload=15]
nc DEBUG: SSH: ssh_packet_process: Dispatching handler for packet type 94
nc DEBUG: SSH: channel_rcv_data: Channel receiving 6 bytes data in 0 (local win=1252401 remote win=1270102)
nc DEBUG: SSH: channel_default_bufferize: placing 6 bytes into channel buffer (stdout)
nc DEBUG: SSH: channel_rcv_data: Channel windows are now (local win=1252395 remote win=1270102)
nc DEBUG: SSH: ssh_packet_socket_callback: Processing 220 bytes left in socket buffer
nc DEBUG: SSH: ssh_packet_socket_callback: packet: read type 94 [len=200,padding=11,comp=188,payload=188]
nc DEBUG: SSH: ssh_packet_process: Dispatching handler for packet type 94
nc DEBUG: SSH: channel_rcv_data: Channel receiving 179 bytes data in 0 (local win=1252395 remote win=1270102)
nc DEBUG: SSH: channel_default_bufferize: placing 179 bytes into channel buffer (stdout)
nc DEBUG: SSH: channel_rcv_data: Channel windows are now (local win=1252216 remote win=1270102)
nc DEBUG: SSH: ssh_packet_need_rekey: rekey: [data_rekey_needed=0, out_blocks=1319, in_blocks=4000]
nc DEBUG: SSH: ssh_packet_need_rekey: rekey: [data_rekey_needed=0, out_blocks=1319, in_blocks=4000]
nc DEBUG: SSH: ssh_channel_read_timeout: Read (2) buffered : 185 bytes. Window: 1252216
nc DEBUG: SSH: ssh_channel_read_timeout: Read (1) buffered : 183 bytes. Window: 1252216
nc DEBUG: SSH: ssh_channel_read_timeout: Read (1) buffered : 182 bytes. Window: 1252216
nc DEBUG: SSH: ssh_channel_read_timeout: Read (1) buffered : 181 bytes. Window: 1252216
nc DEBUG: SSH: ssh_channel_read_timeout: Read (1) buffered : 180 bytes. Window: 1252216
nc DEBUG: SSH: ssh_channel_read_timeout: Read (179) buffered : 179 bytes. Window: 1252216
nc DEBUG: SSH: ssh_channel_read_timeout: Read (2) buffered : 0 bytes. Window: 1252216
nc DEBUG: SSH: ssh_packet_socket_callback: packet: read type 94 [len=24,padding=10,comp=13,payload=13]
nc DEBUG: SSH: ssh_packet_process: Dispatching handler for packet type 94
nc DEBUG: SSH: channel_rcv_data: Channel receiving 4 bytes data in 0 (local win=1252216 remote win=1270102)
nc DEBUG: SSH: channel_default_bufferize: placing 4 bytes into channel buffer (stdout)
nc DEBUG: SSH: channel_rcv_data: Channel windows are now (local win=1252212 remote win=1270102)
nc DEBUG: SSH: ssh_packet_need_rekey: rekey: [data_rekey_needed=0, out_blocks=1319, in_blocks=4001]
nc DEBUG: SSH: ssh_channel_read_timeout: Read (1) buffered : 2 bytes. Window: 1252212
nc DEBUG: SSH: ssh_channel_read_timeout: Read (1) buffered : 1 bytes. Window: 1252212
nc DEBUG: Received message:
<rpc-reply xmlns="urn:ietf:params:xml:ns:netconf:base:1.0" message-id="34"><next-update-at xmlns="urn:o-ran:supervision:1.0">2026-04-14T02:13:51+00:00</next-update-at></rpc-reply>

DATA
<next-update-at xmlns="urn:o-ran:supervision:1.0">2026-04-14T11:13:51+09:00</next-update-at>

nc DEBUG: Received message:
<notification xmlns="urn:ietf:params:xml:ns:netconf:notification:1.0"><eventTime>2026-04-14T02:13:51Z</eventTime><supervision-notification xmlns="urn:o-ran:supervision:1.0"/></notification>

notification (2026-04-14T02:13:51Z)
<supervision-notification xmlns="urn:o-ran:supervision:1.0"/>

Client SENT :  user-rpc --content /mplane_automation/conformance_test/watchdog.xml
nc DEBUG: Sending message:

#286


nc DEBUG: SSH: ssh_packet_need_rekey: rekey: [data_rekey_needed=0, out_blocks=1320, in_blocks=4028]
nc DEBUG: SSH: ssh_socket_unbuffered_write: Enabling POLLOUT for socket
nc DEBUG: SSH: packet_send2: packet: wrote [type=94, len=24, padding_size=8, comp=15, payload=15]
nc DEBUG: SSH: channel_write_common: ssh_channel_write wrote 6 bytes
nc DEBUG: Sending message:
<rpc xmlns="urn:ietf:params:xml:ns:netconf:base:1.0" message-id="35"><supervision-watchdog-reset xmlns="urn:o-ran:supervision:1.0"><supervision-notification-interval>10</supervision-notification-interval><guard-timer-overhead>10</guard-timer-overhead></supervision-watchdog-reset></rpc>

nc DEBUG: SSH: ssh_packet_need_rekey: rekey: [data_rekey_needed=0, out_blocks=1356, in_blocks=4063]
nc DEBUG: SSH: packet_send2: packet: wrote [type=94, len=304, padding_size=8, comp=295, payload=295]
nc DEBUG: SSH: channel_write_common: ssh_channel_write wrote 286 bytes
nc DEBUG: SSH: ssh_socket_unbuffered_write: Enabling POLLOUT for socket
nc DEBUG: Sending message:

##


nc DEBUG: SSH: ssh_packet_need_rekey: rekey: [data_rekey_needed=0, out_blocks=1357, in_blocks=4028]
nc DEBUG: SSH: packet_send2: packet: wrote [type=94, len=24, padding_size=10, comp=13, payload=13]
nc DEBUG: SSH: channel_write_common: ssh_channel_write wrote 4 bytes
nc DEBUG: SSH: ssh_socket_unbuffered_write: Enabling POLLOUT for socket
nc DEBUG: SSH: ssh_packet_socket_callback: packet: read type 94 [len=24,padding=8,comp=15,payload=15]
nc DEBUG: SSH: ssh_packet_process: Dispatching handler for packet type 94
nc DEBUG: SSH: channel_rcv_data: Channel receiving 6 bytes data in 0 (local win=1252013 remote win=1269806)
nc DEBUG: SSH: channel_default_bufferize: placing 6 bytes into channel buffer (stdout)
nc DEBUG: SSH: channel_rcv_data: Channel windows are now (local win=1252007 remote win=1269806)
nc DEBUG: SSH: ssh_packet_socket_callback: Processing 220 bytes left in socket buffer
nc DEBUG: SSH: ssh_packet_socket_callback: packet: read type 94 [len=200,padding=11,comp=188,payload=188]
nc DEBUG: SSH: ssh_packet_process: Dispatching handler for packet type 94
nc DEBUG: SSH: channel_rcv_data: Channel receiving 179 bytes data in 0 (local win=1252007 remote win=1269806)
nc DEBUG: SSH: channel_default_bufferize: placing 179 bytes into channel buffer (stdout)
nc DEBUG: SSH: channel_rcv_data: Channel windows are now (local win=1251828 remote win=1269806)
nc DEBUG: SSH: ssh_packet_need_rekey: rekey: [data_rekey_needed=0, out_blocks=1357, in_blocks=4051]
nc DEBUG: SSH: ssh_packet_need_rekey: rekey: [data_rekey_needed=0, out_blocks=1357, in_blocks=4051]
nc DEBUG: SSH: ssh_channel_read_timeout: Read (2) buffered : 185 bytes. Window: 1251828
nc DEBUG: SSH: ssh_channel_read_timeout: Read (1) buffered : 183 bytes. Window: 1251828
nc DEBUG: SSH: ssh_channel_read_timeout: Read (1) buffered : 182 bytes. Window: 1251828
nc DEBUG: SSH: ssh_channel_read_timeout: Read (1) buffered : 181 bytes. Window: 1251828
nc DEBUG: SSH: ssh_channel_read_timeout: Read (1) buffered : 180 bytes. Window: 1251828
nc DEBUG: SSH: ssh_channel_read_timeout: Read (179) buffered : 179 bytes. Window: 1251828
nc DEBUG: SSH: ssh_channel_read_timeout: Read (2) buffered : 0 bytes. Window: 1251828
nc DEBUG: SSH: ssh_packet_socket_callback: packet: read type 94 [len=24,padding=10,comp=13,payload=13]
nc DEBUG: SSH: ssh_packet_process: Dispatching handler for packet type 94
nc DEBUG: SSH: channel_rcv_data: Channel receiving 4 bytes data in 0 (local win=1251828 remote win=1269806)
nc DEBUG: SSH: channel_default_bufferize: placing 4 bytes into channel buffer (stdout)
nc DEBUG: SSH: channel_rcv_data: Channel windows are now (local win=1251824 remote win=1269806)
nc DEBUG: SSH: ssh_packet_need_rekey: rekey: [data_rekey_needed=0, out_blocks=1357, in_blocks=4052]
nc DEBUG: SSH: ssh_channel_read_timeout: Read (1) buffered : 2 bytes. Window: 1251824
nc DEBUG: SSH: ssh_channel_read_timeout: Read (1) buffered : 1 bytes. Window: 1251824
nc DEBUG: Received message:
<rpc-reply xmlns="urn:ietf:params:xml:ns:netconf:base:1.0" message-id="35"><next-update-at xmlns="urn:o-ran:supervision:1.0">2026-04-14T02:14:01+00:00</next-update-at></rpc-reply>

DATA
<next-update-at xmlns="urn:o-ran:supervision:1.0">2026-04-14T11:14:01+09:00</next-update-at>

nc DEBUG: Received message:
<notification xmlns="urn:ietf:params:xml:ns:netconf:notification:1.0"><eventTime>2026-04-14T02:14:01Z</eventTime><supervision-notification xmlns="urn:o-ran:supervision:1.0"/></notification>

notification (2026-04-14T02:14:01Z)
<supervision-notification xmlns="urn:o-ran:supervision:1.0"/>

Client SENT :  user-rpc --content /mplane_automation/conformance_test/watchdog.xml
nc DEBUG: Sending message:

#286


nc DEBUG: SSH: ssh_packet_need_rekey: rekey: [data_rekey_needed=0, out_blocks=1358, in_blocks=4079]
nc DEBUG: SSH: ssh_socket_unbuffered_write: Enabling POLLOUT for socket
nc DEBUG: SSH: packet_send2: packet: wrote [type=94, len=24, padding_size=8, comp=15, payload=15]
nc DEBUG: SSH: channel_write_common: ssh_channel_write wrote 6 bytes
nc DEBUG: Sending message:
<rpc xmlns="urn:ietf:params:xml:ns:netconf:base:1.0" message-id="36"><supervision-watchdog-reset xmlns="urn:o-ran:supervision:1.0"><supervision-notification-interval>10</supervision-notification-interval><guard-timer-overhead>10</guard-timer-overhead></supervision-watchdog-reset></rpc>

nc DEBUG: SSH: ssh_packet_need_rekey: rekey: [data_rekey_needed=0, out_blocks=1394, in_blocks=4114]
nc DEBUG: SSH: packet_send2: packet: wrote [type=94, len=304, padding_size=8, comp=295, payload=295]
nc DEBUG: SSH: channel_write_common: ssh_channel_write wrote 286 bytes
nc DEBUG: SSH: ssh_socket_unbuffered_write: Enabling POLLOUT for socket
nc DEBUG: Sending message:

##


nc DEBUG: SSH: ssh_packet_need_rekey: rekey: [data_rekey_needed=0, out_blocks=1395, in_blocks=4079]
nc DEBUG: SSH: packet_send2: packet: wrote [type=94, len=24, padding_size=10, comp=13, payload=13]
nc DEBUG: SSH: channel_write_common: ssh_channel_write wrote 4 bytes
nc DEBUG: SSH: ssh_socket_unbuffered_write: Enabling POLLOUT for socket
nc DEBUG: SSH: ssh_packet_socket_callback: packet: read type 94 [len=24,padding=8,comp=15,payload=15]
nc DEBUG: SSH: ssh_packet_process: Dispatching handler for packet type 94
nc DEBUG: SSH: channel_rcv_data: Channel receiving 6 bytes data in 0 (local win=1251625 remote win=1269510)
nc DEBUG: SSH: channel_default_bufferize: placing 6 bytes into channel buffer (stdout)
nc DEBUG: SSH: channel_rcv_data: Channel windows are now (local win=1251619 remote win=1269510)
nc DEBUG: SSH: ssh_packet_socket_callback: Processing 220 bytes left in socket buffer
nc DEBUG: SSH: ssh_packet_socket_callback: packet: read type 94 [len=200,padding=11,comp=188,payload=188]
nc DEBUG: SSH: ssh_packet_process: Dispatching handler for packet type 94
nc DEBUG: SSH: channel_rcv_data: Channel receiving 179 bytes data in 0 (local win=1251619 remote win=1269510)
nc DEBUG: SSH: channel_default_bufferize: placing 179 bytes into channel buffer (stdout)
nc DEBUG: SSH: channel_rcv_data: Channel windows are now (local win=1251440 remote win=1269510)
nc DEBUG: SSH: ssh_packet_need_rekey: rekey: [data_rekey_needed=0, out_blocks=1395, in_blocks=4102]
nc DEBUG: SSH: ssh_packet_need_rekey: rekey: [data_rekey_needed=0, out_blocks=1395, in_blocks=4102]
nc DEBUG: SSH: ssh_channel_read_timeout: Read (2) buffered : 185 bytes. Window: 1251440
nc DEBUG: SSH: ssh_channel_read_timeout: Read (1) buffered : 183 bytes. Window: 1251440
nc DEBUG: SSH: ssh_channel_read_timeout: Read (1) buffered : 182 bytes. Window: 1251440
nc DEBUG: SSH: ssh_channel_read_timeout: Read (1) buffered : 181 bytes. Window: 1251440
nc DEBUG: SSH: ssh_channel_read_timeout: Read (1) buffered : 180 bytes. Window: 1251440
nc DEBUG: SSH: ssh_channel_read_timeout: Read (179) buffered : 179 bytes. Window: 1251440
nc DEBUG: SSH: ssh_channel_read_timeout: Read (2) buffered : 0 bytes. Window: 1251440
nc DEBUG: SSH: ssh_packet_socket_callback: packet: read type 94 [len=24,padding=10,comp=13,payload=13]
nc DEBUG: SSH: ssh_packet_process: Dispatching handler for packet type 94
nc DEBUG: SSH: channel_rcv_data: Channel receiving 4 bytes data in 0 (local win=1251440 remote win=1269510)
nc DEBUG: SSH: channel_default_bufferize: placing 4 bytes into channel buffer (stdout)
nc DEBUG: SSH: channel_rcv_data: Channel windows are now (local win=1251436 remote win=1269510)
nc DEBUG: SSH: ssh_packet_need_rekey: rekey: [data_rekey_needed=0, out_blocks=1395, in_blocks=4103]
nc DEBUG: SSH: ssh_channel_read_timeout: Read (1) buffered : 2 bytes. Window: 1251436
nc DEBUG: SSH: ssh_channel_read_timeout: Read (1) buffered : 1 bytes. Window: 1251436
nc DEBUG: Received message:
<rpc-reply xmlns="urn:ietf:params:xml:ns:netconf:base:1.0" message-id="36"><next-update-at xmlns="urn:o-ran:supervision:1.0">2026-04-14T02:14:11+00:00</next-update-at></rpc-reply>

DATA
<next-update-at xmlns="urn:o-ran:supervision:1.0">2026-04-14T11:14:11+09:00</next-update-at>

nc DEBUG: Received message:
<notification xmlns="urn:ietf:params:xml:ns:netconf:notification:1.0"><eventTime>2026-04-14T02:14:11Z</eventTime><supervision-notification xmlns="urn:o-ran:supervision:1.0"/></notification>

notification (2026-04-14T02:14:11Z)
<supervision-notification xmlns="urn:o-ran:supervision:1.0"/>

Client SENT :  user-rpc --content /mplane_automation/conformance_test/watchdog.xml
nc DEBUG: Sending message:

#286


nc DEBUG: SSH: ssh_packet_need_rekey: rekey: [data_rekey_needed=0, out_blocks=1396, in_blocks=4130]
nc DEBUG: SSH: ssh_socket_unbuffered_write: Enabling POLLOUT for socket
nc DEBUG: SSH: packet_send2: packet: wrote [type=94, len=24, padding_size=8, comp=15, payload=15]
nc DEBUG: SSH: channel_write_common: ssh_channel_write wrote 6 bytes
nc DEBUG: Sending message:
<rpc xmlns="urn:ietf:params:xml:ns:netconf:base:1.0" message-id="37"><supervision-watchdog-reset xmlns="urn:o-ran:supervision:1.0"><supervision-notification-interval>10</supervision-notification-interval><guard-timer-overhead>10</guard-timer-overhead></supervision-watchdog-reset></rpc>

nc DEBUG: SSH: ssh_packet_need_rekey: rekey: [data_rekey_needed=0, out_blocks=1432, in_blocks=4165]
nc DEBUG: SSH: packet_send2: packet: wrote [type=94, len=304, padding_size=8, comp=295, payload=295]
nc DEBUG: SSH: channel_write_common: ssh_channel_write wrote 286 bytes
nc DEBUG: SSH: ssh_socket_unbuffered_write: Enabling POLLOUT for socket
nc DEBUG: Sending message:

##


nc DEBUG: SSH: ssh_packet_need_rekey: rekey: [data_rekey_needed=0, out_blocks=1433, in_blocks=4130]
nc DEBUG: SSH: packet_send2: packet: wrote [type=94, len=24, padding_size=10, comp=13, payload=13]
nc DEBUG: SSH: channel_write_common: ssh_channel_write wrote 4 bytes
nc DEBUG: SSH: ssh_socket_unbuffered_write: Enabling POLLOUT for socket
nc DEBUG: SSH: ssh_packet_socket_callback: packet: read type 94 [len=24,padding=8,comp=15,payload=15]
nc DEBUG: SSH: ssh_packet_process: Dispatching handler for packet type 94
nc DEBUG: SSH: channel_rcv_data: Channel receiving 6 bytes data in 0 (local win=1251237 remote win=1269214)
nc DEBUG: SSH: channel_default_bufferize: placing 6 bytes into channel buffer (stdout)
nc DEBUG: SSH: channel_rcv_data: Channel windows are now (local win=1251231 remote win=1269214)
nc DEBUG: SSH: ssh_packet_socket_callback: Processing 220 bytes left in socket buffer
nc DEBUG: SSH: ssh_packet_socket_callback: packet: read type 94 [len=200,padding=11,comp=188,payload=188]
nc DEBUG: SSH: ssh_packet_process: Dispatching handler for packet type 94
nc DEBUG: SSH: channel_rcv_data: Channel receiving 179 bytes data in 0 (local win=1251231 remote win=1269214)
nc DEBUG: SSH: channel_default_bufferize: placing 179 bytes into channel buffer (stdout)
nc DEBUG: SSH: channel_rcv_data: Channel windows are now (local win=1251052 remote win=1269214)
nc DEBUG: SSH: ssh_packet_need_rekey: rekey: [data_rekey_needed=0, out_blocks=1433, in_blocks=4153]
nc DEBUG: SSH: ssh_packet_need_rekey: rekey: [data_rekey_needed=0, out_blocks=1433, in_blocks=4153]
nc DEBUG: SSH: ssh_channel_read_timeout: Read (2) buffered : 185 bytes. Window: 1251052
nc DEBUG: SSH: ssh_channel_read_timeout: Read (1) buffered : 183 bytes. Window: 1251052
nc DEBUG: SSH: ssh_channel_read_timeout: Read (1) buffered : 182 bytes. Window: 1251052
nc DEBUG: SSH: ssh_channel_read_timeout: Read (1) buffered : 181 bytes. Window: 1251052
nc DEBUG: SSH: ssh_channel_read_timeout: Read (1) buffered : 180 bytes. Window: 1251052
nc DEBUG: SSH: ssh_channel_read_timeout: Read (179) buffered : 179 bytes. Window: 1251052
nc DEBUG: SSH: ssh_channel_read_timeout: Read (2) buffered : 0 bytes. Window: 1251052
nc DEBUG: SSH: ssh_packet_socket_callback: packet: read type 94 [len=24,padding=10,comp=13,payload=13]
nc DEBUG: SSH: ssh_packet_process: Dispatching handler for packet type 94
nc DEBUG: SSH: channel_rcv_data: Channel receiving 4 bytes data in 0 (local win=1251052 remote win=1269214)
nc DEBUG: SSH: channel_default_bufferize: placing 4 bytes into channel buffer (stdout)
nc DEBUG: SSH: channel_rcv_data: Channel windows are now (local win=1251048 remote win=1269214)
nc DEBUG: SSH: ssh_packet_need_rekey: rekey: [data_rekey_needed=0, out_blocks=1433, in_blocks=4154]
nc DEBUG: SSH: ssh_channel_read_timeout: Read (1) buffered : 2 bytes. Window: 1251048
nc DEBUG: SSH: ssh_channel_read_timeout: Read (1) buffered : 1 bytes. Window: 1251048
nc DEBUG: Received message:
<rpc-reply xmlns="urn:ietf:params:xml:ns:netconf:base:1.0" message-id="37"><next-update-at xmlns="urn:o-ran:supervision:1.0">2026-04-14T02:14:21+00:00</next-update-at></rpc-reply>

DATA
<next-update-at xmlns="urn:o-ran:supervision:1.0">2026-04-14T11:14:21+09:00</next-update-at>

nc DEBUG: Received message:
<notification xmlns="urn:ietf:params:xml:ns:netconf:notification:1.0"><eventTime>2026-04-14T02:14:21Z</eventTime><supervision-notification xmlns="urn:o-ran:supervision:1.0"/></notification>

notification (2026-04-14T02:14:21Z)
<supervision-notification xmlns="urn:o-ran:supervision:1.0"/>

Client SENT :  user-rpc --content /mplane_automation/conformance_test/watchdog.xml
nc DEBUG: Sending message:

#286


nc DEBUG: SSH: ssh_packet_need_rekey: rekey: [data_rekey_needed=0, out_blocks=1434, in_blocks=4181]
nc DEBUG: SSH: ssh_socket_unbuffered_write: Enabling POLLOUT for socket
nc DEBUG: SSH: packet_send2: packet: wrote [type=94, len=24, padding_size=8, comp=15, payload=15]
nc DEBUG: SSH: channel_write_common: ssh_channel_write wrote 6 bytes
nc DEBUG: Sending message:
<rpc xmlns="urn:ietf:params:xml:ns:netconf:base:1.0" message-id="38"><supervision-watchdog-reset xmlns="urn:o-ran:supervision:1.0"><supervision-notification-interval>10</supervision-notification-interval><guard-timer-overhead>10</guard-timer-overhead></supervision-watchdog-reset></rpc>

nc DEBUG: SSH: ssh_packet_need_rekey: rekey: [data_rekey_needed=0, out_blocks=1470, in_blocks=4216]
nc DEBUG: SSH: packet_send2: packet: wrote [type=94, len=304, padding_size=8, comp=295, payload=295]
nc DEBUG: SSH: channel_write_common: ssh_channel_write wrote 286 bytes
nc DEBUG: SSH: ssh_socket_unbuffered_write: Enabling POLLOUT for socket
nc DEBUG: Sending message:

##


nc DEBUG: SSH: ssh_packet_need_rekey: rekey: [data_rekey_needed=0, out_blocks=1471, in_blocks=4181]
nc DEBUG: SSH: packet_send2: packet: wrote [type=94, len=24, padding_size=10, comp=13, payload=13]
nc DEBUG: SSH: channel_write_common: ssh_channel_write wrote 4 bytes
nc DEBUG: SSH: ssh_socket_unbuffered_write: Enabling POLLOUT for socket
nc DEBUG: SSH: ssh_packet_socket_callback: packet: read type 94 [len=24,padding=8,comp=15,payload=15]
nc DEBUG: SSH: ssh_packet_process: Dispatching handler for packet type 94
nc DEBUG: SSH: channel_rcv_data: Channel receiving 6 bytes data in 0 (local win=1250849 remote win=1268918)
nc DEBUG: SSH: channel_default_bufferize: placing 6 bytes into channel buffer (stdout)
nc DEBUG: SSH: channel_rcv_data: Channel windows are now (local win=1250843 remote win=1268918)
nc DEBUG: SSH: ssh_packet_socket_callback: Processing 220 bytes left in socket buffer
nc DEBUG: SSH: ssh_packet_socket_callback: packet: read type 94 [len=200,padding=11,comp=188,payload=188]
nc DEBUG: SSH: ssh_packet_process: Dispatching handler for packet type 94
nc DEBUG: SSH: channel_rcv_data: Channel receiving 179 bytes data in 0 (local win=1250843 remote win=1268918)
nc DEBUG: SSH: channel_default_bufferize: placing 179 bytes into channel buffer (stdout)
nc DEBUG: SSH: channel_rcv_data: Channel windows are now (local win=1250664 remote win=1268918)
nc DEBUG: SSH: ssh_packet_need_rekey: rekey: [data_rekey_needed=0, out_blocks=1471, in_blocks=4204]
nc DEBUG: SSH: ssh_packet_need_rekey: rekey: [data_rekey_needed=0, out_blocks=1471, in_blocks=4204]
nc DEBUG: SSH: ssh_channel_read_timeout: Read (2) buffered : 185 bytes. Window: 1250664
nc DEBUG: SSH: ssh_channel_read_timeout: Read (1) buffered : 183 bytes. Window: 1250664
nc DEBUG: SSH: ssh_channel_read_timeout: Read (1) buffered : 182 bytes. Window: 1250664
nc DEBUG: SSH: ssh_channel_read_timeout: Read (1) buffered : 181 bytes. Window: 1250664
nc DEBUG: SSH: ssh_channel_read_timeout: Read (1) buffered : 180 bytes. Window: 1250664
nc DEBUG: SSH: ssh_channel_read_timeout: Read (179) buffered : 179 bytes. Window: 1250664
nc DEBUG: SSH: ssh_channel_read_timeout: Read (2) buffered : 0 bytes. Window: 1250664
nc DEBUG: SSH: ssh_packet_socket_callback: packet: read type 94 [len=24,padding=10,comp=13,payload=13]
nc DEBUG: SSH: ssh_packet_process: Dispatching handler for packet type 94
nc DEBUG: SSH: channel_rcv_data: Channel receiving 4 bytes data in 0 (local win=1250664 remote win=1268918)
nc DEBUG: SSH: channel_default_bufferize: placing 4 bytes into channel buffer (stdout)
nc DEBUG: SSH: channel_rcv_data: Channel windows are now (local win=1250660 remote win=1268918)
nc DEBUG: SSH: ssh_packet_need_rekey: rekey: [data_rekey_needed=0, out_blocks=1471, in_blocks=4205]
nc DEBUG: SSH: ssh_channel_read_timeout: Read (1) buffered : 2 bytes. Window: 1250660
nc DEBUG: SSH: ssh_channel_read_timeout: Read (1) buffered : 1 bytes. Window: 1250660
nc DEBUG: Received message:
<rpc-reply xmlns="urn:ietf:params:xml:ns:netconf:base:1.0" message-id="38"><next-update-at xmlns="urn:o-ran:supervision:1.0">2026-04-14T02:14:31+00:00</next-update-at></rpc-reply>

DATA
<next-update-at xmlns="urn:o-ran:supervision:1.0">2026-04-14T11:14:31+09:00</next-update-at>

nc DEBUG: Received message:
<notification xmlns="urn:ietf:params:xml:ns:netconf:notification:1.0"><eventTime>2026-04-14T02:14:31Z</eventTime><supervision-notification xmlns="urn:o-ran:supervision:1.0"/></notification>

notification (2026-04-14T02:14:31Z)
<supervision-notification xmlns="urn:o-ran:supervision:1.0"/>

Client SENT :  user-rpc --content /mplane_automation/conformance_test/watchdog.xml
nc DEBUG: Sending message:

#286


nc DEBUG: SSH: ssh_packet_need_rekey: rekey: [data_rekey_needed=0, out_blocks=1472, in_blocks=4232]
nc DEBUG: SSH: ssh_socket_unbuffered_write: Enabling POLLOUT for socket
nc DEBUG: SSH: packet_send2: packet: wrote [type=94, len=24, padding_size=8, comp=15, payload=15]
nc DEBUG: SSH: channel_write_common: ssh_channel_write wrote 6 bytes
nc DEBUG: Sending message:
<rpc xmlns="urn:ietf:params:xml:ns:netconf:base:1.0" message-id="39"><supervision-watchdog-reset xmlns="urn:o-ran:supervision:1.0"><supervision-notification-interval>10</supervision-notification-interval><guard-timer-overhead>10</guard-timer-overhead></supervision-watchdog-reset></rpc>

nc DEBUG: SSH: ssh_packet_need_rekey: rekey: [data_rekey_needed=0, out_blocks=1508, in_blocks=4267]
nc DEBUG: SSH: packet_send2: packet: wrote [type=94, len=304, padding_size=8, comp=295, payload=295]
nc DEBUG: SSH: channel_write_common: ssh_channel_write wrote 286 bytes
nc DEBUG: SSH: ssh_socket_unbuffered_write: Enabling POLLOUT for socket
nc DEBUG: Sending message:

##


nc DEBUG: SSH: ssh_packet_need_rekey: rekey: [data_rekey_needed=0, out_blocks=1509, in_blocks=4232]
nc DEBUG: SSH: packet_send2: packet: wrote [type=94, len=24, padding_size=10, comp=13, payload=13]
nc DEBUG: SSH: channel_write_common: ssh_channel_write wrote 4 bytes
nc DEBUG: SSH: ssh_socket_unbuffered_write: Enabling POLLOUT for socket
nc DEBUG: SSH: ssh_packet_socket_callback: packet: read type 94 [len=24,padding=8,comp=15,payload=15]
nc DEBUG: SSH: ssh_packet_process: Dispatching handler for packet type 94
nc DEBUG: SSH: channel_rcv_data: Channel receiving 6 bytes data in 0 (local win=1250461 remote win=1268622)
nc DEBUG: SSH: channel_default_bufferize: placing 6 bytes into channel buffer (stdout)
nc DEBUG: SSH: channel_rcv_data: Channel windows are now (local win=1250455 remote win=1268622)
nc DEBUG: SSH: ssh_packet_socket_callback: Processing 220 bytes left in socket buffer
nc DEBUG: SSH: ssh_packet_socket_callback: packet: read type 94 [len=200,padding=11,comp=188,payload=188]
nc DEBUG: SSH: ssh_packet_process: Dispatching handler for packet type 94
nc DEBUG: SSH: channel_rcv_data: Channel receiving 179 bytes data in 0 (local win=1250455 remote win=1268622)
nc DEBUG: SSH: channel_default_bufferize: placing 179 bytes into channel buffer (stdout)
nc DEBUG: SSH: channel_rcv_data: Channel windows are now (local win=1250276 remote win=1268622)
nc DEBUG: SSH: ssh_packet_need_rekey: rekey: [data_rekey_needed=0, out_blocks=1509, in_blocks=4255]
nc DEBUG: SSH: ssh_packet_need_rekey: rekey: [data_rekey_needed=0, out_blocks=1509, in_blocks=4255]
nc DEBUG: SSH: ssh_channel_read_timeout: Read (2) buffered : 185 bytes. Window: 1250276
nc DEBUG: SSH: ssh_channel_read_timeout: Read (1) buffered : 183 bytes. Window: 1250276
nc DEBUG: SSH: ssh_channel_read_timeout: Read (1) buffered : 182 bytes. Window: 1250276
nc DEBUG: SSH: ssh_channel_read_timeout: Read (1) buffered : 181 bytes. Window: 1250276
nc DEBUG: SSH: ssh_channel_read_timeout: Read (1) buffered : 180 bytes. Window: 1250276
nc DEBUG: SSH: ssh_channel_read_timeout: Read (179) buffered : 179 bytes. Window: 1250276
nc DEBUG: SSH: ssh_channel_read_timeout: Read (2) buffered : 0 bytes. Window: 1250276
nc DEBUG: SSH: ssh_packet_socket_callback: packet: read type 94 [len=24,padding=10,comp=13,payload=13]
nc DEBUG: SSH: ssh_packet_process: Dispatching handler for packet type 94
nc DEBUG: SSH: channel_rcv_data: Channel receiving 4 bytes data in 0 (local win=1250276 remote win=1268622)
nc DEBUG: SSH: channel_default_bufferize: placing 4 bytes into channel buffer (stdout)
nc DEBUG: SSH: channel_rcv_data: Channel windows are now (local win=1250272 remote win=1268622)
nc DEBUG: SSH: ssh_packet_need_rekey: rekey: [data_rekey_needed=0, out_blocks=1509, in_blocks=4256]
nc DEBUG: SSH: ssh_channel_read_timeout: Read (1) buffered : 2 bytes. Window: 1250272
nc DEBUG: SSH: ssh_channel_read_timeout: Read (1) buffered : 1 bytes. Window: 1250272
nc DEBUG: Received message:
<rpc-reply xmlns="urn:ietf:params:xml:ns:netconf:base:1.0" message-id="39"><next-update-at xmlns="urn:o-ran:supervision:1.0">2026-04-14T02:14:41+00:00</next-update-at></rpc-reply>

DATA
<next-update-at xmlns="urn:o-ran:supervision:1.0">2026-04-14T11:14:41+09:00</next-update-at>

nc DEBUG: Received message:
<notification xmlns="urn:ietf:params:xml:ns:netconf:notification:1.0"><eventTime>2026-04-14T02:14:41Z</eventTime><supervision-notification xmlns="urn:o-ran:supervision:1.0"/></notification>

notification (2026-04-14T02:14:41Z)
<supervision-notification xmlns="urn:o-ran:supervision:1.0"/>

Client SENT :  user-rpc --content /mplane_automation/conformance_test/watchdog.xml
nc DEBUG: Sending message:

#286


nc DEBUG: SSH: ssh_packet_need_rekey: rekey: [data_rekey_needed=0, out_blocks=1510, in_blocks=4283]
nc DEBUG: SSH: ssh_socket_unbuffered_write: Enabling POLLOUT for socket
nc DEBUG: SSH: packet_send2: packet: wrote [type=94, len=24, padding_size=8, comp=15, payload=15]
nc DEBUG: SSH: channel_write_common: ssh_channel_write wrote 6 bytes
nc DEBUG: Sending message:
<rpc xmlns="urn:ietf:params:xml:ns:netconf:base:1.0" message-id="40"><supervision-watchdog-reset xmlns="urn:o-ran:supervision:1.0"><supervision-notification-interval>10</supervision-notification-interval><guard-timer-overhead>10</guard-timer-overhead></supervision-watchdog-reset></rpc>

nc DEBUG: SSH: ssh_packet_need_rekey: rekey: [data_rekey_needed=0, out_blocks=1546, in_blocks=4318]
nc DEBUG: SSH: packet_send2: packet: wrote [type=94, len=304, padding_size=8, comp=295, payload=295]
nc DEBUG: SSH: channel_write_common: ssh_channel_write wrote 286 bytes
nc DEBUG: SSH: ssh_socket_unbuffered_write: Enabling POLLOUT for socket
nc DEBUG: Sending message:

##


nc DEBUG: SSH: ssh_packet_need_rekey: rekey: [data_rekey_needed=0, out_blocks=1547, in_blocks=4283]
nc DEBUG: SSH: packet_send2: packet: wrote [type=94, len=24, padding_size=10, comp=13, payload=13]
nc DEBUG: SSH: channel_write_common: ssh_channel_write wrote 4 bytes
nc DEBUG: SSH: ssh_socket_unbuffered_write: Enabling POLLOUT for socket
nc DEBUG: SSH: ssh_packet_socket_callback: packet: read type 94 [len=24,padding=8,comp=15,payload=15]
nc DEBUG: SSH: ssh_packet_process: Dispatching handler for packet type 94
nc DEBUG: SSH: channel_rcv_data: Channel receiving 6 bytes data in 0 (local win=1250073 remote win=1268326)
nc DEBUG: SSH: channel_default_bufferize: placing 6 bytes into channel buffer (stdout)
nc DEBUG: SSH: channel_rcv_data: Channel windows are now (local win=1250067 remote win=1268326)
nc DEBUG: SSH: ssh_packet_need_rekey: rekey: [data_rekey_needed=0, out_blocks=1547, in_blocks=4283]
nc DEBUG: SSH: ssh_channel_read_timeout: Read (2) buffered : 6 bytes. Window: 1250067
nc DEBUG: SSH: ssh_channel_read_timeout: Read (1) buffered : 4 bytes. Window: 1250067
nc DEBUG: SSH: ssh_channel_read_timeout: Read (1) buffered : 3 bytes. Window: 1250067
nc DEBUG: SSH: ssh_channel_read_timeout: Read (1) buffered : 2 bytes. Window: 1250067
nc DEBUG: SSH: ssh_channel_read_timeout: Read (1) buffered : 1 bytes. Window: 1250067
nc DEBUG: SSH: ssh_channel_read_timeout: Read (179) buffered : 0 bytes. Window: 1250067
nc DEBUG: SSH: ssh_channel_read_timeout: Read (179) buffered : 0 bytes. Window: 1250067
nc DEBUG: SSH: ssh_packet_socket_callback: packet: read type 94 [len=200,padding=11,comp=188,payload=188]
nc DEBUG: SSH: ssh_packet_process: Dispatching handler for packet type 94
nc DEBUG: SSH: channel_rcv_data: Channel receiving 179 bytes data in 0 (local win=1250067 remote win=1268326)
nc DEBUG: SSH: channel_default_bufferize: placing 179 bytes into channel buffer (stdout)
nc DEBUG: SSH: channel_rcv_data: Channel windows are now (local win=1249888 remote win=1268326)
nc DEBUG: SSH: ssh_packet_need_rekey: rekey: [data_rekey_needed=0, out_blocks=1547, in_blocks=4306]
nc DEBUG: SSH: ssh_channel_read_timeout: Read (2) buffered : 0 bytes. Window: 1249888
nc DEBUG: SSH: ssh_packet_socket_callback: packet: read type 94 [len=24,padding=10,comp=13,payload=13]
nc DEBUG: SSH: ssh_packet_process: Dispatching handler for packet type 94
nc DEBUG: SSH: channel_rcv_data: Channel receiving 4 bytes data in 0 (local win=1249888 remote win=1268326)
nc DEBUG: SSH: channel_default_bufferize: placing 4 bytes into channel buffer (stdout)
nc DEBUG: SSH: channel_rcv_data: Channel windows are now (local win=1249884 remote win=1268326)
nc DEBUG: SSH: ssh_packet_need_rekey: rekey: [data_rekey_needed=0, out_blocks=1547, in_blocks=4307]
nc DEBUG: SSH: ssh_channel_read_timeout: Read (1) buffered : 2 bytes. Window: 1249884
nc DEBUG: SSH: ssh_channel_read_timeout: Read (1) buffered : 1 bytes. Window: 1249884
nc DEBUG: Received message:
<rpc-reply xmlns="urn:ietf:params:xml:ns:netconf:base:1.0" message-id="40"><next-update-at xmlns="urn:o-ran:supervision:1.0">2026-04-14T02:14:51+00:00</next-update-at></rpc-reply>

DATA
<next-update-at xmlns="urn:o-ran:supervision:1.0">2026-04-14T11:14:51+09:00</next-update-at>

nc DEBUG: Received message:
<notification xmlns="urn:ietf:params:xml:ns:netconf:notification:1.0"><eventTime>2026-04-14T02:14:51Z</eventTime><supervision-notification xmlns="urn:o-ran:supervision:1.0"/></notification>

notification (2026-04-14T02:14:51Z)
<supervision-notification xmlns="urn:o-ran:supervision:1.0"/>

Client SENT :  user-rpc --content /mplane_automation/conformance_test/watchdog.xml
nc DEBUG: Sending message:

#286


nc DEBUG: SSH: ssh_packet_need_rekey: rekey: [data_rekey_needed=0, out_blocks=1548, in_blocks=4334]
nc DEBUG: SSH: ssh_socket_unbuffered_write: Enabling POLLOUT for socket
nc DEBUG: SSH: packet_send2: packet: wrote [type=94, len=24, padding_size=8, comp=15, payload=15]
nc DEBUG: SSH: channel_write_common: ssh_channel_write wrote 6 bytes
nc DEBUG: Sending message:
<rpc xmlns="urn:ietf:params:xml:ns:netconf:base:1.0" message-id="41"><supervision-watchdog-reset xmlns="urn:o-ran:supervision:1.0"><supervision-notification-interval>10</supervision-notification-interval><guard-timer-overhead>10</guard-timer-overhead></supervision-watchdog-reset></rpc>

nc DEBUG: SSH: ssh_packet_need_rekey: rekey: [data_rekey_needed=0, out_blocks=1584, in_blocks=4369]
nc DEBUG: SSH: packet_send2: packet: wrote [type=94, len=304, padding_size=8, comp=295, payload=295]
nc DEBUG: SSH: channel_write_common: ssh_channel_write wrote 286 bytes
nc DEBUG: SSH: ssh_socket_unbuffered_write: Enabling POLLOUT for socket
nc DEBUG: Sending message:

##


nc DEBUG: SSH: ssh_packet_need_rekey: rekey: [data_rekey_needed=0, out_blocks=1585, in_blocks=4334]
nc DEBUG: SSH: packet_send2: packet: wrote [type=94, len=24, padding_size=10, comp=13, payload=13]
nc DEBUG: SSH: channel_write_common: ssh_channel_write wrote 4 bytes
nc DEBUG: SSH: ssh_socket_unbuffered_write: Enabling POLLOUT for socket
nc DEBUG: SSH: ssh_packet_socket_callback: packet: read type 94 [len=24,padding=8,comp=15,payload=15]
nc DEBUG: SSH: ssh_packet_process: Dispatching handler for packet type 94
nc DEBUG: SSH: channel_rcv_data: Channel receiving 6 bytes data in 0 (local win=1249685 remote win=1268030)
nc DEBUG: SSH: channel_default_bufferize: placing 6 bytes into channel buffer (stdout)
nc DEBUG: SSH: channel_rcv_data: Channel windows are now (local win=1249679 remote win=1268030)
nc DEBUG: SSH: ssh_packet_socket_callback: Processing 220 bytes left in socket buffer
nc DEBUG: SSH: ssh_packet_socket_callback: packet: read type 94 [len=200,padding=11,comp=188,payload=188]
nc DEBUG: SSH: ssh_packet_process: Dispatching handler for packet type 94
nc DEBUG: SSH: channel_rcv_data: Channel receiving 179 bytes data in 0 (local win=1249679 remote win=1268030)
nc DEBUG: SSH: channel_default_bufferize: placing 179 bytes into channel buffer (stdout)
nc DEBUG: SSH: channel_rcv_data: Channel windows are now (local win=1249500 remote win=1268030)
nc DEBUG: SSH: ssh_packet_need_rekey: rekey: [data_rekey_needed=0, out_blocks=1585, in_blocks=4357]
nc DEBUG: SSH: ssh_packet_need_rekey: rekey: [data_rekey_needed=0, out_blocks=1585, in_blocks=4357]
nc DEBUG: SSH: ssh_channel_read_timeout: Read (2) buffered : 185 bytes. Window: 1249500
nc DEBUG: SSH: ssh_channel_read_timeout: Read (1) buffered : 183 bytes. Window: 1249500
nc DEBUG: SSH: ssh_channel_read_timeout: Read (1) buffered : 182 bytes. Window: 1249500
nc DEBUG: SSH: ssh_channel_read_timeout: Read (1) buffered : 181 bytes. Window: 1249500
nc DEBUG: SSH: ssh_channel_read_timeout: Read (1) buffered : 180 bytes. Window: 1249500
nc DEBUG: SSH: ssh_channel_read_timeout: Read (179) buffered : 179 bytes. Window: 1249500
nc DEBUG: SSH: ssh_channel_read_timeout: Read (2) buffered : 0 bytes. Window: 1249500
nc DEBUG: SSH: ssh_packet_socket_callback: packet: read type 94 [len=24,padding=10,comp=13,payload=13]
nc DEBUG: SSH: ssh_packet_process: Dispatching handler for packet type 94
nc DEBUG: SSH: channel_rcv_data: Channel receiving 4 bytes data in 0 (local win=1249500 remote win=1268030)
nc DEBUG: SSH: channel_default_bufferize: placing 4 bytes into channel buffer (stdout)
nc DEBUG: SSH: channel_rcv_data: Channel windows are now (local win=1249496 remote win=1268030)
nc DEBUG: SSH: ssh_packet_need_rekey: rekey: [data_rekey_needed=0, out_blocks=1585, in_blocks=4358]
nc DEBUG: SSH: ssh_channel_read_timeout: Read (1) buffered : 2 bytes. Window: 1249496
nc DEBUG: SSH: ssh_channel_read_timeout: Read (1) buffered : 1 bytes. Window: 1249496
nc DEBUG: Received message:
<rpc-reply xmlns="urn:ietf:params:xml:ns:netconf:base:1.0" message-id="41"><next-update-at xmlns="urn:o-ran:supervision:1.0">2026-04-14T02:15:01+00:00</next-update-at></rpc-reply>

DATA
<next-update-at xmlns="urn:o-ran:supervision:1.0">2026-04-14T11:15:01+09:00</next-update-at>

nc DEBUG: Received message:
<notification xmlns="urn:ietf:params:xml:ns:netconf:notification:1.0"><eventTime>2026-04-14T02:15:01Z</eventTime><supervision-notification xmlns="urn:o-ran:supervision:1.0"/></notification>

notification (2026-04-14T02:15:01Z)
<supervision-notification xmlns="urn:o-ran:supervision:1.0"/>

Client SENT :  user-rpc --content /mplane_automation/conformance_test/watchdog.xml
nc DEBUG: Sending message:

#286


nc DEBUG: SSH: ssh_packet_need_rekey: rekey: [data_rekey_needed=0, out_blocks=1586, in_blocks=4385]
nc DEBUG: SSH: ssh_socket_unbuffered_write: Enabling POLLOUT for socket
nc DEBUG: SSH: packet_send2: packet: wrote [type=94, len=24, padding_size=8, comp=15, payload=15]
nc DEBUG: SSH: channel_write_common: ssh_channel_write wrote 6 bytes
nc DEBUG: Sending message:
<rpc xmlns="urn:ietf:params:xml:ns:netconf:base:1.0" message-id="42"><supervision-watchdog-reset xmlns="urn:o-ran:supervision:1.0"><supervision-notification-interval>10</supervision-notification-interval><guard-timer-overhead>10</guard-timer-overhead></supervision-watchdog-reset></rpc>

nc DEBUG: SSH: ssh_packet_need_rekey: rekey: [data_rekey_needed=0, out_blocks=1622, in_blocks=4420]
nc DEBUG: SSH: packet_send2: packet: wrote [type=94, len=304, padding_size=8, comp=295, payload=295]
nc DEBUG: SSH: channel_write_common: ssh_channel_write wrote 286 bytes
nc DEBUG: SSH: ssh_socket_unbuffered_write: Enabling POLLOUT for socket
nc DEBUG: Sending message:

##


nc DEBUG: SSH: ssh_packet_need_rekey: rekey: [data_rekey_needed=0, out_blocks=1623, in_blocks=4385]
nc DEBUG: SSH: packet_send2: packet: wrote [type=94, len=24, padding_size=10, comp=13, payload=13]
nc DEBUG: SSH: channel_write_common: ssh_channel_write wrote 4 bytes
nc DEBUG: SSH: ssh_socket_unbuffered_write: Enabling POLLOUT for socket
nc DEBUG: SSH: ssh_packet_socket_callback: packet: read type 94 [len=24,padding=8,comp=15,payload=15]
nc DEBUG: SSH: ssh_packet_process: Dispatching handler for packet type 94
nc DEBUG: SSH: channel_rcv_data: Channel receiving 6 bytes data in 0 (local win=1249297 remote win=1267734)
nc DEBUG: SSH: channel_default_bufferize: placing 6 bytes into channel buffer (stdout)
nc DEBUG: SSH: channel_rcv_data: Channel windows are now (local win=1249291 remote win=1267734)
nc DEBUG: SSH: ssh_packet_socket_callback: Processing 220 bytes left in socket buffer
nc DEBUG: SSH: ssh_packet_socket_callback: packet: read type 94 [len=200,padding=11,comp=188,payload=188]
nc DEBUG: SSH: ssh_packet_process: Dispatching handler for packet type 94
nc DEBUG: SSH: channel_rcv_data: Channel receiving 179 bytes data in 0 (local win=1249291 remote win=1267734)
nc DEBUG: SSH: channel_default_bufferize: placing 179 bytes into channel buffer (stdout)
nc DEBUG: SSH: channel_rcv_data: Channel windows are now (local win=1249112 remote win=1267734)
nc DEBUG: SSH: ssh_packet_need_rekey: rekey: [data_rekey_needed=0, out_blocks=1623, in_blocks=4408]
nc DEBUG: SSH: ssh_packet_need_rekey: rekey: [data_rekey_needed=0, out_blocks=1623, in_blocks=4408]
nc DEBUG: SSH: ssh_channel_read_timeout: Read (2) buffered : 185 bytes. Window: 1249112
nc DEBUG: SSH: ssh_channel_read_timeout: Read (1) buffered : 183 bytes. Window: 1249112
nc DEBUG: SSH: ssh_channel_read_timeout: Read (1) buffered : 182 bytes. Window: 1249112
nc DEBUG: SSH: ssh_channel_read_timeout: Read (1) buffered : 181 bytes. Window: 1249112
nc DEBUG: SSH: ssh_channel_read_timeout: Read (1) buffered : 180 bytes. Window: 1249112
nc DEBUG: SSH: ssh_channel_read_timeout: Read (179) buffered : 179 bytes. Window: 1249112
nc DEBUG: SSH: ssh_channel_read_timeout: Read (2) buffered : 0 bytes. Window: 1249112
nc DEBUG: SSH: ssh_packet_socket_callback: packet: read type 94 [len=24,padding=10,comp=13,payload=13]
nc DEBUG: SSH: ssh_packet_process: Dispatching handler for packet type 94
nc DEBUG: SSH: channel_rcv_data: Channel receiving 4 bytes data in 0 (local win=1249112 remote win=1267734)
nc DEBUG: SSH: channel_default_bufferize: placing 4 bytes into channel buffer (stdout)
nc DEBUG: SSH: channel_rcv_data: Channel windows are now (local win=1249108 remote win=1267734)
nc DEBUG: SSH: ssh_packet_need_rekey: rekey: [data_rekey_needed=0, out_blocks=1623, in_blocks=4409]
nc DEBUG: SSH: ssh_channel_read_timeout: Read (1) buffered : 2 bytes. Window: 1249108
nc DEBUG: SSH: ssh_channel_read_timeout: Read (1) buffered : 1 bytes. Window: 1249108
nc DEBUG: Received message:
<rpc-reply xmlns="urn:ietf:params:xml:ns:netconf:base:1.0" message-id="42"><next-update-at xmlns="urn:o-ran:supervision:1.0">2026-04-14T02:15:11+00:00</next-update-at></rpc-reply>

DATA
<next-update-at xmlns="urn:o-ran:supervision:1.0">2026-04-14T11:15:11+09:00</next-update-at>

nc DEBUG: Received message:
<notification xmlns="urn:ietf:params:xml:ns:netconf:notification:1.0"><eventTime>2026-04-14T02:15:11Z</eventTime><supervision-notification xmlns="urn:o-ran:supervision:1.0"/></notification>

notification (2026-04-14T02:15:11Z)
<supervision-notification xmlns="urn:o-ran:supervision:1.0"/>

Client SENT :  user-rpc --content /mplane_automation/conformance_test/watchdog.xml
nc DEBUG: Sending message:

#286


nc DEBUG: SSH: ssh_packet_need_rekey: rekey: [data_rekey_needed=0, out_blocks=1624, in_blocks=4436]
nc DEBUG: SSH: ssh_socket_unbuffered_write: Enabling POLLOUT for socket
nc DEBUG: SSH: packet_send2: packet: wrote [type=94, len=24, padding_size=8, comp=15, payload=15]
nc DEBUG: SSH: channel_write_common: ssh_channel_write wrote 6 bytes
nc DEBUG: Sending message:
<rpc xmlns="urn:ietf:params:xml:ns:netconf:base:1.0" message-id="43"><supervision-watchdog-reset xmlns="urn:o-ran:supervision:1.0"><supervision-notification-interval>10</supervision-notification-interval><guard-timer-overhead>10</guard-timer-overhead></supervision-watchdog-reset></rpc>

nc DEBUG: SSH: ssh_packet_need_rekey: rekey: [data_rekey_needed=0, out_blocks=1660, in_blocks=4471]
nc DEBUG: SSH: packet_send2: packet: wrote [type=94, len=304, padding_size=8, comp=295, payload=295]
nc DEBUG: SSH: channel_write_common: ssh_channel_write wrote 286 bytes
nc DEBUG: SSH: ssh_socket_unbuffered_write: Enabling POLLOUT for socket
nc DEBUG: Sending message:

##


nc DEBUG: SSH: ssh_packet_need_rekey: rekey: [data_rekey_needed=0, out_blocks=1661, in_blocks=4436]
nc DEBUG: SSH: packet_send2: packet: wrote [type=94, len=24, padding_size=10, comp=13, payload=13]
nc DEBUG: SSH: channel_write_common: ssh_channel_write wrote 4 bytes
nc DEBUG: SSH: ssh_socket_unbuffered_write: Enabling POLLOUT for socket
nc DEBUG: SSH: ssh_packet_socket_callback: packet: read type 94 [len=24,padding=8,comp=15,payload=15]
nc DEBUG: SSH: ssh_packet_process: Dispatching handler for packet type 94
nc DEBUG: SSH: channel_rcv_data: Channel receiving 6 bytes data in 0 (local win=1248909 remote win=1267438)
nc DEBUG: SSH: channel_default_bufferize: placing 6 bytes into channel buffer (stdout)
nc DEBUG: SSH: channel_rcv_data: Channel windows are now (local win=1248903 remote win=1267438)
nc DEBUG: SSH: ssh_packet_socket_callback: Processing 220 bytes left in socket buffer
nc DEBUG: SSH: ssh_packet_socket_callback: packet: read type 94 [len=200,padding=11,comp=188,payload=188]
nc DEBUG: SSH: ssh_packet_process: Dispatching handler for packet type 94
nc DEBUG: SSH: channel_rcv_data: Channel receiving 179 bytes data in 0 (local win=1248903 remote win=1267438)
nc DEBUG: SSH: channel_default_bufferize: placing 179 bytes into channel buffer (stdout)
nc DEBUG: SSH: channel_rcv_data: Channel windows are now (local win=1248724 remote win=1267438)
nc DEBUG: SSH: ssh_packet_need_rekey: rekey: [data_rekey_needed=0, out_blocks=1661, in_blocks=4459]
nc DEBUG: SSH: ssh_packet_need_rekey: rekey: [data_rekey_needed=0, out_blocks=1661, in_blocks=4459]
nc DEBUG: SSH: ssh_channel_read_timeout: Read (2) buffered : 185 bytes. Window: 1248724
nc DEBUG: SSH: ssh_channel_read_timeout: Read (1) buffered : 183 bytes. Window: 1248724
nc DEBUG: SSH: ssh_channel_read_timeout: Read (1) buffered : 182 bytes. Window: 1248724
nc DEBUG: SSH: ssh_channel_read_timeout: Read (1) buffered : 181 bytes. Window: 1248724
nc DEBUG: SSH: ssh_channel_read_timeout: Read (1) buffered : 180 bytes. Window: 1248724
nc DEBUG: SSH: ssh_channel_read_timeout: Read (179) buffered : 179 bytes. Window: 1248724
nc DEBUG: SSH: ssh_channel_read_timeout: Read (2) buffered : 0 bytes. Window: 1248724
nc DEBUG: SSH: ssh_packet_socket_callback: packet: read type 94 [len=24,padding=10,comp=13,payload=13]
nc DEBUG: SSH: ssh_packet_process: Dispatching handler for packet type 94
nc DEBUG: SSH: channel_rcv_data: Channel receiving 4 bytes data in 0 (local win=1248724 remote win=1267438)
nc DEBUG: SSH: channel_default_bufferize: placing 4 bytes into channel buffer (stdout)
nc DEBUG: SSH: channel_rcv_data: Channel windows are now (local win=1248720 remote win=1267438)
nc DEBUG: SSH: ssh_packet_need_rekey: rekey: [data_rekey_needed=0, out_blocks=1661, in_blocks=4460]
nc DEBUG: SSH: ssh_channel_read_timeout: Read (1) buffered : 2 bytes. Window: 1248720
nc DEBUG: SSH: ssh_channel_read_timeout: Read (1) buffered : 1 bytes. Window: 1248720
nc DEBUG: Received message:
<rpc-reply xmlns="urn:ietf:params:xml:ns:netconf:base:1.0" message-id="43"><next-update-at xmlns="urn:o-ran:supervision:1.0">2026-04-14T02:15:21+00:00</next-update-at></rpc-reply>

DATA
<next-update-at xmlns="urn:o-ran:supervision:1.0">2026-04-14T11:15:21+09:00</next-update-at>

nc DEBUG: Received message:
<notification xmlns="urn:ietf:params:xml:ns:netconf:notification:1.0"><eventTime>2026-04-14T02:15:21Z</eventTime><supervision-notification xmlns="urn:o-ran:supervision:1.0"/></notification>

notification (2026-04-14T02:15:21Z)
<supervision-notification xmlns="urn:o-ran:supervision:1.0"/>

Client SENT :  user-rpc --content /mplane_automation/conformance_test/watchdog.xml
nc DEBUG: Sending message:

#286


nc DEBUG: SSH: ssh_packet_need_rekey: rekey: [data_rekey_needed=0, out_blocks=1662, in_blocks=4487]
nc DEBUG: SSH: ssh_socket_unbuffered_write: Enabling POLLOUT for socket
nc DEBUG: SSH: packet_send2: packet: wrote [type=94, len=24, padding_size=8, comp=15, payload=15]
nc DEBUG: SSH: channel_write_common: ssh_channel_write wrote 6 bytes
nc DEBUG: Sending message:
<rpc xmlns="urn:ietf:params:xml:ns:netconf:base:1.0" message-id="44"><supervision-watchdog-reset xmlns="urn:o-ran:supervision:1.0"><supervision-notification-interval>10</supervision-notification-interval><guard-timer-overhead>10</guard-timer-overhead></supervision-watchdog-reset></rpc>

nc DEBUG: SSH: ssh_packet_need_rekey: rekey: [data_rekey_needed=0, out_blocks=1698, in_blocks=4522]
nc DEBUG: SSH: packet_send2: packet: wrote [type=94, len=304, padding_size=8, comp=295, payload=295]
nc DEBUG: SSH: channel_write_common: ssh_channel_write wrote 286 bytes
nc DEBUG: SSH: ssh_socket_unbuffered_write: Enabling POLLOUT for socket
nc DEBUG: Sending message:

##


nc DEBUG: SSH: ssh_packet_need_rekey: rekey: [data_rekey_needed=0, out_blocks=1699, in_blocks=4487]
nc DEBUG: SSH: packet_send2: packet: wrote [type=94, len=24, padding_size=10, comp=13, payload=13]
nc DEBUG: SSH: channel_write_common: ssh_channel_write wrote 4 bytes
nc DEBUG: SSH: ssh_socket_unbuffered_write: Enabling POLLOUT for socket
nc DEBUG: SSH: ssh_packet_socket_callback: packet: read type 94 [len=24,padding=8,comp=15,payload=15]
nc DEBUG: SSH: ssh_packet_process: Dispatching handler for packet type 94
nc DEBUG: SSH: channel_rcv_data: Channel receiving 6 bytes data in 0 (local win=1248521 remote win=1267142)
nc DEBUG: SSH: channel_default_bufferize: placing 6 bytes into channel buffer (stdout)
nc DEBUG: SSH: channel_rcv_data: Channel windows are now (local win=1248515 remote win=1267142)
nc DEBUG: SSH: ssh_packet_socket_callback: Processing 220 bytes left in socket buffer
nc DEBUG: SSH: ssh_packet_socket_callback: packet: read type 94 [len=200,padding=11,comp=188,payload=188]
nc DEBUG: SSH: ssh_packet_process: Dispatching handler for packet type 94
nc DEBUG: SSH: channel_rcv_data: Channel receiving 179 bytes data in 0 (local win=1248515 remote win=1267142)
nc DEBUG: SSH: channel_default_bufferize: placing 179 bytes into channel buffer (stdout)
nc DEBUG: SSH: channel_rcv_data: Channel windows are now (local win=1248336 remote win=1267142)
nc DEBUG: SSH: ssh_packet_need_rekey: rekey: [data_rekey_needed=0, out_blocks=1699, in_blocks=4510]
nc DEBUG: SSH: ssh_packet_need_rekey: rekey: [data_rekey_needed=0, out_blocks=1699, in_blocks=4510]
nc DEBUG: SSH: ssh_channel_read_timeout: Read (2) buffered : 185 bytes. Window: 1248336
nc DEBUG: SSH: ssh_channel_read_timeout: Read (1) buffered : 183 bytes. Window: 1248336
nc DEBUG: SSH: ssh_channel_read_timeout: Read (1) buffered : 182 bytes. Window: 1248336
nc DEBUG: SSH: ssh_channel_read_timeout: Read (1) buffered : 181 bytes. Window: 1248336
nc DEBUG: SSH: ssh_channel_read_timeout: Read (1) buffered : 180 bytes. Window: 1248336
nc DEBUG: SSH: ssh_channel_read_timeout: Read (179) buffered : 179 bytes. Window: 1248336
nc DEBUG: SSH: ssh_channel_read_timeout: Read (2) buffered : 0 bytes. Window: 1248336
nc DEBUG: SSH: ssh_packet_socket_callback: packet: read type 94 [len=24,padding=10,comp=13,payload=13]
nc DEBUG: SSH: ssh_packet_process: Dispatching handler for packet type 94
nc DEBUG: SSH: channel_rcv_data: Channel receiving 4 bytes data in 0 (local win=1248336 remote win=1267142)
nc DEBUG: SSH: channel_default_bufferize: placing 4 bytes into channel buffer (stdout)
nc DEBUG: SSH: channel_rcv_data: Channel windows are now (local win=1248332 remote win=1267142)
nc DEBUG: SSH: ssh_packet_need_rekey: rekey: [data_rekey_needed=0, out_blocks=1699, in_blocks=4511]
nc DEBUG: SSH: ssh_channel_read_timeout: Read (1) buffered : 2 bytes. Window: 1248332
nc DEBUG: SSH: ssh_channel_read_timeout: Read (1) buffered : 1 bytes. Window: 1248332
nc DEBUG: Received message:
<rpc-reply xmlns="urn:ietf:params:xml:ns:netconf:base:1.0" message-id="44"><next-update-at xmlns="urn:o-ran:supervision:1.0">2026-04-14T02:15:31+00:00</next-update-at></rpc-reply>

DATA
<next-update-at xmlns="urn:o-ran:supervision:1.0">2026-04-14T11:15:31+09:00</next-update-at>

nc DEBUG: Received message:
<notification xmlns="urn:ietf:params:xml:ns:netconf:notification:1.0"><eventTime>2026-04-14T02:15:31Z</eventTime><supervision-notification xmlns="urn:o-ran:supervision:1.0"/></notification>

notification (2026-04-14T02:15:31Z)
<supervision-notification xmlns="urn:o-ran:supervision:1.0"/>

Client SENT :  user-rpc --content /mplane_automation/conformance_test/watchdog.xml
nc DEBUG: Sending message:

#286


nc DEBUG: SSH: ssh_packet_need_rekey: rekey: [data_rekey_needed=0, out_blocks=1700, in_blocks=4538]
nc DEBUG: SSH: ssh_socket_unbuffered_write: Enabling POLLOUT for socket
nc DEBUG: SSH: packet_send2: packet: wrote [type=94, len=24, padding_size=8, comp=15, payload=15]
nc DEBUG: SSH: channel_write_common: ssh_channel_write wrote 6 bytes
nc DEBUG: Sending message:
<rpc xmlns="urn:ietf:params:xml:ns:netconf:base:1.0" message-id="45"><supervision-watchdog-reset xmlns="urn:o-ran:supervision:1.0"><supervision-notification-interval>10</supervision-notification-interval><guard-timer-overhead>10</guard-timer-overhead></supervision-watchdog-reset></rpc>

nc DEBUG: SSH: ssh_packet_need_rekey: rekey: [data_rekey_needed=0, out_blocks=1736, in_blocks=4573]
nc DEBUG: SSH: packet_send2: packet: wrote [type=94, len=304, padding_size=8, comp=295, payload=295]
nc DEBUG: SSH: channel_write_common: ssh_channel_write wrote 286 bytes
nc DEBUG: SSH: ssh_socket_unbuffered_write: Enabling POLLOUT for socket
nc DEBUG: Sending message:

##


nc DEBUG: SSH: ssh_packet_need_rekey: rekey: [data_rekey_needed=0, out_blocks=1737, in_blocks=4538]
nc DEBUG: SSH: packet_send2: packet: wrote [type=94, len=24, padding_size=10, comp=13, payload=13]
nc DEBUG: SSH: channel_write_common: ssh_channel_write wrote 4 bytes
nc DEBUG: SSH: ssh_socket_unbuffered_write: Enabling POLLOUT for socket
nc DEBUG: SSH: ssh_packet_socket_callback: packet: read type 94 [len=24,padding=8,comp=15,payload=15]
nc DEBUG: SSH: ssh_packet_process: Dispatching handler for packet type 94
nc DEBUG: SSH: channel_rcv_data: Channel receiving 6 bytes data in 0 (local win=1248133 remote win=1266846)
nc DEBUG: SSH: channel_default_bufferize: placing 6 bytes into channel buffer (stdout)
nc DEBUG: SSH: channel_rcv_data: Channel windows are now (local win=1248127 remote win=1266846)
nc DEBUG: SSH: ssh_packet_socket_callback: Processing 220 bytes left in socket buffer
nc DEBUG: SSH: ssh_packet_socket_callback: packet: read type 94 [len=200,padding=11,comp=188,payload=188]
nc DEBUG: SSH: ssh_packet_process: Dispatching handler for packet type 94
nc DEBUG: SSH: channel_rcv_data: Channel receiving 179 bytes data in 0 (local win=1248127 remote win=1266846)
nc DEBUG: SSH: channel_default_bufferize: placing 179 bytes into channel buffer (stdout)
nc DEBUG: SSH: channel_rcv_data: Channel windows are now (local win=1247948 remote win=1266846)
nc DEBUG: SSH: ssh_packet_need_rekey: rekey: [data_rekey_needed=0, out_blocks=1737, in_blocks=4561]
nc DEBUG: SSH: ssh_packet_need_rekey: rekey: [data_rekey_needed=0, out_blocks=1737, in_blocks=4561]
nc DEBUG: SSH: ssh_channel_read_timeout: Read (2) buffered : 185 bytes. Window: 1247948
nc DEBUG: SSH: ssh_channel_read_timeout: Read (1) buffered : 183 bytes. Window: 1247948
nc DEBUG: SSH: ssh_channel_read_timeout: Read (1) buffered : 182 bytes. Window: 1247948
nc DEBUG: SSH: ssh_channel_read_timeout: Read (1) buffered : 181 bytes. Window: 1247948
nc DEBUG: SSH: ssh_channel_read_timeout: Read (1) buffered : 180 bytes. Window: 1247948
nc DEBUG: SSH: ssh_channel_read_timeout: Read (179) buffered : 179 bytes. Window: 1247948
nc DEBUG: SSH: ssh_channel_read_timeout: Read (2) buffered : 0 bytes. Window: 1247948
nc DEBUG: SSH: ssh_packet_socket_callback: packet: read type 94 [len=24,padding=10,comp=13,payload=13]
nc DEBUG: SSH: ssh_packet_process: Dispatching handler for packet type 94
nc DEBUG: SSH: channel_rcv_data: Channel receiving 4 bytes data in 0 (local win=1247948 remote win=1266846)
nc DEBUG: SSH: channel_default_bufferize: placing 4 bytes into channel buffer (stdout)
nc DEBUG: SSH: channel_rcv_data: Channel windows are now (local win=1247944 remote win=1266846)
nc DEBUG: SSH: ssh_packet_need_rekey: rekey: [data_rekey_needed=0, out_blocks=1737, in_blocks=4562]
nc DEBUG: SSH: ssh_channel_read_timeout: Read (1) buffered : 2 bytes. Window: 1247944
nc DEBUG: SSH: ssh_channel_read_timeout: Read (1) buffered : 1 bytes. Window: 1247944
nc DEBUG: Received message:
<rpc-reply xmlns="urn:ietf:params:xml:ns:netconf:base:1.0" message-id="45"><next-update-at xmlns="urn:o-ran:supervision:1.0">2026-04-14T02:15:41+00:00</next-update-at></rpc-reply>

DATA
<next-update-at xmlns="urn:o-ran:supervision:1.0">2026-04-14T11:15:41+09:00</next-update-at>

nc DEBUG: Received message:
<notification xmlns="urn:ietf:params:xml:ns:netconf:notification:1.0"><eventTime>2026-04-14T02:15:41Z</eventTime><supervision-notification xmlns="urn:o-ran:supervision:1.0"/></notification>

notification (2026-04-14T02:15:41Z)
<supervision-notification xmlns="urn:o-ran:supervision:1.0"/>

Client SENT :  user-rpc --content /mplane_automation/conformance_test/watchdog.xml
nc DEBUG: Sending message:

#286


nc DEBUG: SSH: ssh_packet_need_rekey: rekey: [data_rekey_needed=0, out_blocks=1738, in_blocks=4589]
nc DEBUG: SSH: ssh_socket_unbuffered_write: Enabling POLLOUT for socket
nc DEBUG: SSH: packet_send2: packet: wrote [type=94, len=24, padding_size=8, comp=15, payload=15]
nc DEBUG: SSH: channel_write_common: ssh_channel_write wrote 6 bytes
nc DEBUG: Sending message:
<rpc xmlns="urn:ietf:params:xml:ns:netconf:base:1.0" message-id="46"><supervision-watchdog-reset xmlns="urn:o-ran:supervision:1.0"><supervision-notification-interval>10</supervision-notification-interval><guard-timer-overhead>10</guard-timer-overhead></supervision-watchdog-reset></rpc>

nc DEBUG: SSH: ssh_packet_need_rekey: rekey: [data_rekey_needed=0, out_blocks=1774, in_blocks=4624]
nc DEBUG: SSH: packet_send2: packet: wrote [type=94, len=304, padding_size=8, comp=295, payload=295]
nc DEBUG: SSH: channel_write_common: ssh_channel_write wrote 286 bytes
nc DEBUG: SSH: ssh_socket_unbuffered_write: Enabling POLLOUT for socket
nc DEBUG: Sending message:

##


nc DEBUG: SSH: ssh_packet_need_rekey: rekey: [data_rekey_needed=0, out_blocks=1775, in_blocks=4589]
nc DEBUG: SSH: packet_send2: packet: wrote [type=94, len=24, padding_size=10, comp=13, payload=13]
nc DEBUG: SSH: channel_write_common: ssh_channel_write wrote 4 bytes
nc DEBUG: SSH: ssh_socket_unbuffered_write: Enabling POLLOUT for socket
nc DEBUG: SSH: ssh_packet_socket_callback: packet: read type 94 [len=24,padding=8,comp=15,payload=15]
nc DEBUG: SSH: ssh_packet_process: Dispatching handler for packet type 94
nc DEBUG: SSH: channel_rcv_data: Channel receiving 6 bytes data in 0 (local win=1247745 remote win=1266550)
nc DEBUG: SSH: channel_default_bufferize: placing 6 bytes into channel buffer (stdout)
nc DEBUG: SSH: channel_rcv_data: Channel windows are now (local win=1247739 remote win=1266550)
nc DEBUG: SSH: ssh_packet_socket_callback: Processing 220 bytes left in socket buffer
nc DEBUG: SSH: ssh_packet_socket_callback: packet: read type 94 [len=200,padding=11,comp=188,payload=188]
nc DEBUG: SSH: ssh_packet_process: Dispatching handler for packet type 94
nc DEBUG: SSH: channel_rcv_data: Channel receiving 179 bytes data in 0 (local win=1247739 remote win=1266550)
nc DEBUG: SSH: channel_default_bufferize: placing 179 bytes into channel buffer (stdout)
nc DEBUG: SSH: channel_rcv_data: Channel windows are now (local win=1247560 remote win=1266550)
nc DEBUG: SSH: ssh_packet_need_rekey: rekey: [data_rekey_needed=0, out_blocks=1775, in_blocks=4612]
nc DEBUG: SSH: ssh_packet_need_rekey: rekey: [data_rekey_needed=0, out_blocks=1775, in_blocks=4612]
nc DEBUG: SSH: ssh_channel_read_timeout: Read (2) buffered : 185 bytes. Window: 1247560
nc DEBUG: SSH: ssh_channel_read_timeout: Read (1) buffered : 183 bytes. Window: 1247560
nc DEBUG: SSH: ssh_channel_read_timeout: Read (1) buffered : 182 bytes. Window: 1247560
nc DEBUG: SSH: ssh_channel_read_timeout: Read (1) buffered : 181 bytes. Window: 1247560
nc DEBUG: SSH: ssh_channel_read_timeout: Read (1) buffered : 180 bytes. Window: 1247560
nc DEBUG: SSH: ssh_channel_read_timeout: Read (179) buffered : 179 bytes. Window: 1247560
nc DEBUG: SSH: ssh_channel_read_timeout: Read (2) buffered : 0 bytes. Window: 1247560
nc DEBUG: SSH: ssh_packet_socket_callback: packet: read type 94 [len=24,padding=10,comp=13,payload=13]
nc DEBUG: SSH: ssh_packet_process: Dispatching handler for packet type 94
nc DEBUG: SSH: channel_rcv_data: Channel receiving 4 bytes data in 0 (local win=1247560 remote win=1266550)
nc DEBUG: SSH: channel_default_bufferize: placing 4 bytes into channel buffer (stdout)
nc DEBUG: SSH: channel_rcv_data: Channel windows are now (local win=1247556 remote win=1266550)
nc DEBUG: SSH: ssh_packet_need_rekey: rekey: [data_rekey_needed=0, out_blocks=1775, in_blocks=4613]
nc DEBUG: SSH: ssh_channel_read_timeout: Read (1) buffered : 2 bytes. Window: 1247556
nc DEBUG: SSH: ssh_channel_read_timeout: Read (1) buffered : 1 bytes. Window: 1247556
nc DEBUG: Received message:
<rpc-reply xmlns="urn:ietf:params:xml:ns:netconf:base:1.0" message-id="46"><next-update-at xmlns="urn:o-ran:supervision:1.0">2026-04-14T02:15:51+00:00</next-update-at></rpc-reply>

DATA
<next-update-at xmlns="urn:o-ran:supervision:1.0">2026-04-14T11:15:51+09:00</next-update-at>

nc DEBUG: Received message:
<notification xmlns="urn:ietf:params:xml:ns:netconf:notification:1.0"><eventTime>2026-04-14T02:15:51Z</eventTime><supervision-notification xmlns="urn:o-ran:supervision:1.0"/></notification>

notification (2026-04-14T02:15:51Z)
<supervision-notification xmlns="urn:o-ran:supervision:1.0"/>

Client SENT :  user-rpc --content /mplane_automation/conformance_test/watchdog.xml
nc DEBUG: Sending message:

#286


nc DEBUG: SSH: ssh_packet_need_rekey: rekey: [data_rekey_needed=0, out_blocks=1776, in_blocks=4640]
nc DEBUG: SSH: ssh_socket_unbuffered_write: Enabling POLLOUT for socket
nc DEBUG: SSH: packet_send2: packet: wrote [type=94, len=24, padding_size=8, comp=15, payload=15]
nc DEBUG: SSH: channel_write_common: ssh_channel_write wrote 6 bytes
nc DEBUG: Sending message:
<rpc xmlns="urn:ietf:params:xml:ns:netconf:base:1.0" message-id="47"><supervision-watchdog-reset xmlns="urn:o-ran:supervision:1.0"><supervision-notification-interval>10</supervision-notification-interval><guard-timer-overhead>10</guard-timer-overhead></supervision-watchdog-reset></rpc>

nc DEBUG: SSH: ssh_packet_need_rekey: rekey: [data_rekey_needed=0, out_blocks=1812, in_blocks=4675]
nc DEBUG: SSH: packet_send2: packet: wrote [type=94, len=304, padding_size=8, comp=295, payload=295]
nc DEBUG: SSH: channel_write_common: ssh_channel_write wrote 286 bytes
nc DEBUG: SSH: ssh_socket_unbuffered_write: Enabling POLLOUT for socket
nc DEBUG: Sending message:

##


nc DEBUG: SSH: ssh_packet_need_rekey: rekey: [data_rekey_needed=0, out_blocks=1813, in_blocks=4640]
nc DEBUG: SSH: packet_send2: packet: wrote [type=94, len=24, padding_size=10, comp=13, payload=13]
nc DEBUG: SSH: channel_write_common: ssh_channel_write wrote 4 bytes
nc DEBUG: SSH: ssh_socket_unbuffered_write: Enabling POLLOUT for socket
nc DEBUG: SSH: ssh_packet_socket_callback: packet: read type 94 [len=24,padding=8,comp=15,payload=15]
nc DEBUG: SSH: ssh_packet_process: Dispatching handler for packet type 94
nc DEBUG: SSH: channel_rcv_data: Channel receiving 6 bytes data in 0 (local win=1247357 remote win=1266254)
nc DEBUG: SSH: channel_default_bufferize: placing 6 bytes into channel buffer (stdout)
nc DEBUG: SSH: channel_rcv_data: Channel windows are now (local win=1247351 remote win=1266254)
nc DEBUG: SSH: ssh_packet_socket_callback: Processing 220 bytes left in socket buffer
nc DEBUG: SSH: ssh_packet_socket_callback: packet: read type 94 [len=200,padding=11,comp=188,payload=188]
nc DEBUG: SSH: ssh_packet_process: Dispatching handler for packet type 94
nc DEBUG: SSH: channel_rcv_data: Channel receiving 179 bytes data in 0 (local win=1247351 remote win=1266254)
nc DEBUG: SSH: channel_default_bufferize: placing 179 bytes into channel buffer (stdout)
nc DEBUG: SSH: channel_rcv_data: Channel windows are now (local win=1247172 remote win=1266254)
nc DEBUG: SSH: ssh_packet_need_rekey: rekey: [data_rekey_needed=0, out_blocks=1813, in_blocks=4663]
nc DEBUG: SSH: ssh_packet_need_rekey: rekey: [data_rekey_needed=0, out_blocks=1813, in_blocks=4663]
nc DEBUG: SSH: ssh_channel_read_timeout: Read (2) buffered : 185 bytes. Window: 1247172
nc DEBUG: SSH: ssh_channel_read_timeout: Read (1) buffered : 183 bytes. Window: 1247172
nc DEBUG: SSH: ssh_channel_read_timeout: Read (1) buffered : 182 bytes. Window: 1247172
nc DEBUG: SSH: ssh_channel_read_timeout: Read (1) buffered : 181 bytes. Window: 1247172
nc DEBUG: SSH: ssh_channel_read_timeout: Read (1) buffered : 180 bytes. Window: 1247172
nc DEBUG: SSH: ssh_channel_read_timeout: Read (179) buffered : 179 bytes. Window: 1247172
nc DEBUG: SSH: ssh_channel_read_timeout: Read (2) buffered : 0 bytes. Window: 1247172
nc DEBUG: SSH: ssh_packet_socket_callback: packet: read type 94 [len=24,padding=10,comp=13,payload=13]
nc DEBUG: SSH: ssh_packet_process: Dispatching handler for packet type 94
nc DEBUG: SSH: channel_rcv_data: Channel receiving 4 bytes data in 0 (local win=1247172 remote win=1266254)
nc DEBUG: SSH: channel_default_bufferize: placing 4 bytes into channel buffer (stdout)
nc DEBUG: SSH: channel_rcv_data: Channel windows are now (local win=1247168 remote win=1266254)
nc DEBUG: SSH: ssh_packet_need_rekey: rekey: [data_rekey_needed=0, out_blocks=1813, in_blocks=4664]
nc DEBUG: SSH: ssh_channel_read_timeout: Read (1) buffered : 2 bytes. Window: 1247168
nc DEBUG: SSH: ssh_channel_read_timeout: Read (1) buffered : 1 bytes. Window: 1247168
nc DEBUG: Received message:
<rpc-reply xmlns="urn:ietf:params:xml:ns:netconf:base:1.0" message-id="47"><next-update-at xmlns="urn:o-ran:supervision:1.0">2026-04-14T02:16:01+00:00</next-update-at></rpc-reply>

DATA
<next-update-at xmlns="urn:o-ran:supervision:1.0">2026-04-14T11:16:01+09:00</next-update-at>

nc DEBUG: Received message:
<notification xmlns="urn:ietf:params:xml:ns:netconf:notification:1.0"><eventTime>2026-04-14T02:16:01Z</eventTime><supervision-notification xmlns="urn:o-ran:supervision:1.0"/></notification>

notification (2026-04-14T02:16:01Z)
<supervision-notification xmlns="urn:o-ran:supervision:1.0"/>

Client SENT :  user-rpc --content /mplane_automation/conformance_test/watchdog.xml
nc DEBUG: Sending message:

#286


nc DEBUG: SSH: ssh_packet_need_rekey: rekey: [data_rekey_needed=0, out_blocks=1814, in_blocks=4691]
nc DEBUG: SSH: ssh_socket_unbuffered_write: Enabling POLLOUT for socket
nc DEBUG: SSH: packet_send2: packet: wrote [type=94, len=24, padding_size=8, comp=15, payload=15]
nc DEBUG: SSH: channel_write_common: ssh_channel_write wrote 6 bytes
nc DEBUG: Sending message:
<rpc xmlns="urn:ietf:params:xml:ns:netconf:base:1.0" message-id="48"><supervision-watchdog-reset xmlns="urn:o-ran:supervision:1.0"><supervision-notification-interval>10</supervision-notification-interval><guard-timer-overhead>10</guard-timer-overhead></supervision-watchdog-reset></rpc>

nc DEBUG: SSH: ssh_packet_need_rekey: rekey: [data_rekey_needed=0, out_blocks=1850, in_blocks=4726]
nc DEBUG: SSH: packet_send2: packet: wrote [type=94, len=304, padding_size=8, comp=295, payload=295]
nc DEBUG: SSH: channel_write_common: ssh_channel_write wrote 286 bytes
nc DEBUG: SSH: ssh_socket_unbuffered_write: Enabling POLLOUT for socket
nc DEBUG: Sending message:

##


nc DEBUG: SSH: ssh_packet_need_rekey: rekey: [data_rekey_needed=0, out_blocks=1851, in_blocks=4691]
nc DEBUG: SSH: packet_send2: packet: wrote [type=94, len=24, padding_size=10, comp=13, payload=13]
nc DEBUG: SSH: channel_write_common: ssh_channel_write wrote 4 bytes
nc DEBUG: SSH: ssh_socket_unbuffered_write: Enabling POLLOUT for socket
nc DEBUG: SSH: ssh_packet_socket_callback: packet: read type 94 [len=24,padding=8,comp=15,payload=15]
nc DEBUG: SSH: ssh_packet_process: Dispatching handler for packet type 94
nc DEBUG: SSH: channel_rcv_data: Channel receiving 6 bytes data in 0 (local win=1246969 remote win=1265958)
nc DEBUG: SSH: channel_default_bufferize: placing 6 bytes into channel buffer (stdout)
nc DEBUG: SSH: channel_rcv_data: Channel windows are now (local win=1246963 remote win=1265958)
nc DEBUG: SSH: ssh_packet_need_rekey: rekey: [data_rekey_needed=0, out_blocks=1851, in_blocks=4691]
nc DEBUG: SSH: ssh_channel_read_timeout: Read (2) buffered : 6 bytes. Window: 1246963
nc DEBUG: SSH: ssh_channel_read_timeout: Read (1) buffered : 4 bytes. Window: 1246963
nc DEBUG: SSH: ssh_channel_read_timeout: Read (1) buffered : 3 bytes. Window: 1246963
nc DEBUG: SSH: ssh_channel_read_timeout: Read (1) buffered : 2 bytes. Window: 1246963
nc DEBUG: SSH: ssh_channel_read_timeout: Read (1) buffered : 1 bytes. Window: 1246963
nc DEBUG: SSH: ssh_channel_read_timeout: Read (179) buffered : 0 bytes. Window: 1246963
nc DEBUG: SSH: ssh_packet_socket_callback: packet: read type 94 [len=200,padding=11,comp=188,payload=188]
nc DEBUG: SSH: ssh_packet_process: Dispatching handler for packet type 94
nc DEBUG: SSH: channel_rcv_data: Channel receiving 179 bytes data in 0 (local win=1246963 remote win=1265958)
nc DEBUG: SSH: channel_default_bufferize: placing 179 bytes into channel buffer (stdout)
nc DEBUG: SSH: channel_rcv_data: Channel windows are now (local win=1246784 remote win=1265958)
nc DEBUG: SSH: ssh_packet_socket_callback: Processing 44 bytes left in socket buffer
nc DEBUG: SSH: ssh_packet_socket_callback: packet: read type 94 [len=24,padding=10,comp=13,payload=13]
nc DEBUG: SSH: ssh_packet_process: Dispatching handler for packet type 94
nc DEBUG: SSH: channel_rcv_data: Channel receiving 4 bytes data in 0 (local win=1246784 remote win=1265958)
nc DEBUG: SSH: channel_default_bufferize: placing 4 bytes into channel buffer (stdout)
nc DEBUG: SSH: channel_rcv_data: Channel windows are now (local win=1246780 remote win=1265958)
nc DEBUG: SSH: ssh_packet_need_rekey: rekey: [data_rekey_needed=0, out_blocks=1851, in_blocks=4715]
nc DEBUG: SSH: ssh_packet_need_rekey: rekey: [data_rekey_needed=0, out_blocks=1851, in_blocks=4715]
nc DEBUG: SSH: ssh_channel_read_timeout: Read (2) buffered : 4 bytes. Window: 1246780
nc DEBUG: SSH: ssh_channel_read_timeout: Read (1) buffered : 2 bytes. Window: 1246780
nc DEBUG: SSH: ssh_channel_read_timeout: Read (1) buffered : 1 bytes. Window: 1246780
nc DEBUG: Received message:
<rpc-reply xmlns="urn:ietf:params:xml:ns:netconf:base:1.0" message-id="48"><next-update-at xmlns="urn:o-ran:supervision:1.0">2026-04-14T02:16:11+00:00</next-update-at></rpc-reply>

DATA
<next-update-at xmlns="urn:o-ran:supervision:1.0">2026-04-14T11:16:11+09:00</next-update-at>

nc DEBUG: Received message:
<notification xmlns="urn:ietf:params:xml:ns:netconf:notification:1.0"><eventTime>2026-04-14T02:16:11Z</eventTime><supervision-notification xmlns="urn:o-ran:supervision:1.0"/></notification>

notification (2026-04-14T02:16:11Z)
<supervision-notification xmlns="urn:o-ran:supervision:1.0"/>

Client SENT :  user-rpc --content /mplane_automation/conformance_test/watchdog.xml
nc DEBUG: Sending message:

#286


nc DEBUG: SSH: ssh_packet_need_rekey: rekey: [data_rekey_needed=0, out_blocks=1852, in_blocks=4742]
nc DEBUG: SSH: ssh_socket_unbuffered_write: Enabling POLLOUT for socket
nc DEBUG: SSH: packet_send2: packet: wrote [type=94, len=24, padding_size=8, comp=15, payload=15]
nc DEBUG: SSH: channel_write_common: ssh_channel_write wrote 6 bytes
nc DEBUG: Sending message:
<rpc xmlns="urn:ietf:params:xml:ns:netconf:base:1.0" message-id="49"><supervision-watchdog-reset xmlns="urn:o-ran:supervision:1.0"><supervision-notification-interval>10</supervision-notification-interval><guard-timer-overhead>10</guard-timer-overhead></supervision-watchdog-reset></rpc>

nc DEBUG: SSH: ssh_packet_need_rekey: rekey: [data_rekey_needed=0, out_blocks=1888, in_blocks=4777]
nc DEBUG: SSH: packet_send2: packet: wrote [type=94, len=304, padding_size=8, comp=295, payload=295]
nc DEBUG: SSH: channel_write_common: ssh_channel_write wrote 286 bytes
nc DEBUG: SSH: ssh_socket_unbuffered_write: Enabling POLLOUT for socket
nc DEBUG: Sending message:

##


nc DEBUG: SSH: ssh_packet_need_rekey: rekey: [data_rekey_needed=0, out_blocks=1889, in_blocks=4742]
nc DEBUG: SSH: packet_send2: packet: wrote [type=94, len=24, padding_size=10, comp=13, payload=13]
nc DEBUG: SSH: channel_write_common: ssh_channel_write wrote 4 bytes
nc DEBUG: SSH: ssh_socket_unbuffered_write: Enabling POLLOUT for socket
nc DEBUG: SSH: ssh_packet_socket_callback: packet: read type 94 [len=24,padding=8,comp=15,payload=15]
nc DEBUG: SSH: ssh_packet_process: Dispatching handler for packet type 94
nc DEBUG: SSH: channel_rcv_data: Channel receiving 6 bytes data in 0 (local win=1246581 remote win=1265662)
nc DEBUG: SSH: channel_default_bufferize: placing 6 bytes into channel buffer (stdout)
nc DEBUG: SSH: channel_rcv_data: Channel windows are now (local win=1246575 remote win=1265662)
nc DEBUG: SSH: ssh_packet_socket_callback: Processing 220 bytes left in socket buffer
nc DEBUG: SSH: ssh_packet_socket_callback: packet: read type 94 [len=200,padding=11,comp=188,payload=188]
nc DEBUG: SSH: ssh_packet_process: Dispatching handler for packet type 94
nc DEBUG: SSH: channel_rcv_data: Channel receiving 179 bytes data in 0 (local win=1246575 remote win=1265662)
nc DEBUG: SSH: channel_default_bufferize: placing 179 bytes into channel buffer (stdout)
nc DEBUG: SSH: channel_rcv_data: Channel windows are now (local win=1246396 remote win=1265662)
nc DEBUG: SSH: ssh_packet_need_rekey: rekey: [data_rekey_needed=0, out_blocks=1889, in_blocks=4765]
nc DEBUG: SSH: ssh_packet_need_rekey: rekey: [data_rekey_needed=0, out_blocks=1889, in_blocks=4765]
nc DEBUG: SSH: ssh_channel_read_timeout: Read (2) buffered : 185 bytes. Window: 1246396
nc DEBUG: SSH: ssh_channel_read_timeout: Read (1) buffered : 183 bytes. Window: 1246396
nc DEBUG: SSH: ssh_channel_read_timeout: Read (1) buffered : 182 bytes. Window: 1246396
nc DEBUG: SSH: ssh_channel_read_timeout: Read (1) buffered : 181 bytes. Window: 1246396
nc DEBUG: SSH: ssh_channel_read_timeout: Read (1) buffered : 180 bytes. Window: 1246396
nc DEBUG: SSH: ssh_channel_read_timeout: Read (179) buffered : 179 bytes. Window: 1246396
nc DEBUG: SSH: ssh_channel_read_timeout: Read (2) buffered : 0 bytes. Window: 1246396
nc DEBUG: SSH: ssh_packet_socket_callback: packet: read type 94 [len=24,padding=10,comp=13,payload=13]
nc DEBUG: SSH: ssh_packet_process: Dispatching handler for packet type 94
nc DEBUG: SSH: channel_rcv_data: Channel receiving 4 bytes data in 0 (local win=1246396 remote win=1265662)
nc DEBUG: SSH: channel_default_bufferize: placing 4 bytes into channel buffer (stdout)
nc DEBUG: SSH: channel_rcv_data: Channel windows are now (local win=1246392 remote win=1265662)
nc DEBUG: SSH: ssh_packet_need_rekey: rekey: [data_rekey_needed=0, out_blocks=1889, in_blocks=4766]
nc DEBUG: SSH: ssh_channel_read_timeout: Read (1) buffered : 2 bytes. Window: 1246392
nc DEBUG: SSH: ssh_channel_read_timeout: Read (1) buffered : 1 bytes. Window: 1246392
nc DEBUG: Received message:
<rpc-reply xmlns="urn:ietf:params:xml:ns:netconf:base:1.0" message-id="49"><next-update-at xmlns="urn:o-ran:supervision:1.0">2026-04-14T02:16:21+00:00</next-update-at></rpc-reply>

DATA
<next-update-at xmlns="urn:o-ran:supervision:1.0">2026-04-14T11:16:21+09:00</next-update-at>

nc DEBUG: Received message:
<notification xmlns="urn:ietf:params:xml:ns:netconf:notification:1.0"><eventTime>2026-04-14T02:16:21Z</eventTime><supervision-notification xmlns="urn:o-ran:supervision:1.0"/></notification>

notification (2026-04-14T02:16:21Z)
<supervision-notification xmlns="urn:o-ran:supervision:1.0"/>

Client SENT :  user-rpc --content /mplane_automation/conformance_test/watchdog.xml
nc DEBUG: Sending message:

#286


nc DEBUG: SSH: ssh_packet_need_rekey: rekey: [data_rekey_needed=0, out_blocks=1890, in_blocks=4793]
nc DEBUG: SSH: ssh_socket_unbuffered_write: Enabling POLLOUT for socket
nc DEBUG: SSH: packet_send2: packet: wrote [type=94, len=24, padding_size=8, comp=15, payload=15]
nc DEBUG: SSH: channel_write_common: ssh_channel_write wrote 6 bytes
nc DEBUG: Sending message:
<rpc xmlns="urn:ietf:params:xml:ns:netconf:base:1.0" message-id="50"><supervision-watchdog-reset xmlns="urn:o-ran:supervision:1.0"><supervision-notification-interval>10</supervision-notification-interval><guard-timer-overhead>10</guard-timer-overhead></supervision-watchdog-reset></rpc>

nc DEBUG: SSH: ssh_packet_need_rekey: rekey: [data_rekey_needed=0, out_blocks=1926, in_blocks=4828]
nc DEBUG: SSH: packet_send2: packet: wrote [type=94, len=304, padding_size=8, comp=295, payload=295]
nc DEBUG: SSH: channel_write_common: ssh_channel_write wrote 286 bytes
nc DEBUG: SSH: ssh_socket_unbuffered_write: Enabling POLLOUT for socket
nc DEBUG: Sending message:

##


nc DEBUG: SSH: ssh_packet_need_rekey: rekey: [data_rekey_needed=0, out_blocks=1927, in_blocks=4793]
nc DEBUG: SSH: packet_send2: packet: wrote [type=94, len=24, padding_size=10, comp=13, payload=13]
nc DEBUG: SSH: channel_write_common: ssh_channel_write wrote 4 bytes
nc DEBUG: SSH: ssh_socket_unbuffered_write: Enabling POLLOUT for socket
nc DEBUG: SSH: ssh_packet_socket_callback: packet: read type 94 [len=24,padding=8,comp=15,payload=15]
nc DEBUG: SSH: ssh_packet_process: Dispatching handler for packet type 94
nc DEBUG: SSH: channel_rcv_data: Channel receiving 6 bytes data in 0 (local win=1246193 remote win=1265366)
nc DEBUG: SSH: channel_default_bufferize: placing 6 bytes into channel buffer (stdout)
nc DEBUG: SSH: channel_rcv_data: Channel windows are now (local win=1246187 remote win=1265366)
nc DEBUG: SSH: ssh_packet_socket_callback: Processing 220 bytes left in socket buffer
nc DEBUG: SSH: ssh_packet_socket_callback: packet: read type 94 [len=200,padding=11,comp=188,payload=188]
nc DEBUG: SSH: ssh_packet_process: Dispatching handler for packet type 94
nc DEBUG: SSH: channel_rcv_data: Channel receiving 179 bytes data in 0 (local win=1246187 remote win=1265366)
nc DEBUG: SSH: channel_default_bufferize: placing 179 bytes into channel buffer (stdout)
nc DEBUG: SSH: channel_rcv_data: Channel windows are now (local win=1246008 remote win=1265366)
nc DEBUG: SSH: ssh_packet_need_rekey: rekey: [data_rekey_needed=0, out_blocks=1927, in_blocks=4816]
nc DEBUG: SSH: ssh_packet_need_rekey: rekey: [data_rekey_needed=0, out_blocks=1927, in_blocks=4816]
nc DEBUG: SSH: ssh_channel_read_timeout: Read (2) buffered : 185 bytes. Window: 1246008
nc DEBUG: SSH: ssh_channel_read_timeout: Read (1) buffered : 183 bytes. Window: 1246008
nc DEBUG: SSH: ssh_channel_read_timeout: Read (1) buffered : 182 bytes. Window: 1246008
nc DEBUG: SSH: ssh_channel_read_timeout: Read (1) buffered : 181 bytes. Window: 1246008
nc DEBUG: SSH: ssh_channel_read_timeout: Read (1) buffered : 180 bytes. Window: 1246008
nc DEBUG: SSH: ssh_channel_read_timeout: Read (179) buffered : 179 bytes. Window: 1246008
nc DEBUG: SSH: ssh_channel_read_timeout: Read (2) buffered : 0 bytes. Window: 1246008
nc DEBUG: SSH: ssh_packet_socket_callback: packet: read type 94 [len=24,padding=10,comp=13,payload=13]
nc DEBUG: SSH: ssh_packet_process: Dispatching handler for packet type 94
nc DEBUG: SSH: channel_rcv_data: Channel receiving 4 bytes data in 0 (local win=1246008 remote win=1265366)
nc DEBUG: SSH: channel_default_bufferize: placing 4 bytes into channel buffer (stdout)
nc DEBUG: SSH: channel_rcv_data: Channel windows are now (local win=1246004 remote win=1265366)
nc DEBUG: SSH: ssh_packet_need_rekey: rekey: [data_rekey_needed=0, out_blocks=1927, in_blocks=4817]
nc DEBUG: SSH: ssh_channel_read_timeout: Read (1) buffered : 2 bytes. Window: 1246004
nc DEBUG: SSH: ssh_channel_read_timeout: Read (1) buffered : 1 bytes. Window: 1246004
nc DEBUG: Received message:
<rpc-reply xmlns="urn:ietf:params:xml:ns:netconf:base:1.0" message-id="50"><next-update-at xmlns="urn:o-ran:supervision:1.0">2026-04-14T02:16:31+00:00</next-update-at></rpc-reply>

DATA
<next-update-at xmlns="urn:o-ran:supervision:1.0">2026-04-14T11:16:31+09:00</next-update-at>

nc DEBUG: Received message:
<notification xmlns="urn:ietf:params:xml:ns:netconf:notification:1.0"><eventTime>2026-04-14T02:16:31Z</eventTime><supervision-notification xmlns="urn:o-ran:supervision:1.0"/></notification>

notification (2026-04-14T02:16:31Z)
<supervision-notification xmlns="urn:o-ran:supervision:1.0"/>

Client SENT :  user-rpc --content /mplane_automation/conformance_test/watchdog.xml
nc DEBUG: Sending message:

#286


nc DEBUG: SSH: ssh_packet_need_rekey: rekey: [data_rekey_needed=0, out_blocks=1928, in_blocks=4844]
nc DEBUG: SSH: ssh_socket_unbuffered_write: Enabling POLLOUT for socket
nc DEBUG: SSH: packet_send2: packet: wrote [type=94, len=24, padding_size=8, comp=15, payload=15]
nc DEBUG: SSH: channel_write_common: ssh_channel_write wrote 6 bytes
nc DEBUG: Sending message:
<rpc xmlns="urn:ietf:params:xml:ns:netconf:base:1.0" message-id="51"><supervision-watchdog-reset xmlns="urn:o-ran:supervision:1.0"><supervision-notification-interval>10</supervision-notification-interval><guard-timer-overhead>10</guard-timer-overhead></supervision-watchdog-reset></rpc>

nc DEBUG: SSH: ssh_packet_need_rekey: rekey: [data_rekey_needed=0, out_blocks=1964, in_blocks=4879]
nc DEBUG: SSH: packet_send2: packet: wrote [type=94, len=304, padding_size=8, comp=295, payload=295]
nc DEBUG: SSH: channel_write_common: ssh_channel_write wrote 286 bytes
nc DEBUG: SSH: ssh_socket_unbuffered_write: Enabling POLLOUT for socket
nc DEBUG: Sending message:

##


nc DEBUG: SSH: ssh_packet_need_rekey: rekey: [data_rekey_needed=0, out_blocks=1965, in_blocks=4844]
nc DEBUG: SSH: packet_send2: packet: wrote [type=94, len=24, padding_size=10, comp=13, payload=13]
nc DEBUG: SSH: channel_write_common: ssh_channel_write wrote 4 bytes
nc DEBUG: SSH: ssh_socket_unbuffered_write: Enabling POLLOUT for socket
nc DEBUG: SSH: ssh_packet_socket_callback: packet: read type 94 [len=24,padding=8,comp=15,payload=15]
nc DEBUG: SSH: ssh_packet_process: Dispatching handler for packet type 94
nc DEBUG: SSH: channel_rcv_data: Channel receiving 6 bytes data in 0 (local win=1245805 remote win=1265070)
nc DEBUG: SSH: channel_default_bufferize: placing 6 bytes into channel buffer (stdout)
nc DEBUG: SSH: channel_rcv_data: Channel windows are now (local win=1245799 remote win=1265070)
nc DEBUG: SSH: ssh_packet_socket_callback: Processing 220 bytes left in socket buffer
nc DEBUG: SSH: ssh_packet_socket_callback: packet: read type 94 [len=200,padding=11,comp=188,payload=188]
nc DEBUG: SSH: ssh_packet_process: Dispatching handler for packet type 94
nc DEBUG: SSH: channel_rcv_data: Channel receiving 179 bytes data in 0 (local win=1245799 remote win=1265070)
nc DEBUG: SSH: channel_default_bufferize: placing 179 bytes into channel buffer (stdout)
nc DEBUG: SSH: channel_rcv_data: Channel windows are now (local win=1245620 remote win=1265070)
nc DEBUG: SSH: ssh_packet_need_rekey: rekey: [data_rekey_needed=0, out_blocks=1965, in_blocks=4867]
nc DEBUG: SSH: ssh_packet_need_rekey: rekey: [data_rekey_needed=0, out_blocks=1965, in_blocks=4867]
nc DEBUG: SSH: ssh_channel_read_timeout: Read (2) buffered : 185 bytes. Window: 1245620
nc DEBUG: SSH: ssh_channel_read_timeout: Read (1) buffered : 183 bytes. Window: 1245620
nc DEBUG: SSH: ssh_channel_read_timeout: Read (1) buffered : 182 bytes. Window: 1245620
nc DEBUG: SSH: ssh_channel_read_timeout: Read (1) buffered : 181 bytes. Window: 1245620
nc DEBUG: SSH: ssh_channel_read_timeout: Read (1) buffered : 180 bytes. Window: 1245620
nc DEBUG: SSH: ssh_channel_read_timeout: Read (179) buffered : 179 bytes. Window: 1245620
nc DEBUG: SSH: ssh_channel_read_timeout: Read (2) buffered : 0 bytes. Window: 1245620
nc DEBUG: SSH: ssh_packet_socket_callback: packet: read type 94 [len=24,padding=10,comp=13,payload=13]
nc DEBUG: SSH: ssh_packet_process: Dispatching handler for packet type 94
nc DEBUG: SSH: channel_rcv_data: Channel receiving 4 bytes data in 0 (local win=1245620 remote win=1265070)
nc DEBUG: SSH: channel_default_bufferize: placing 4 bytes into channel buffer (stdout)
nc DEBUG: SSH: channel_rcv_data: Channel windows are now (local win=1245616 remote win=1265070)
nc DEBUG: SSH: ssh_packet_need_rekey: rekey: [data_rekey_needed=0, out_blocks=1965, in_blocks=4868]
nc DEBUG: SSH: ssh_channel_read_timeout: Read (1) buffered : 2 bytes. Window: 1245616
nc DEBUG: SSH: ssh_channel_read_timeout: Read (1) buffered : 1 bytes. Window: 1245616
nc DEBUG: Received message:
<rpc-reply xmlns="urn:ietf:params:xml:ns:netconf:base:1.0" message-id="51"><next-update-at xmlns="urn:o-ran:supervision:1.0">2026-04-14T02:16:41+00:00</next-update-at></rpc-reply>

DATA
<next-update-at xmlns="urn:o-ran:supervision:1.0">2026-04-14T11:16:41+09:00</next-update-at>

nc DEBUG: Received message:
<notification xmlns="urn:ietf:params:xml:ns:netconf:notification:1.0"><eventTime>2026-04-14T02:16:41Z</eventTime><supervision-notification xmlns="urn:o-ran:supervision:1.0"/></notification>

notification (2026-04-14T02:16:41Z)
<supervision-notification xmlns="urn:o-ran:supervision:1.0"/>

Client SENT :  user-rpc --content /mplane_automation/conformance_test/watchdog.xml
nc DEBUG: Sending message:

#286


nc DEBUG: SSH: ssh_packet_need_rekey: rekey: [data_rekey_needed=0, out_blocks=1966, in_blocks=4895]
nc DEBUG: SSH: ssh_socket_unbuffered_write: Enabling POLLOUT for socket
nc DEBUG: SSH: packet_send2: packet: wrote [type=94, len=24, padding_size=8, comp=15, payload=15]
nc DEBUG: SSH: channel_write_common: ssh_channel_write wrote 6 bytes
nc DEBUG: Sending message:
<rpc xmlns="urn:ietf:params:xml:ns:netconf:base:1.0" message-id="52"><supervision-watchdog-reset xmlns="urn:o-ran:supervision:1.0"><supervision-notification-interval>10</supervision-notification-interval><guard-timer-overhead>10</guard-timer-overhead></supervision-watchdog-reset></rpc>

nc DEBUG: SSH: ssh_packet_need_rekey: rekey: [data_rekey_needed=0, out_blocks=2002, in_blocks=4930]
nc DEBUG: SSH: packet_send2: packet: wrote [type=94, len=304, padding_size=8, comp=295, payload=295]
nc DEBUG: SSH: channel_write_common: ssh_channel_write wrote 286 bytes
nc DEBUG: SSH: ssh_socket_unbuffered_write: Enabling POLLOUT for socket
nc DEBUG: Sending message:

##


nc DEBUG: SSH: ssh_packet_need_rekey: rekey: [data_rekey_needed=0, out_blocks=2003, in_blocks=4895]
nc DEBUG: SSH: packet_send2: packet: wrote [type=94, len=24, padding_size=10, comp=13, payload=13]
nc DEBUG: SSH: channel_write_common: ssh_channel_write wrote 4 bytes
nc DEBUG: SSH: ssh_socket_unbuffered_write: Enabling POLLOUT for socket
nc DEBUG: SSH: ssh_packet_socket_callback: packet: read type 94 [len=24,padding=8,comp=15,payload=15]
nc DEBUG: SSH: ssh_packet_process: Dispatching handler for packet type 94
nc DEBUG: SSH: channel_rcv_data: Channel receiving 6 bytes data in 0 (local win=1245417 remote win=1264774)
nc DEBUG: SSH: channel_default_bufferize: placing 6 bytes into channel buffer (stdout)
nc DEBUG: SSH: channel_rcv_data: Channel windows are now (local win=1245411 remote win=1264774)
nc DEBUG: SSH: ssh_packet_socket_callback: Processing 220 bytes left in socket buffer
nc DEBUG: SSH: ssh_packet_socket_callback: packet: read type 94 [len=200,padding=11,comp=188,payload=188]
nc DEBUG: SSH: ssh_packet_process: Dispatching handler for packet type 94
nc DEBUG: SSH: channel_rcv_data: Channel receiving 179 bytes data in 0 (local win=1245411 remote win=1264774)
nc DEBUG: SSH: channel_default_bufferize: placing 179 bytes into channel buffer (stdout)
nc DEBUG: SSH: channel_rcv_data: Channel windows are now (local win=1245232 remote win=1264774)
nc DEBUG: SSH: ssh_packet_need_rekey: rekey: [data_rekey_needed=0, out_blocks=2003, in_blocks=4918]
nc DEBUG: SSH: ssh_packet_need_rekey: rekey: [data_rekey_needed=0, out_blocks=2003, in_blocks=4918]
nc DEBUG: SSH: ssh_channel_read_timeout: Read (2) buffered : 185 bytes. Window: 1245232
nc DEBUG: SSH: ssh_channel_read_timeout: Read (1) buffered : 183 bytes. Window: 1245232
nc DEBUG: SSH: ssh_channel_read_timeout: Read (1) buffered : 182 bytes. Window: 1245232
nc DEBUG: SSH: ssh_channel_read_timeout: Read (1) buffered : 181 bytes. Window: 1245232
nc DEBUG: SSH: ssh_channel_read_timeout: Read (1) buffered : 180 bytes. Window: 1245232
nc DEBUG: SSH: ssh_channel_read_timeout: Read (179) buffered : 179 bytes. Window: 1245232
nc DEBUG: SSH: ssh_channel_read_timeout: Read (2) buffered : 0 bytes. Window: 1245232
nc DEBUG: SSH: ssh_packet_socket_callback: packet: read type 94 [len=24,padding=10,comp=13,payload=13]
nc DEBUG: SSH: ssh_packet_process: Dispatching handler for packet type 94
nc DEBUG: SSH: channel_rcv_data: Channel receiving 4 bytes data in 0 (local win=1245232 remote win=1264774)
nc DEBUG: SSH: channel_default_bufferize: placing 4 bytes into channel buffer (stdout)
nc DEBUG: SSH: channel_rcv_data: Channel windows are now (local win=1245228 remote win=1264774)
nc DEBUG: SSH: ssh_packet_need_rekey: rekey: [data_rekey_needed=0, out_blocks=2003, in_blocks=4919]
nc DEBUG: SSH: ssh_channel_read_timeout: Read (1) buffered : 2 bytes. Window: 1245228
nc DEBUG: SSH: ssh_channel_read_timeout: Read (1) buffered : 1 bytes. Window: 1245228
nc DEBUG: Received message:
<rpc-reply xmlns="urn:ietf:params:xml:ns:netconf:base:1.0" message-id="52"><next-update-at xmlns="urn:o-ran:supervision:1.0">2026-04-14T02:16:51+00:00</next-update-at></rpc-reply>

DATA
<next-update-at xmlns="urn:o-ran:supervision:1.0">2026-04-14T11:16:51+09:00</next-update-at>

nc DEBUG: Received message:
<notification xmlns="urn:ietf:params:xml:ns:netconf:notification:1.0"><eventTime>2026-04-14T02:16:51Z</eventTime><supervision-notification xmlns="urn:o-ran:supervision:1.0"/></notification>

notification (2026-04-14T02:16:51Z)
<supervision-notification xmlns="urn:o-ran:supervision:1.0"/>

Client SENT :  user-rpc --content /mplane_automation/conformance_test/watchdog.xml
nc DEBUG: Sending message:

#286


nc DEBUG: SSH: ssh_packet_need_rekey: rekey: [data_rekey_needed=0, out_blocks=2004, in_blocks=4946]
nc DEBUG: SSH: ssh_socket_unbuffered_write: Enabling POLLOUT for socket
nc DEBUG: SSH: packet_send2: packet: wrote [type=94, len=24, padding_size=8, comp=15, payload=15]
nc DEBUG: SSH: channel_write_common: ssh_channel_write wrote 6 bytes
nc DEBUG: Sending message:
<rpc xmlns="urn:ietf:params:xml:ns:netconf:base:1.0" message-id="53"><supervision-watchdog-reset xmlns="urn:o-ran:supervision:1.0"><supervision-notification-interval>10</supervision-notification-interval><guard-timer-overhead>10</guard-timer-overhead></supervision-watchdog-reset></rpc>

nc DEBUG: SSH: ssh_packet_need_rekey: rekey: [data_rekey_needed=0, out_blocks=2040, in_blocks=4981]
nc DEBUG: SSH: packet_send2: packet: wrote [type=94, len=304, padding_size=8, comp=295, payload=295]
nc DEBUG: SSH: channel_write_common: ssh_channel_write wrote 286 bytes
nc DEBUG: SSH: ssh_socket_unbuffered_write: Enabling POLLOUT for socket
nc DEBUG: Sending message:

##


nc DEBUG: SSH: ssh_packet_need_rekey: rekey: [data_rekey_needed=0, out_blocks=2041, in_blocks=4946]
nc DEBUG: SSH: packet_send2: packet: wrote [type=94, len=24, padding_size=10, comp=13, payload=13]
nc DEBUG: SSH: channel_write_common: ssh_channel_write wrote 4 bytes
nc DEBUG: SSH: ssh_socket_unbuffered_write: Enabling POLLOUT for socket
nc DEBUG: SSH: ssh_packet_socket_callback: packet: read type 94 [len=24,padding=8,comp=15,payload=15]
nc DEBUG: SSH: ssh_packet_process: Dispatching handler for packet type 94
nc DEBUG: SSH: channel_rcv_data: Channel receiving 6 bytes data in 0 (local win=1245029 remote win=1264478)
nc DEBUG: SSH: channel_default_bufferize: placing 6 bytes into channel buffer (stdout)
nc DEBUG: SSH: channel_rcv_data: Channel windows are now (local win=1245023 remote win=1264478)
nc DEBUG: SSH: ssh_packet_socket_callback: Processing 220 bytes left in socket buffer
nc DEBUG: SSH: ssh_packet_socket_callback: packet: read type 94 [len=200,padding=11,comp=188,payload=188]
nc DEBUG: SSH: ssh_packet_process: Dispatching handler for packet type 94
nc DEBUG: SSH: channel_rcv_data: Channel receiving 179 bytes data in 0 (local win=1245023 remote win=1264478)
nc DEBUG: SSH: channel_default_bufferize: placing 179 bytes into channel buffer (stdout)
nc DEBUG: SSH: channel_rcv_data: Channel windows are now (local win=1244844 remote win=1264478)
nc DEBUG: SSH: ssh_packet_need_rekey: rekey: [data_rekey_needed=0, out_blocks=2041, in_blocks=4969]
nc DEBUG: SSH: ssh_packet_need_rekey: rekey: [data_rekey_needed=0, out_blocks=2041, in_blocks=4969]
nc DEBUG: SSH: ssh_channel_read_timeout: Read (2) buffered : 185 bytes. Window: 1244844
nc DEBUG: SSH: ssh_channel_read_timeout: Read (1) buffered : 183 bytes. Window: 1244844
nc DEBUG: SSH: ssh_channel_read_timeout: Read (1) buffered : 182 bytes. Window: 1244844
nc DEBUG: SSH: ssh_channel_read_timeout: Read (1) buffered : 181 bytes. Window: 1244844
nc DEBUG: SSH: ssh_channel_read_timeout: Read (1) buffered : 180 bytes. Window: 1244844
nc DEBUG: SSH: ssh_channel_read_timeout: Read (179) buffered : 179 bytes. Window: 1244844
nc DEBUG: SSH: ssh_channel_read_timeout: Read (2) buffered : 0 bytes. Window: 1244844
nc DEBUG: SSH: ssh_packet_socket_callback: packet: read type 94 [len=24,padding=10,comp=13,payload=13]
nc DEBUG: SSH: ssh_packet_process: Dispatching handler for packet type 94
nc DEBUG: SSH: channel_rcv_data: Channel receiving 4 bytes data in 0 (local win=1244844 remote win=1264478)
nc DEBUG: SSH: channel_default_bufferize: placing 4 bytes into channel buffer (stdout)
nc DEBUG: SSH: channel_rcv_data: Channel windows are now (local win=1244840 remote win=1264478)
nc DEBUG: SSH: ssh_packet_need_rekey: rekey: [data_rekey_needed=0, out_blocks=2041, in_blocks=4970]
nc DEBUG: SSH: ssh_channel_read_timeout: Read (1) buffered : 2 bytes. Window: 1244840
nc DEBUG: SSH: ssh_channel_read_timeout: Read (1) buffered : 1 bytes. Window: 1244840
nc DEBUG: Received message:
<rpc-reply xmlns="urn:ietf:params:xml:ns:netconf:base:1.0" message-id="53"><next-update-at xmlns="urn:o-ran:supervision:1.0">2026-04-14T02:17:01+00:00</next-update-at></rpc-reply>

DATA
<next-update-at xmlns="urn:o-ran:supervision:1.0">2026-04-14T11:17:01+09:00</next-update-at>

nc DEBUG: Received message:
<notification xmlns="urn:ietf:params:xml:ns:netconf:notification:1.0"><eventTime>2026-04-14T02:17:01Z</eventTime><supervision-notification xmlns="urn:o-ran:supervision:1.0"/></notification>

notification (2026-04-14T02:17:01Z)
<supervision-notification xmlns="urn:o-ran:supervision:1.0"/>

Client SENT :  user-rpc --content /mplane_automation/conformance_test/watchdog.xml
nc DEBUG: Sending message:

#286


nc DEBUG: SSH: ssh_packet_need_rekey: rekey: [data_rekey_needed=0, out_blocks=2042, in_blocks=4997]
nc DEBUG: SSH: ssh_socket_unbuffered_write: Enabling POLLOUT for socket
nc DEBUG: SSH: packet_send2: packet: wrote [type=94, len=24, padding_size=8, comp=15, payload=15]
nc DEBUG: SSH: channel_write_common: ssh_channel_write wrote 6 bytes
nc DEBUG: Sending message:
<rpc xmlns="urn:ietf:params:xml:ns:netconf:base:1.0" message-id="54"><supervision-watchdog-reset xmlns="urn:o-ran:supervision:1.0"><supervision-notification-interval>10</supervision-notification-interval><guard-timer-overhead>10</guard-timer-overhead></supervision-watchdog-reset></rpc>

nc DEBUG: SSH: ssh_packet_need_rekey: rekey: [data_rekey_needed=0, out_blocks=2078, in_blocks=5032]
nc DEBUG: SSH: packet_send2: packet: wrote [type=94, len=304, padding_size=8, comp=295, payload=295]
nc DEBUG: SSH: channel_write_common: ssh_channel_write wrote 286 bytes
nc DEBUG: SSH: ssh_socket_unbuffered_write: Enabling POLLOUT for socket
nc DEBUG: Sending message:

##


nc DEBUG: SSH: ssh_packet_need_rekey: rekey: [data_rekey_needed=0, out_blocks=2079, in_blocks=4997]
nc DEBUG: SSH: packet_send2: packet: wrote [type=94, len=24, padding_size=10, comp=13, payload=13]
nc DEBUG: SSH: channel_write_common: ssh_channel_write wrote 4 bytes
nc DEBUG: SSH: ssh_socket_unbuffered_write: Enabling POLLOUT for socket
nc DEBUG: SSH: ssh_packet_socket_callback: packet: read type 94 [len=24,padding=8,comp=15,payload=15]
nc DEBUG: SSH: ssh_packet_process: Dispatching handler for packet type 94
nc DEBUG: SSH: channel_rcv_data: Channel receiving 6 bytes data in 0 (local win=1244641 remote win=1264182)
nc DEBUG: SSH: channel_default_bufferize: placing 6 bytes into channel buffer (stdout)
nc DEBUG: SSH: channel_rcv_data: Channel windows are now (local win=1244635 remote win=1264182)
nc DEBUG: SSH: ssh_packet_socket_callback: Processing 220 bytes left in socket buffer
nc DEBUG: SSH: ssh_packet_socket_callback: packet: read type 94 [len=200,padding=11,comp=188,payload=188]
nc DEBUG: SSH: ssh_packet_process: Dispatching handler for packet type 94
nc DEBUG: SSH: channel_rcv_data: Channel receiving 179 bytes data in 0 (local win=1244635 remote win=1264182)
nc DEBUG: SSH: channel_default_bufferize: placing 179 bytes into channel buffer (stdout)
nc DEBUG: SSH: channel_rcv_data: Channel windows are now (local win=1244456 remote win=1264182)
nc DEBUG: SSH: ssh_packet_need_rekey: rekey: [data_rekey_needed=0, out_blocks=2079, in_blocks=5020]
nc DEBUG: SSH: ssh_packet_need_rekey: rekey: [data_rekey_needed=0, out_blocks=2079, in_blocks=5020]
nc DEBUG: SSH: ssh_channel_read_timeout: Read (2) buffered : 185 bytes. Window: 1244456
nc DEBUG: SSH: ssh_channel_read_timeout: Read (1) buffered : 183 bytes. Window: 1244456
nc DEBUG: SSH: ssh_channel_read_timeout: Read (1) buffered : 182 bytes. Window: 1244456
nc DEBUG: SSH: ssh_channel_read_timeout: Read (1) buffered : 181 bytes. Window: 1244456
nc DEBUG: SSH: ssh_channel_read_timeout: Read (1) buffered : 180 bytes. Window: 1244456
nc DEBUG: SSH: ssh_channel_read_timeout: Read (179) buffered : 179 bytes. Window: 1244456
nc DEBUG: SSH: ssh_channel_read_timeout: Read (2) buffered : 0 bytes. Window: 1244456
nc DEBUG: SSH: ssh_packet_socket_callback: packet: read type 94 [len=24,padding=10,comp=13,payload=13]
nc DEBUG: SSH: ssh_packet_process: Dispatching handler for packet type 94
nc DEBUG: SSH: channel_rcv_data: Channel receiving 4 bytes data in 0 (local win=1244456 remote win=1264182)
nc DEBUG: SSH: channel_default_bufferize: placing 4 bytes into channel buffer (stdout)
nc DEBUG: SSH: channel_rcv_data: Channel windows are now (local win=1244452 remote win=1264182)
nc DEBUG: SSH: ssh_packet_need_rekey: rekey: [data_rekey_needed=0, out_blocks=2079, in_blocks=5021]
nc DEBUG: SSH: ssh_channel_read_timeout: Read (1) buffered : 2 bytes. Window: 1244452
nc DEBUG: SSH: ssh_channel_read_timeout: Read (1) buffered : 1 bytes. Window: 1244452
nc DEBUG: Received message:
<rpc-reply xmlns="urn:ietf:params:xml:ns:netconf:base:1.0" message-id="54"><next-update-at xmlns="urn:o-ran:supervision:1.0">2026-04-14T02:17:11+00:00</next-update-at></rpc-reply>

DATA
<next-update-at xmlns="urn:o-ran:supervision:1.0">2026-04-14T11:17:11+09:00</next-update-at>

nc DEBUG: Received message:
<notification xmlns="urn:ietf:params:xml:ns:netconf:notification:1.0"><eventTime>2026-04-14T02:17:11Z</eventTime><supervision-notification xmlns="urn:o-ran:supervision:1.0"/></notification>

notification (2026-04-14T02:17:11Z)
<supervision-notification xmlns="urn:o-ran:supervision:1.0"/>

Client SENT :  user-rpc --content /mplane_automation/conformance_test/watchdog.xml
nc DEBUG: Sending message:

#286


nc DEBUG: SSH: ssh_packet_need_rekey: rekey: [data_rekey_needed=0, out_blocks=2080, in_blocks=5048]
nc DEBUG: SSH: ssh_socket_unbuffered_write: Enabling POLLOUT for socket
nc DEBUG: SSH: packet_send2: packet: wrote [type=94, len=24, padding_size=8, comp=15, payload=15]
nc DEBUG: SSH: channel_write_common: ssh_channel_write wrote 6 bytes
nc DEBUG: Sending message:
<rpc xmlns="urn:ietf:params:xml:ns:netconf:base:1.0" message-id="55"><supervision-watchdog-reset xmlns="urn:o-ran:supervision:1.0"><supervision-notification-interval>10</supervision-notification-interval><guard-timer-overhead>10</guard-timer-overhead></supervision-watchdog-reset></rpc>

nc DEBUG: SSH: ssh_packet_need_rekey: rekey: [data_rekey_needed=0, out_blocks=2116, in_blocks=5083]
nc DEBUG: SSH: packet_send2: packet: wrote [type=94, len=304, padding_size=8, comp=295, payload=295]
nc DEBUG: SSH: channel_write_common: ssh_channel_write wrote 286 bytes
nc DEBUG: SSH: ssh_socket_unbuffered_write: Enabling POLLOUT for socket
nc DEBUG: Sending message:

##


nc DEBUG: SSH: ssh_packet_need_rekey: rekey: [data_rekey_needed=0, out_blocks=2117, in_blocks=5048]
nc DEBUG: SSH: packet_send2: packet: wrote [type=94, len=24, padding_size=10, comp=13, payload=13]
nc DEBUG: SSH: channel_write_common: ssh_channel_write wrote 4 bytes
nc DEBUG: SSH: ssh_socket_unbuffered_write: Enabling POLLOUT for socket
nc DEBUG: SSH: ssh_packet_socket_callback: packet: read type 94 [len=24,padding=8,comp=15,payload=15]
nc DEBUG: SSH: ssh_packet_process: Dispatching handler for packet type 94
nc DEBUG: SSH: channel_rcv_data: Channel receiving 6 bytes data in 0 (local win=1244253 remote win=1263886)
nc DEBUG: SSH: channel_default_bufferize: placing 6 bytes into channel buffer (stdout)
nc DEBUG: SSH: channel_rcv_data: Channel windows are now (local win=1244247 remote win=1263886)
nc DEBUG: SSH: ssh_packet_need_rekey: rekey: [data_rekey_needed=0, out_blocks=2117, in_blocks=5048]
nc DEBUG: SSH: ssh_channel_read_timeout: Read (2) buffered : 6 bytes. Window: 1244247
nc DEBUG: SSH: ssh_channel_read_timeout: Read (1) buffered : 4 bytes. Window: 1244247
nc DEBUG: SSH: ssh_channel_read_timeout: Read (1) buffered : 3 bytes. Window: 1244247
nc DEBUG: SSH: ssh_channel_read_timeout: Read (1) buffered : 2 bytes. Window: 1244247
nc DEBUG: SSH: ssh_channel_read_timeout: Read (1) buffered : 1 bytes. Window: 1244247
nc DEBUG: SSH: ssh_channel_read_timeout: Read (179) buffered : 0 bytes. Window: 1244247
nc DEBUG: SSH: ssh_packet_socket_callback: packet: read type 94 [len=200,padding=11,comp=188,payload=188]
nc DEBUG: SSH: ssh_packet_process: Dispatching handler for packet type 94
nc DEBUG: SSH: channel_rcv_data: Channel receiving 179 bytes data in 0 (local win=1244247 remote win=1263886)
nc DEBUG: SSH: channel_default_bufferize: placing 179 bytes into channel buffer (stdout)
nc DEBUG: SSH: channel_rcv_data: Channel windows are now (local win=1244068 remote win=1263886)
nc DEBUG: SSH: ssh_packet_socket_callback: Processing 44 bytes left in socket buffer
nc DEBUG: SSH: ssh_packet_socket_callback: packet: read type 94 [len=24,padding=10,comp=13,payload=13]
nc DEBUG: SSH: ssh_packet_process: Dispatching handler for packet type 94
nc DEBUG: SSH: channel_rcv_data: Channel receiving 4 bytes data in 0 (local win=1244068 remote win=1263886)
nc DEBUG: SSH: channel_default_bufferize: placing 4 bytes into channel buffer (stdout)
nc DEBUG: SSH: channel_rcv_data: Channel windows are now (local win=1244064 remote win=1263886)
nc DEBUG: SSH: ssh_packet_need_rekey: rekey: [data_rekey_needed=0, out_blocks=2117, in_blocks=5072]
nc DEBUG: SSH: ssh_packet_need_rekey: rekey: [data_rekey_needed=0, out_blocks=2117, in_blocks=5072]
nc DEBUG: SSH: ssh_channel_read_timeout: Read (2) buffered : 4 bytes. Window: 1244064
nc DEBUG: SSH: ssh_channel_read_timeout: Read (1) buffered : 2 bytes. Window: 1244064
nc DEBUG: SSH: ssh_channel_read_timeout: Read (1) buffered : 1 bytes. Window: 1244064
nc DEBUG: Received message:
<rpc-reply xmlns="urn:ietf:params:xml:ns:netconf:base:1.0" message-id="55"><next-update-at xmlns="urn:o-ran:supervision:1.0">2026-04-14T02:17:21+00:00</next-update-at></rpc-reply>

DATA
<next-update-at xmlns="urn:o-ran:supervision:1.0">2026-04-14T11:17:21+09:00</next-update-at>

nc DEBUG: Received message:
<notification xmlns="urn:ietf:params:xml:ns:netconf:notification:1.0"><eventTime>2026-04-14T02:17:21Z</eventTime><supervision-notification xmlns="urn:o-ran:supervision:1.0"/></notification>

notification (2026-04-14T02:17:21Z)
<supervision-notification xmlns="urn:o-ran:supervision:1.0"/>

Client SENT :  user-rpc --content /mplane_automation/conformance_test/watchdog.xml
nc DEBUG: Sending message:

#286


nc DEBUG: SSH: ssh_packet_need_rekey: rekey: [data_rekey_needed=0, out_blocks=2118, in_blocks=5099]
nc DEBUG: SSH: ssh_socket_unbuffered_write: Enabling POLLOUT for socket
nc DEBUG: SSH: packet_send2: packet: wrote [type=94, len=24, padding_size=8, comp=15, payload=15]
nc DEBUG: SSH: channel_write_common: ssh_channel_write wrote 6 bytes
nc DEBUG: Sending message:
<rpc xmlns="urn:ietf:params:xml:ns:netconf:base:1.0" message-id="56"><supervision-watchdog-reset xmlns="urn:o-ran:supervision:1.0"><supervision-notification-interval>10</supervision-notification-interval><guard-timer-overhead>10</guard-timer-overhead></supervision-watchdog-reset></rpc>

nc DEBUG: SSH: ssh_packet_need_rekey: rekey: [data_rekey_needed=0, out_blocks=2154, in_blocks=5134]
nc DEBUG: SSH: packet_send2: packet: wrote [type=94, len=304, padding_size=8, comp=295, payload=295]
nc DEBUG: SSH: channel_write_common: ssh_channel_write wrote 286 bytes
nc DEBUG: SSH: ssh_socket_unbuffered_write: Enabling POLLOUT for socket
nc DEBUG: Sending message:

##


nc DEBUG: SSH: ssh_packet_need_rekey: rekey: [data_rekey_needed=0, out_blocks=2155, in_blocks=5099]
nc DEBUG: SSH: packet_send2: packet: wrote [type=94, len=24, padding_size=10, comp=13, payload=13]
nc DEBUG: SSH: channel_write_common: ssh_channel_write wrote 4 bytes
nc DEBUG: SSH: ssh_socket_unbuffered_write: Enabling POLLOUT for socket
nc DEBUG: SSH: ssh_packet_socket_callback: packet: read type 94 [len=24,padding=8,comp=15,payload=15]
nc DEBUG: SSH: ssh_packet_process: Dispatching handler for packet type 94
nc DEBUG: SSH: channel_rcv_data: Channel receiving 6 bytes data in 0 (local win=1243865 remote win=1263590)
nc DEBUG: SSH: channel_default_bufferize: placing 6 bytes into channel buffer (stdout)
nc DEBUG: SSH: channel_rcv_data: Channel windows are now (local win=1243859 remote win=1263590)
nc DEBUG: SSH: ssh_packet_need_rekey: rekey: [data_rekey_needed=0, out_blocks=2155, in_blocks=5099]
nc DEBUG: SSH: ssh_channel_read_timeout: Read (2) buffered : 6 bytes. Window: 1243859
nc DEBUG: SSH: ssh_channel_read_timeout: Read (1) buffered : 4 bytes. Window: 1243859
nc DEBUG: SSH: ssh_channel_read_timeout: Read (1) buffered : 3 bytes. Window: 1243859
nc DEBUG: SSH: ssh_channel_read_timeout: Read (1) buffered : 2 bytes. Window: 1243859
nc DEBUG: SSH: ssh_channel_read_timeout: Read (1) buffered : 1 bytes. Window: 1243859
nc DEBUG: SSH: ssh_channel_read_timeout: Read (179) buffered : 0 bytes. Window: 1243859
nc DEBUG: SSH: ssh_packet_socket_callback: packet: read type 94 [len=200,padding=11,comp=188,payload=188]
nc DEBUG: SSH: ssh_packet_process: Dispatching handler for packet type 94
nc DEBUG: SSH: channel_rcv_data: Channel receiving 179 bytes data in 0 (local win=1243859 remote win=1263590)
nc DEBUG: SSH: channel_default_bufferize: placing 179 bytes into channel buffer (stdout)
nc DEBUG: SSH: channel_rcv_data: Channel windows are now (local win=1243680 remote win=1263590)
nc DEBUG: SSH: ssh_packet_need_rekey: rekey: [data_rekey_needed=0, out_blocks=2155, in_blocks=5122]
nc DEBUG: SSH: ssh_channel_read_timeout: Read (2) buffered : 0 bytes. Window: 1243680
nc DEBUG: SSH: ssh_packet_socket_callback: packet: read type 94 [len=24,padding=10,comp=13,payload=13]
nc DEBUG: SSH: ssh_packet_process: Dispatching handler for packet type 94
nc DEBUG: SSH: channel_rcv_data: Channel receiving 4 bytes data in 0 (local win=1243680 remote win=1263590)
nc DEBUG: SSH: channel_default_bufferize: placing 4 bytes into channel buffer (stdout)
nc DEBUG: SSH: channel_rcv_data: Channel windows are now (local win=1243676 remote win=1263590)
nc DEBUG: SSH: ssh_packet_need_rekey: rekey: [data_rekey_needed=0, out_blocks=2155, in_blocks=5123]
nc DEBUG: SSH: ssh_channel_read_timeout: Read (1) buffered : 2 bytes. Window: 1243676
nc DEBUG: SSH: ssh_channel_read_timeout: Read (1) buffered : 1 bytes. Window: 1243676
nc DEBUG: Received message:
<rpc-reply xmlns="urn:ietf:params:xml:ns:netconf:base:1.0" message-id="56"><next-update-at xmlns="urn:o-ran:supervision:1.0">2026-04-14T02:17:31+00:00</next-update-at></rpc-reply>

DATA
<next-update-at xmlns="urn:o-ran:supervision:1.0">2026-04-14T11:17:31+09:00</next-update-at>

nc DEBUG: Received message:
<notification xmlns="urn:ietf:params:xml:ns:netconf:notification:1.0"><eventTime>2026-04-14T02:17:31Z</eventTime><supervision-notification xmlns="urn:o-ran:supervision:1.0"/></notification>

notification (2026-04-14T02:17:31Z)
<supervision-notification xmlns="urn:o-ran:supervision:1.0"/>

Client SENT :  user-rpc --content /mplane_automation/conformance_test/watchdog.xml
nc DEBUG: Sending message:

#286


nc DEBUG: SSH: ssh_packet_need_rekey: rekey: [data_rekey_needed=0, out_blocks=2156, in_blocks=5150]
nc DEBUG: SSH: ssh_socket_unbuffered_write: Enabling POLLOUT for socket
nc DEBUG: SSH: packet_send2: packet: wrote [type=94, len=24, padding_size=8, comp=15, payload=15]
nc DEBUG: SSH: channel_write_common: ssh_channel_write wrote 6 bytes
nc DEBUG: Sending message:
<rpc xmlns="urn:ietf:params:xml:ns:netconf:base:1.0" message-id="57"><supervision-watchdog-reset xmlns="urn:o-ran:supervision:1.0"><supervision-notification-interval>10</supervision-notification-interval><guard-timer-overhead>10</guard-timer-overhead></supervision-watchdog-reset></rpc>

nc DEBUG: SSH: ssh_packet_need_rekey: rekey: [data_rekey_needed=0, out_blocks=2192, in_blocks=5185]
nc DEBUG: SSH: packet_send2: packet: wrote [type=94, len=304, padding_size=8, comp=295, payload=295]
nc DEBUG: SSH: channel_write_common: ssh_channel_write wrote 286 bytes
nc DEBUG: SSH: ssh_socket_unbuffered_write: Enabling POLLOUT for socket
nc DEBUG: Sending message:

##


nc DEBUG: SSH: ssh_packet_need_rekey: rekey: [data_rekey_needed=0, out_blocks=2193, in_blocks=5150]
nc DEBUG: SSH: packet_send2: packet: wrote [type=94, len=24, padding_size=10, comp=13, payload=13]
nc DEBUG: SSH: channel_write_common: ssh_channel_write wrote 4 bytes
nc DEBUG: SSH: ssh_socket_unbuffered_write: Enabling POLLOUT for socket
nc DEBUG: SSH: ssh_packet_socket_callback: packet: read type 94 [len=24,padding=8,comp=15,payload=15]
nc DEBUG: SSH: ssh_packet_process: Dispatching handler for packet type 94
nc DEBUG: SSH: channel_rcv_data: Channel receiving 6 bytes data in 0 (local win=1243477 remote win=1263294)
nc DEBUG: SSH: channel_default_bufferize: placing 6 bytes into channel buffer (stdout)
nc DEBUG: SSH: channel_rcv_data: Channel windows are now (local win=1243471 remote win=1263294)
nc DEBUG: SSH: ssh_packet_socket_callback: Processing 220 bytes left in socket buffer
nc DEBUG: SSH: ssh_packet_socket_callback: packet: read type 94 [len=200,padding=11,comp=188,payload=188]
nc DEBUG: SSH: ssh_packet_process: Dispatching handler for packet type 94
nc DEBUG: SSH: channel_rcv_data: Channel receiving 179 bytes data in 0 (local win=1243471 remote win=1263294)
nc DEBUG: SSH: channel_default_bufferize: placing 179 bytes into channel buffer (stdout)
nc DEBUG: SSH: channel_rcv_data: Channel windows are now (local win=1243292 remote win=1263294)
nc DEBUG: SSH: ssh_packet_need_rekey: rekey: [data_rekey_needed=0, out_blocks=2193, in_blocks=5173]
nc DEBUG: SSH: ssh_packet_need_rekey: rekey: [data_rekey_needed=0, out_blocks=2193, in_blocks=5173]
nc DEBUG: SSH: ssh_channel_read_timeout: Read (2) buffered : 185 bytes. Window: 1243292
nc DEBUG: SSH: ssh_channel_read_timeout: Read (1) buffered : 183 bytes. Window: 1243292
nc DEBUG: SSH: ssh_channel_read_timeout: Read (1) buffered : 182 bytes. Window: 1243292
nc DEBUG: SSH: ssh_channel_read_timeout: Read (1) buffered : 181 bytes. Window: 1243292
nc DEBUG: SSH: ssh_channel_read_timeout: Read (1) buffered : 180 bytes. Window: 1243292
nc DEBUG: SSH: ssh_channel_read_timeout: Read (179) buffered : 179 bytes. Window: 1243292
nc DEBUG: SSH: ssh_channel_read_timeout: Read (2) buffered : 0 bytes. Window: 1243292
nc DEBUG: SSH: ssh_packet_socket_callback: packet: read type 94 [len=24,padding=10,comp=13,payload=13]
nc DEBUG: SSH: ssh_packet_process: Dispatching handler for packet type 94
nc DEBUG: SSH: channel_rcv_data: Channel receiving 4 bytes data in 0 (local win=1243292 remote win=1263294)
nc DEBUG: SSH: channel_default_bufferize: placing 4 bytes into channel buffer (stdout)
nc DEBUG: SSH: channel_rcv_data: Channel windows are now (local win=1243288 remote win=1263294)
nc DEBUG: SSH: ssh_packet_need_rekey: rekey: [data_rekey_needed=0, out_blocks=2193, in_blocks=5174]
nc DEBUG: SSH: ssh_channel_read_timeout: Read (1) buffered : 2 bytes. Window: 1243288
nc DEBUG: SSH: ssh_channel_read_timeout: Read (1) buffered : 1 bytes. Window: 1243288
nc DEBUG: Received message:
<rpc-reply xmlns="urn:ietf:params:xml:ns:netconf:base:1.0" message-id="57"><next-update-at xmlns="urn:o-ran:supervision:1.0">2026-04-14T02:17:41+00:00</next-update-at></rpc-reply>

DATA
<next-update-at xmlns="urn:o-ran:supervision:1.0">2026-04-14T11:17:41+09:00</next-update-at>

nc DEBUG: Received message:
<notification xmlns="urn:ietf:params:xml:ns:netconf:notification:1.0"><eventTime>2026-04-14T02:17:41Z</eventTime><supervision-notification xmlns="urn:o-ran:supervision:1.0"/></notification>

notification (2026-04-14T02:17:41Z)
<supervision-notification xmlns="urn:o-ran:supervision:1.0"/>

Client SENT :  user-rpc --content /mplane_automation/conformance_test/watchdog.xml
nc DEBUG: Sending message:

#286


nc DEBUG: SSH: ssh_packet_need_rekey: rekey: [data_rekey_needed=0, out_blocks=2194, in_blocks=5201]
nc DEBUG: SSH: ssh_socket_unbuffered_write: Enabling POLLOUT for socket
nc DEBUG: SSH: packet_send2: packet: wrote [type=94, len=24, padding_size=8, comp=15, payload=15]
nc DEBUG: SSH: channel_write_common: ssh_channel_write wrote 6 bytes
nc DEBUG: Sending message:
<rpc xmlns="urn:ietf:params:xml:ns:netconf:base:1.0" message-id="58"><supervision-watchdog-reset xmlns="urn:o-ran:supervision:1.0"><supervision-notification-interval>10</supervision-notification-interval><guard-timer-overhead>10</guard-timer-overhead></supervision-watchdog-reset></rpc>

nc DEBUG: SSH: ssh_packet_need_rekey: rekey: [data_rekey_needed=0, out_blocks=2230, in_blocks=5236]
nc DEBUG: SSH: packet_send2: packet: wrote [type=94, len=304, padding_size=8, comp=295, payload=295]
nc DEBUG: SSH: channel_write_common: ssh_channel_write wrote 286 bytes
nc DEBUG: SSH: ssh_socket_unbuffered_write: Enabling POLLOUT for socket
nc DEBUG: Sending message:

##


nc DEBUG: SSH: ssh_packet_need_rekey: rekey: [data_rekey_needed=0, out_blocks=2231, in_blocks=5201]
nc DEBUG: SSH: packet_send2: packet: wrote [type=94, len=24, padding_size=10, comp=13, payload=13]
nc DEBUG: SSH: channel_write_common: ssh_channel_write wrote 4 bytes
nc DEBUG: SSH: ssh_socket_unbuffered_write: Enabling POLLOUT for socket
nc DEBUG: SSH: ssh_packet_socket_callback: packet: read type 94 [len=24,padding=8,comp=15,payload=15]
nc DEBUG: SSH: ssh_packet_process: Dispatching handler for packet type 94
nc DEBUG: SSH: channel_rcv_data: Channel receiving 6 bytes data in 0 (local win=1243089 remote win=1262998)
nc DEBUG: SSH: channel_default_bufferize: placing 6 bytes into channel buffer (stdout)
nc DEBUG: SSH: channel_rcv_data: Channel windows are now (local win=1243083 remote win=1262998)
nc DEBUG: SSH: ssh_packet_need_rekey: rekey: [data_rekey_needed=0, out_blocks=2231, in_blocks=5201]
nc DEBUG: SSH: ssh_channel_read_timeout: Read (2) buffered : 6 bytes. Window: 1243083
nc DEBUG: SSH: ssh_channel_read_timeout: Read (1) buffered : 4 bytes. Window: 1243083
nc DEBUG: SSH: ssh_channel_read_timeout: Read (1) buffered : 3 bytes. Window: 1243083
nc DEBUG: SSH: ssh_channel_read_timeout: Read (1) buffered : 2 bytes. Window: 1243083
nc DEBUG: SSH: ssh_channel_read_timeout: Read (1) buffered : 1 bytes. Window: 1243083
nc DEBUG: SSH: ssh_channel_read_timeout: Read (179) buffered : 0 bytes. Window: 1243083
nc DEBUG: SSH: ssh_packet_socket_callback: packet: read type 94 [len=200,padding=11,comp=188,payload=188]
nc DEBUG: SSH: ssh_packet_process: Dispatching handler for packet type 94
nc DEBUG: SSH: channel_rcv_data: Channel receiving 179 bytes data in 0 (local win=1243083 remote win=1262998)
nc DEBUG: SSH: channel_default_bufferize: placing 179 bytes into channel buffer (stdout)
nc DEBUG: SSH: channel_rcv_data: Channel windows are now (local win=1242904 remote win=1262998)
nc DEBUG: SSH: ssh_packet_socket_callback: Processing 44 bytes left in socket buffer
nc DEBUG: SSH: ssh_packet_socket_callback: packet: read type 94 [len=24,padding=10,comp=13,payload=13]
nc DEBUG: SSH: ssh_packet_process: Dispatching handler for packet type 94
nc DEBUG: SSH: channel_rcv_data: Channel receiving 4 bytes data in 0 (local win=1242904 remote win=1262998)
nc DEBUG: SSH: channel_default_bufferize: placing 4 bytes into channel buffer (stdout)
nc DEBUG: SSH: channel_rcv_data: Channel windows are now (local win=1242900 remote win=1262998)
nc DEBUG: SSH: ssh_packet_need_rekey: rekey: [data_rekey_needed=0, out_blocks=2231, in_blocks=5225]
nc DEBUG: SSH: ssh_packet_need_rekey: rekey: [data_rekey_needed=0, out_blocks=2231, in_blocks=5225]
nc DEBUG: SSH: ssh_channel_read_timeout: Read (2) buffered : 4 bytes. Window: 1242900
nc DEBUG: SSH: ssh_channel_read_timeout: Read (1) buffered : 2 bytes. Window: 1242900
nc DEBUG: SSH: ssh_channel_read_timeout: Read (1) buffered : 1 bytes. Window: 1242900
nc DEBUG: Received message:
<rpc-reply xmlns="urn:ietf:params:xml:ns:netconf:base:1.0" message-id="58"><next-update-at xmlns="urn:o-ran:supervision:1.0">2026-04-14T02:17:51+00:00</next-update-at></rpc-reply>

DATA
<next-update-at xmlns="urn:o-ran:supervision:1.0">2026-04-14T11:17:51+09:00</next-update-at>

nc DEBUG: Received message:
<notification xmlns="urn:ietf:params:xml:ns:netconf:notification:1.0"><eventTime>2026-04-14T02:17:51Z</eventTime><supervision-notification xmlns="urn:o-ran:supervision:1.0"/></notification>

notification (2026-04-14T02:17:51Z)
<supervision-notification xmlns="urn:o-ran:supervision:1.0"/>

Client SENT :  user-rpc --content /mplane_automation/conformance_test/watchdog.xml
nc DEBUG: Sending message:

#286


nc DEBUG: SSH: ssh_packet_need_rekey: rekey: [data_rekey_needed=0, out_blocks=2232, in_blocks=5252]
nc DEBUG: SSH: ssh_socket_unbuffered_write: Enabling POLLOUT for socket
nc DEBUG: SSH: packet_send2: packet: wrote [type=94, len=24, padding_size=8, comp=15, payload=15]
nc DEBUG: SSH: channel_write_common: ssh_channel_write wrote 6 bytes
nc DEBUG: Sending message:
<rpc xmlns="urn:ietf:params:xml:ns:netconf:base:1.0" message-id="59"><supervision-watchdog-reset xmlns="urn:o-ran:supervision:1.0"><supervision-notification-interval>10</supervision-notification-interval><guard-timer-overhead>10</guard-timer-overhead></supervision-watchdog-reset></rpc>

nc DEBUG: SSH: ssh_packet_need_rekey: rekey: [data_rekey_needed=0, out_blocks=2268, in_blocks=5287]
nc DEBUG: SSH: packet_send2: packet: wrote [type=94, len=304, padding_size=8, comp=295, payload=295]
nc DEBUG: SSH: channel_write_common: ssh_channel_write wrote 286 bytes
nc DEBUG: SSH: ssh_socket_unbuffered_write: Enabling POLLOUT for socket
nc DEBUG: Sending message:

##


nc DEBUG: SSH: ssh_packet_need_rekey: rekey: [data_rekey_needed=0, out_blocks=2269, in_blocks=5252]
nc DEBUG: SSH: packet_send2: packet: wrote [type=94, len=24, padding_size=10, comp=13, payload=13]
nc DEBUG: SSH: channel_write_common: ssh_channel_write wrote 4 bytes
nc DEBUG: SSH: ssh_socket_unbuffered_write: Enabling POLLOUT for socket
nc DEBUG: SSH: ssh_packet_socket_callback: packet: read type 94 [len=24,padding=8,comp=15,payload=15]
nc DEBUG: SSH: ssh_packet_process: Dispatching handler for packet type 94
nc DEBUG: SSH: channel_rcv_data: Channel receiving 6 bytes data in 0 (local win=1242701 remote win=1262702)
nc DEBUG: SSH: channel_default_bufferize: placing 6 bytes into channel buffer (stdout)
nc DEBUG: SSH: channel_rcv_data: Channel windows are now (local win=1242695 remote win=1262702)
nc DEBUG: SSH: ssh_packet_socket_callback: Processing 220 bytes left in socket buffer
nc DEBUG: SSH: ssh_packet_socket_callback: packet: read type 94 [len=200,padding=11,comp=188,payload=188]
nc DEBUG: SSH: ssh_packet_process: Dispatching handler for packet type 94
nc DEBUG: SSH: channel_rcv_data: Channel receiving 179 bytes data in 0 (local win=1242695 remote win=1262702)
nc DEBUG: SSH: channel_default_bufferize: placing 179 bytes into channel buffer (stdout)
nc DEBUG: SSH: channel_rcv_data: Channel windows are now (local win=1242516 remote win=1262702)
nc DEBUG: SSH: ssh_packet_need_rekey: rekey: [data_rekey_needed=0, out_blocks=2269, in_blocks=5275]
nc DEBUG: SSH: ssh_packet_need_rekey: rekey: [data_rekey_needed=0, out_blocks=2269, in_blocks=5275]
nc DEBUG: SSH: ssh_channel_read_timeout: Read (2) buffered : 185 bytes. Window: 1242516
nc DEBUG: SSH: ssh_channel_read_timeout: Read (1) buffered : 183 bytes. Window: 1242516
nc DEBUG: SSH: ssh_channel_read_timeout: Read (1) buffered : 182 bytes. Window: 1242516
nc DEBUG: SSH: ssh_channel_read_timeout: Read (1) buffered : 181 bytes. Window: 1242516
nc DEBUG: SSH: ssh_channel_read_timeout: Read (1) buffered : 180 bytes. Window: 1242516
nc DEBUG: SSH: ssh_channel_read_timeout: Read (179) buffered : 179 bytes. Window: 1242516
nc DEBUG: SSH: ssh_channel_read_timeout: Read (2) buffered : 0 bytes. Window: 1242516
nc DEBUG: SSH: ssh_packet_socket_callback: packet: read type 94 [len=24,padding=10,comp=13,payload=13]
nc DEBUG: SSH: ssh_packet_process: Dispatching handler for packet type 94
nc DEBUG: SSH: channel_rcv_data: Channel receiving 4 bytes data in 0 (local win=1242516 remote win=1262702)
nc DEBUG: SSH: channel_default_bufferize: placing 4 bytes into channel buffer (stdout)
nc DEBUG: SSH: channel_rcv_data: Channel windows are now (local win=1242512 remote win=1262702)
nc DEBUG: SSH: ssh_packet_need_rekey: rekey: [data_rekey_needed=0, out_blocks=2269, in_blocks=5276]
nc DEBUG: SSH: ssh_channel_read_timeout: Read (1) buffered : 2 bytes. Window: 1242512
nc DEBUG: SSH: ssh_channel_read_timeout: Read (1) buffered : 1 bytes. Window: 1242512
nc DEBUG: Received message:
<rpc-reply xmlns="urn:ietf:params:xml:ns:netconf:base:1.0" message-id="59"><next-update-at xmlns="urn:o-ran:supervision:1.0">2026-04-14T02:18:02+00:00</next-update-at></rpc-reply>

DATA
<next-update-at xmlns="urn:o-ran:supervision:1.0">2026-04-14T11:18:02+09:00</next-update-at>

nc DEBUG: Received message:
<notification xmlns="urn:ietf:params:xml:ns:netconf:notification:1.0"><eventTime>2026-04-14T02:18:02Z</eventTime><supervision-notification xmlns="urn:o-ran:supervision:1.0"/></notification>

notification (2026-04-14T02:18:02Z)
<supervision-notification xmlns="urn:o-ran:supervision:1.0"/>

Client SENT :  user-rpc --content /mplane_automation/conformance_test/watchdog.xml
nc DEBUG: Sending message:

#286


nc DEBUG: SSH: ssh_packet_need_rekey: rekey: [data_rekey_needed=0, out_blocks=2270, in_blocks=5303]
nc DEBUG: SSH: ssh_socket_unbuffered_write: Enabling POLLOUT for socket
nc DEBUG: SSH: packet_send2: packet: wrote [type=94, len=24, padding_size=8, comp=15, payload=15]
nc DEBUG: SSH: channel_write_common: ssh_channel_write wrote 6 bytes
nc DEBUG: Sending message:
<rpc xmlns="urn:ietf:params:xml:ns:netconf:base:1.0" message-id="60"><supervision-watchdog-reset xmlns="urn:o-ran:supervision:1.0"><supervision-notification-interval>10</supervision-notification-interval><guard-timer-overhead>10</guard-timer-overhead></supervision-watchdog-reset></rpc>

nc DEBUG: SSH: ssh_packet_need_rekey: rekey: [data_rekey_needed=0, out_blocks=2306, in_blocks=5338]
nc DEBUG: SSH: packet_send2: packet: wrote [type=94, len=304, padding_size=8, comp=295, payload=295]
nc DEBUG: SSH: channel_write_common: ssh_channel_write wrote 286 bytes
nc DEBUG: SSH: ssh_socket_unbuffered_write: Enabling POLLOUT for socket
nc DEBUG: Sending message:

##


nc DEBUG: SSH: ssh_packet_need_rekey: rekey: [data_rekey_needed=0, out_blocks=2307, in_blocks=5303]
nc DEBUG: SSH: packet_send2: packet: wrote [type=94, len=24, padding_size=10, comp=13, payload=13]
nc DEBUG: SSH: channel_write_common: ssh_channel_write wrote 4 bytes
nc DEBUG: SSH: ssh_socket_unbuffered_write: Enabling POLLOUT for socket
nc DEBUG: SSH: ssh_packet_socket_callback: packet: read type 94 [len=24,padding=8,comp=15,payload=15]
nc DEBUG: SSH: ssh_packet_process: Dispatching handler for packet type 94
nc DEBUG: SSH: channel_rcv_data: Channel receiving 6 bytes data in 0 (local win=1242313 remote win=1262406)
nc DEBUG: SSH: channel_default_bufferize: placing 6 bytes into channel buffer (stdout)
nc DEBUG: SSH: channel_rcv_data: Channel windows are now (local win=1242307 remote win=1262406)
nc DEBUG: SSH: ssh_packet_need_rekey: rekey: [data_rekey_needed=0, out_blocks=2307, in_blocks=5303]
nc DEBUG: SSH: ssh_channel_read_timeout: Read (2) buffered : 6 bytes. Window: 1242307
nc DEBUG: SSH: ssh_channel_read_timeout: Read (1) buffered : 4 bytes. Window: 1242307
nc DEBUG: SSH: ssh_channel_read_timeout: Read (1) buffered : 3 bytes. Window: 1242307
nc DEBUG: SSH: ssh_channel_read_timeout: Read (1) buffered : 2 bytes. Window: 1242307
nc DEBUG: SSH: ssh_channel_read_timeout: Read (1) buffered : 1 bytes. Window: 1242307
nc DEBUG: SSH: ssh_channel_read_timeout: Read (179) buffered : 0 bytes. Window: 1242307
nc DEBUG: SSH: ssh_packet_socket_callback: packet: read type 94 [len=200,padding=11,comp=188,payload=188]
nc DEBUG: SSH: ssh_packet_process: Dispatching handler for packet type 94
nc DEBUG: SSH: channel_rcv_data: Channel receiving 179 bytes data in 0 (local win=1242307 remote win=1262406)
nc DEBUG: SSH: channel_default_bufferize: placing 179 bytes into channel buffer (stdout)
nc DEBUG: SSH: channel_rcv_data: Channel windows are now (local win=1242128 remote win=1262406)
nc DEBUG: SSH: ssh_packet_need_rekey: rekey: [data_rekey_needed=0, out_blocks=2307, in_blocks=5326]
nc DEBUG: SSH: ssh_channel_read_timeout: Read (2) buffered : 0 bytes. Window: 1242128
nc DEBUG: SSH: ssh_packet_socket_callback: packet: read type 94 [len=24,padding=10,comp=13,payload=13]
nc DEBUG: SSH: ssh_packet_process: Dispatching handler for packet type 94
nc DEBUG: SSH: channel_rcv_data: Channel receiving 4 bytes data in 0 (local win=1242128 remote win=1262406)
nc DEBUG: SSH: channel_default_bufferize: placing 4 bytes into channel buffer (stdout)
nc DEBUG: SSH: channel_rcv_data: Channel windows are now (local win=1242124 remote win=1262406)
nc DEBUG: SSH: ssh_packet_need_rekey: rekey: [data_rekey_needed=0, out_blocks=2307, in_blocks=5327]
nc DEBUG: SSH: ssh_channel_read_timeout: Read (1) buffered : 2 bytes. Window: 1242124
nc DEBUG: SSH: ssh_channel_read_timeout: Read (1) buffered : 1 bytes. Window: 1242124
nc DEBUG: Received message:
<rpc-reply xmlns="urn:ietf:params:xml:ns:netconf:base:1.0" message-id="60"><next-update-at xmlns="urn:o-ran:supervision:1.0">2026-04-14T02:18:12+00:00</next-update-at></rpc-reply>

DATA
<next-update-at xmlns="urn:o-ran:supervision:1.0">2026-04-14T11:18:12+09:00</next-update-at>

nc DEBUG: Received message:
<notification xmlns="urn:ietf:params:xml:ns:netconf:notification:1.0"><eventTime>2026-04-14T02:18:12Z</eventTime><supervision-notification xmlns="urn:o-ran:supervision:1.0"/></notification>

notification (2026-04-14T02:18:12Z)
<supervision-notification xmlns="urn:o-ran:supervision:1.0"/>

Client SENT :  user-rpc --content /mplane_automation/conformance_test/watchdog.xml
nc DEBUG: Sending message:

#286


nc DEBUG: SSH: ssh_packet_need_rekey: rekey: [data_rekey_needed=0, out_blocks=2308, in_blocks=5354]
nc DEBUG: SSH: ssh_socket_unbuffered_write: Enabling POLLOUT for socket
nc DEBUG: SSH: packet_send2: packet: wrote [type=94, len=24, padding_size=8, comp=15, payload=15]
nc DEBUG: SSH: channel_write_common: ssh_channel_write wrote 6 bytes
nc DEBUG: Sending message:
<rpc xmlns="urn:ietf:params:xml:ns:netconf:base:1.0" message-id="61"><supervision-watchdog-reset xmlns="urn:o-ran:supervision:1.0"><supervision-notification-interval>10</supervision-notification-interval><guard-timer-overhead>10</guard-timer-overhead></supervision-watchdog-reset></rpc>

nc DEBUG: SSH: ssh_packet_need_rekey: rekey: [data_rekey_needed=0, out_blocks=2344, in_blocks=5389]
nc DEBUG: SSH: packet_send2: packet: wrote [type=94, len=304, padding_size=8, comp=295, payload=295]
nc DEBUG: SSH: channel_write_common: ssh_channel_write wrote 286 bytes
nc DEBUG: SSH: ssh_socket_unbuffered_write: Enabling POLLOUT for socket
nc DEBUG: Sending message:

##


nc DEBUG: SSH: ssh_packet_need_rekey: rekey: [data_rekey_needed=0, out_blocks=2345, in_blocks=5354]
nc DEBUG: SSH: packet_send2: packet: wrote [type=94, len=24, padding_size=10, comp=13, payload=13]
nc DEBUG: SSH: channel_write_common: ssh_channel_write wrote 4 bytes
nc DEBUG: SSH: ssh_socket_unbuffered_write: Enabling POLLOUT for socket
nc DEBUG: SSH: ssh_packet_socket_callback: packet: read type 94 [len=24,padding=8,comp=15,payload=15]
nc DEBUG: SSH: ssh_packet_process: Dispatching handler for packet type 94
nc DEBUG: SSH: channel_rcv_data: Channel receiving 6 bytes data in 0 (local win=1241925 remote win=1262110)
nc DEBUG: SSH: channel_default_bufferize: placing 6 bytes into channel buffer (stdout)
nc DEBUG: SSH: channel_rcv_data: Channel windows are now (local win=1241919 remote win=1262110)
nc DEBUG: SSH: ssh_packet_socket_callback: Processing 220 bytes left in socket buffer
nc DEBUG: SSH: ssh_packet_socket_callback: packet: read type 94 [len=200,padding=11,comp=188,payload=188]
nc DEBUG: SSH: ssh_packet_process: Dispatching handler for packet type 94
nc DEBUG: SSH: channel_rcv_data: Channel receiving 179 bytes data in 0 (local win=1241919 remote win=1262110)
nc DEBUG: SSH: channel_default_bufferize: placing 179 bytes into channel buffer (stdout)
nc DEBUG: SSH: channel_rcv_data: Channel windows are now (local win=1241740 remote win=1262110)
nc DEBUG: SSH: ssh_packet_need_rekey: rekey: [data_rekey_needed=0, out_blocks=2345, in_blocks=5377]
nc DEBUG: SSH: ssh_packet_need_rekey: rekey: [data_rekey_needed=0, out_blocks=2345, in_blocks=5377]
nc DEBUG: SSH: ssh_channel_read_timeout: Read (2) buffered : 185 bytes. Window: 1241740
nc DEBUG: SSH: ssh_channel_read_timeout: Read (1) buffered : 183 bytes. Window: 1241740
nc DEBUG: SSH: ssh_channel_read_timeout: Read (1) buffered : 182 bytes. Window: 1241740
nc DEBUG: SSH: ssh_channel_read_timeout: Read (1) buffered : 181 bytes. Window: 1241740
nc DEBUG: SSH: ssh_channel_read_timeout: Read (1) buffered : 180 bytes. Window: 1241740
nc DEBUG: SSH: ssh_channel_read_timeout: Read (179) buffered : 179 bytes. Window: 1241740
nc DEBUG: SSH: ssh_channel_read_timeout: Read (2) buffered : 0 bytes. Window: 1241740
nc DEBUG: SSH: ssh_packet_socket_callback: packet: read type 94 [len=24,padding=10,comp=13,payload=13]
nc DEBUG: SSH: ssh_packet_process: Dispatching handler for packet type 94
nc DEBUG: SSH: channel_rcv_data: Channel receiving 4 bytes data in 0 (local win=1241740 remote win=1262110)
nc DEBUG: SSH: channel_default_bufferize: placing 4 bytes into channel buffer (stdout)
nc DEBUG: SSH: channel_rcv_data: Channel windows are now (local win=1241736 remote win=1262110)
nc DEBUG: SSH: ssh_packet_need_rekey: rekey: [data_rekey_needed=0, out_blocks=2345, in_blocks=5378]
nc DEBUG: SSH: ssh_channel_read_timeout: Read (1) buffered : 2 bytes. Window: 1241736
nc DEBUG: SSH: ssh_channel_read_timeout: Read (1) buffered : 1 bytes. Window: 1241736
nc DEBUG: Received message:
<rpc-reply xmlns="urn:ietf:params:xml:ns:netconf:base:1.0" message-id="61"><next-update-at xmlns="urn:o-ran:supervision:1.0">2026-04-14T02:18:22+00:00</next-update-at></rpc-reply>

DATA
<next-update-at xmlns="urn:o-ran:supervision:1.0">2026-04-14T11:18:22+09:00</next-update-at>

nc DEBUG: Received message:
<notification xmlns="urn:ietf:params:xml:ns:netconf:notification:1.0"><eventTime>2026-04-14T02:18:22Z</eventTime><supervision-notification xmlns="urn:o-ran:supervision:1.0"/></notification>

notification (2026-04-14T02:18:22Z)
<supervision-notification xmlns="urn:o-ran:supervision:1.0"/>

Client SENT :  user-rpc --content /mplane_automation/conformance_test/watchdog.xml
nc DEBUG: Sending message:

#286


nc DEBUG: SSH: ssh_packet_need_rekey: rekey: [data_rekey_needed=0, out_blocks=2346, in_blocks=5405]
nc DEBUG: SSH: ssh_socket_unbuffered_write: Enabling POLLOUT for socket
nc DEBUG: SSH: packet_send2: packet: wrote [type=94, len=24, padding_size=8, comp=15, payload=15]
nc DEBUG: SSH: channel_write_common: ssh_channel_write wrote 6 bytes
nc DEBUG: Sending message:
<rpc xmlns="urn:ietf:params:xml:ns:netconf:base:1.0" message-id="62"><supervision-watchdog-reset xmlns="urn:o-ran:supervision:1.0"><supervision-notification-interval>10</supervision-notification-interval><guard-timer-overhead>10</guard-timer-overhead></supervision-watchdog-reset></rpc>

nc DEBUG: SSH: ssh_packet_need_rekey: rekey: [data_rekey_needed=0, out_blocks=2382, in_blocks=5440]
nc DEBUG: SSH: packet_send2: packet: wrote [type=94, len=304, padding_size=8, comp=295, payload=295]
nc DEBUG: SSH: channel_write_common: ssh_channel_write wrote 286 bytes
nc DEBUG: SSH: ssh_socket_unbuffered_write: Enabling POLLOUT for socket
nc DEBUG: Sending message:

##


nc DEBUG: SSH: ssh_packet_need_rekey: rekey: [data_rekey_needed=0, out_blocks=2383, in_blocks=5405]
nc DEBUG: SSH: packet_send2: packet: wrote [type=94, len=24, padding_size=10, comp=13, payload=13]
nc DEBUG: SSH: channel_write_common: ssh_channel_write wrote 4 bytes
nc DEBUG: SSH: ssh_socket_unbuffered_write: Enabling POLLOUT for socket
nc DEBUG: SSH: ssh_packet_socket_callback: packet: read type 94 [len=24,padding=8,comp=15,payload=15]
nc DEBUG: SSH: ssh_packet_process: Dispatching handler for packet type 94
nc DEBUG: SSH: channel_rcv_data: Channel receiving 6 bytes data in 0 (local win=1241537 remote win=1261814)
nc DEBUG: SSH: channel_default_bufferize: placing 6 bytes into channel buffer (stdout)
nc DEBUG: SSH: channel_rcv_data: Channel windows are now (local win=1241531 remote win=1261814)
nc DEBUG: SSH: ssh_packet_socket_callback: Processing 220 bytes left in socket buffer
nc DEBUG: SSH: ssh_packet_socket_callback: packet: read type 94 [len=200,padding=11,comp=188,payload=188]
nc DEBUG: SSH: ssh_packet_process: Dispatching handler for packet type 94
nc DEBUG: SSH: channel_rcv_data: Channel receiving 179 bytes data in 0 (local win=1241531 remote win=1261814)
nc DEBUG: SSH: channel_default_bufferize: placing 179 bytes into channel buffer (stdout)
nc DEBUG: SSH: channel_rcv_data: Channel windows are now (local win=1241352 remote win=1261814)
nc DEBUG: SSH: ssh_packet_need_rekey: rekey: [data_rekey_needed=0, out_blocks=2383, in_blocks=5428]
nc DEBUG: SSH: ssh_packet_need_rekey: rekey: [data_rekey_needed=0, out_blocks=2383, in_blocks=5428]
nc DEBUG: SSH: ssh_channel_read_timeout: Read (2) buffered : 185 bytes. Window: 1241352
nc DEBUG: SSH: ssh_channel_read_timeout: Read (1) buffered : 183 bytes. Window: 1241352
nc DEBUG: SSH: ssh_channel_read_timeout: Read (1) buffered : 182 bytes. Window: 1241352
nc DEBUG: SSH: ssh_channel_read_timeout: Read (1) buffered : 181 bytes. Window: 1241352
nc DEBUG: SSH: ssh_channel_read_timeout: Read (1) buffered : 180 bytes. Window: 1241352
nc DEBUG: SSH: ssh_channel_read_timeout: Read (179) buffered : 179 bytes. Window: 1241352
nc DEBUG: SSH: ssh_channel_read_timeout: Read (2) buffered : 0 bytes. Window: 1241352
nc DEBUG: SSH: ssh_packet_socket_callback: packet: read type 94 [len=24,padding=10,comp=13,payload=13]
nc DEBUG: SSH: ssh_packet_process: Dispatching handler for packet type 94
nc DEBUG: SSH: channel_rcv_data: Channel receiving 4 bytes data in 0 (local win=1241352 remote win=1261814)
nc DEBUG: SSH: channel_default_bufferize: placing 4 bytes into channel buffer (stdout)
nc DEBUG: SSH: channel_rcv_data: Channel windows are now (local win=1241348 remote win=1261814)
nc DEBUG: SSH: ssh_packet_need_rekey: rekey: [data_rekey_needed=0, out_blocks=2383, in_blocks=5429]
nc DEBUG: SSH: ssh_channel_read_timeout: Read (1) buffered : 2 bytes. Window: 1241348
nc DEBUG: SSH: ssh_channel_read_timeout: Read (1) buffered : 1 bytes. Window: 1241348
nc DEBUG: Received message:
<rpc-reply xmlns="urn:ietf:params:xml:ns:netconf:base:1.0" message-id="62"><next-update-at xmlns="urn:o-ran:supervision:1.0">2026-04-14T02:18:32+00:00</next-update-at></rpc-reply>

DATA
<next-update-at xmlns="urn:o-ran:supervision:1.0">2026-04-14T11:18:32+09:00</next-update-at>

nc DEBUG: Received message:
<notification xmlns="urn:ietf:params:xml:ns:netconf:notification:1.0"><eventTime>2026-04-14T02:18:32Z</eventTime><supervision-notification xmlns="urn:o-ran:supervision:1.0"/></notification>

notification (2026-04-14T02:18:32Z)
<supervision-notification xmlns="urn:o-ran:supervision:1.0"/>

Client SENT :  user-rpc --content /mplane_automation/conformance_test/watchdog.xml
nc DEBUG: Sending message:

#286


nc DEBUG: SSH: ssh_packet_need_rekey: rekey: [data_rekey_needed=0, out_blocks=2384, in_blocks=5456]
nc DEBUG: SSH: ssh_socket_unbuffered_write: Enabling POLLOUT for socket
nc DEBUG: SSH: packet_send2: packet: wrote [type=94, len=24, padding_size=8, comp=15, payload=15]
nc DEBUG: SSH: channel_write_common: ssh_channel_write wrote 6 bytes
nc DEBUG: Sending message:
<rpc xmlns="urn:ietf:params:xml:ns:netconf:base:1.0" message-id="63"><supervision-watchdog-reset xmlns="urn:o-ran:supervision:1.0"><supervision-notification-interval>10</supervision-notification-interval><guard-timer-overhead>10</guard-timer-overhead></supervision-watchdog-reset></rpc>

nc DEBUG: SSH: ssh_packet_need_rekey: rekey: [data_rekey_needed=0, out_blocks=2420, in_blocks=5491]
nc DEBUG: SSH: packet_send2: packet: wrote [type=94, len=304, padding_size=8, comp=295, payload=295]
nc DEBUG: SSH: channel_write_common: ssh_channel_write wrote 286 bytes
nc DEBUG: SSH: ssh_socket_unbuffered_write: Enabling POLLOUT for socket
nc DEBUG: Sending message:

##


nc DEBUG: SSH: ssh_packet_need_rekey: rekey: [data_rekey_needed=0, out_blocks=2421, in_blocks=5456]
nc DEBUG: SSH: packet_send2: packet: wrote [type=94, len=24, padding_size=10, comp=13, payload=13]
nc DEBUG: SSH: channel_write_common: ssh_channel_write wrote 4 bytes
nc DEBUG: SSH: ssh_socket_unbuffered_write: Enabling POLLOUT for socket
nc DEBUG: SSH: ssh_packet_socket_callback: packet: read type 94 [len=24,padding=8,comp=15,payload=15]
nc DEBUG: SSH: ssh_packet_process: Dispatching handler for packet type 94
nc DEBUG: SSH: channel_rcv_data: Channel receiving 6 bytes data in 0 (local win=1241149 remote win=1261518)
nc DEBUG: SSH: channel_default_bufferize: placing 6 bytes into channel buffer (stdout)
nc DEBUG: SSH: channel_rcv_data: Channel windows are now (local win=1241143 remote win=1261518)
nc DEBUG: SSH: ssh_packet_socket_callback: Processing 220 bytes left in socket buffer
nc DEBUG: SSH: ssh_packet_socket_callback: packet: read type 94 [len=200,padding=11,comp=188,payload=188]
nc DEBUG: SSH: ssh_packet_process: Dispatching handler for packet type 94
nc DEBUG: SSH: channel_rcv_data: Channel receiving 179 bytes data in 0 (local win=1241143 remote win=1261518)
nc DEBUG: SSH: channel_default_bufferize: placing 179 bytes into channel buffer (stdout)
nc DEBUG: SSH: channel_rcv_data: Channel windows are now (local win=1240964 remote win=1261518)
nc DEBUG: SSH: ssh_packet_need_rekey: rekey: [data_rekey_needed=0, out_blocks=2421, in_blocks=5479]
nc DEBUG: SSH: ssh_packet_need_rekey: rekey: [data_rekey_needed=0, out_blocks=2421, in_blocks=5479]
nc DEBUG: SSH: ssh_channel_read_timeout: Read (2) buffered : 185 bytes. Window: 1240964
nc DEBUG: SSH: ssh_channel_read_timeout: Read (1) buffered : 183 bytes. Window: 1240964
nc DEBUG: SSH: ssh_channel_read_timeout: Read (1) buffered : 182 bytes. Window: 1240964
nc DEBUG: SSH: ssh_channel_read_timeout: Read (1) buffered : 181 bytes. Window: 1240964
nc DEBUG: SSH: ssh_channel_read_timeout: Read (1) buffered : 180 bytes. Window: 1240964
nc DEBUG: SSH: ssh_channel_read_timeout: Read (179) buffered : 179 bytes. Window: 1240964
nc DEBUG: SSH: ssh_channel_read_timeout: Read (2) buffered : 0 bytes. Window: 1240964
nc DEBUG: SSH: ssh_packet_socket_callback: packet: read type 94 [len=24,padding=10,comp=13,payload=13]
nc DEBUG: SSH: ssh_packet_process: Dispatching handler for packet type 94
nc DEBUG: SSH: channel_rcv_data: Channel receiving 4 bytes data in 0 (local win=1240964 remote win=1261518)
nc DEBUG: SSH: channel_default_bufferize: placing 4 bytes into channel buffer (stdout)
nc DEBUG: SSH: channel_rcv_data: Channel windows are now (local win=1240960 remote win=1261518)
nc DEBUG: SSH: ssh_packet_need_rekey: rekey: [data_rekey_needed=0, out_blocks=2421, in_blocks=5480]
nc DEBUG: SSH: ssh_channel_read_timeout: Read (1) buffered : 2 bytes. Window: 1240960
nc DEBUG: SSH: ssh_channel_read_timeout: Read (1) buffered : 1 bytes. Window: 1240960
nc DEBUG: Received message:
<rpc-reply xmlns="urn:ietf:params:xml:ns:netconf:base:1.0" message-id="63"><next-update-at xmlns="urn:o-ran:supervision:1.0">2026-04-14T02:18:42+00:00</next-update-at></rpc-reply>

DATA
<next-update-at xmlns="urn:o-ran:supervision:1.0">2026-04-14T11:18:42+09:00</next-update-at>

nc DEBUG: Received message:
<notification xmlns="urn:ietf:params:xml:ns:netconf:notification:1.0"><eventTime>2026-04-14T02:18:42Z</eventTime><supervision-notification xmlns="urn:o-ran:supervision:1.0"/></notification>

notification (2026-04-14T02:18:42Z)
<supervision-notification xmlns="urn:o-ran:supervision:1.0"/>

Client SENT :  user-rpc --content /mplane_automation/conformance_test/watchdog.xml
nc DEBUG: Sending message:

#286


nc DEBUG: SSH: ssh_packet_need_rekey: rekey: [data_rekey_needed=0, out_blocks=2422, in_blocks=5507]
nc DEBUG: SSH: ssh_socket_unbuffered_write: Enabling POLLOUT for socket
nc DEBUG: SSH: packet_send2: packet: wrote [type=94, len=24, padding_size=8, comp=15, payload=15]
nc DEBUG: SSH: channel_write_common: ssh_channel_write wrote 6 bytes
nc DEBUG: Sending message:
<rpc xmlns="urn:ietf:params:xml:ns:netconf:base:1.0" message-id="64"><supervision-watchdog-reset xmlns="urn:o-ran:supervision:1.0"><supervision-notification-interval>10</supervision-notification-interval><guard-timer-overhead>10</guard-timer-overhead></supervision-watchdog-reset></rpc>

nc DEBUG: SSH: ssh_packet_need_rekey: rekey: [data_rekey_needed=0, out_blocks=2458, in_blocks=5542]
nc DEBUG: SSH: packet_send2: packet: wrote [type=94, len=304, padding_size=8, comp=295, payload=295]
nc DEBUG: SSH: channel_write_common: ssh_channel_write wrote 286 bytes
nc DEBUG: SSH: ssh_socket_unbuffered_write: Enabling POLLOUT for socket
nc DEBUG: Sending message:

##


nc DEBUG: SSH: ssh_packet_need_rekey: rekey: [data_rekey_needed=0, out_blocks=2459, in_blocks=5507]
nc DEBUG: SSH: packet_send2: packet: wrote [type=94, len=24, padding_size=10, comp=13, payload=13]
nc DEBUG: SSH: channel_write_common: ssh_channel_write wrote 4 bytes
nc DEBUG: SSH: ssh_socket_unbuffered_write: Enabling POLLOUT for socket
nc DEBUG: SSH: ssh_packet_socket_callback: packet: read type 94 [len=24,padding=8,comp=15,payload=15]
nc DEBUG: SSH: ssh_packet_process: Dispatching handler for packet type 94
nc DEBUG: SSH: channel_rcv_data: Channel receiving 6 bytes data in 0 (local win=1240761 remote win=1261222)
nc DEBUG: SSH: channel_default_bufferize: placing 6 bytes into channel buffer (stdout)
nc DEBUG: SSH: channel_rcv_data: Channel windows are now (local win=1240755 remote win=1261222)
nc DEBUG: SSH: ssh_packet_need_rekey: rekey: [data_rekey_needed=0, out_blocks=2459, in_blocks=5507]
nc DEBUG: SSH: ssh_channel_read_timeout: Read (2) buffered : 6 bytes. Window: 1240755
nc DEBUG: SSH: ssh_channel_read_timeout: Read (1) buffered : 4 bytes. Window: 1240755
nc DEBUG: SSH: ssh_channel_read_timeout: Read (1) buffered : 3 bytes. Window: 1240755
nc DEBUG: SSH: ssh_channel_read_timeout: Read (1) buffered : 2 bytes. Window: 1240755
nc DEBUG: SSH: ssh_channel_read_timeout: Read (1) buffered : 1 bytes. Window: 1240755
nc DEBUG: SSH: ssh_channel_read_timeout: Read (179) buffered : 0 bytes. Window: 1240755
nc DEBUG: SSH: ssh_packet_socket_callback: packet: read type 94 [len=200,padding=11,comp=188,payload=188]
nc DEBUG: SSH: ssh_packet_process: Dispatching handler for packet type 94
nc DEBUG: SSH: channel_rcv_data: Channel receiving 179 bytes data in 0 (local win=1240755 remote win=1261222)
nc DEBUG: SSH: channel_default_bufferize: placing 179 bytes into channel buffer (stdout)
nc DEBUG: SSH: channel_rcv_data: Channel windows are now (local win=1240576 remote win=1261222)
nc DEBUG: SSH: ssh_packet_socket_callback: Processing 44 bytes left in socket buffer
nc DEBUG: SSH: ssh_packet_socket_callback: packet: read type 94 [len=24,padding=10,comp=13,payload=13]
nc DEBUG: SSH: ssh_packet_process: Dispatching handler for packet type 94
nc DEBUG: SSH: channel_rcv_data: Channel receiving 4 bytes data in 0 (local win=1240576 remote win=1261222)
nc DEBUG: SSH: channel_default_bufferize: placing 4 bytes into channel buffer (stdout)
nc DEBUG: SSH: channel_rcv_data: Channel windows are now (local win=1240572 remote win=1261222)
nc DEBUG: SSH: ssh_packet_need_rekey: rekey: [data_rekey_needed=0, out_blocks=2459, in_blocks=5531]
nc DEBUG: SSH: ssh_packet_need_rekey: rekey: [data_rekey_needed=0, out_blocks=2459, in_blocks=5531]
nc DEBUG: SSH: ssh_channel_read_timeout: Read (2) buffered : 4 bytes. Window: 1240572
nc DEBUG: SSH: ssh_channel_read_timeout: Read (1) buffered : 2 bytes. Window: 1240572
nc DEBUG: SSH: ssh_channel_read_timeout: Read (1) buffered : 1 bytes. Window: 1240572
nc DEBUG: Received message:
<rpc-reply xmlns="urn:ietf:params:xml:ns:netconf:base:1.0" message-id="64"><next-update-at xmlns="urn:o-ran:supervision:1.0">2026-04-14T02:18:52+00:00</next-update-at></rpc-reply>

DATA
<next-update-at xmlns="urn:o-ran:supervision:1.0">2026-04-14T11:18:52+09:00</next-update-at>

nc DEBUG: Received message:
<notification xmlns="urn:ietf:params:xml:ns:netconf:notification:1.0"><eventTime>2026-04-14T02:18:52Z</eventTime><supervision-notification xmlns="urn:o-ran:supervision:1.0"/></notification>

notification (2026-04-14T02:18:52Z)
<supervision-notification xmlns="urn:o-ran:supervision:1.0"/>

Client SENT :  user-rpc --content /mplane_automation/conformance_test/watchdog.xml
nc DEBUG: Sending message:

#286


nc DEBUG: SSH: ssh_packet_need_rekey: rekey: [data_rekey_needed=0, out_blocks=2460, in_blocks=5558]
nc DEBUG: SSH: ssh_socket_unbuffered_write: Enabling POLLOUT for socket
nc DEBUG: SSH: packet_send2: packet: wrote [type=94, len=24, padding_size=8, comp=15, payload=15]
nc DEBUG: SSH: channel_write_common: ssh_channel_write wrote 6 bytes
nc DEBUG: Sending message:
<rpc xmlns="urn:ietf:params:xml:ns:netconf:base:1.0" message-id="65"><supervision-watchdog-reset xmlns="urn:o-ran:supervision:1.0"><supervision-notification-interval>10</supervision-notification-interval><guard-timer-overhead>10</guard-timer-overhead></supervision-watchdog-reset></rpc>

nc DEBUG: SSH: ssh_packet_need_rekey: rekey: [data_rekey_needed=0, out_blocks=2496, in_blocks=5593]
nc DEBUG: SSH: packet_send2: packet: wrote [type=94, len=304, padding_size=8, comp=295, payload=295]
nc DEBUG: SSH: channel_write_common: ssh_channel_write wrote 286 bytes
nc DEBUG: SSH: ssh_socket_unbuffered_write: Enabling POLLOUT for socket
nc DEBUG: Sending message:

##


nc DEBUG: SSH: ssh_packet_need_rekey: rekey: [data_rekey_needed=0, out_blocks=2497, in_blocks=5558]
nc DEBUG: SSH: packet_send2: packet: wrote [type=94, len=24, padding_size=10, comp=13, payload=13]
nc DEBUG: SSH: channel_write_common: ssh_channel_write wrote 4 bytes
nc DEBUG: SSH: ssh_socket_unbuffered_write: Enabling POLLOUT for socket
nc DEBUG: SSH: ssh_packet_socket_callback: packet: read type 94 [len=24,padding=8,comp=15,payload=15]
nc DEBUG: SSH: ssh_packet_process: Dispatching handler for packet type 94
nc DEBUG: SSH: channel_rcv_data: Channel receiving 6 bytes data in 0 (local win=1240373 remote win=1260926)
nc DEBUG: SSH: channel_default_bufferize: placing 6 bytes into channel buffer (stdout)
nc DEBUG: SSH: channel_rcv_data: Channel windows are now (local win=1240367 remote win=1260926)
nc DEBUG: SSH: ssh_packet_socket_callback: Processing 220 bytes left in socket buffer
nc DEBUG: SSH: ssh_packet_socket_callback: packet: read type 94 [len=200,padding=11,comp=188,payload=188]
nc DEBUG: SSH: ssh_packet_process: Dispatching handler for packet type 94
nc DEBUG: SSH: channel_rcv_data: Channel receiving 179 bytes data in 0 (local win=1240367 remote win=1260926)
nc DEBUG: SSH: channel_default_bufferize: placing 179 bytes into channel buffer (stdout)
nc DEBUG: SSH: channel_rcv_data: Channel windows are now (local win=1240188 remote win=1260926)
nc DEBUG: SSH: ssh_packet_need_rekey: rekey: [data_rekey_needed=0, out_blocks=2497, in_blocks=5581]
nc DEBUG: SSH: ssh_packet_need_rekey: rekey: [data_rekey_needed=0, out_blocks=2497, in_blocks=5581]
nc DEBUG: SSH: ssh_channel_read_timeout: Read (2) buffered : 185 bytes. Window: 1240188
nc DEBUG: SSH: ssh_channel_read_timeout: Read (1) buffered : 183 bytes. Window: 1240188
nc DEBUG: SSH: ssh_channel_read_timeout: Read (1) buffered : 182 bytes. Window: 1240188
nc DEBUG: SSH: ssh_channel_read_timeout: Read (1) buffered : 181 bytes. Window: 1240188
nc DEBUG: SSH: ssh_channel_read_timeout: Read (1) buffered : 180 bytes. Window: 1240188
nc DEBUG: SSH: ssh_channel_read_timeout: Read (179) buffered : 179 bytes. Window: 1240188
nc DEBUG: SSH: ssh_channel_read_timeout: Read (2) buffered : 0 bytes. Window: 1240188
nc DEBUG: SSH: ssh_packet_socket_callback: packet: read type 94 [len=24,padding=10,comp=13,payload=13]
nc DEBUG: SSH: ssh_packet_process: Dispatching handler for packet type 94
nc DEBUG: SSH: channel_rcv_data: Channel receiving 4 bytes data in 0 (local win=1240188 remote win=1260926)
nc DEBUG: SSH: channel_default_bufferize: placing 4 bytes into channel buffer (stdout)
nc DEBUG: SSH: channel_rcv_data: Channel windows are now (local win=1240184 remote win=1260926)
nc DEBUG: SSH: ssh_packet_need_rekey: rekey: [data_rekey_needed=0, out_blocks=2497, in_blocks=5582]
nc DEBUG: SSH: ssh_channel_read_timeout: Read (1) buffered : 2 bytes. Window: 1240184
nc DEBUG: SSH: ssh_channel_read_timeout: Read (1) buffered : 1 bytes. Window: 1240184
nc DEBUG: Received message:
<rpc-reply xmlns="urn:ietf:params:xml:ns:netconf:base:1.0" message-id="65"><next-update-at xmlns="urn:o-ran:supervision:1.0">2026-04-14T02:19:02+00:00</next-update-at></rpc-reply>

DATA
<next-update-at xmlns="urn:o-ran:supervision:1.0">2026-04-14T11:19:02+09:00</next-update-at>

nc DEBUG: Received message:
<notification xmlns="urn:ietf:params:xml:ns:netconf:notification:1.0"><eventTime>2026-04-14T02:19:02Z</eventTime><supervision-notification xmlns="urn:o-ran:supervision:1.0"/></notification>

notification (2026-04-14T02:19:02Z)
<supervision-notification xmlns="urn:o-ran:supervision:1.0"/>

Client SENT :  user-rpc --content /mplane_automation/conformance_test/watchdog.xml
nc DEBUG: Sending message:

#286


nc DEBUG: SSH: ssh_packet_need_rekey: rekey: [data_rekey_needed=0, out_blocks=2498, in_blocks=5609]
nc DEBUG: SSH: ssh_socket_unbuffered_write: Enabling POLLOUT for socket
nc DEBUG: SSH: packet_send2: packet: wrote [type=94, len=24, padding_size=8, comp=15, payload=15]
nc DEBUG: SSH: channel_write_common: ssh_channel_write wrote 6 bytes
nc DEBUG: Sending message:
<rpc xmlns="urn:ietf:params:xml:ns:netconf:base:1.0" message-id="66"><supervision-watchdog-reset xmlns="urn:o-ran:supervision:1.0"><supervision-notification-interval>10</supervision-notification-interval><guard-timer-overhead>10</guard-timer-overhead></supervision-watchdog-reset></rpc>

nc DEBUG: SSH: ssh_packet_need_rekey: rekey: [data_rekey_needed=0, out_blocks=2534, in_blocks=5644]
nc DEBUG: SSH: packet_send2: packet: wrote [type=94, len=304, padding_size=8, comp=295, payload=295]
nc DEBUG: SSH: channel_write_common: ssh_channel_write wrote 286 bytes
nc DEBUG: SSH: ssh_socket_unbuffered_write: Enabling POLLOUT for socket
nc DEBUG: Sending message:

##


nc DEBUG: SSH: ssh_packet_need_rekey: rekey: [data_rekey_needed=0, out_blocks=2535, in_blocks=5609]
nc DEBUG: SSH: packet_send2: packet: wrote [type=94, len=24, padding_size=10, comp=13, payload=13]
nc DEBUG: SSH: channel_write_common: ssh_channel_write wrote 4 bytes
nc DEBUG: SSH: ssh_socket_unbuffered_write: Enabling POLLOUT for socket
nc DEBUG: SSH: ssh_packet_socket_callback: packet: read type 94 [len=24,padding=8,comp=15,payload=15]
nc DEBUG: SSH: ssh_packet_process: Dispatching handler for packet type 94
nc DEBUG: SSH: channel_rcv_data: Channel receiving 6 bytes data in 0 (local win=1239985 remote win=1260630)
nc DEBUG: SSH: channel_default_bufferize: placing 6 bytes into channel buffer (stdout)
nc DEBUG: SSH: channel_rcv_data: Channel windows are now (local win=1239979 remote win=1260630)
nc DEBUG: SSH: ssh_packet_socket_callback: Processing 220 bytes left in socket buffer
nc DEBUG: SSH: ssh_packet_socket_callback: packet: read type 94 [len=200,padding=11,comp=188,payload=188]
nc DEBUG: SSH: ssh_packet_process: Dispatching handler for packet type 94
nc DEBUG: SSH: channel_rcv_data: Channel receiving 179 bytes data in 0 (local win=1239979 remote win=1260630)
nc DEBUG: SSH: channel_default_bufferize: placing 179 bytes into channel buffer (stdout)
nc DEBUG: SSH: channel_rcv_data: Channel windows are now (local win=1239800 remote win=1260630)
nc DEBUG: SSH: ssh_packet_need_rekey: rekey: [data_rekey_needed=0, out_blocks=2535, in_blocks=5632]
nc DEBUG: SSH: ssh_packet_need_rekey: rekey: [data_rekey_needed=0, out_blocks=2535, in_blocks=5632]
nc DEBUG: SSH: ssh_channel_read_timeout: Read (2) buffered : 185 bytes. Window: 1239800
nc DEBUG: SSH: ssh_channel_read_timeout: Read (1) buffered : 183 bytes. Window: 1239800
nc DEBUG: SSH: ssh_channel_read_timeout: Read (1) buffered : 182 bytes. Window: 1239800
nc DEBUG: SSH: ssh_channel_read_timeout: Read (1) buffered : 181 bytes. Window: 1239800
nc DEBUG: SSH: ssh_channel_read_timeout: Read (1) buffered : 180 bytes. Window: 1239800
nc DEBUG: SSH: ssh_channel_read_timeout: Read (179) buffered : 179 bytes. Window: 1239800
nc DEBUG: SSH: ssh_channel_read_timeout: Read (2) buffered : 0 bytes. Window: 1239800
nc DEBUG: SSH: ssh_packet_socket_callback: packet: read type 94 [len=24,padding=10,comp=13,payload=13]
nc DEBUG: SSH: ssh_packet_process: Dispatching handler for packet type 94
nc DEBUG: SSH: channel_rcv_data: Channel receiving 4 bytes data in 0 (local win=1239800 remote win=1260630)
nc DEBUG: SSH: channel_default_bufferize: placing 4 bytes into channel buffer (stdout)
nc DEBUG: SSH: channel_rcv_data: Channel windows are now (local win=1239796 remote win=1260630)
nc DEBUG: SSH: ssh_packet_need_rekey: rekey: [data_rekey_needed=0, out_blocks=2535, in_blocks=5633]
nc DEBUG: SSH: ssh_channel_read_timeout: Read (1) buffered : 2 bytes. Window: 1239796
nc DEBUG: SSH: ssh_channel_read_timeout: Read (1) buffered : 1 bytes. Window: 1239796
nc DEBUG: Received message:
<rpc-reply xmlns="urn:ietf:params:xml:ns:netconf:base:1.0" message-id="66"><next-update-at xmlns="urn:o-ran:supervision:1.0">2026-04-14T02:19:12+00:00</next-update-at></rpc-reply>

DATA
<next-update-at xmlns="urn:o-ran:supervision:1.0">2026-04-14T11:19:12+09:00</next-update-at>

nc DEBUG: Received message:
<notification xmlns="urn:ietf:params:xml:ns:netconf:notification:1.0"><eventTime>2026-04-14T02:19:12Z</eventTime><supervision-notification xmlns="urn:o-ran:supervision:1.0"/></notification>

notification (2026-04-14T02:19:12Z)
<supervision-notification xmlns="urn:o-ran:supervision:1.0"/>

Client SENT :  user-rpc --content /mplane_automation/conformance_test/watchdog.xml
nc DEBUG: Sending message:

#286


nc DEBUG: SSH: ssh_packet_need_rekey: rekey: [data_rekey_needed=0, out_blocks=2536, in_blocks=5660]
nc DEBUG: SSH: ssh_socket_unbuffered_write: Enabling POLLOUT for socket
nc DEBUG: SSH: packet_send2: packet: wrote [type=94, len=24, padding_size=8, comp=15, payload=15]
nc DEBUG: SSH: channel_write_common: ssh_channel_write wrote 6 bytes
nc DEBUG: Sending message:
<rpc xmlns="urn:ietf:params:xml:ns:netconf:base:1.0" message-id="67"><supervision-watchdog-reset xmlns="urn:o-ran:supervision:1.0"><supervision-notification-interval>10</supervision-notification-interval><guard-timer-overhead>10</guard-timer-overhead></supervision-watchdog-reset></rpc>

nc DEBUG: SSH: ssh_packet_need_rekey: rekey: [data_rekey_needed=0, out_blocks=2572, in_blocks=5695]
nc DEBUG: SSH: packet_send2: packet: wrote [type=94, len=304, padding_size=8, comp=295, payload=295]
nc DEBUG: SSH: channel_write_common: ssh_channel_write wrote 286 bytes
nc DEBUG: SSH: ssh_socket_unbuffered_write: Enabling POLLOUT for socket
nc DEBUG: Sending message:

##


nc DEBUG: SSH: ssh_packet_need_rekey: rekey: [data_rekey_needed=0, out_blocks=2573, in_blocks=5660]
nc DEBUG: SSH: packet_send2: packet: wrote [type=94, len=24, padding_size=10, comp=13, payload=13]
nc DEBUG: SSH: channel_write_common: ssh_channel_write wrote 4 bytes
nc DEBUG: SSH: ssh_socket_unbuffered_write: Enabling POLLOUT for socket
nc DEBUG: SSH: ssh_packet_socket_callback: packet: read type 94 [len=24,padding=8,comp=15,payload=15]
nc DEBUG: SSH: ssh_packet_process: Dispatching handler for packet type 94
nc DEBUG: SSH: channel_rcv_data: Channel receiving 6 bytes data in 0 (local win=1239597 remote win=1260334)
nc DEBUG: SSH: channel_default_bufferize: placing 6 bytes into channel buffer (stdout)
nc DEBUG: SSH: channel_rcv_data: Channel windows are now (local win=1239591 remote win=1260334)
nc DEBUG: SSH: ssh_packet_need_rekey: rekey: [data_rekey_needed=0, out_blocks=2573, in_blocks=5660]
nc DEBUG: SSH: ssh_channel_read_timeout: Read (2) buffered : 6 bytes. Window: 1239591
nc DEBUG: SSH: ssh_channel_read_timeout: Read (1) buffered : 4 bytes. Window: 1239591
nc DEBUG: SSH: ssh_channel_read_timeout: Read (1) buffered : 3 bytes. Window: 1239591
nc DEBUG: SSH: ssh_channel_read_timeout: Read (1) buffered : 2 bytes. Window: 1239591
nc DEBUG: SSH: ssh_channel_read_timeout: Read (1) buffered : 1 bytes. Window: 1239591
nc DEBUG: SSH: ssh_channel_read_timeout: Read (179) buffered : 0 bytes. Window: 1239591
nc DEBUG: SSH: ssh_packet_socket_callback: packet: read type 94 [len=200,padding=11,comp=188,payload=188]
nc DEBUG: SSH: ssh_packet_process: Dispatching handler for packet type 94
nc DEBUG: SSH: channel_rcv_data: Channel receiving 179 bytes data in 0 (local win=1239591 remote win=1260334)
nc DEBUG: SSH: channel_default_bufferize: placing 179 bytes into channel buffer (stdout)
nc DEBUG: SSH: channel_rcv_data: Channel windows are now (local win=1239412 remote win=1260334)
nc DEBUG: SSH: ssh_packet_socket_callback: Processing 44 bytes left in socket buffer
nc DEBUG: SSH: ssh_packet_socket_callback: packet: read type 94 [len=24,padding=10,comp=13,payload=13]
nc DEBUG: SSH: ssh_packet_process: Dispatching handler for packet type 94
nc DEBUG: SSH: channel_rcv_data: Channel receiving 4 bytes data in 0 (local win=1239412 remote win=1260334)
nc DEBUG: SSH: channel_default_bufferize: placing 4 bytes into channel buffer (stdout)
nc DEBUG: SSH: channel_rcv_data: Channel windows are now (local win=1239408 remote win=1260334)
nc DEBUG: SSH: ssh_packet_need_rekey: rekey: [data_rekey_needed=0, out_blocks=2573, in_blocks=5684]
nc DEBUG: SSH: ssh_packet_need_rekey: rekey: [data_rekey_needed=0, out_blocks=2573, in_blocks=5684]
nc DEBUG: SSH: ssh_channel_read_timeout: Read (2) buffered : 4 bytes. Window: 1239408
nc DEBUG: SSH: ssh_channel_read_timeout: Read (1) buffered : 2 bytes. Window: 1239408
nc DEBUG: SSH: ssh_channel_read_timeout: Read (1) buffered : 1 bytes. Window: 1239408
nc DEBUG: Received message:
<rpc-reply xmlns="urn:ietf:params:xml:ns:netconf:base:1.0" message-id="67"><next-update-at xmlns="urn:o-ran:supervision:1.0">2026-04-14T02:19:22+00:00</next-update-at></rpc-reply>

DATA
<next-update-at xmlns="urn:o-ran:supervision:1.0">2026-04-14T11:19:22+09:00</next-update-at>

nc DEBUG: Received message:
<notification xmlns="urn:ietf:params:xml:ns:netconf:notification:1.0"><eventTime>2026-04-14T02:19:22Z</eventTime><supervision-notification xmlns="urn:o-ran:supervision:1.0"/></notification>

notification (2026-04-14T02:19:22Z)
<supervision-notification xmlns="urn:o-ran:supervision:1.0"/>

Client SENT :  user-rpc --content /mplane_automation/conformance_test/watchdog.xml
nc DEBUG: Sending message:

#286


nc DEBUG: SSH: ssh_packet_need_rekey: rekey: [data_rekey_needed=0, out_blocks=2574, in_blocks=5711]
nc DEBUG: SSH: ssh_socket_unbuffered_write: Enabling POLLOUT for socket
nc DEBUG: SSH: packet_send2: packet: wrote [type=94, len=24, padding_size=8, comp=15, payload=15]
nc DEBUG: SSH: channel_write_common: ssh_channel_write wrote 6 bytes
nc DEBUG: Sending message:
<rpc xmlns="urn:ietf:params:xml:ns:netconf:base:1.0" message-id="68"><supervision-watchdog-reset xmlns="urn:o-ran:supervision:1.0"><supervision-notification-interval>10</supervision-notification-interval><guard-timer-overhead>10</guard-timer-overhead></supervision-watchdog-reset></rpc>

nc DEBUG: SSH: ssh_packet_need_rekey: rekey: [data_rekey_needed=0, out_blocks=2610, in_blocks=5746]
nc DEBUG: SSH: packet_send2: packet: wrote [type=94, len=304, padding_size=8, comp=295, payload=295]
nc DEBUG: SSH: channel_write_common: ssh_channel_write wrote 286 bytes
nc DEBUG: SSH: ssh_socket_unbuffered_write: Enabling POLLOUT for socket
nc DEBUG: Sending message:

##


nc DEBUG: SSH: ssh_packet_need_rekey: rekey: [data_rekey_needed=0, out_blocks=2611, in_blocks=5711]
nc DEBUG: SSH: packet_send2: packet: wrote [type=94, len=24, padding_size=10, comp=13, payload=13]
nc DEBUG: SSH: channel_write_common: ssh_channel_write wrote 4 bytes
nc DEBUG: SSH: ssh_socket_unbuffered_write: Enabling POLLOUT for socket
nc DEBUG: SSH: ssh_packet_socket_callback: packet: read type 94 [len=24,padding=8,comp=15,payload=15]
nc DEBUG: SSH: ssh_packet_process: Dispatching handler for packet type 94
nc DEBUG: SSH: channel_rcv_data: Channel receiving 6 bytes data in 0 (local win=1239209 remote win=1260038)
nc DEBUG: SSH: channel_default_bufferize: placing 6 bytes into channel buffer (stdout)
nc DEBUG: SSH: channel_rcv_data: Channel windows are now (local win=1239203 remote win=1260038)
nc DEBUG: SSH: ssh_packet_need_rekey: rekey: [data_rekey_needed=0, out_blocks=2611, in_blocks=5711]
nc DEBUG: SSH: ssh_channel_read_timeout: Read (2) buffered : 6 bytes. Window: 1239203
nc DEBUG: SSH: ssh_channel_read_timeout: Read (1) buffered : 4 bytes. Window: 1239203
nc DEBUG: SSH: ssh_channel_read_timeout: Read (1) buffered : 3 bytes. Window: 1239203
nc DEBUG: SSH: ssh_channel_read_timeout: Read (1) buffered : 2 bytes. Window: 1239203
nc DEBUG: SSH: ssh_channel_read_timeout: Read (1) buffered : 1 bytes. Window: 1239203
nc DEBUG: SSH: ssh_channel_read_timeout: Read (179) buffered : 0 bytes. Window: 1239203
nc DEBUG: SSH: ssh_packet_socket_callback: packet: read type 94 [len=200,padding=11,comp=188,payload=188]
nc DEBUG: SSH: ssh_packet_process: Dispatching handler for packet type 94
nc DEBUG: SSH: channel_rcv_data: Channel receiving 179 bytes data in 0 (local win=1239203 remote win=1260038)
nc DEBUG: SSH: channel_default_bufferize: placing 179 bytes into channel buffer (stdout)
nc DEBUG: SSH: channel_rcv_data: Channel windows are now (local win=1239024 remote win=1260038)
nc DEBUG: SSH: ssh_packet_need_rekey: rekey: [data_rekey_needed=0, out_blocks=2611, in_blocks=5734]
nc DEBUG: SSH: ssh_channel_read_timeout: Read (2) buffered : 0 bytes. Window: 1239024
nc DEBUG: SSH: ssh_packet_socket_callback: packet: read type 94 [len=24,padding=10,comp=13,payload=13]
nc DEBUG: SSH: ssh_packet_process: Dispatching handler for packet type 94
nc DEBUG: SSH: channel_rcv_data: Channel receiving 4 bytes data in 0 (local win=1239024 remote win=1260038)
nc DEBUG: SSH: channel_default_bufferize: placing 4 bytes into channel buffer (stdout)
nc DEBUG: SSH: channel_rcv_data: Channel windows are now (local win=1239020 remote win=1260038)
nc DEBUG: SSH: ssh_packet_need_rekey: rekey: [data_rekey_needed=0, out_blocks=2611, in_blocks=5735]
nc DEBUG: SSH: ssh_channel_read_timeout: Read (1) buffered : 2 bytes. Window: 1239020
nc DEBUG: SSH: ssh_channel_read_timeout: Read (1) buffered : 1 bytes. Window: 1239020
nc DEBUG: Received message:
<rpc-reply xmlns="urn:ietf:params:xml:ns:netconf:base:1.0" message-id="68"><next-update-at xmlns="urn:o-ran:supervision:1.0">2026-04-14T02:19:32+00:00</next-update-at></rpc-reply>

DATA
<next-update-at xmlns="urn:o-ran:supervision:1.0">2026-04-14T11:19:32+09:00</next-update-at>

nc DEBUG: Received message:
<notification xmlns="urn:ietf:params:xml:ns:netconf:notification:1.0"><eventTime>2026-04-14T02:19:32Z</eventTime><supervision-notification xmlns="urn:o-ran:supervision:1.0"/></notification>

notification (2026-04-14T02:19:32Z)
<supervision-notification xmlns="urn:o-ran:supervision:1.0"/>

Client SENT :  user-rpc --content /mplane_automation/conformance_test/watchdog.xml
nc DEBUG: Sending message:

#286


nc DEBUG: SSH: ssh_packet_need_rekey: rekey: [data_rekey_needed=0, out_blocks=2612, in_blocks=5762]
nc DEBUG: SSH: ssh_socket_unbuffered_write: Enabling POLLOUT for socket
nc DEBUG: SSH: packet_send2: packet: wrote [type=94, len=24, padding_size=8, comp=15, payload=15]
nc DEBUG: SSH: channel_write_common: ssh_channel_write wrote 6 bytes
nc DEBUG: Sending message:
<rpc xmlns="urn:ietf:params:xml:ns:netconf:base:1.0" message-id="69"><supervision-watchdog-reset xmlns="urn:o-ran:supervision:1.0"><supervision-notification-interval>10</supervision-notification-interval><guard-timer-overhead>10</guard-timer-overhead></supervision-watchdog-reset></rpc>

nc DEBUG: SSH: ssh_packet_need_rekey: rekey: [data_rekey_needed=0, out_blocks=2648, in_blocks=5797]
nc DEBUG: SSH: packet_send2: packet: wrote [type=94, len=304, padding_size=8, comp=295, payload=295]
nc DEBUG: SSH: channel_write_common: ssh_channel_write wrote 286 bytes
nc DEBUG: SSH: ssh_socket_unbuffered_write: Enabling POLLOUT for socket
nc DEBUG: Sending message:

##


nc DEBUG: SSH: ssh_packet_need_rekey: rekey: [data_rekey_needed=0, out_blocks=2649, in_blocks=5762]
nc DEBUG: SSH: packet_send2: packet: wrote [type=94, len=24, padding_size=10, comp=13, payload=13]
nc DEBUG: SSH: channel_write_common: ssh_channel_write wrote 4 bytes
nc DEBUG: SSH: ssh_socket_unbuffered_write: Enabling POLLOUT for socket
nc DEBUG: SSH: ssh_packet_socket_callback: packet: read type 94 [len=24,padding=8,comp=15,payload=15]
nc DEBUG: SSH: ssh_packet_process: Dispatching handler for packet type 94
nc DEBUG: SSH: channel_rcv_data: Channel receiving 6 bytes data in 0 (local win=1238821 remote win=1259742)
nc DEBUG: SSH: channel_default_bufferize: placing 6 bytes into channel buffer (stdout)
nc DEBUG: SSH: channel_rcv_data: Channel windows are now (local win=1238815 remote win=1259742)
nc DEBUG: SSH: ssh_packet_need_rekey: rekey: [data_rekey_needed=0, out_blocks=2649, in_blocks=5762]
nc DEBUG: SSH: ssh_channel_read_timeout: Read (2) buffered : 6 bytes. Window: 1238815
nc DEBUG: SSH: ssh_channel_read_timeout: Read (1) buffered : 4 bytes. Window: 1238815
nc DEBUG: SSH: ssh_channel_read_timeout: Read (1) buffered : 3 bytes. Window: 1238815
nc DEBUG: SSH: ssh_channel_read_timeout: Read (1) buffered : 2 bytes. Window: 1238815
nc DEBUG: SSH: ssh_channel_read_timeout: Read (1) buffered : 1 bytes. Window: 1238815
nc DEBUG: SSH: ssh_channel_read_timeout: Read (179) buffered : 0 bytes. Window: 1238815
nc DEBUG: SSH: ssh_packet_socket_callback: packet: read type 94 [len=200,padding=11,comp=188,payload=188]
nc DEBUG: SSH: ssh_packet_process: Dispatching handler for packet type 94
nc DEBUG: SSH: channel_rcv_data: Channel receiving 179 bytes data in 0 (local win=1238815 remote win=1259742)
nc DEBUG: SSH: channel_default_bufferize: placing 179 bytes into channel buffer (stdout)
nc DEBUG: SSH: channel_rcv_data: Channel windows are now (local win=1238636 remote win=1259742)
nc DEBUG: SSH: ssh_packet_need_rekey: rekey: [data_rekey_needed=0, out_blocks=2649, in_blocks=5785]
nc DEBUG: SSH: ssh_channel_read_timeout: Read (2) buffered : 0 bytes. Window: 1238636
nc DEBUG: SSH: ssh_packet_socket_callback: packet: read type 94 [len=24,padding=10,comp=13,payload=13]
nc DEBUG: SSH: ssh_packet_process: Dispatching handler for packet type 94
nc DEBUG: SSH: channel_rcv_data: Channel receiving 4 bytes data in 0 (local win=1238636 remote win=1259742)
nc DEBUG: SSH: channel_default_bufferize: placing 4 bytes into channel buffer (stdout)
nc DEBUG: SSH: channel_rcv_data: Channel windows are now (local win=1238632 remote win=1259742)
nc DEBUG: SSH: ssh_packet_need_rekey: rekey: [data_rekey_needed=0, out_blocks=2649, in_blocks=5786]
nc DEBUG: SSH: ssh_channel_read_timeout: Read (1) buffered : 2 bytes. Window: 1238632
nc DEBUG: SSH: ssh_channel_read_timeout: Read (1) buffered : 1 bytes. Window: 1238632
nc DEBUG: Received message:
<rpc-reply xmlns="urn:ietf:params:xml:ns:netconf:base:1.0" message-id="69"><next-update-at xmlns="urn:o-ran:supervision:1.0">2026-04-14T02:19:42+00:00</next-update-at></rpc-reply>

DATA
<next-update-at xmlns="urn:o-ran:supervision:1.0">2026-04-14T11:19:42+09:00</next-update-at>

nc DEBUG: Received message:
<notification xmlns="urn:ietf:params:xml:ns:netconf:notification:1.0"><eventTime>2026-04-14T02:19:42Z</eventTime><supervision-notification xmlns="urn:o-ran:supervision:1.0"/></notification>

notification (2026-04-14T02:19:42Z)
<supervision-notification xmlns="urn:o-ran:supervision:1.0"/>

Client SENT :  user-rpc --content /mplane_automation/conformance_test/watchdog.xml
nc DEBUG: Sending message:

#286


nc DEBUG: SSH: ssh_packet_need_rekey: rekey: [data_rekey_needed=0, out_blocks=2650, in_blocks=5813]
nc DEBUG: SSH: ssh_socket_unbuffered_write: Enabling POLLOUT for socket
nc DEBUG: SSH: packet_send2: packet: wrote [type=94, len=24, padding_size=8, comp=15, payload=15]
nc DEBUG: SSH: channel_write_common: ssh_channel_write wrote 6 bytes
nc DEBUG: Sending message:
<rpc xmlns="urn:ietf:params:xml:ns:netconf:base:1.0" message-id="70"><supervision-watchdog-reset xmlns="urn:o-ran:supervision:1.0"><supervision-notification-interval>10</supervision-notification-interval><guard-timer-overhead>10</guard-timer-overhead></supervision-watchdog-reset></rpc>

nc DEBUG: SSH: ssh_packet_need_rekey: rekey: [data_rekey_needed=0, out_blocks=2686, in_blocks=5848]
nc DEBUG: SSH: packet_send2: packet: wrote [type=94, len=304, padding_size=8, comp=295, payload=295]
nc DEBUG: SSH: channel_write_common: ssh_channel_write wrote 286 bytes
nc DEBUG: SSH: ssh_socket_unbuffered_write: Enabling POLLOUT for socket
nc DEBUG: Sending message:

##


nc DEBUG: SSH: ssh_packet_need_rekey: rekey: [data_rekey_needed=0, out_blocks=2687, in_blocks=5813]
nc DEBUG: SSH: packet_send2: packet: wrote [type=94, len=24, padding_size=10, comp=13, payload=13]
nc DEBUG: SSH: channel_write_common: ssh_channel_write wrote 4 bytes
nc DEBUG: SSH: ssh_socket_unbuffered_write: Enabling POLLOUT for socket
nc DEBUG: SSH: ssh_packet_socket_callback: packet: read type 94 [len=24,padding=8,comp=15,payload=15]
nc DEBUG: SSH: ssh_packet_process: Dispatching handler for packet type 94
nc DEBUG: SSH: channel_rcv_data: Channel receiving 6 bytes data in 0 (local win=1238433 remote win=1259446)
nc DEBUG: SSH: channel_default_bufferize: placing 6 bytes into channel buffer (stdout)
nc DEBUG: SSH: channel_rcv_data: Channel windows are now (local win=1238427 remote win=1259446)
nc DEBUG: SSH: ssh_packet_need_rekey: rekey: [data_rekey_needed=0, out_blocks=2687, in_blocks=5813]
nc DEBUG: SSH: ssh_channel_read_timeout: Read (2) buffered : 6 bytes. Window: 1238427
nc DEBUG: SSH: ssh_channel_read_timeout: Read (1) buffered : 4 bytes. Window: 1238427
nc DEBUG: SSH: ssh_channel_read_timeout: Read (1) buffered : 3 bytes. Window: 1238427
nc DEBUG: SSH: ssh_channel_read_timeout: Read (1) buffered : 2 bytes. Window: 1238427
nc DEBUG: SSH: ssh_channel_read_timeout: Read (1) buffered : 1 bytes. Window: 1238427
nc DEBUG: SSH: ssh_channel_read_timeout: Read (179) buffered : 0 bytes. Window: 1238427
nc DEBUG: SSH: ssh_packet_socket_callback: packet: read type 94 [len=200,padding=11,comp=188,payload=188]
nc DEBUG: SSH: ssh_packet_process: Dispatching handler for packet type 94
nc DEBUG: SSH: channel_rcv_data: Channel receiving 179 bytes data in 0 (local win=1238427 remote win=1259446)
nc DEBUG: SSH: channel_default_bufferize: placing 179 bytes into channel buffer (stdout)
nc DEBUG: SSH: channel_rcv_data: Channel windows are now (local win=1238248 remote win=1259446)
nc DEBUG: SSH: ssh_packet_need_rekey: rekey: [data_rekey_needed=0, out_blocks=2687, in_blocks=5836]
nc DEBUG: SSH: ssh_channel_read_timeout: Read (2) buffered : 0 bytes. Window: 1238248
nc DEBUG: SSH: ssh_packet_socket_callback: packet: read type 94 [len=24,padding=10,comp=13,payload=13]
nc DEBUG: SSH: ssh_packet_process: Dispatching handler for packet type 94
nc DEBUG: SSH: channel_rcv_data: Channel receiving 4 bytes data in 0 (local win=1238248 remote win=1259446)
nc DEBUG: SSH: channel_default_bufferize: placing 4 bytes into channel buffer (stdout)
nc DEBUG: SSH: channel_rcv_data: Channel windows are now (local win=1238244 remote win=1259446)
nc DEBUG: SSH: ssh_packet_need_rekey: rekey: [data_rekey_needed=0, out_blocks=2687, in_blocks=5837]
nc DEBUG: SSH: ssh_channel_read_timeout: Read (1) buffered : 2 bytes. Window: 1238244
nc DEBUG: SSH: ssh_channel_read_timeout: Read (1) buffered : 1 bytes. Window: 1238244
nc DEBUG: Received message:
<rpc-reply xmlns="urn:ietf:params:xml:ns:netconf:base:1.0" message-id="70"><next-update-at xmlns="urn:o-ran:supervision:1.0">2026-04-14T02:19:52+00:00</next-update-at></rpc-reply>

DATA
<next-update-at xmlns="urn:o-ran:supervision:1.0">2026-04-14T11:19:52+09:00</next-update-at>

nc DEBUG: Received message:
<notification xmlns="urn:ietf:params:xml:ns:netconf:notification:1.0"><eventTime>2026-04-14T02:19:52Z</eventTime><supervision-notification xmlns="urn:o-ran:supervision:1.0"/></notification>

notification (2026-04-14T02:19:52Z)
<supervision-notification xmlns="urn:o-ran:supervision:1.0"/>

Client SENT :  user-rpc --content /mplane_automation/conformance_test/watchdog.xml
nc DEBUG: Sending message:

#286


nc DEBUG: SSH: ssh_packet_need_rekey: rekey: [data_rekey_needed=0, out_blocks=2688, in_blocks=5864]
nc DEBUG: SSH: ssh_socket_unbuffered_write: Enabling POLLOUT for socket
nc DEBUG: SSH: packet_send2: packet: wrote [type=94, len=24, padding_size=8, comp=15, payload=15]
nc DEBUG: SSH: channel_write_common: ssh_channel_write wrote 6 bytes
nc DEBUG: Sending message:
<rpc xmlns="urn:ietf:params:xml:ns:netconf:base:1.0" message-id="71"><supervision-watchdog-reset xmlns="urn:o-ran:supervision:1.0"><supervision-notification-interval>10</supervision-notification-interval><guard-timer-overhead>10</guard-timer-overhead></supervision-watchdog-reset></rpc>

nc DEBUG: SSH: ssh_packet_need_rekey: rekey: [data_rekey_needed=0, out_blocks=2724, in_blocks=5899]
nc DEBUG: SSH: packet_send2: packet: wrote [type=94, len=304, padding_size=8, comp=295, payload=295]
nc DEBUG: SSH: channel_write_common: ssh_channel_write wrote 286 bytes
nc DEBUG: SSH: ssh_socket_unbuffered_write: Enabling POLLOUT for socket
nc DEBUG: Sending message:

##


nc DEBUG: SSH: ssh_packet_need_rekey: rekey: [data_rekey_needed=0, out_blocks=2725, in_blocks=5864]
nc DEBUG: SSH: packet_send2: packet: wrote [type=94, len=24, padding_size=10, comp=13, payload=13]
nc DEBUG: SSH: channel_write_common: ssh_channel_write wrote 4 bytes
nc DEBUG: SSH: ssh_socket_unbuffered_write: Enabling POLLOUT for socket
nc DEBUG: SSH: ssh_packet_socket_callback: packet: read type 94 [len=24,padding=8,comp=15,payload=15]
nc DEBUG: SSH: ssh_packet_process: Dispatching handler for packet type 94
nc DEBUG: SSH: channel_rcv_data: Channel receiving 6 bytes data in 0 (local win=1238045 remote win=1259150)
nc DEBUG: SSH: channel_default_bufferize: placing 6 bytes into channel buffer (stdout)
nc DEBUG: SSH: channel_rcv_data: Channel windows are now (local win=1238039 remote win=1259150)
nc DEBUG: SSH: ssh_packet_need_rekey: rekey: [data_rekey_needed=0, out_blocks=2725, in_blocks=5864]
nc DEBUG: SSH: ssh_channel_read_timeout: Read (2) buffered : 6 bytes. Window: 1238039
nc DEBUG: SSH: ssh_channel_read_timeout: Read (1) buffered : 4 bytes. Window: 1238039
nc DEBUG: SSH: ssh_channel_read_timeout: Read (1) buffered : 3 bytes. Window: 1238039
nc DEBUG: SSH: ssh_channel_read_timeout: Read (1) buffered : 2 bytes. Window: 1238039
nc DEBUG: SSH: ssh_channel_read_timeout: Read (1) buffered : 1 bytes. Window: 1238039
nc DEBUG: SSH: ssh_channel_read_timeout: Read (179) buffered : 0 bytes. Window: 1238039
nc DEBUG: SSH: ssh_packet_socket_callback: packet: read type 94 [len=200,padding=11,comp=188,payload=188]
nc DEBUG: SSH: ssh_packet_process: Dispatching handler for packet type 94
nc DEBUG: SSH: channel_rcv_data: Channel receiving 179 bytes data in 0 (local win=1238039 remote win=1259150)
nc DEBUG: SSH: channel_default_bufferize: placing 179 bytes into channel buffer (stdout)
nc DEBUG: SSH: channel_rcv_data: Channel windows are now (local win=1237860 remote win=1259150)
nc DEBUG: SSH: ssh_packet_socket_callback: Processing 44 bytes left in socket buffer
nc DEBUG: SSH: ssh_packet_socket_callback: packet: read type 94 [len=24,padding=10,comp=13,payload=13]
nc DEBUG: SSH: ssh_packet_process: Dispatching handler for packet type 94
nc DEBUG: SSH: channel_rcv_data: Channel receiving 4 bytes data in 0 (local win=1237860 remote win=1259150)
nc DEBUG: SSH: channel_default_bufferize: placing 4 bytes into channel buffer (stdout)
nc DEBUG: SSH: channel_rcv_data: Channel windows are now (local win=1237856 remote win=1259150)
nc DEBUG: SSH: ssh_packet_need_rekey: rekey: [data_rekey_needed=0, out_blocks=2725, in_blocks=5888]
nc DEBUG: SSH: ssh_packet_need_rekey: rekey: [data_rekey_needed=0, out_blocks=2725, in_blocks=5888]
nc DEBUG: SSH: ssh_channel_read_timeout: Read (2) buffered : 4 bytes. Window: 1237856
nc DEBUG: SSH: ssh_channel_read_timeout: Read (1) buffered : 2 bytes. Window: 1237856
nc DEBUG: SSH: ssh_channel_read_timeout: Read (1) buffered : 1 bytes. Window: 1237856
nc DEBUG: Received message:
<rpc-reply xmlns="urn:ietf:params:xml:ns:netconf:base:1.0" message-id="71"><next-update-at xmlns="urn:o-ran:supervision:1.0">2026-04-14T02:20:02+00:00</next-update-at></rpc-reply>

DATA
<next-update-at xmlns="urn:o-ran:supervision:1.0">2026-04-14T11:20:02+09:00</next-update-at>

nc DEBUG: Received message:
<notification xmlns="urn:ietf:params:xml:ns:netconf:notification:1.0"><eventTime>2026-04-14T02:20:02Z</eventTime><supervision-notification xmlns="urn:o-ran:supervision:1.0"/></notification>

notification (2026-04-14T02:20:02Z)
<supervision-notification xmlns="urn:o-ran:supervision:1.0"/>

Client SENT :  user-rpc --content /mplane_automation/conformance_test/watchdog.xml
nc DEBUG: Sending message:

#286


nc DEBUG: SSH: ssh_packet_need_rekey: rekey: [data_rekey_needed=0, out_blocks=2726, in_blocks=5915]
nc DEBUG: SSH: ssh_socket_unbuffered_write: Enabling POLLOUT for socket
nc DEBUG: SSH: packet_send2: packet: wrote [type=94, len=24, padding_size=8, comp=15, payload=15]
nc DEBUG: SSH: channel_write_common: ssh_channel_write wrote 6 bytes
nc DEBUG: Sending message:
<rpc xmlns="urn:ietf:params:xml:ns:netconf:base:1.0" message-id="72"><supervision-watchdog-reset xmlns="urn:o-ran:supervision:1.0"><supervision-notification-interval>10</supervision-notification-interval><guard-timer-overhead>10</guard-timer-overhead></supervision-watchdog-reset></rpc>

nc DEBUG: SSH: ssh_packet_need_rekey: rekey: [data_rekey_needed=0, out_blocks=2762, in_blocks=5950]
nc DEBUG: SSH: packet_send2: packet: wrote [type=94, len=304, padding_size=8, comp=295, payload=295]
nc DEBUG: SSH: channel_write_common: ssh_channel_write wrote 286 bytes
nc DEBUG: SSH: ssh_socket_unbuffered_write: Enabling POLLOUT for socket
nc DEBUG: Sending message:

##


nc DEBUG: SSH: ssh_packet_need_rekey: rekey: [data_rekey_needed=0, out_blocks=2763, in_blocks=5915]
nc DEBUG: SSH: packet_send2: packet: wrote [type=94, len=24, padding_size=10, comp=13, payload=13]
nc DEBUG: SSH: channel_write_common: ssh_channel_write wrote 4 bytes
nc DEBUG: SSH: ssh_socket_unbuffered_write: Enabling POLLOUT for socket
nc DEBUG: SSH: ssh_packet_socket_callback: packet: read type 94 [len=24,padding=8,comp=15,payload=15]
nc DEBUG: SSH: ssh_packet_process: Dispatching handler for packet type 94
nc DEBUG: SSH: channel_rcv_data: Channel receiving 6 bytes data in 0 (local win=1237657 remote win=1258854)
nc DEBUG: SSH: channel_default_bufferize: placing 6 bytes into channel buffer (stdout)
nc DEBUG: SSH: channel_rcv_data: Channel windows are now (local win=1237651 remote win=1258854)
nc DEBUG: SSH: ssh_packet_need_rekey: rekey: [data_rekey_needed=0, out_blocks=2763, in_blocks=5915]
nc DEBUG: SSH: ssh_channel_read_timeout: Read (2) buffered : 6 bytes. Window: 1237651
nc DEBUG: SSH: ssh_channel_read_timeout: Read (1) buffered : 4 bytes. Window: 1237651
nc DEBUG: SSH: ssh_channel_read_timeout: Read (1) buffered : 3 bytes. Window: 1237651
nc DEBUG: SSH: ssh_channel_read_timeout: Read (1) buffered : 2 bytes. Window: 1237651
nc DEBUG: SSH: ssh_channel_read_timeout: Read (1) buffered : 1 bytes. Window: 1237651
nc DEBUG: SSH: ssh_channel_read_timeout: Read (179) buffered : 0 bytes. Window: 1237651
nc DEBUG: SSH: ssh_packet_socket_callback: packet: read type 94 [len=200,padding=11,comp=188,payload=188]
nc DEBUG: SSH: ssh_packet_process: Dispatching handler for packet type 94
nc DEBUG: SSH: channel_rcv_data: Channel receiving 179 bytes data in 0 (local win=1237651 remote win=1258854)
nc DEBUG: SSH: channel_default_bufferize: placing 179 bytes into channel buffer (stdout)
nc DEBUG: SSH: channel_rcv_data: Channel windows are now (local win=1237472 remote win=1258854)
nc DEBUG: SSH: ssh_packet_need_rekey: rekey: [data_rekey_needed=0, out_blocks=2763, in_blocks=5938]
nc DEBUG: SSH: ssh_channel_read_timeout: Read (2) buffered : 0 bytes. Window: 1237472
nc DEBUG: SSH: ssh_packet_socket_callback: packet: read type 94 [len=24,padding=10,comp=13,payload=13]
nc DEBUG: SSH: ssh_packet_process: Dispatching handler for packet type 94
nc DEBUG: SSH: channel_rcv_data: Channel receiving 4 bytes data in 0 (local win=1237472 remote win=1258854)
nc DEBUG: SSH: channel_default_bufferize: placing 4 bytes into channel buffer (stdout)
nc DEBUG: SSH: channel_rcv_data: Channel windows are now (local win=1237468 remote win=1258854)
nc DEBUG: SSH: ssh_packet_need_rekey: rekey: [data_rekey_needed=0, out_blocks=2763, in_blocks=5939]
nc DEBUG: SSH: ssh_channel_read_timeout: Read (1) buffered : 2 bytes. Window: 1237468
nc DEBUG: SSH: ssh_channel_read_timeout: Read (1) buffered : 1 bytes. Window: 1237468
nc DEBUG: Received message:
<rpc-reply xmlns="urn:ietf:params:xml:ns:netconf:base:1.0" message-id="72"><next-update-at xmlns="urn:o-ran:supervision:1.0">2026-04-14T02:20:12+00:00</next-update-at></rpc-reply>

DATA
<next-update-at xmlns="urn:o-ran:supervision:1.0">2026-04-14T11:20:12+09:00</next-update-at>

nc DEBUG: Received message:
<notification xmlns="urn:ietf:params:xml:ns:netconf:notification:1.0"><eventTime>2026-04-14T02:20:12Z</eventTime><supervision-notification xmlns="urn:o-ran:supervision:1.0"/></notification>

notification (2026-04-14T02:20:12Z)
<supervision-notification xmlns="urn:o-ran:supervision:1.0"/>

Client SENT :  user-rpc --content /mplane_automation/conformance_test/watchdog.xml
nc DEBUG: Sending message:

#286


nc DEBUG: SSH: ssh_packet_need_rekey: rekey: [data_rekey_needed=0, out_blocks=2764, in_blocks=5966]
nc DEBUG: SSH: ssh_socket_unbuffered_write: Enabling POLLOUT for socket
nc DEBUG: SSH: packet_send2: packet: wrote [type=94, len=24, padding_size=8, comp=15, payload=15]
nc DEBUG: SSH: channel_write_common: ssh_channel_write wrote 6 bytes
nc DEBUG: Sending message:
<rpc xmlns="urn:ietf:params:xml:ns:netconf:base:1.0" message-id="73"><supervision-watchdog-reset xmlns="urn:o-ran:supervision:1.0"><supervision-notification-interval>10</supervision-notification-interval><guard-timer-overhead>10</guard-timer-overhead></supervision-watchdog-reset></rpc>

nc DEBUG: SSH: ssh_packet_need_rekey: rekey: [data_rekey_needed=0, out_blocks=2800, in_blocks=6001]
nc DEBUG: SSH: packet_send2: packet: wrote [type=94, len=304, padding_size=8, comp=295, payload=295]
nc DEBUG: SSH: channel_write_common: ssh_channel_write wrote 286 bytes
nc DEBUG: SSH: ssh_socket_unbuffered_write: Enabling POLLOUT for socket
nc DEBUG: Sending message:

##


nc DEBUG: SSH: ssh_packet_need_rekey: rekey: [data_rekey_needed=0, out_blocks=2801, in_blocks=5966]
nc DEBUG: SSH: packet_send2: packet: wrote [type=94, len=24, padding_size=10, comp=13, payload=13]
nc DEBUG: SSH: channel_write_common: ssh_channel_write wrote 4 bytes
nc DEBUG: SSH: ssh_socket_unbuffered_write: Enabling POLLOUT for socket
nc DEBUG: SSH: ssh_packet_socket_callback: packet: read type 94 [len=24,padding=8,comp=15,payload=15]
nc DEBUG: SSH: ssh_packet_process: Dispatching handler for packet type 94
nc DEBUG: SSH: channel_rcv_data: Channel receiving 6 bytes data in 0 (local win=1237269 remote win=1258558)
nc DEBUG: SSH: channel_default_bufferize: placing 6 bytes into channel buffer (stdout)
nc DEBUG: SSH: channel_rcv_data: Channel windows are now (local win=1237263 remote win=1258558)
nc DEBUG: SSH: ssh_packet_need_rekey: rekey: [data_rekey_needed=0, out_blocks=2801, in_blocks=5966]
nc DEBUG: SSH: ssh_channel_read_timeout: Read (2) buffered : 6 bytes. Window: 1237263
nc DEBUG: SSH: ssh_channel_read_timeout: Read (1) buffered : 4 bytes. Window: 1237263
nc DEBUG: SSH: ssh_channel_read_timeout: Read (1) buffered : 3 bytes. Window: 1237263
nc DEBUG: SSH: ssh_channel_read_timeout: Read (1) buffered : 2 bytes. Window: 1237263
nc DEBUG: SSH: ssh_channel_read_timeout: Read (1) buffered : 1 bytes. Window: 1237263
nc DEBUG: SSH: ssh_channel_read_timeout: Read (179) buffered : 0 bytes. Window: 1237263
nc DEBUG: SSH: ssh_packet_socket_callback: packet: read type 94 [len=200,padding=11,comp=188,payload=188]
nc DEBUG: SSH: ssh_packet_process: Dispatching handler for packet type 94
nc DEBUG: SSH: channel_rcv_data: Channel receiving 179 bytes data in 0 (local win=1237263 remote win=1258558)
nc DEBUG: SSH: channel_default_bufferize: placing 179 bytes into channel buffer (stdout)
nc DEBUG: SSH: channel_rcv_data: Channel windows are now (local win=1237084 remote win=1258558)
nc DEBUG: SSH: ssh_packet_need_rekey: rekey: [data_rekey_needed=0, out_blocks=2801, in_blocks=5989]
nc DEBUG: SSH: ssh_channel_read_timeout: Read (2) buffered : 0 bytes. Window: 1237084
nc DEBUG: SSH: ssh_packet_socket_callback: packet: read type 94 [len=24,padding=10,comp=13,payload=13]
nc DEBUG: SSH: ssh_packet_process: Dispatching handler for packet type 94
nc DEBUG: SSH: channel_rcv_data: Channel receiving 4 bytes data in 0 (local win=1237084 remote win=1258558)
nc DEBUG: SSH: channel_default_bufferize: placing 4 bytes into channel buffer (stdout)
nc DEBUG: SSH: channel_rcv_data: Channel windows are now (local win=1237080 remote win=1258558)
nc DEBUG: SSH: ssh_packet_need_rekey: rekey: [data_rekey_needed=0, out_blocks=2801, in_blocks=5990]
nc DEBUG: SSH: ssh_channel_read_timeout: Read (1) buffered : 2 bytes. Window: 1237080
nc DEBUG: SSH: ssh_channel_read_timeout: Read (1) buffered : 1 bytes. Window: 1237080
nc DEBUG: Received message:
<rpc-reply xmlns="urn:ietf:params:xml:ns:netconf:base:1.0" message-id="73"><next-update-at xmlns="urn:o-ran:supervision:1.0">2026-04-14T02:20:22+00:00</next-update-at></rpc-reply>

DATA
<next-update-at xmlns="urn:o-ran:supervision:1.0">2026-04-14T11:20:22+09:00</next-update-at>

nc DEBUG: Received message:
<notification xmlns="urn:ietf:params:xml:ns:netconf:notification:1.0"><eventTime>2026-04-14T02:20:22Z</eventTime><supervision-notification xmlns="urn:o-ran:supervision:1.0"/></notification>

notification (2026-04-14T02:20:22Z)
<supervision-notification xmlns="urn:o-ran:supervision:1.0"/>

Client SENT :  user-rpc --content /mplane_automation/conformance_test/watchdog.xml
nc DEBUG: Sending message:

#286


nc DEBUG: SSH: ssh_packet_need_rekey: rekey: [data_rekey_needed=0, out_blocks=2802, in_blocks=6017]
nc DEBUG: SSH: ssh_socket_unbuffered_write: Enabling POLLOUT for socket
nc DEBUG: SSH: packet_send2: packet: wrote [type=94, len=24, padding_size=8, comp=15, payload=15]
nc DEBUG: SSH: channel_write_common: ssh_channel_write wrote 6 bytes
nc DEBUG: Sending message:
<rpc xmlns="urn:ietf:params:xml:ns:netconf:base:1.0" message-id="74"><supervision-watchdog-reset xmlns="urn:o-ran:supervision:1.0"><supervision-notification-interval>10</supervision-notification-interval><guard-timer-overhead>10</guard-timer-overhead></supervision-watchdog-reset></rpc>

nc DEBUG: SSH: ssh_packet_need_rekey: rekey: [data_rekey_needed=0, out_blocks=2838, in_blocks=6052]
nc DEBUG: SSH: packet_send2: packet: wrote [type=94, len=304, padding_size=8, comp=295, payload=295]
nc DEBUG: SSH: channel_write_common: ssh_channel_write wrote 286 bytes
nc DEBUG: SSH: ssh_socket_unbuffered_write: Enabling POLLOUT for socket
nc DEBUG: Sending message:

##


nc DEBUG: SSH: ssh_packet_need_rekey: rekey: [data_rekey_needed=0, out_blocks=2839, in_blocks=6017]
nc DEBUG: SSH: packet_send2: packet: wrote [type=94, len=24, padding_size=10, comp=13, payload=13]
nc DEBUG: SSH: channel_write_common: ssh_channel_write wrote 4 bytes
nc DEBUG: SSH: ssh_socket_unbuffered_write: Enabling POLLOUT for socket
nc DEBUG: SSH: ssh_packet_socket_callback: packet: read type 94 [len=24,padding=8,comp=15,payload=15]
nc DEBUG: SSH: ssh_packet_process: Dispatching handler for packet type 94
nc DEBUG: SSH: channel_rcv_data: Channel receiving 6 bytes data in 0 (local win=1236881 remote win=1258262)
nc DEBUG: SSH: channel_default_bufferize: placing 6 bytes into channel buffer (stdout)
nc DEBUG: SSH: channel_rcv_data: Channel windows are now (local win=1236875 remote win=1258262)
nc DEBUG: SSH: ssh_packet_need_rekey: rekey: [data_rekey_needed=0, out_blocks=2839, in_blocks=6017]
nc DEBUG: SSH: ssh_channel_read_timeout: Read (2) buffered : 6 bytes. Window: 1236875
nc DEBUG: SSH: ssh_channel_read_timeout: Read (1) buffered : 4 bytes. Window: 1236875
nc DEBUG: SSH: ssh_channel_read_timeout: Read (1) buffered : 3 bytes. Window: 1236875
nc DEBUG: SSH: ssh_channel_read_timeout: Read (1) buffered : 2 bytes. Window: 1236875
nc DEBUG: SSH: ssh_channel_read_timeout: Read (1) buffered : 1 bytes. Window: 1236875
nc DEBUG: SSH: ssh_channel_read_timeout: Read (179) buffered : 0 bytes. Window: 1236875
nc DEBUG: SSH: ssh_packet_socket_callback: packet: read type 94 [len=200,padding=11,comp=188,payload=188]
nc DEBUG: SSH: ssh_packet_process: Dispatching handler for packet type 94
nc DEBUG: SSH: channel_rcv_data: Channel receiving 179 bytes data in 0 (local win=1236875 remote win=1258262)
nc DEBUG: SSH: channel_default_bufferize: placing 179 bytes into channel buffer (stdout)
nc DEBUG: SSH: channel_rcv_data: Channel windows are now (local win=1236696 remote win=1258262)
nc DEBUG: SSH: ssh_packet_need_rekey: rekey: [data_rekey_needed=0, out_blocks=2839, in_blocks=6040]
nc DEBUG: SSH: ssh_channel_read_timeout: Read (2) buffered : 0 bytes. Window: 1236696
nc DEBUG: SSH: ssh_packet_socket_callback: packet: read type 94 [len=24,padding=10,comp=13,payload=13]
nc DEBUG: SSH: ssh_packet_process: Dispatching handler for packet type 94
nc DEBUG: SSH: channel_rcv_data: Channel receiving 4 bytes data in 0 (local win=1236696 remote win=1258262)
nc DEBUG: SSH: channel_default_bufferize: placing 4 bytes into channel buffer (stdout)
nc DEBUG: SSH: channel_rcv_data: Channel windows are now (local win=1236692 remote win=1258262)
nc DEBUG: SSH: ssh_packet_need_rekey: rekey: [data_rekey_needed=0, out_blocks=2839, in_blocks=6041]
nc DEBUG: SSH: ssh_channel_read_timeout: Read (1) buffered : 2 bytes. Window: 1236692
nc DEBUG: SSH: ssh_channel_read_timeout: Read (1) buffered : 1 bytes. Window: 1236692
nc DEBUG: Received message:
<rpc-reply xmlns="urn:ietf:params:xml:ns:netconf:base:1.0" message-id="74"><next-update-at xmlns="urn:o-ran:supervision:1.0">2026-04-14T02:20:32+00:00</next-update-at></rpc-reply>

DATA
<next-update-at xmlns="urn:o-ran:supervision:1.0">2026-04-14T11:20:32+09:00</next-update-at>

nc DEBUG: Received message:
<notification xmlns="urn:ietf:params:xml:ns:netconf:notification:1.0"><eventTime>2026-04-14T02:20:32Z</eventTime><supervision-notification xmlns="urn:o-ran:supervision:1.0"/></notification>

notification (2026-04-14T02:20:32Z)
<supervision-notification xmlns="urn:o-ran:supervision:1.0"/>

Client SENT :  user-rpc --content /mplane_automation/conformance_test/watchdog.xml
nc DEBUG: Sending message:

#286


nc DEBUG: SSH: ssh_packet_need_rekey: rekey: [data_rekey_needed=0, out_blocks=2840, in_blocks=6068]
nc DEBUG: SSH: ssh_socket_unbuffered_write: Enabling POLLOUT for socket
nc DEBUG: SSH: packet_send2: packet: wrote [type=94, len=24, padding_size=8, comp=15, payload=15]
nc DEBUG: SSH: channel_write_common: ssh_channel_write wrote 6 bytes
nc DEBUG: Sending message:
<rpc xmlns="urn:ietf:params:xml:ns:netconf:base:1.0" message-id="75"><supervision-watchdog-reset xmlns="urn:o-ran:supervision:1.0"><supervision-notification-interval>10</supervision-notification-interval><guard-timer-overhead>10</guard-timer-overhead></supervision-watchdog-reset></rpc>

nc DEBUG: SSH: ssh_packet_need_rekey: rekey: [data_rekey_needed=0, out_blocks=2876, in_blocks=6103]
nc DEBUG: SSH: packet_send2: packet: wrote [type=94, len=304, padding_size=8, comp=295, payload=295]
nc DEBUG: SSH: channel_write_common: ssh_channel_write wrote 286 bytes
nc DEBUG: SSH: ssh_socket_unbuffered_write: Enabling POLLOUT for socket
nc DEBUG: Sending message:

##


nc DEBUG: SSH: ssh_packet_need_rekey: rekey: [data_rekey_needed=0, out_blocks=2877, in_blocks=6068]
nc DEBUG: SSH: packet_send2: packet: wrote [type=94, len=24, padding_size=10, comp=13, payload=13]
nc DEBUG: SSH: channel_write_common: ssh_channel_write wrote 4 bytes
nc DEBUG: SSH: ssh_socket_unbuffered_write: Enabling POLLOUT for socket
nc DEBUG: SSH: ssh_packet_socket_callback: packet: read type 94 [len=24,padding=8,comp=15,payload=15]
nc DEBUG: SSH: ssh_packet_process: Dispatching handler for packet type 94
nc DEBUG: SSH: channel_rcv_data: Channel receiving 6 bytes data in 0 (local win=1236493 remote win=1257966)
nc DEBUG: SSH: channel_default_bufferize: placing 6 bytes into channel buffer (stdout)
nc DEBUG: SSH: channel_rcv_data: Channel windows are now (local win=1236487 remote win=1257966)
nc DEBUG: SSH: ssh_packet_socket_callback: Processing 220 bytes left in socket buffer
nc DEBUG: SSH: ssh_packet_socket_callback: packet: read type 94 [len=200,padding=11,comp=188,payload=188]
nc DEBUG: SSH: ssh_packet_process: Dispatching handler for packet type 94
nc DEBUG: SSH: channel_rcv_data: Channel receiving 179 bytes data in 0 (local win=1236487 remote win=1257966)
nc DEBUG: SSH: channel_default_bufferize: placing 179 bytes into channel buffer (stdout)
nc DEBUG: SSH: channel_rcv_data: Channel windows are now (local win=1236308 remote win=1257966)
nc DEBUG: SSH: ssh_packet_need_rekey: rekey: [data_rekey_needed=0, out_blocks=2877, in_blocks=6091]
nc DEBUG: SSH: ssh_packet_need_rekey: rekey: [data_rekey_needed=0, out_blocks=2877, in_blocks=6091]
nc DEBUG: SSH: ssh_channel_read_timeout: Read (2) buffered : 185 bytes. Window: 1236308
nc DEBUG: SSH: ssh_channel_read_timeout: Read (1) buffered : 183 bytes. Window: 1236308
nc DEBUG: SSH: ssh_channel_read_timeout: Read (1) buffered : 182 bytes. Window: 1236308
nc DEBUG: SSH: ssh_channel_read_timeout: Read (1) buffered : 181 bytes. Window: 1236308
nc DEBUG: SSH: ssh_channel_read_timeout: Read (1) buffered : 180 bytes. Window: 1236308
nc DEBUG: SSH: ssh_channel_read_timeout: Read (179) buffered : 179 bytes. Window: 1236308
nc DEBUG: SSH: ssh_channel_read_timeout: Read (2) buffered : 0 bytes. Window: 1236308
nc DEBUG: SSH: ssh_packet_socket_callback: packet: read type 94 [len=24,padding=10,comp=13,payload=13]
nc DEBUG: SSH: ssh_packet_process: Dispatching handler for packet type 94
nc DEBUG: SSH: channel_rcv_data: Channel receiving 4 bytes data in 0 (local win=1236308 remote win=1257966)
nc DEBUG: SSH: channel_default_bufferize: placing 4 bytes into channel buffer (stdout)
nc DEBUG: SSH: channel_rcv_data: Channel windows are now (local win=1236304 remote win=1257966)
nc DEBUG: SSH: ssh_packet_need_rekey: rekey: [data_rekey_needed=0, out_blocks=2877, in_blocks=6092]
nc DEBUG: SSH: ssh_channel_read_timeout: Read (1) buffered : 2 bytes. Window: 1236304
nc DEBUG: SSH: ssh_channel_read_timeout: Read (1) buffered : 1 bytes. Window: 1236304
nc DEBUG: Received message:
<rpc-reply xmlns="urn:ietf:params:xml:ns:netconf:base:1.0" message-id="75"><next-update-at xmlns="urn:o-ran:supervision:1.0">2026-04-14T02:20:42+00:00</next-update-at></rpc-reply>

DATA
<next-update-at xmlns="urn:o-ran:supervision:1.0">2026-04-14T11:20:42+09:00</next-update-at>

nc DEBUG: Received message:
<notification xmlns="urn:ietf:params:xml:ns:netconf:notification:1.0"><eventTime>2026-04-14T02:20:42Z</eventTime><supervision-notification xmlns="urn:o-ran:supervision:1.0"/></notification>

notification (2026-04-14T02:20:42Z)
<supervision-notification xmlns="urn:o-ran:supervision:1.0"/>

Client SENT :  user-rpc --content /mplane_automation/conformance_test/watchdog.xml
nc DEBUG: Sending message:

#286


nc DEBUG: SSH: ssh_packet_need_rekey: rekey: [data_rekey_needed=0, out_blocks=2878, in_blocks=6119]
nc DEBUG: SSH: ssh_socket_unbuffered_write: Enabling POLLOUT for socket
nc DEBUG: SSH: packet_send2: packet: wrote [type=94, len=24, padding_size=8, comp=15, payload=15]
nc DEBUG: SSH: channel_write_common: ssh_channel_write wrote 6 bytes
nc DEBUG: Sending message:
<rpc xmlns="urn:ietf:params:xml:ns:netconf:base:1.0" message-id="76"><supervision-watchdog-reset xmlns="urn:o-ran:supervision:1.0"><supervision-notification-interval>10</supervision-notification-interval><guard-timer-overhead>10</guard-timer-overhead></supervision-watchdog-reset></rpc>

nc DEBUG: SSH: ssh_packet_need_rekey: rekey: [data_rekey_needed=0, out_blocks=2914, in_blocks=6154]
nc DEBUG: SSH: packet_send2: packet: wrote [type=94, len=304, padding_size=8, comp=295, payload=295]
nc DEBUG: SSH: channel_write_common: ssh_channel_write wrote 286 bytes
nc DEBUG: SSH: ssh_socket_unbuffered_write: Enabling POLLOUT for socket
nc DEBUG: Sending message:

##


nc DEBUG: SSH: ssh_packet_need_rekey: rekey: [data_rekey_needed=0, out_blocks=2915, in_blocks=6119]
nc DEBUG: SSH: packet_send2: packet: wrote [type=94, len=24, padding_size=10, comp=13, payload=13]
nc DEBUG: SSH: channel_write_common: ssh_channel_write wrote 4 bytes
nc DEBUG: SSH: ssh_socket_unbuffered_write: Enabling POLLOUT for socket
nc DEBUG: SSH: ssh_packet_socket_callback: packet: read type 94 [len=24,padding=8,comp=15,payload=15]
nc DEBUG: SSH: ssh_packet_process: Dispatching handler for packet type 94
nc DEBUG: SSH: channel_rcv_data: Channel receiving 6 bytes data in 0 (local win=1236105 remote win=1257670)
nc DEBUG: SSH: channel_default_bufferize: placing 6 bytes into channel buffer (stdout)
nc DEBUG: SSH: channel_rcv_data: Channel windows are now (local win=1236099 remote win=1257670)
nc DEBUG: SSH: ssh_packet_need_rekey: rekey: [data_rekey_needed=0, out_blocks=2915, in_blocks=6119]
nc DEBUG: SSH: ssh_channel_read_timeout: Read (2) buffered : 6 bytes. Window: 1236099
nc DEBUG: SSH: ssh_channel_read_timeout: Read (1) buffered : 4 bytes. Window: 1236099
nc DEBUG: SSH: ssh_channel_read_timeout: Read (1) buffered : 3 bytes. Window: 1236099
nc DEBUG: SSH: ssh_channel_read_timeout: Read (1) buffered : 2 bytes. Window: 1236099
nc DEBUG: SSH: ssh_channel_read_timeout: Read (1) buffered : 1 bytes. Window: 1236099
nc DEBUG: SSH: ssh_channel_read_timeout: Read (179) buffered : 0 bytes. Window: 1236099
nc DEBUG: SSH: ssh_packet_socket_callback: packet: read type 94 [len=200,padding=11,comp=188,payload=188]
nc DEBUG: SSH: ssh_packet_process: Dispatching handler for packet type 94
nc DEBUG: SSH: channel_rcv_data: Channel receiving 179 bytes data in 0 (local win=1236099 remote win=1257670)
nc DEBUG: SSH: channel_default_bufferize: placing 179 bytes into channel buffer (stdout)
nc DEBUG: SSH: channel_rcv_data: Channel windows are now (local win=1235920 remote win=1257670)
nc DEBUG: SSH: ssh_packet_need_rekey: rekey: [data_rekey_needed=0, out_blocks=2915, in_blocks=6142]
nc DEBUG: SSH: ssh_channel_read_timeout: Read (2) buffered : 0 bytes. Window: 1235920
nc DEBUG: SSH: ssh_packet_socket_callback: packet: read type 94 [len=24,padding=10,comp=13,payload=13]
nc DEBUG: SSH: ssh_packet_process: Dispatching handler for packet type 94
nc DEBUG: SSH: channel_rcv_data: Channel receiving 4 bytes data in 0 (local win=1235920 remote win=1257670)
nc DEBUG: SSH: channel_default_bufferize: placing 4 bytes into channel buffer (stdout)
nc DEBUG: SSH: channel_rcv_data: Channel windows are now (local win=1235916 remote win=1257670)
nc DEBUG: SSH: ssh_packet_need_rekey: rekey: [data_rekey_needed=0, out_blocks=2915, in_blocks=6143]
nc DEBUG: SSH: ssh_channel_read_timeout: Read (1) buffered : 2 bytes. Window: 1235916
nc DEBUG: SSH: ssh_channel_read_timeout: Read (1) buffered : 1 bytes. Window: 1235916
nc DEBUG: Received message:
<rpc-reply xmlns="urn:ietf:params:xml:ns:netconf:base:1.0" message-id="76"><next-update-at xmlns="urn:o-ran:supervision:1.0">2026-04-14T02:20:52+00:00</next-update-at></rpc-reply>

DATA
<next-update-at xmlns="urn:o-ran:supervision:1.0">2026-04-14T11:20:52+09:00</next-update-at>

nc DEBUG: Received message:
<notification xmlns="urn:ietf:params:xml:ns:netconf:notification:1.0"><eventTime>2026-04-14T02:20:52Z</eventTime><supervision-notification xmlns="urn:o-ran:supervision:1.0"/></notification>

notification (2026-04-14T02:20:52Z)
<supervision-notification xmlns="urn:o-ran:supervision:1.0"/>

Client SENT :  user-rpc --content /mplane_automation/conformance_test/watchdog.xml
nc DEBUG: Sending message:

#286


nc DEBUG: SSH: ssh_packet_need_rekey: rekey: [data_rekey_needed=0, out_blocks=2916, in_blocks=6170]
nc DEBUG: SSH: ssh_socket_unbuffered_write: Enabling POLLOUT for socket
nc DEBUG: SSH: packet_send2: packet: wrote [type=94, len=24, padding_size=8, comp=15, payload=15]
nc DEBUG: SSH: channel_write_common: ssh_channel_write wrote 6 bytes
nc DEBUG: Sending message:
<rpc xmlns="urn:ietf:params:xml:ns:netconf:base:1.0" message-id="77"><supervision-watchdog-reset xmlns="urn:o-ran:supervision:1.0"><supervision-notification-interval>10</supervision-notification-interval><guard-timer-overhead>10</guard-timer-overhead></supervision-watchdog-reset></rpc>

nc DEBUG: SSH: ssh_packet_need_rekey: rekey: [data_rekey_needed=0, out_blocks=2952, in_blocks=6205]
nc DEBUG: SSH: packet_send2: packet: wrote [type=94, len=304, padding_size=8, comp=295, payload=295]
nc DEBUG: SSH: channel_write_common: ssh_channel_write wrote 286 bytes
nc DEBUG: SSH: ssh_socket_unbuffered_write: Enabling POLLOUT for socket
nc DEBUG: Sending message:

##


nc DEBUG: SSH: ssh_packet_need_rekey: rekey: [data_rekey_needed=0, out_blocks=2953, in_blocks=6170]
nc DEBUG: SSH: packet_send2: packet: wrote [type=94, len=24, padding_size=10, comp=13, payload=13]
nc DEBUG: SSH: channel_write_common: ssh_channel_write wrote 4 bytes
nc DEBUG: SSH: ssh_socket_unbuffered_write: Enabling POLLOUT for socket
nc DEBUG: SSH: ssh_packet_socket_callback: packet: read type 94 [len=24,padding=8,comp=15,payload=15]
nc DEBUG: SSH: ssh_packet_process: Dispatching handler for packet type 94
nc DEBUG: SSH: channel_rcv_data: Channel receiving 6 bytes data in 0 (local win=1235717 remote win=1257374)
nc DEBUG: SSH: channel_default_bufferize: placing 6 bytes into channel buffer (stdout)
nc DEBUG: SSH: channel_rcv_data: Channel windows are now (local win=1235711 remote win=1257374)
nc DEBUG: SSH: ssh_packet_need_rekey: rekey: [data_rekey_needed=0, out_blocks=2953, in_blocks=6170]
nc DEBUG: SSH: ssh_channel_read_timeout: Read (2) buffered : 6 bytes. Window: 1235711
nc DEBUG: SSH: ssh_channel_read_timeout: Read (1) buffered : 4 bytes. Window: 1235711
nc DEBUG: SSH: ssh_channel_read_timeout: Read (1) buffered : 3 bytes. Window: 1235711
nc DEBUG: SSH: ssh_channel_read_timeout: Read (1) buffered : 2 bytes. Window: 1235711
nc DEBUG: SSH: ssh_channel_read_timeout: Read (1) buffered : 1 bytes. Window: 1235711
nc DEBUG: SSH: ssh_channel_read_timeout: Read (179) buffered : 0 bytes. Window: 1235711
nc DEBUG: SSH: ssh_packet_socket_callback: packet: read type 94 [len=200,padding=11,comp=188,payload=188]
nc DEBUG: SSH: ssh_packet_process: Dispatching handler for packet type 94
nc DEBUG: SSH: channel_rcv_data: Channel receiving 179 bytes data in 0 (local win=1235711 remote win=1257374)
nc DEBUG: SSH: channel_default_bufferize: placing 179 bytes into channel buffer (stdout)
nc DEBUG: SSH: channel_rcv_data: Channel windows are now (local win=1235532 remote win=1257374)
nc DEBUG: SSH: ssh_packet_need_rekey: rekey: [data_rekey_needed=0, out_blocks=2953, in_blocks=6193]
nc DEBUG: SSH: ssh_channel_read_timeout: Read (2) buffered : 0 bytes. Window: 1235532
nc DEBUG: SSH: ssh_packet_socket_callback: packet: read type 94 [len=24,padding=10,comp=13,payload=13]
nc DEBUG: SSH: ssh_packet_process: Dispatching handler for packet type 94
nc DEBUG: SSH: channel_rcv_data: Channel receiving 4 bytes data in 0 (local win=1235532 remote win=1257374)
nc DEBUG: SSH: channel_default_bufferize: placing 4 bytes into channel buffer (stdout)
nc DEBUG: SSH: channel_rcv_data: Channel windows are now (local win=1235528 remote win=1257374)
nc DEBUG: SSH: ssh_packet_need_rekey: rekey: [data_rekey_needed=0, out_blocks=2953, in_blocks=6194]
nc DEBUG: SSH: ssh_channel_read_timeout: Read (1) buffered : 2 bytes. Window: 1235528
nc DEBUG: SSH: ssh_channel_read_timeout: Read (1) buffered : 1 bytes. Window: 1235528
nc DEBUG: Received message:
<rpc-reply xmlns="urn:ietf:params:xml:ns:netconf:base:1.0" message-id="77"><next-update-at xmlns="urn:o-ran:supervision:1.0">2026-04-14T02:21:02+00:00</next-update-at></rpc-reply>

DATA
<next-update-at xmlns="urn:o-ran:supervision:1.0">2026-04-14T11:21:02+09:00</next-update-at>

nc DEBUG: Received message:
<notification xmlns="urn:ietf:params:xml:ns:netconf:notification:1.0"><eventTime>2026-04-14T02:21:02Z</eventTime><supervision-notification xmlns="urn:o-ran:supervision:1.0"/></notification>

notification (2026-04-14T02:21:02Z)
<supervision-notification xmlns="urn:o-ran:supervision:1.0"/>

Client SENT :  user-rpc --content /mplane_automation/conformance_test/watchdog.xml
nc DEBUG: Sending message:

#286


nc DEBUG: SSH: ssh_packet_need_rekey: rekey: [data_rekey_needed=0, out_blocks=2954, in_blocks=6221]
nc DEBUG: SSH: ssh_socket_unbuffered_write: Enabling POLLOUT for socket
nc DEBUG: SSH: packet_send2: packet: wrote [type=94, len=24, padding_size=8, comp=15, payload=15]
nc DEBUG: SSH: channel_write_common: ssh_channel_write wrote 6 bytes
nc DEBUG: Sending message:
<rpc xmlns="urn:ietf:params:xml:ns:netconf:base:1.0" message-id="78"><supervision-watchdog-reset xmlns="urn:o-ran:supervision:1.0"><supervision-notification-interval>10</supervision-notification-interval><guard-timer-overhead>10</guard-timer-overhead></supervision-watchdog-reset></rpc>

nc DEBUG: SSH: ssh_packet_need_rekey: rekey: [data_rekey_needed=0, out_blocks=2990, in_blocks=6256]
nc DEBUG: SSH: packet_send2: packet: wrote [type=94, len=304, padding_size=8, comp=295, payload=295]
nc DEBUG: SSH: channel_write_common: ssh_channel_write wrote 286 bytes
nc DEBUG: SSH: ssh_socket_unbuffered_write: Enabling POLLOUT for socket
nc DEBUG: Sending message:

##


nc DEBUG: SSH: ssh_packet_need_rekey: rekey: [data_rekey_needed=0, out_blocks=2991, in_blocks=6221]
nc DEBUG: SSH: packet_send2: packet: wrote [type=94, len=24, padding_size=10, comp=13, payload=13]
nc DEBUG: SSH: channel_write_common: ssh_channel_write wrote 4 bytes
nc DEBUG: SSH: ssh_socket_unbuffered_write: Enabling POLLOUT for socket
nc DEBUG: SSH: ssh_packet_socket_callback: packet: read type 94 [len=24,padding=8,comp=15,payload=15]
nc DEBUG: SSH: ssh_packet_process: Dispatching handler for packet type 94
nc DEBUG: SSH: channel_rcv_data: Channel receiving 6 bytes data in 0 (local win=1235329 remote win=1257078)
nc DEBUG: SSH: channel_default_bufferize: placing 6 bytes into channel buffer (stdout)
nc DEBUG: SSH: channel_rcv_data: Channel windows are now (local win=1235323 remote win=1257078)
nc DEBUG: SSH: ssh_packet_need_rekey: rekey: [data_rekey_needed=0, out_blocks=2991, in_blocks=6221]
nc DEBUG: SSH: ssh_channel_read_timeout: Read (2) buffered : 6 bytes. Window: 1235323
nc DEBUG: SSH: ssh_channel_read_timeout: Read (1) buffered : 4 bytes. Window: 1235323
nc DEBUG: SSH: ssh_channel_read_timeout: Read (1) buffered : 3 bytes. Window: 1235323
nc DEBUG: SSH: ssh_channel_read_timeout: Read (1) buffered : 2 bytes. Window: 1235323
nc DEBUG: SSH: ssh_channel_read_timeout: Read (1) buffered : 1 bytes. Window: 1235323
nc DEBUG: SSH: ssh_channel_read_timeout: Read (179) buffered : 0 bytes. Window: 1235323
nc DEBUG: SSH: ssh_packet_socket_callback: packet: read type 94 [len=200,padding=11,comp=188,payload=188]
nc DEBUG: SSH: ssh_packet_process: Dispatching handler for packet type 94
nc DEBUG: SSH: channel_rcv_data: Channel receiving 179 bytes data in 0 (local win=1235323 remote win=1257078)
nc DEBUG: SSH: channel_default_bufferize: placing 179 bytes into channel buffer (stdout)
nc DEBUG: SSH: channel_rcv_data: Channel windows are now (local win=1235144 remote win=1257078)
nc DEBUG: SSH: ssh_packet_need_rekey: rekey: [data_rekey_needed=0, out_blocks=2991, in_blocks=6244]
nc DEBUG: SSH: ssh_channel_read_timeout: Read (2) buffered : 0 bytes. Window: 1235144
nc DEBUG: SSH: ssh_channel_read_timeout: Read (2) buffered : 0 bytes. Window: 1235144
nc DEBUG: SSH: ssh_packet_socket_callback: packet: read type 94 [len=24,padding=10,comp=13,payload=13]
nc DEBUG: SSH: ssh_packet_process: Dispatching handler for packet type 94
nc DEBUG: SSH: channel_rcv_data: Channel receiving 4 bytes data in 0 (local win=1235144 remote win=1257078)
nc DEBUG: SSH: channel_default_bufferize: placing 4 bytes into channel buffer (stdout)
nc DEBUG: SSH: channel_rcv_data: Channel windows are now (local win=1235140 remote win=1257078)
nc DEBUG: SSH: ssh_packet_need_rekey: rekey: [data_rekey_needed=0, out_blocks=2991, in_blocks=6245]
nc DEBUG: SSH: ssh_channel_read_timeout: Read (1) buffered : 2 bytes. Window: 1235140
nc DEBUG: SSH: ssh_channel_read_timeout: Read (1) buffered : 1 bytes. Window: 1235140
nc DEBUG: Received message:
<rpc-reply xmlns="urn:ietf:params:xml:ns:netconf:base:1.0" message-id="78"><next-update-at xmlns="urn:o-ran:supervision:1.0">2026-04-14T02:21:12+00:00</next-update-at></rpc-reply>

DATA
<next-update-at xmlns="urn:o-ran:supervision:1.0">2026-04-14T11:21:12+09:00</next-update-at>

nc DEBUG: Received message:
<notification xmlns="urn:ietf:params:xml:ns:netconf:notification:1.0"><eventTime>2026-04-14T02:21:12Z</eventTime><supervision-notification xmlns="urn:o-ran:supervision:1.0"/></notification>

notification (2026-04-14T02:21:12Z)
<supervision-notification xmlns="urn:o-ran:supervision:1.0"/>

Client SENT :  user-rpc --content /mplane_automation/conformance_test/watchdog.xml
nc DEBUG: Sending message:

#286


nc DEBUG: SSH: ssh_packet_need_rekey: rekey: [data_rekey_needed=0, out_blocks=2992, in_blocks=6272]
nc DEBUG: SSH: ssh_socket_unbuffered_write: Enabling POLLOUT for socket
nc DEBUG: SSH: packet_send2: packet: wrote [type=94, len=24, padding_size=8, comp=15, payload=15]
nc DEBUG: SSH: channel_write_common: ssh_channel_write wrote 6 bytes
nc DEBUG: Sending message:
<rpc xmlns="urn:ietf:params:xml:ns:netconf:base:1.0" message-id="79"><supervision-watchdog-reset xmlns="urn:o-ran:supervision:1.0"><supervision-notification-interval>10</supervision-notification-interval><guard-timer-overhead>10</guard-timer-overhead></supervision-watchdog-reset></rpc>

nc DEBUG: SSH: ssh_packet_need_rekey: rekey: [data_rekey_needed=0, out_blocks=3028, in_blocks=6307]
nc DEBUG: SSH: packet_send2: packet: wrote [type=94, len=304, padding_size=8, comp=295, payload=295]
nc DEBUG: SSH: channel_write_common: ssh_channel_write wrote 286 bytes
nc DEBUG: SSH: ssh_socket_unbuffered_write: Enabling POLLOUT for socket
nc DEBUG: Sending message:

##


nc DEBUG: SSH: ssh_packet_need_rekey: rekey: [data_rekey_needed=0, out_blocks=3029, in_blocks=6272]
nc DEBUG: SSH: packet_send2: packet: wrote [type=94, len=24, padding_size=10, comp=13, payload=13]
nc DEBUG: SSH: channel_write_common: ssh_channel_write wrote 4 bytes
nc DEBUG: SSH: ssh_socket_unbuffered_write: Enabling POLLOUT for socket
nc DEBUG: SSH: ssh_packet_socket_callback: packet: read type 94 [len=24,padding=8,comp=15,payload=15]
nc DEBUG: SSH: ssh_packet_process: Dispatching handler for packet type 94
nc DEBUG: SSH: channel_rcv_data: Channel receiving 6 bytes data in 0 (local win=1234941 remote win=1256782)
nc DEBUG: SSH: channel_default_bufferize: placing 6 bytes into channel buffer (stdout)
nc DEBUG: SSH: channel_rcv_data: Channel windows are now (local win=1234935 remote win=1256782)
nc DEBUG: SSH: ssh_packet_need_rekey: rekey: [data_rekey_needed=0, out_blocks=3029, in_blocks=6272]
nc DEBUG: SSH: ssh_channel_read_timeout: Read (2) buffered : 6 bytes. Window: 1234935
nc DEBUG: SSH: ssh_channel_read_timeout: Read (1) buffered : 4 bytes. Window: 1234935
nc DEBUG: SSH: ssh_channel_read_timeout: Read (1) buffered : 3 bytes. Window: 1234935
nc DEBUG: SSH: ssh_channel_read_timeout: Read (1) buffered : 2 bytes. Window: 1234935
nc DEBUG: SSH: ssh_channel_read_timeout: Read (1) buffered : 1 bytes. Window: 1234935
nc DEBUG: SSH: ssh_channel_read_timeout: Read (179) buffered : 0 bytes. Window: 1234935
nc DEBUG: SSH: ssh_packet_socket_callback: packet: read type 94 [len=200,padding=11,comp=188,payload=188]
nc DEBUG: SSH: ssh_packet_process: Dispatching handler for packet type 94
nc DEBUG: SSH: channel_rcv_data: Channel receiving 179 bytes data in 0 (local win=1234935 remote win=1256782)
nc DEBUG: SSH: channel_default_bufferize: placing 179 bytes into channel buffer (stdout)
nc DEBUG: SSH: channel_rcv_data: Channel windows are now (local win=1234756 remote win=1256782)
nc DEBUG: SSH: ssh_packet_need_rekey: rekey: [data_rekey_needed=0, out_blocks=3029, in_blocks=6295]
nc DEBUG: SSH: ssh_channel_read_timeout: Read (2) buffered : 0 bytes. Window: 1234756
nc DEBUG: SSH: ssh_packet_socket_callback: packet: read type 94 [len=24,padding=10,comp=13,payload=13]
nc DEBUG: SSH: ssh_packet_process: Dispatching handler for packet type 94
nc DEBUG: SSH: channel_rcv_data: Channel receiving 4 bytes data in 0 (local win=1234756 remote win=1256782)
nc DEBUG: SSH: channel_default_bufferize: placing 4 bytes into channel buffer (stdout)
nc DEBUG: SSH: channel_rcv_data: Channel windows are now (local win=1234752 remote win=1256782)
nc DEBUG: SSH: ssh_packet_need_rekey: rekey: [data_rekey_needed=0, out_blocks=3029, in_blocks=6296]
nc DEBUG: SSH: ssh_channel_read_timeout: Read (1) buffered : 2 bytes. Window: 1234752
nc DEBUG: SSH: ssh_channel_read_timeout: Read (1) buffered : 1 bytes. Window: 1234752
nc DEBUG: Received message:
<rpc-reply xmlns="urn:ietf:params:xml:ns:netconf:base:1.0" message-id="79"><next-update-at xmlns="urn:o-ran:supervision:1.0">2026-04-14T02:21:22+00:00</next-update-at></rpc-reply>

DATA
<next-update-at xmlns="urn:o-ran:supervision:1.0">2026-04-14T11:21:22+09:00</next-update-at>

nc DEBUG: Received message:
<notification xmlns="urn:ietf:params:xml:ns:netconf:notification:1.0"><eventTime>2026-04-14T02:21:22Z</eventTime><supervision-notification xmlns="urn:o-ran:supervision:1.0"/></notification>

notification (2026-04-14T02:21:22Z)
<supervision-notification xmlns="urn:o-ran:supervision:1.0"/>

Client SENT :  user-rpc --content /mplane_automation/conformance_test/watchdog.xml
nc DEBUG: Sending message:

#286


nc DEBUG: SSH: ssh_packet_need_rekey: rekey: [data_rekey_needed=0, out_blocks=3030, in_blocks=6323]
nc DEBUG: SSH: ssh_socket_unbuffered_write: Enabling POLLOUT for socket
nc DEBUG: SSH: packet_send2: packet: wrote [type=94, len=24, padding_size=8, comp=15, payload=15]
nc DEBUG: SSH: channel_write_common: ssh_channel_write wrote 6 bytes
nc DEBUG: Sending message:
<rpc xmlns="urn:ietf:params:xml:ns:netconf:base:1.0" message-id="80"><supervision-watchdog-reset xmlns="urn:o-ran:supervision:1.0"><supervision-notification-interval>10</supervision-notification-interval><guard-timer-overhead>10</guard-timer-overhead></supervision-watchdog-reset></rpc>

nc DEBUG: SSH: ssh_packet_need_rekey: rekey: [data_rekey_needed=0, out_blocks=3066, in_blocks=6358]
nc DEBUG: SSH: packet_send2: packet: wrote [type=94, len=304, padding_size=8, comp=295, payload=295]
nc DEBUG: SSH: channel_write_common: ssh_channel_write wrote 286 bytes
nc DEBUG: SSH: ssh_socket_unbuffered_write: Enabling POLLOUT for socket
nc DEBUG: Sending message:

##


nc DEBUG: SSH: ssh_packet_need_rekey: rekey: [data_rekey_needed=0, out_blocks=3067, in_blocks=6323]
nc DEBUG: SSH: packet_send2: packet: wrote [type=94, len=24, padding_size=10, comp=13, payload=13]
nc DEBUG: SSH: channel_write_common: ssh_channel_write wrote 4 bytes
nc DEBUG: SSH: ssh_socket_unbuffered_write: Enabling POLLOUT for socket
nc DEBUG: SSH: ssh_packet_socket_callback: packet: read type 94 [len=24,padding=8,comp=15,payload=15]
nc DEBUG: SSH: ssh_packet_process: Dispatching handler for packet type 94
nc DEBUG: SSH: channel_rcv_data: Channel receiving 6 bytes data in 0 (local win=1234553 remote win=1256486)
nc DEBUG: SSH: channel_default_bufferize: placing 6 bytes into channel buffer (stdout)
nc DEBUG: SSH: channel_rcv_data: Channel windows are now (local win=1234547 remote win=1256486)
nc DEBUG: SSH: ssh_packet_need_rekey: rekey: [data_rekey_needed=0, out_blocks=3067, in_blocks=6323]
nc DEBUG: SSH: ssh_channel_read_timeout: Read (2) buffered : 6 bytes. Window: 1234547
nc DEBUG: SSH: ssh_channel_read_timeout: Read (1) buffered : 4 bytes. Window: 1234547
nc DEBUG: SSH: ssh_channel_read_timeout: Read (1) buffered : 3 bytes. Window: 1234547
nc DEBUG: SSH: ssh_channel_read_timeout: Read (1) buffered : 2 bytes. Window: 1234547
nc DEBUG: SSH: ssh_channel_read_timeout: Read (1) buffered : 1 bytes. Window: 1234547
nc DEBUG: SSH: ssh_channel_read_timeout: Read (179) buffered : 0 bytes. Window: 1234547
nc DEBUG: SSH: ssh_packet_socket_callback: packet: read type 94 [len=200,padding=11,comp=188,payload=188]
nc DEBUG: SSH: ssh_packet_process: Dispatching handler for packet type 94
nc DEBUG: SSH: channel_rcv_data: Channel receiving 179 bytes data in 0 (local win=1234547 remote win=1256486)
nc DEBUG: SSH: channel_default_bufferize: placing 179 bytes into channel buffer (stdout)
nc DEBUG: SSH: channel_rcv_data: Channel windows are now (local win=1234368 remote win=1256486)
nc DEBUG: SSH: ssh_packet_need_rekey: rekey: [data_rekey_needed=0, out_blocks=3067, in_blocks=6346]
nc DEBUG: SSH: ssh_channel_read_timeout: Read (2) buffered : 0 bytes. Window: 1234368
nc DEBUG: SSH: ssh_packet_socket_callback: packet: read type 94 [len=24,padding=10,comp=13,payload=13]
nc DEBUG: SSH: ssh_packet_process: Dispatching handler for packet type 94
nc DEBUG: SSH: channel_rcv_data: Channel receiving 4 bytes data in 0 (local win=1234368 remote win=1256486)
nc DEBUG: SSH: channel_default_bufferize: placing 4 bytes into channel buffer (stdout)
nc DEBUG: SSH: channel_rcv_data: Channel windows are now (local win=1234364 remote win=1256486)
nc DEBUG: SSH: ssh_packet_need_rekey: rekey: [data_rekey_needed=0, out_blocks=3067, in_blocks=6347]
nc DEBUG: SSH: ssh_channel_read_timeout: Read (1) buffered : 2 bytes. Window: 1234364
nc DEBUG: SSH: ssh_channel_read_timeout: Read (1) buffered : 1 bytes. Window: 1234364
nc DEBUG: Received message:
<rpc-reply xmlns="urn:ietf:params:xml:ns:netconf:base:1.0" message-id="80"><next-update-at xmlns="urn:o-ran:supervision:1.0">2026-04-14T02:21:32+00:00</next-update-at></rpc-reply>

DATA
<next-update-at xmlns="urn:o-ran:supervision:1.0">2026-04-14T11:21:32+09:00</next-update-at>

nc DEBUG: Received message:
<notification xmlns="urn:ietf:params:xml:ns:netconf:notification:1.0"><eventTime>2026-04-14T02:21:32Z</eventTime><supervision-notification xmlns="urn:o-ran:supervision:1.0"/></notification>

notification (2026-04-14T02:21:32Z)
<supervision-notification xmlns="urn:o-ran:supervision:1.0"/>

Client SENT :  user-rpc --content /mplane_automation/conformance_test/watchdog.xml
nc DEBUG: Sending message:

#286


nc DEBUG: SSH: ssh_packet_need_rekey: rekey: [data_rekey_needed=0, out_blocks=3068, in_blocks=6374]
nc DEBUG: SSH: ssh_socket_unbuffered_write: Enabling POLLOUT for socket
nc DEBUG: SSH: packet_send2: packet: wrote [type=94, len=24, padding_size=8, comp=15, payload=15]
nc DEBUG: SSH: channel_write_common: ssh_channel_write wrote 6 bytes
nc DEBUG: Sending message:
<rpc xmlns="urn:ietf:params:xml:ns:netconf:base:1.0" message-id="81"><supervision-watchdog-reset xmlns="urn:o-ran:supervision:1.0"><supervision-notification-interval>10</supervision-notification-interval><guard-timer-overhead>10</guard-timer-overhead></supervision-watchdog-reset></rpc>

nc DEBUG: SSH: ssh_packet_need_rekey: rekey: [data_rekey_needed=0, out_blocks=3104, in_blocks=6409]
nc DEBUG: SSH: packet_send2: packet: wrote [type=94, len=304, padding_size=8, comp=295, payload=295]
nc DEBUG: SSH: channel_write_common: ssh_channel_write wrote 286 bytes
nc DEBUG: SSH: ssh_socket_unbuffered_write: Enabling POLLOUT for socket
nc DEBUG: Sending message:

##


nc DEBUG: SSH: ssh_packet_need_rekey: rekey: [data_rekey_needed=0, out_blocks=3105, in_blocks=6374]
nc DEBUG: SSH: packet_send2: packet: wrote [type=94, len=24, padding_size=10, comp=13, payload=13]
nc DEBUG: SSH: channel_write_common: ssh_channel_write wrote 4 bytes
nc DEBUG: SSH: ssh_socket_unbuffered_write: Enabling POLLOUT for socket
nc DEBUG: SSH: ssh_packet_socket_callback: packet: read type 94 [len=24,padding=8,comp=15,payload=15]
nc DEBUG: SSH: ssh_packet_process: Dispatching handler for packet type 94
nc DEBUG: SSH: channel_rcv_data: Channel receiving 6 bytes data in 0 (local win=1234165 remote win=1256190)
nc DEBUG: SSH: channel_default_bufferize: placing 6 bytes into channel buffer (stdout)
nc DEBUG: SSH: channel_rcv_data: Channel windows are now (local win=1234159 remote win=1256190)
nc DEBUG: SSH: ssh_packet_need_rekey: rekey: [data_rekey_needed=0, out_blocks=3105, in_blocks=6374]
nc DEBUG: SSH: ssh_channel_read_timeout: Read (2) buffered : 6 bytes. Window: 1234159
nc DEBUG: SSH: ssh_channel_read_timeout: Read (1) buffered : 4 bytes. Window: 1234159
nc DEBUG: SSH: ssh_channel_read_timeout: Read (1) buffered : 3 bytes. Window: 1234159
nc DEBUG: SSH: ssh_channel_read_timeout: Read (1) buffered : 2 bytes. Window: 1234159
nc DEBUG: SSH: ssh_channel_read_timeout: Read (1) buffered : 1 bytes. Window: 1234159
nc DEBUG: SSH: ssh_channel_read_timeout: Read (179) buffered : 0 bytes. Window: 1234159
nc DEBUG: SSH: ssh_packet_socket_callback: packet: read type 94 [len=200,padding=11,comp=188,payload=188]
nc DEBUG: SSH: ssh_packet_process: Dispatching handler for packet type 94
nc DEBUG: SSH: channel_rcv_data: Channel receiving 179 bytes data in 0 (local win=1234159 remote win=1256190)
nc DEBUG: SSH: channel_default_bufferize: placing 179 bytes into channel buffer (stdout)
nc DEBUG: SSH: channel_rcv_data: Channel windows are now (local win=1233980 remote win=1256190)
nc DEBUG: SSH: ssh_packet_need_rekey: rekey: [data_rekey_needed=0, out_blocks=3105, in_blocks=6397]
nc DEBUG: SSH: ssh_channel_read_timeout: Read (2) buffered : 0 bytes. Window: 1233980
nc DEBUG: SSH: ssh_channel_read_timeout: Read (2) buffered : 0 bytes. Window: 1233980
nc DEBUG: SSH: ssh_packet_socket_callback: packet: read type 94 [len=24,padding=10,comp=13,payload=13]
nc DEBUG: SSH: ssh_packet_process: Dispatching handler for packet type 94
nc DEBUG: SSH: channel_rcv_data: Channel receiving 4 bytes data in 0 (local win=1233980 remote win=1256190)
nc DEBUG: SSH: channel_default_bufferize: placing 4 bytes into channel buffer (stdout)
nc DEBUG: SSH: channel_rcv_data: Channel windows are now (local win=1233976 remote win=1256190)
nc DEBUG: SSH: ssh_packet_need_rekey: rekey: [data_rekey_needed=0, out_blocks=3105, in_blocks=6398]
nc DEBUG: SSH: ssh_channel_read_timeout: Read (1) buffered : 2 bytes. Window: 1233976
nc DEBUG: SSH: ssh_channel_read_timeout: Read (1) buffered : 1 bytes. Window: 1233976
nc DEBUG: Received message:
<rpc-reply xmlns="urn:ietf:params:xml:ns:netconf:base:1.0" message-id="81"><next-update-at xmlns="urn:o-ran:supervision:1.0">2026-04-14T02:21:42+00:00</next-update-at></rpc-reply>

DATA
<next-update-at xmlns="urn:o-ran:supervision:1.0">2026-04-14T11:21:42+09:00</next-update-at>

nc DEBUG: Received message:
<notification xmlns="urn:ietf:params:xml:ns:netconf:notification:1.0"><eventTime>2026-04-14T02:21:42Z</eventTime><supervision-notification xmlns="urn:o-ran:supervision:1.0"/></notification>

notification (2026-04-14T02:21:42Z)
<supervision-notification xmlns="urn:o-ran:supervision:1.0"/>

Client SENT :  user-rpc --content /mplane_automation/conformance_test/watchdog.xml
nc DEBUG: Sending message:

#286


nc DEBUG: SSH: ssh_packet_need_rekey: rekey: [data_rekey_needed=0, out_blocks=3106, in_blocks=6425]
nc DEBUG: SSH: ssh_socket_unbuffered_write: Enabling POLLOUT for socket
nc DEBUG: SSH: packet_send2: packet: wrote [type=94, len=24, padding_size=8, comp=15, payload=15]
nc DEBUG: SSH: channel_write_common: ssh_channel_write wrote 6 bytes
nc DEBUG: Sending message:
<rpc xmlns="urn:ietf:params:xml:ns:netconf:base:1.0" message-id="82"><supervision-watchdog-reset xmlns="urn:o-ran:supervision:1.0"><supervision-notification-interval>10</supervision-notification-interval><guard-timer-overhead>10</guard-timer-overhead></supervision-watchdog-reset></rpc>

nc DEBUG: SSH: ssh_packet_need_rekey: rekey: [data_rekey_needed=0, out_blocks=3142, in_blocks=6460]
nc DEBUG: SSH: packet_send2: packet: wrote [type=94, len=304, padding_size=8, comp=295, payload=295]
nc DEBUG: SSH: channel_write_common: ssh_channel_write wrote 286 bytes
nc DEBUG: SSH: ssh_socket_unbuffered_write: Enabling POLLOUT for socket
nc DEBUG: Sending message:

##


nc DEBUG: SSH: ssh_packet_need_rekey: rekey: [data_rekey_needed=0, out_blocks=3143, in_blocks=6425]
nc DEBUG: SSH: packet_send2: packet: wrote [type=94, len=24, padding_size=10, comp=13, payload=13]
nc DEBUG: SSH: channel_write_common: ssh_channel_write wrote 4 bytes
nc DEBUG: SSH: ssh_socket_unbuffered_write: Enabling POLLOUT for socket
nc DEBUG: SSH: ssh_packet_socket_callback: packet: read type 94 [len=24,padding=8,comp=15,payload=15]
nc DEBUG: SSH: ssh_packet_process: Dispatching handler for packet type 94
nc DEBUG: SSH: channel_rcv_data: Channel receiving 6 bytes data in 0 (local win=1233777 remote win=1255894)
nc DEBUG: SSH: channel_default_bufferize: placing 6 bytes into channel buffer (stdout)
nc DEBUG: SSH: channel_rcv_data: Channel windows are now (local win=1233771 remote win=1255894)
nc DEBUG: SSH: ssh_packet_socket_callback: Processing 220 bytes left in socket buffer
nc DEBUG: SSH: ssh_packet_socket_callback: packet: read type 94 [len=200,padding=11,comp=188,payload=188]
nc DEBUG: SSH: ssh_packet_process: Dispatching handler for packet type 94
nc DEBUG: SSH: channel_rcv_data: Channel receiving 179 bytes data in 0 (local win=1233771 remote win=1255894)
nc DEBUG: SSH: channel_default_bufferize: placing 179 bytes into channel buffer (stdout)
nc DEBUG: SSH: channel_rcv_data: Channel windows are now (local win=1233592 remote win=1255894)
nc DEBUG: SSH: ssh_packet_need_rekey: rekey: [data_rekey_needed=0, out_blocks=3143, in_blocks=6448]
nc DEBUG: SSH: ssh_packet_need_rekey: rekey: [data_rekey_needed=0, out_blocks=3143, in_blocks=6448]
nc DEBUG: SSH: ssh_channel_read_timeout: Read (2) buffered : 185 bytes. Window: 1233592
nc DEBUG: SSH: ssh_channel_read_timeout: Read (1) buffered : 183 bytes. Window: 1233592
nc DEBUG: SSH: ssh_channel_read_timeout: Read (1) buffered : 182 bytes. Window: 1233592
nc DEBUG: SSH: ssh_channel_read_timeout: Read (1) buffered : 181 bytes. Window: 1233592
nc DEBUG: SSH: ssh_channel_read_timeout: Read (1) buffered : 180 bytes. Window: 1233592
nc DEBUG: SSH: ssh_channel_read_timeout: Read (179) buffered : 179 bytes. Window: 1233592
nc DEBUG: SSH: ssh_channel_read_timeout: Read (2) buffered : 0 bytes. Window: 1233592
nc DEBUG: SSH: ssh_packet_socket_callback: packet: read type 94 [len=24,padding=10,comp=13,payload=13]
nc DEBUG: SSH: ssh_packet_process: Dispatching handler for packet type 94
nc DEBUG: SSH: channel_rcv_data: Channel receiving 4 bytes data in 0 (local win=1233592 remote win=1255894)
nc DEBUG: SSH: channel_default_bufferize: placing 4 bytes into channel buffer (stdout)
nc DEBUG: SSH: channel_rcv_data: Channel windows are now (local win=1233588 remote win=1255894)
nc DEBUG: SSH: ssh_packet_need_rekey: rekey: [data_rekey_needed=0, out_blocks=3143, in_blocks=6449]
nc DEBUG: SSH: ssh_channel_read_timeout: Read (1) buffered : 2 bytes. Window: 1233588
nc DEBUG: SSH: ssh_channel_read_timeout: Read (1) buffered : 1 bytes. Window: 1233588
nc DEBUG: Received message:
<rpc-reply xmlns="urn:ietf:params:xml:ns:netconf:base:1.0" message-id="82"><next-update-at xmlns="urn:o-ran:supervision:1.0">2026-04-14T02:21:52+00:00</next-update-at></rpc-reply>

DATA
<next-update-at xmlns="urn:o-ran:supervision:1.0">2026-04-14T11:21:52+09:00</next-update-at>

nc DEBUG: Received message:
<notification xmlns="urn:ietf:params:xml:ns:netconf:notification:1.0"><eventTime>2026-04-14T02:21:52Z</eventTime><supervision-notification xmlns="urn:o-ran:supervision:1.0"/></notification>

notification (2026-04-14T02:21:52Z)
<supervision-notification xmlns="urn:o-ran:supervision:1.0"/>

Client SENT :  user-rpc --content /mplane_automation/conformance_test/watchdog.xml
nc DEBUG: Sending message:

#286


nc DEBUG: SSH: ssh_packet_need_rekey: rekey: [data_rekey_needed=0, out_blocks=3144, in_blocks=6476]
nc DEBUG: SSH: ssh_socket_unbuffered_write: Enabling POLLOUT for socket
nc DEBUG: SSH: packet_send2: packet: wrote [type=94, len=24, padding_size=8, comp=15, payload=15]
nc DEBUG: SSH: channel_write_common: ssh_channel_write wrote 6 bytes
nc DEBUG: Sending message:
<rpc xmlns="urn:ietf:params:xml:ns:netconf:base:1.0" message-id="83"><supervision-watchdog-reset xmlns="urn:o-ran:supervision:1.0"><supervision-notification-interval>10</supervision-notification-interval><guard-timer-overhead>10</guard-timer-overhead></supervision-watchdog-reset></rpc>

nc DEBUG: SSH: ssh_packet_need_rekey: rekey: [data_rekey_needed=0, out_blocks=3180, in_blocks=6511]
nc DEBUG: SSH: packet_send2: packet: wrote [type=94, len=304, padding_size=8, comp=295, payload=295]
nc DEBUG: SSH: channel_write_common: ssh_channel_write wrote 286 bytes
nc DEBUG: SSH: ssh_socket_unbuffered_write: Enabling POLLOUT for socket
nc DEBUG: Sending message:

##


nc DEBUG: SSH: ssh_packet_need_rekey: rekey: [data_rekey_needed=0, out_blocks=3181, in_blocks=6476]
nc DEBUG: SSH: packet_send2: packet: wrote [type=94, len=24, padding_size=10, comp=13, payload=13]
nc DEBUG: SSH: channel_write_common: ssh_channel_write wrote 4 bytes
nc DEBUG: SSH: ssh_socket_unbuffered_write: Enabling POLLOUT for socket
nc DEBUG: SSH: ssh_packet_socket_callback: packet: read type 94 [len=24,padding=8,comp=15,payload=15]
nc DEBUG: SSH: ssh_packet_process: Dispatching handler for packet type 94
nc DEBUG: SSH: channel_rcv_data: Channel receiving 6 bytes data in 0 (local win=1233389 remote win=1255598)
nc DEBUG: SSH: channel_default_bufferize: placing 6 bytes into channel buffer (stdout)
nc DEBUG: SSH: channel_rcv_data: Channel windows are now (local win=1233383 remote win=1255598)
nc DEBUG: SSH: ssh_packet_need_rekey: rekey: [data_rekey_needed=0, out_blocks=3181, in_blocks=6476]
nc DEBUG: SSH: ssh_channel_read_timeout: Read (2) buffered : 6 bytes. Window: 1233383
nc DEBUG: SSH: ssh_channel_read_timeout: Read (1) buffered : 4 bytes. Window: 1233383
nc DEBUG: SSH: ssh_channel_read_timeout: Read (1) buffered : 3 bytes. Window: 1233383
nc DEBUG: SSH: ssh_channel_read_timeout: Read (1) buffered : 2 bytes. Window: 1233383
nc DEBUG: SSH: ssh_channel_read_timeout: Read (1) buffered : 1 bytes. Window: 1233383
nc DEBUG: SSH: ssh_channel_read_timeout: Read (179) buffered : 0 bytes. Window: 1233383
nc DEBUG: SSH: ssh_packet_socket_callback: packet: read type 94 [len=200,padding=11,comp=188,payload=188]
nc DEBUG: SSH: ssh_packet_process: Dispatching handler for packet type 94
nc DEBUG: SSH: channel_rcv_data: Channel receiving 179 bytes data in 0 (local win=1233383 remote win=1255598)
nc DEBUG: SSH: channel_default_bufferize: placing 179 bytes into channel buffer (stdout)
nc DEBUG: SSH: channel_rcv_data: Channel windows are now (local win=1233204 remote win=1255598)
nc DEBUG: SSH: ssh_packet_need_rekey: rekey: [data_rekey_needed=0, out_blocks=3181, in_blocks=6499]
nc DEBUG: SSH: ssh_channel_read_timeout: Read (2) buffered : 0 bytes. Window: 1233204
nc DEBUG: SSH: ssh_channel_read_timeout: Read (2) buffered : 0 bytes. Window: 1233204
nc DEBUG: SSH: ssh_packet_socket_callback: packet: read type 94 [len=24,padding=10,comp=13,payload=13]
nc DEBUG: SSH: ssh_packet_process: Dispatching handler for packet type 94
nc DEBUG: SSH: channel_rcv_data: Channel receiving 4 bytes data in 0 (local win=1233204 remote win=1255598)
nc DEBUG: SSH: channel_default_bufferize: placing 4 bytes into channel buffer (stdout)
nc DEBUG: SSH: channel_rcv_data: Channel windows are now (local win=1233200 remote win=1255598)
nc DEBUG: SSH: ssh_packet_need_rekey: rekey: [data_rekey_needed=0, out_blocks=3181, in_blocks=6500]
nc DEBUG: SSH: ssh_channel_read_timeout: Read (1) buffered : 2 bytes. Window: 1233200
nc DEBUG: SSH: ssh_channel_read_timeout: Read (1) buffered : 1 bytes. Window: 1233200
nc DEBUG: Received message:
<rpc-reply xmlns="urn:ietf:params:xml:ns:netconf:base:1.0" message-id="83"><next-update-at xmlns="urn:o-ran:supervision:1.0">2026-04-14T02:22:02+00:00</next-update-at></rpc-reply>

DATA
<next-update-at xmlns="urn:o-ran:supervision:1.0">2026-04-14T11:22:02+09:00</next-update-at>

nc DEBUG: Received message:
<notification xmlns="urn:ietf:params:xml:ns:netconf:notification:1.0"><eventTime>2026-04-14T02:22:02Z</eventTime><supervision-notification xmlns="urn:o-ran:supervision:1.0"/></notification>

notification (2026-04-14T02:22:02Z)
<supervision-notification xmlns="urn:o-ran:supervision:1.0"/>

Client SENT :  user-rpc --content /mplane_automation/conformance_test/watchdog.xml
nc DEBUG: Sending message:

#286


nc DEBUG: SSH: ssh_packet_need_rekey: rekey: [data_rekey_needed=0, out_blocks=3182, in_blocks=6527]
nc DEBUG: SSH: ssh_socket_unbuffered_write: Enabling POLLOUT for socket
nc DEBUG: SSH: packet_send2: packet: wrote [type=94, len=24, padding_size=8, comp=15, payload=15]
nc DEBUG: SSH: channel_write_common: ssh_channel_write wrote 6 bytes
nc DEBUG: Sending message:
<rpc xmlns="urn:ietf:params:xml:ns:netconf:base:1.0" message-id="84"><supervision-watchdog-reset xmlns="urn:o-ran:supervision:1.0"><supervision-notification-interval>10</supervision-notification-interval><guard-timer-overhead>10</guard-timer-overhead></supervision-watchdog-reset></rpc>

nc DEBUG: SSH: ssh_packet_need_rekey: rekey: [data_rekey_needed=0, out_blocks=3218, in_blocks=6562]
nc DEBUG: SSH: packet_send2: packet: wrote [type=94, len=304, padding_size=8, comp=295, payload=295]
nc DEBUG: SSH: channel_write_common: ssh_channel_write wrote 286 bytes
nc DEBUG: SSH: ssh_socket_unbuffered_write: Enabling POLLOUT for socket
nc DEBUG: Sending message:

##


nc DEBUG: SSH: ssh_packet_need_rekey: rekey: [data_rekey_needed=0, out_blocks=3219, in_blocks=6527]
nc DEBUG: SSH: packet_send2: packet: wrote [type=94, len=24, padding_size=10, comp=13, payload=13]
nc DEBUG: SSH: channel_write_common: ssh_channel_write wrote 4 bytes
nc DEBUG: SSH: ssh_socket_unbuffered_write: Enabling POLLOUT for socket
nc DEBUG: SSH: ssh_packet_socket_callback: packet: read type 94 [len=24,padding=8,comp=15,payload=15]
nc DEBUG: SSH: ssh_packet_process: Dispatching handler for packet type 94
nc DEBUG: SSH: channel_rcv_data: Channel receiving 6 bytes data in 0 (local win=1233001 remote win=1255302)
nc DEBUG: SSH: channel_default_bufferize: placing 6 bytes into channel buffer (stdout)
nc DEBUG: SSH: channel_rcv_data: Channel windows are now (local win=1232995 remote win=1255302)
nc DEBUG: SSH: ssh_packet_need_rekey: rekey: [data_rekey_needed=0, out_blocks=3219, in_blocks=6527]
nc DEBUG: SSH: ssh_channel_read_timeout: Read (2) buffered : 6 bytes. Window: 1232995
nc DEBUG: SSH: ssh_channel_read_timeout: Read (1) buffered : 4 bytes. Window: 1232995
nc DEBUG: SSH: ssh_channel_read_timeout: Read (1) buffered : 3 bytes. Window: 1232995
nc DEBUG: SSH: ssh_channel_read_timeout: Read (1) buffered : 2 bytes. Window: 1232995
nc DEBUG: SSH: ssh_channel_read_timeout: Read (1) buffered : 1 bytes. Window: 1232995
nc DEBUG: SSH: ssh_channel_read_timeout: Read (179) buffered : 0 bytes. Window: 1232995
nc DEBUG: SSH: ssh_packet_socket_callback: packet: read type 94 [len=200,padding=11,comp=188,payload=188]
nc DEBUG: SSH: ssh_packet_process: Dispatching handler for packet type 94
nc DEBUG: SSH: channel_rcv_data: Channel receiving 179 bytes data in 0 (local win=1232995 remote win=1255302)
nc DEBUG: SSH: channel_default_bufferize: placing 179 bytes into channel buffer (stdout)
nc DEBUG: SSH: channel_rcv_data: Channel windows are now (local win=1232816 remote win=1255302)
nc DEBUG: SSH: ssh_packet_need_rekey: rekey: [data_rekey_needed=0, out_blocks=3219, in_blocks=6550]
nc DEBUG: SSH: ssh_channel_read_timeout: Read (2) buffered : 0 bytes. Window: 1232816
nc DEBUG: SSH: ssh_channel_read_timeout: Read (2) buffered : 0 bytes. Window: 1232816
nc DEBUG: SSH: ssh_packet_socket_callback: packet: read type 94 [len=24,padding=10,comp=13,payload=13]
nc DEBUG: SSH: ssh_packet_process: Dispatching handler for packet type 94
nc DEBUG: SSH: channel_rcv_data: Channel receiving 4 bytes data in 0 (local win=1232816 remote win=1255302)
nc DEBUG: SSH: channel_default_bufferize: placing 4 bytes into channel buffer (stdout)
nc DEBUG: SSH: channel_rcv_data: Channel windows are now (local win=1232812 remote win=1255302)
nc DEBUG: SSH: ssh_packet_need_rekey: rekey: [data_rekey_needed=0, out_blocks=3219, in_blocks=6551]
nc DEBUG: SSH: ssh_channel_read_timeout: Read (1) buffered : 2 bytes. Window: 1232812
nc DEBUG: SSH: ssh_channel_read_timeout: Read (1) buffered : 1 bytes. Window: 1232812
nc DEBUG: Received message:
<rpc-reply xmlns="urn:ietf:params:xml:ns:netconf:base:1.0" message-id="84"><next-update-at xmlns="urn:o-ran:supervision:1.0">2026-04-14T02:22:12+00:00</next-update-at></rpc-reply>

DATA
<next-update-at xmlns="urn:o-ran:supervision:1.0">2026-04-14T11:22:12+09:00</next-update-at>

nc DEBUG: Received message:
<notification xmlns="urn:ietf:params:xml:ns:netconf:notification:1.0"><eventTime>2026-04-14T02:22:12Z</eventTime><supervision-notification xmlns="urn:o-ran:supervision:1.0"/></notification>

notification (2026-04-14T02:22:12Z)
<supervision-notification xmlns="urn:o-ran:supervision:1.0"/>

Client SENT :  user-rpc --content /mplane_automation/conformance_test/watchdog.xml
nc DEBUG: Sending message:

#286


nc DEBUG: SSH: ssh_packet_need_rekey: rekey: [data_rekey_needed=0, out_blocks=3220, in_blocks=6578]
nc DEBUG: SSH: ssh_socket_unbuffered_write: Enabling POLLOUT for socket
nc DEBUG: SSH: packet_send2: packet: wrote [type=94, len=24, padding_size=8, comp=15, payload=15]
nc DEBUG: SSH: channel_write_common: ssh_channel_write wrote 6 bytes
nc DEBUG: Sending message:
<rpc xmlns="urn:ietf:params:xml:ns:netconf:base:1.0" message-id="85"><supervision-watchdog-reset xmlns="urn:o-ran:supervision:1.0"><supervision-notification-interval>10</supervision-notification-interval><guard-timer-overhead>10</guard-timer-overhead></supervision-watchdog-reset></rpc>

nc DEBUG: SSH: ssh_packet_need_rekey: rekey: [data_rekey_needed=0, out_blocks=3256, in_blocks=6613]
nc DEBUG: SSH: packet_send2: packet: wrote [type=94, len=304, padding_size=8, comp=295, payload=295]
nc DEBUG: SSH: channel_write_common: ssh_channel_write wrote 286 bytes
nc DEBUG: SSH: ssh_socket_unbuffered_write: Enabling POLLOUT for socket
nc DEBUG: Sending message:

##


nc DEBUG: SSH: ssh_packet_need_rekey: rekey: [data_rekey_needed=0, out_blocks=3257, in_blocks=6578]
nc DEBUG: SSH: packet_send2: packet: wrote [type=94, len=24, padding_size=10, comp=13, payload=13]
nc DEBUG: SSH: channel_write_common: ssh_channel_write wrote 4 bytes
nc DEBUG: SSH: ssh_socket_unbuffered_write: Enabling POLLOUT for socket
nc DEBUG: SSH: ssh_packet_socket_callback: packet: read type 94 [len=24,padding=8,comp=15,payload=15]
nc DEBUG: SSH: ssh_packet_process: Dispatching handler for packet type 94
nc DEBUG: SSH: channel_rcv_data: Channel receiving 6 bytes data in 0 (local win=1232613 remote win=1255006)
nc DEBUG: SSH: channel_default_bufferize: placing 6 bytes into channel buffer (stdout)
nc DEBUG: SSH: channel_rcv_data: Channel windows are now (local win=1232607 remote win=1255006)
nc DEBUG: SSH: ssh_packet_need_rekey: rekey: [data_rekey_needed=0, out_blocks=3257, in_blocks=6578]
nc DEBUG: SSH: ssh_channel_read_timeout: Read (2) buffered : 6 bytes. Window: 1232607
nc DEBUG: SSH: ssh_channel_read_timeout: Read (1) buffered : 4 bytes. Window: 1232607
nc DEBUG: SSH: ssh_channel_read_timeout: Read (1) buffered : 3 bytes. Window: 1232607
nc DEBUG: SSH: ssh_channel_read_timeout: Read (1) buffered : 2 bytes. Window: 1232607
nc DEBUG: SSH: ssh_channel_read_timeout: Read (1) buffered : 1 bytes. Window: 1232607
nc DEBUG: SSH: ssh_channel_read_timeout: Read (179) buffered : 0 bytes. Window: 1232607
nc DEBUG: SSH: ssh_packet_socket_callback: packet: read type 94 [len=200,padding=11,comp=188,payload=188]
nc DEBUG: SSH: ssh_packet_process: Dispatching handler for packet type 94
nc DEBUG: SSH: channel_rcv_data: Channel receiving 179 bytes data in 0 (local win=1232607 remote win=1255006)
nc DEBUG: SSH: channel_default_bufferize: placing 179 bytes into channel buffer (stdout)
nc DEBUG: SSH: channel_rcv_data: Channel windows are now (local win=1232428 remote win=1255006)
nc DEBUG: SSH: ssh_packet_socket_callback: Processing 44 bytes left in socket buffer
nc DEBUG: SSH: ssh_packet_socket_callback: packet: read type 94 [len=24,padding=10,comp=13,payload=13]
nc DEBUG: SSH: ssh_packet_process: Dispatching handler for packet type 94
nc DEBUG: SSH: channel_rcv_data: Channel receiving 4 bytes data in 0 (local win=1232428 remote win=1255006)
nc DEBUG: SSH: channel_default_bufferize: placing 4 bytes into channel buffer (stdout)
nc DEBUG: SSH: channel_rcv_data: Channel windows are now (local win=1232424 remote win=1255006)
nc DEBUG: SSH: ssh_packet_need_rekey: rekey: [data_rekey_needed=0, out_blocks=3257, in_blocks=6602]
nc DEBUG: SSH: ssh_packet_need_rekey: rekey: [data_rekey_needed=0, out_blocks=3257, in_blocks=6602]
nc DEBUG: SSH: ssh_channel_read_timeout: Read (2) buffered : 4 bytes. Window: 1232424
nc DEBUG: SSH: ssh_channel_read_timeout: Read (1) buffered : 2 bytes. Window: 1232424
nc DEBUG: SSH: ssh_channel_read_timeout: Read (1) buffered : 1 bytes. Window: 1232424
nc DEBUG: Received message:
<rpc-reply xmlns="urn:ietf:params:xml:ns:netconf:base:1.0" message-id="85"><next-update-at xmlns="urn:o-ran:supervision:1.0">2026-04-14T02:22:22+00:00</next-update-at></rpc-reply>

DATA
<next-update-at xmlns="urn:o-ran:supervision:1.0">2026-04-14T11:22:22+09:00</next-update-at>

nc DEBUG: Received message:
<notification xmlns="urn:ietf:params:xml:ns:netconf:notification:1.0"><eventTime>2026-04-14T02:22:22Z</eventTime><supervision-notification xmlns="urn:o-ran:supervision:1.0"/></notification>

notification (2026-04-14T02:22:22Z)
<supervision-notification xmlns="urn:o-ran:supervision:1.0"/>

Client SENT :  user-rpc --content /mplane_automation/conformance_test/watchdog.xml
nc DEBUG: Sending message:

#286


nc DEBUG: SSH: ssh_packet_need_rekey: rekey: [data_rekey_needed=0, out_blocks=3258, in_blocks=6629]
nc DEBUG: SSH: ssh_socket_unbuffered_write: Enabling POLLOUT for socket
nc DEBUG: SSH: packet_send2: packet: wrote [type=94, len=24, padding_size=8, comp=15, payload=15]
nc DEBUG: SSH: channel_write_common: ssh_channel_write wrote 6 bytes
nc DEBUG: Sending message:
<rpc xmlns="urn:ietf:params:xml:ns:netconf:base:1.0" message-id="86"><supervision-watchdog-reset xmlns="urn:o-ran:supervision:1.0"><supervision-notification-interval>10</supervision-notification-interval><guard-timer-overhead>10</guard-timer-overhead></supervision-watchdog-reset></rpc>

nc DEBUG: SSH: ssh_packet_need_rekey: rekey: [data_rekey_needed=0, out_blocks=3294, in_blocks=6664]
nc DEBUG: SSH: packet_send2: packet: wrote [type=94, len=304, padding_size=8, comp=295, payload=295]
nc DEBUG: SSH: channel_write_common: ssh_channel_write wrote 286 bytes
nc DEBUG: SSH: ssh_socket_unbuffered_write: Enabling POLLOUT for socket
nc DEBUG: Sending message:

##


nc DEBUG: SSH: ssh_packet_need_rekey: rekey: [data_rekey_needed=0, out_blocks=3295, in_blocks=6629]
nc DEBUG: SSH: packet_send2: packet: wrote [type=94, len=24, padding_size=10, comp=13, payload=13]
nc DEBUG: SSH: channel_write_common: ssh_channel_write wrote 4 bytes
nc DEBUG: SSH: ssh_socket_unbuffered_write: Enabling POLLOUT for socket
nc DEBUG: SSH: ssh_packet_socket_callback: packet: read type 94 [len=24,padding=8,comp=15,payload=15]
nc DEBUG: SSH: ssh_packet_process: Dispatching handler for packet type 94
nc DEBUG: SSH: channel_rcv_data: Channel receiving 6 bytes data in 0 (local win=1232225 remote win=1254710)
nc DEBUG: SSH: channel_default_bufferize: placing 6 bytes into channel buffer (stdout)
nc DEBUG: SSH: channel_rcv_data: Channel windows are now (local win=1232219 remote win=1254710)
nc DEBUG: SSH: ssh_packet_socket_callback: Processing 220 bytes left in socket buffer
nc DEBUG: SSH: ssh_packet_socket_callback: packet: read type 94 [len=200,padding=11,comp=188,payload=188]
nc DEBUG: SSH: ssh_packet_process: Dispatching handler for packet type 94
nc DEBUG: SSH: channel_rcv_data: Channel receiving 179 bytes data in 0 (local win=1232219 remote win=1254710)
nc DEBUG: SSH: channel_default_bufferize: placing 179 bytes into channel buffer (stdout)
nc DEBUG: SSH: channel_rcv_data: Channel windows are now (local win=1232040 remote win=1254710)
nc DEBUG: SSH: ssh_packet_need_rekey: rekey: [data_rekey_needed=0, out_blocks=3295, in_blocks=6652]
nc DEBUG: SSH: ssh_packet_need_rekey: rekey: [data_rekey_needed=0, out_blocks=3295, in_blocks=6652]
nc DEBUG: SSH: ssh_channel_read_timeout: Read (2) buffered : 185 bytes. Window: 1232040
nc DEBUG: SSH: ssh_channel_read_timeout: Read (1) buffered : 183 bytes. Window: 1232040
nc DEBUG: SSH: ssh_channel_read_timeout: Read (1) buffered : 182 bytes. Window: 1232040
nc DEBUG: SSH: ssh_channel_read_timeout: Read (1) buffered : 181 bytes. Window: 1232040
nc DEBUG: SSH: ssh_channel_read_timeout: Read (1) buffered : 180 bytes. Window: 1232040
nc DEBUG: SSH: ssh_channel_read_timeout: Read (179) buffered : 179 bytes. Window: 1232040
nc DEBUG: SSH: ssh_channel_read_timeout: Read (2) buffered : 0 bytes. Window: 1232040
nc DEBUG: SSH: ssh_packet_socket_callback: packet: read type 94 [len=24,padding=10,comp=13,payload=13]
nc DEBUG: SSH: ssh_packet_process: Dispatching handler for packet type 94
nc DEBUG: SSH: channel_rcv_data: Channel receiving 4 bytes data in 0 (local win=1232040 remote win=1254710)
nc DEBUG: SSH: channel_default_bufferize: placing 4 bytes into channel buffer (stdout)
nc DEBUG: SSH: channel_rcv_data: Channel windows are now (local win=1232036 remote win=1254710)
nc DEBUG: SSH: ssh_packet_need_rekey: rekey: [data_rekey_needed=0, out_blocks=3295, in_blocks=6653]
nc DEBUG: SSH: ssh_channel_read_timeout: Read (1) buffered : 2 bytes. Window: 1232036
nc DEBUG: SSH: ssh_channel_read_timeout: Read (1) buffered : 1 bytes. Window: 1232036
nc DEBUG: Received message:
<rpc-reply xmlns="urn:ietf:params:xml:ns:netconf:base:1.0" message-id="86"><next-update-at xmlns="urn:o-ran:supervision:1.0">2026-04-14T02:22:32+00:00</next-update-at></rpc-reply>

DATA
<next-update-at xmlns="urn:o-ran:supervision:1.0">2026-04-14T11:22:32+09:00</next-update-at>

nc DEBUG: Received message:
<notification xmlns="urn:ietf:params:xml:ns:netconf:notification:1.0"><eventTime>2026-04-14T02:22:32Z</eventTime><supervision-notification xmlns="urn:o-ran:supervision:1.0"/></notification>

notification (2026-04-14T02:22:32Z)
<supervision-notification xmlns="urn:o-ran:supervision:1.0"/>

Client SENT :  user-rpc --content /mplane_automation/conformance_test/watchdog.xml
nc DEBUG: Sending message:

#286


nc DEBUG: SSH: ssh_packet_need_rekey: rekey: [data_rekey_needed=0, out_blocks=3296, in_blocks=6680]
nc DEBUG: SSH: ssh_socket_unbuffered_write: Enabling POLLOUT for socket
nc DEBUG: SSH: packet_send2: packet: wrote [type=94, len=24, padding_size=8, comp=15, payload=15]
nc DEBUG: SSH: channel_write_common: ssh_channel_write wrote 6 bytes
nc DEBUG: Sending message:
<rpc xmlns="urn:ietf:params:xml:ns:netconf:base:1.0" message-id="87"><supervision-watchdog-reset xmlns="urn:o-ran:supervision:1.0"><supervision-notification-interval>10</supervision-notification-interval><guard-timer-overhead>10</guard-timer-overhead></supervision-watchdog-reset></rpc>

nc DEBUG: SSH: ssh_packet_need_rekey: rekey: [data_rekey_needed=0, out_blocks=3332, in_blocks=6715]
nc DEBUG: SSH: packet_send2: packet: wrote [type=94, len=304, padding_size=8, comp=295, payload=295]
nc DEBUG: SSH: channel_write_common: ssh_channel_write wrote 286 bytes
nc DEBUG: SSH: ssh_socket_unbuffered_write: Enabling POLLOUT for socket
nc DEBUG: Sending message:

##


nc DEBUG: SSH: ssh_packet_need_rekey: rekey: [data_rekey_needed=0, out_blocks=3333, in_blocks=6680]
nc DEBUG: SSH: packet_send2: packet: wrote [type=94, len=24, padding_size=10, comp=13, payload=13]
nc DEBUG: SSH: channel_write_common: ssh_channel_write wrote 4 bytes
nc DEBUG: SSH: ssh_socket_unbuffered_write: Enabling POLLOUT for socket
nc DEBUG: SSH: ssh_packet_socket_callback: packet: read type 94 [len=24,padding=8,comp=15,payload=15]
nc DEBUG: SSH: ssh_packet_process: Dispatching handler for packet type 94
nc DEBUG: SSH: channel_rcv_data: Channel receiving 6 bytes data in 0 (local win=1231837 remote win=1254414)
nc DEBUG: SSH: channel_default_bufferize: placing 6 bytes into channel buffer (stdout)
nc DEBUG: SSH: channel_rcv_data: Channel windows are now (local win=1231831 remote win=1254414)
nc DEBUG: SSH: ssh_packet_need_rekey: rekey: [data_rekey_needed=0, out_blocks=3333, in_blocks=6680]
nc DEBUG: SSH: ssh_channel_read_timeout: Read (2) buffered : 6 bytes. Window: 1231831
nc DEBUG: SSH: ssh_channel_read_timeout: Read (1) buffered : 4 bytes. Window: 1231831
nc DEBUG: SSH: ssh_channel_read_timeout: Read (1) buffered : 3 bytes. Window: 1231831
nc DEBUG: SSH: ssh_channel_read_timeout: Read (1) buffered : 2 bytes. Window: 1231831
nc DEBUG: SSH: ssh_channel_read_timeout: Read (1) buffered : 1 bytes. Window: 1231831
nc DEBUG: SSH: ssh_channel_read_timeout: Read (179) buffered : 0 bytes. Window: 1231831
nc DEBUG: SSH: ssh_packet_socket_callback: packet: read type 94 [len=200,padding=11,comp=188,payload=188]
nc DEBUG: SSH: ssh_packet_process: Dispatching handler for packet type 94
nc DEBUG: SSH: channel_rcv_data: Channel receiving 179 bytes data in 0 (local win=1231831 remote win=1254414)
nc DEBUG: SSH: channel_default_bufferize: placing 179 bytes into channel buffer (stdout)
nc DEBUG: SSH: channel_rcv_data: Channel windows are now (local win=1231652 remote win=1254414)
nc DEBUG: SSH: ssh_packet_socket_callback: Processing 44 bytes left in socket buffer
nc DEBUG: SSH: ssh_packet_socket_callback: packet: read type 94 [len=24,padding=10,comp=13,payload=13]
nc DEBUG: SSH: ssh_packet_process: Dispatching handler for packet type 94
nc DEBUG: SSH: channel_rcv_data: Channel receiving 4 bytes data in 0 (local win=1231652 remote win=1254414)
nc DEBUG: SSH: channel_default_bufferize: placing 4 bytes into channel buffer (stdout)
nc DEBUG: SSH: channel_rcv_data: Channel windows are now (local win=1231648 remote win=1254414)
nc DEBUG: SSH: ssh_packet_need_rekey: rekey: [data_rekey_needed=0, out_blocks=3333, in_blocks=6704]
nc DEBUG: SSH: ssh_packet_need_rekey: rekey: [data_rekey_needed=0, out_blocks=3333, in_blocks=6704]
nc DEBUG: SSH: ssh_channel_read_timeout: Read (2) buffered : 4 bytes. Window: 1231648
nc DEBUG: SSH: ssh_channel_read_timeout: Read (1) buffered : 2 bytes. Window: 1231648
nc DEBUG: SSH: ssh_channel_read_timeout: Read (1) buffered : 1 bytes. Window: 1231648
nc DEBUG: Received message:
<rpc-reply xmlns="urn:ietf:params:xml:ns:netconf:base:1.0" message-id="87"><next-update-at xmlns="urn:o-ran:supervision:1.0">2026-04-14T02:22:42+00:00</next-update-at></rpc-reply>

DATA
<next-update-at xmlns="urn:o-ran:supervision:1.0">2026-04-14T11:22:42+09:00</next-update-at>

nc DEBUG: Received message:
<notification xmlns="urn:ietf:params:xml:ns:netconf:notification:1.0"><eventTime>2026-04-14T02:22:42Z</eventTime><supervision-notification xmlns="urn:o-ran:supervision:1.0"/></notification>

notification (2026-04-14T02:22:42Z)
<supervision-notification xmlns="urn:o-ran:supervision:1.0"/>

Client SENT :  user-rpc --content /mplane_automation/conformance_test/watchdog.xml
nc DEBUG: Sending message:

#286


nc DEBUG: SSH: ssh_packet_need_rekey: rekey: [data_rekey_needed=0, out_blocks=3334, in_blocks=6731]
nc DEBUG: SSH: ssh_socket_unbuffered_write: Enabling POLLOUT for socket
nc DEBUG: SSH: packet_send2: packet: wrote [type=94, len=24, padding_size=8, comp=15, payload=15]
nc DEBUG: SSH: channel_write_common: ssh_channel_write wrote 6 bytes
nc DEBUG: Sending message:
<rpc xmlns="urn:ietf:params:xml:ns:netconf:base:1.0" message-id="88"><supervision-watchdog-reset xmlns="urn:o-ran:supervision:1.0"><supervision-notification-interval>10</supervision-notification-interval><guard-timer-overhead>10</guard-timer-overhead></supervision-watchdog-reset></rpc>

nc DEBUG: SSH: ssh_packet_need_rekey: rekey: [data_rekey_needed=0, out_blocks=3370, in_blocks=6766]
nc DEBUG: SSH: packet_send2: packet: wrote [type=94, len=304, padding_size=8, comp=295, payload=295]
nc DEBUG: SSH: channel_write_common: ssh_channel_write wrote 286 bytes
nc DEBUG: SSH: ssh_socket_unbuffered_write: Enabling POLLOUT for socket
nc DEBUG: Sending message:

##


nc DEBUG: SSH: ssh_packet_need_rekey: rekey: [data_rekey_needed=0, out_blocks=3371, in_blocks=6731]
nc DEBUG: SSH: packet_send2: packet: wrote [type=94, len=24, padding_size=10, comp=13, payload=13]
nc DEBUG: SSH: channel_write_common: ssh_channel_write wrote 4 bytes
nc DEBUG: SSH: ssh_socket_unbuffered_write: Enabling POLLOUT for socket
nc DEBUG: SSH: ssh_packet_socket_callback: packet: read type 94 [len=24,padding=8,comp=15,payload=15]
nc DEBUG: SSH: ssh_packet_process: Dispatching handler for packet type 94
nc DEBUG: SSH: channel_rcv_data: Channel receiving 6 bytes data in 0 (local win=1231449 remote win=1254118)
nc DEBUG: SSH: channel_default_bufferize: placing 6 bytes into channel buffer (stdout)
nc DEBUG: SSH: channel_rcv_data: Channel windows are now (local win=1231443 remote win=1254118)
nc DEBUG: SSH: ssh_packet_socket_callback: Processing 220 bytes left in socket buffer
nc DEBUG: SSH: ssh_packet_socket_callback: packet: read type 94 [len=200,padding=11,comp=188,payload=188]
nc DEBUG: SSH: ssh_packet_process: Dispatching handler for packet type 94
nc DEBUG: SSH: channel_rcv_data: Channel receiving 179 bytes data in 0 (local win=1231443 remote win=1254118)
nc DEBUG: SSH: channel_default_bufferize: placing 179 bytes into channel buffer (stdout)
nc DEBUG: SSH: channel_rcv_data: Channel windows are now (local win=1231264 remote win=1254118)
nc DEBUG: SSH: ssh_packet_need_rekey: rekey: [data_rekey_needed=0, out_blocks=3371, in_blocks=6754]
nc DEBUG: SSH: ssh_packet_need_rekey: rekey: [data_rekey_needed=0, out_blocks=3371, in_blocks=6754]
nc DEBUG: SSH: ssh_channel_read_timeout: Read (2) buffered : 185 bytes. Window: 1231264
nc DEBUG: SSH: ssh_channel_read_timeout: Read (1) buffered : 183 bytes. Window: 1231264
nc DEBUG: SSH: ssh_channel_read_timeout: Read (1) buffered : 182 bytes. Window: 1231264
nc DEBUG: SSH: ssh_channel_read_timeout: Read (1) buffered : 181 bytes. Window: 1231264
nc DEBUG: SSH: ssh_channel_read_timeout: Read (1) buffered : 180 bytes. Window: 1231264
nc DEBUG: SSH: ssh_channel_read_timeout: Read (179) buffered : 179 bytes. Window: 1231264
nc DEBUG: SSH: ssh_channel_read_timeout: Read (2) buffered : 0 bytes. Window: 1231264
nc DEBUG: SSH: ssh_packet_socket_callback: packet: read type 94 [len=24,padding=10,comp=13,payload=13]
nc DEBUG: SSH: ssh_packet_process: Dispatching handler for packet type 94
nc DEBUG: SSH: channel_rcv_data: Channel receiving 4 bytes data in 0 (local win=1231264 remote win=1254118)
nc DEBUG: SSH: channel_default_bufferize: placing 4 bytes into channel buffer (stdout)
nc DEBUG: SSH: channel_rcv_data: Channel windows are now (local win=1231260 remote win=1254118)
nc DEBUG: SSH: ssh_packet_need_rekey: rekey: [data_rekey_needed=0, out_blocks=3371, in_blocks=6755]
nc DEBUG: SSH: ssh_channel_read_timeout: Read (1) buffered : 2 bytes. Window: 1231260
nc DEBUG: SSH: ssh_channel_read_timeout: Read (1) buffered : 1 bytes. Window: 1231260
nc DEBUG: Received message:
<rpc-reply xmlns="urn:ietf:params:xml:ns:netconf:base:1.0" message-id="88"><next-update-at xmlns="urn:o-ran:supervision:1.0">2026-04-14T02:22:52+00:00</next-update-at></rpc-reply>

DATA
<next-update-at xmlns="urn:o-ran:supervision:1.0">2026-04-14T11:22:52+09:00</next-update-at>

nc DEBUG: Received message:
<notification xmlns="urn:ietf:params:xml:ns:netconf:notification:1.0"><eventTime>2026-04-14T02:22:52Z</eventTime><supervision-notification xmlns="urn:o-ran:supervision:1.0"/></notification>

notification (2026-04-14T02:22:52Z)
<supervision-notification xmlns="urn:o-ran:supervision:1.0"/>

Client SENT :  user-rpc --content /mplane_automation/conformance_test/watchdog.xml
nc DEBUG: Sending message:

#286


nc DEBUG: SSH: ssh_packet_need_rekey: rekey: [data_rekey_needed=0, out_blocks=3372, in_blocks=6782]
nc DEBUG: SSH: ssh_socket_unbuffered_write: Enabling POLLOUT for socket
nc DEBUG: SSH: packet_send2: packet: wrote [type=94, len=24, padding_size=8, comp=15, payload=15]
nc DEBUG: SSH: channel_write_common: ssh_channel_write wrote 6 bytes
nc DEBUG: Sending message:
<rpc xmlns="urn:ietf:params:xml:ns:netconf:base:1.0" message-id="89"><supervision-watchdog-reset xmlns="urn:o-ran:supervision:1.0"><supervision-notification-interval>10</supervision-notification-interval><guard-timer-overhead>10</guard-timer-overhead></supervision-watchdog-reset></rpc>

nc DEBUG: SSH: ssh_packet_need_rekey: rekey: [data_rekey_needed=0, out_blocks=3408, in_blocks=6817]
nc DEBUG: SSH: packet_send2: packet: wrote [type=94, len=304, padding_size=8, comp=295, payload=295]
nc DEBUG: SSH: channel_write_common: ssh_channel_write wrote 286 bytes
nc DEBUG: SSH: ssh_socket_unbuffered_write: Enabling POLLOUT for socket
nc DEBUG: Sending message:

##


nc DEBUG: SSH: ssh_packet_need_rekey: rekey: [data_rekey_needed=0, out_blocks=3409, in_blocks=6782]
nc DEBUG: SSH: packet_send2: packet: wrote [type=94, len=24, padding_size=10, comp=13, payload=13]
nc DEBUG: SSH: channel_write_common: ssh_channel_write wrote 4 bytes
nc DEBUG: SSH: ssh_socket_unbuffered_write: Enabling POLLOUT for socket
nc DEBUG: SSH: ssh_packet_socket_callback: packet: read type 94 [len=24,padding=8,comp=15,payload=15]
nc DEBUG: SSH: ssh_packet_process: Dispatching handler for packet type 94
nc DEBUG: SSH: channel_rcv_data: Channel receiving 6 bytes data in 0 (local win=1231061 remote win=1253822)
nc DEBUG: SSH: channel_default_bufferize: placing 6 bytes into channel buffer (stdout)
nc DEBUG: SSH: channel_rcv_data: Channel windows are now (local win=1231055 remote win=1253822)
nc DEBUG: SSH: ssh_packet_socket_callback: Processing 220 bytes left in socket buffer
nc DEBUG: SSH: ssh_packet_socket_callback: packet: read type 94 [len=200,padding=11,comp=188,payload=188]
nc DEBUG: SSH: ssh_packet_process: Dispatching handler for packet type 94
nc DEBUG: SSH: channel_rcv_data: Channel receiving 179 bytes data in 0 (local win=1231055 remote win=1253822)
nc DEBUG: SSH: channel_default_bufferize: placing 179 bytes into channel buffer (stdout)
nc DEBUG: SSH: channel_rcv_data: Channel windows are now (local win=1230876 remote win=1253822)
nc DEBUG: SSH: ssh_packet_need_rekey: rekey: [data_rekey_needed=0, out_blocks=3409, in_blocks=6805]
nc DEBUG: SSH: ssh_packet_need_rekey: rekey: [data_rekey_needed=0, out_blocks=3409, in_blocks=6805]
nc DEBUG: SSH: ssh_channel_read_timeout: Read (2) buffered : 185 bytes. Window: 1230876
nc DEBUG: SSH: ssh_channel_read_timeout: Read (1) buffered : 183 bytes. Window: 1230876
nc DEBUG: SSH: ssh_channel_read_timeout: Read (1) buffered : 182 bytes. Window: 1230876
nc DEBUG: SSH: ssh_channel_read_timeout: Read (1) buffered : 181 bytes. Window: 1230876
nc DEBUG: SSH: ssh_channel_read_timeout: Read (1) buffered : 180 bytes. Window: 1230876
nc DEBUG: SSH: ssh_channel_read_timeout: Read (179) buffered : 179 bytes. Window: 1230876
nc DEBUG: SSH: ssh_channel_read_timeout: Read (2) buffered : 0 bytes. Window: 1230876
nc DEBUG: SSH: ssh_packet_socket_callback: packet: read type 94 [len=24,padding=10,comp=13,payload=13]
nc DEBUG: SSH: ssh_packet_process: Dispatching handler for packet type 94
nc DEBUG: SSH: channel_rcv_data: Channel receiving 4 bytes data in 0 (local win=1230876 remote win=1253822)
nc DEBUG: SSH: channel_default_bufferize: placing 4 bytes into channel buffer (stdout)
nc DEBUG: SSH: channel_rcv_data: Channel windows are now (local win=1230872 remote win=1253822)
nc DEBUG: SSH: ssh_packet_need_rekey: rekey: [data_rekey_needed=0, out_blocks=3409, in_blocks=6806]
nc DEBUG: SSH: ssh_channel_read_timeout: Read (1) buffered : 2 bytes. Window: 1230872
nc DEBUG: SSH: ssh_channel_read_timeout: Read (1) buffered : 1 bytes. Window: 1230872
nc DEBUG: Received message:
<rpc-reply xmlns="urn:ietf:params:xml:ns:netconf:base:1.0" message-id="89"><next-update-at xmlns="urn:o-ran:supervision:1.0">2026-04-14T02:23:02+00:00</next-update-at></rpc-reply>

DATA
<next-update-at xmlns="urn:o-ran:supervision:1.0">2026-04-14T11:23:02+09:00</next-update-at>

nc DEBUG: Received message:
<notification xmlns="urn:ietf:params:xml:ns:netconf:notification:1.0"><eventTime>2026-04-14T02:23:02Z</eventTime><supervision-notification xmlns="urn:o-ran:supervision:1.0"/></notification>

notification (2026-04-14T02:23:02Z)
<supervision-notification xmlns="urn:o-ran:supervision:1.0"/>

Client SENT :  user-rpc --content /mplane_automation/conformance_test/watchdog.xml
nc DEBUG: Sending message:

#286


nc DEBUG: SSH: ssh_packet_need_rekey: rekey: [data_rekey_needed=0, out_blocks=3410, in_blocks=6833]
nc DEBUG: SSH: ssh_socket_unbuffered_write: Enabling POLLOUT for socket
nc DEBUG: SSH: packet_send2: packet: wrote [type=94, len=24, padding_size=8, comp=15, payload=15]
nc DEBUG: SSH: channel_write_common: ssh_channel_write wrote 6 bytes
nc DEBUG: Sending message:
<rpc xmlns="urn:ietf:params:xml:ns:netconf:base:1.0" message-id="90"><supervision-watchdog-reset xmlns="urn:o-ran:supervision:1.0"><supervision-notification-interval>10</supervision-notification-interval><guard-timer-overhead>10</guard-timer-overhead></supervision-watchdog-reset></rpc>

nc DEBUG: SSH: ssh_packet_need_rekey: rekey: [data_rekey_needed=0, out_blocks=3446, in_blocks=6868]
nc DEBUG: SSH: packet_send2: packet: wrote [type=94, len=304, padding_size=8, comp=295, payload=295]
nc DEBUG: SSH: channel_write_common: ssh_channel_write wrote 286 bytes
nc DEBUG: SSH: ssh_socket_unbuffered_write: Enabling POLLOUT for socket
nc DEBUG: Sending message:

##


nc DEBUG: SSH: ssh_packet_need_rekey: rekey: [data_rekey_needed=0, out_blocks=3447, in_blocks=6833]
nc DEBUG: SSH: packet_send2: packet: wrote [type=94, len=24, padding_size=10, comp=13, payload=13]
nc DEBUG: SSH: channel_write_common: ssh_channel_write wrote 4 bytes
nc DEBUG: SSH: ssh_socket_unbuffered_write: Enabling POLLOUT for socket
nc DEBUG: SSH: ssh_packet_socket_callback: packet: read type 94 [len=24,padding=8,comp=15,payload=15]
nc DEBUG: SSH: ssh_packet_process: Dispatching handler for packet type 94
nc DEBUG: SSH: channel_rcv_data: Channel receiving 6 bytes data in 0 (local win=1230673 remote win=1253526)
nc DEBUG: SSH: channel_default_bufferize: placing 6 bytes into channel buffer (stdout)
nc DEBUG: SSH: channel_rcv_data: Channel windows are now (local win=1230667 remote win=1253526)
nc DEBUG: SSH: ssh_packet_need_rekey: rekey: [data_rekey_needed=0, out_blocks=3447, in_blocks=6833]
nc DEBUG: SSH: ssh_channel_read_timeout: Read (2) buffered : 6 bytes. Window: 1230667
nc DEBUG: SSH: ssh_channel_read_timeout: Read (1) buffered : 4 bytes. Window: 1230667
nc DEBUG: SSH: ssh_channel_read_timeout: Read (1) buffered : 3 bytes. Window: 1230667
nc DEBUG: SSH: ssh_channel_read_timeout: Read (1) buffered : 2 bytes. Window: 1230667
nc DEBUG: SSH: ssh_channel_read_timeout: Read (1) buffered : 1 bytes. Window: 1230667
nc DEBUG: SSH: ssh_channel_read_timeout: Read (179) buffered : 0 bytes. Window: 1230667
nc DEBUG: SSH: ssh_packet_socket_callback: packet: read type 94 [len=200,padding=11,comp=188,payload=188]
nc DEBUG: SSH: ssh_packet_process: Dispatching handler for packet type 94
nc DEBUG: SSH: channel_rcv_data: Channel receiving 179 bytes data in 0 (local win=1230667 remote win=1253526)
nc DEBUG: SSH: channel_default_bufferize: placing 179 bytes into channel buffer (stdout)
nc DEBUG: SSH: channel_rcv_data: Channel windows are now (local win=1230488 remote win=1253526)
nc DEBUG: SSH: ssh_packet_need_rekey: rekey: [data_rekey_needed=0, out_blocks=3447, in_blocks=6856]
nc DEBUG: SSH: ssh_channel_read_timeout: Read (2) buffered : 0 bytes. Window: 1230488
nc DEBUG: SSH: ssh_packet_socket_callback: packet: read type 94 [len=24,padding=10,comp=13,payload=13]
nc DEBUG: SSH: ssh_packet_process: Dispatching handler for packet type 94
nc DEBUG: SSH: channel_rcv_data: Channel receiving 4 bytes data in 0 (local win=1230488 remote win=1253526)
nc DEBUG: SSH: channel_default_bufferize: placing 4 bytes into channel buffer (stdout)
nc DEBUG: SSH: channel_rcv_data: Channel windows are now (local win=1230484 remote win=1253526)
nc DEBUG: SSH: ssh_packet_need_rekey: rekey: [data_rekey_needed=0, out_blocks=3447, in_blocks=6857]
nc DEBUG: SSH: ssh_channel_read_timeout: Read (1) buffered : 2 bytes. Window: 1230484
nc DEBUG: SSH: ssh_channel_read_timeout: Read (1) buffered : 1 bytes. Window: 1230484
nc DEBUG: Received message:
<rpc-reply xmlns="urn:ietf:params:xml:ns:netconf:base:1.0" message-id="90"><next-update-at xmlns="urn:o-ran:supervision:1.0">2026-04-14T02:23:12+00:00</next-update-at></rpc-reply>

DATA
<next-update-at xmlns="urn:o-ran:supervision:1.0">2026-04-14T11:23:12+09:00</next-update-at>

nc DEBUG: Received message:
<notification xmlns="urn:ietf:params:xml:ns:netconf:notification:1.0"><eventTime>2026-04-14T02:23:12Z</eventTime><supervision-notification xmlns="urn:o-ran:supervision:1.0"/></notification>

notification (2026-04-14T02:23:12Z)
<supervision-notification xmlns="urn:o-ran:supervision:1.0"/>

Client SENT :  user-rpc --content /mplane_automation/conformance_test/watchdog.xml
nc DEBUG: Sending message:

#286


nc DEBUG: SSH: ssh_packet_need_rekey: rekey: [data_rekey_needed=0, out_blocks=3448, in_blocks=6884]
nc DEBUG: SSH: ssh_socket_unbuffered_write: Enabling POLLOUT for socket
nc DEBUG: SSH: packet_send2: packet: wrote [type=94, len=24, padding_size=8, comp=15, payload=15]
nc DEBUG: SSH: channel_write_common: ssh_channel_write wrote 6 bytes
nc DEBUG: Sending message:
<rpc xmlns="urn:ietf:params:xml:ns:netconf:base:1.0" message-id="91"><supervision-watchdog-reset xmlns="urn:o-ran:supervision:1.0"><supervision-notification-interval>10</supervision-notification-interval><guard-timer-overhead>10</guard-timer-overhead></supervision-watchdog-reset></rpc>

nc DEBUG: SSH: ssh_packet_need_rekey: rekey: [data_rekey_needed=0, out_blocks=3484, in_blocks=6919]
nc DEBUG: SSH: packet_send2: packet: wrote [type=94, len=304, padding_size=8, comp=295, payload=295]
nc DEBUG: SSH: channel_write_common: ssh_channel_write wrote 286 bytes
nc DEBUG: SSH: ssh_socket_unbuffered_write: Enabling POLLOUT for socket
nc DEBUG: Sending message:

##


nc DEBUG: SSH: ssh_packet_need_rekey: rekey: [data_rekey_needed=0, out_blocks=3485, in_blocks=6884]
nc DEBUG: SSH: packet_send2: packet: wrote [type=94, len=24, padding_size=10, comp=13, payload=13]
nc DEBUG: SSH: channel_write_common: ssh_channel_write wrote 4 bytes
nc DEBUG: SSH: ssh_socket_unbuffered_write: Enabling POLLOUT for socket
nc DEBUG: SSH: ssh_packet_socket_callback: packet: read type 94 [len=24,padding=8,comp=15,payload=15]
nc DEBUG: SSH: ssh_packet_process: Dispatching handler for packet type 94
nc DEBUG: SSH: channel_rcv_data: Channel receiving 6 bytes data in 0 (local win=1230285 remote win=1253230)
nc DEBUG: SSH: channel_default_bufferize: placing 6 bytes into channel buffer (stdout)
nc DEBUG: SSH: channel_rcv_data: Channel windows are now (local win=1230279 remote win=1253230)
nc DEBUG: SSH: ssh_packet_socket_callback: Processing 220 bytes left in socket buffer
nc DEBUG: SSH: ssh_packet_socket_callback: packet: read type 94 [len=200,padding=11,comp=188,payload=188]
nc DEBUG: SSH: ssh_packet_process: Dispatching handler for packet type 94
nc DEBUG: SSH: channel_rcv_data: Channel receiving 179 bytes data in 0 (local win=1230279 remote win=1253230)
nc DEBUG: SSH: channel_default_bufferize: placing 179 bytes into channel buffer (stdout)
nc DEBUG: SSH: channel_rcv_data: Channel windows are now (local win=1230100 remote win=1253230)
nc DEBUG: SSH: ssh_packet_need_rekey: rekey: [data_rekey_needed=0, out_blocks=3485, in_blocks=6907]
nc DEBUG: SSH: ssh_packet_need_rekey: rekey: [data_rekey_needed=0, out_blocks=3485, in_blocks=6907]
nc DEBUG: SSH: ssh_channel_read_timeout: Read (2) buffered : 185 bytes. Window: 1230100
nc DEBUG: SSH: ssh_channel_read_timeout: Read (1) buffered : 183 bytes. Window: 1230100
nc DEBUG: SSH: ssh_channel_read_timeout: Read (1) buffered : 182 bytes. Window: 1230100
nc DEBUG: SSH: ssh_channel_read_timeout: Read (1) buffered : 181 bytes. Window: 1230100
nc DEBUG: SSH: ssh_channel_read_timeout: Read (1) buffered : 180 bytes. Window: 1230100
nc DEBUG: SSH: ssh_channel_read_timeout: Read (179) buffered : 179 bytes. Window: 1230100
nc DEBUG: SSH: ssh_channel_read_timeout: Read (2) buffered : 0 bytes. Window: 1230100
nc DEBUG: SSH: ssh_packet_socket_callback: packet: read type 94 [len=24,padding=10,comp=13,payload=13]
nc DEBUG: SSH: ssh_packet_process: Dispatching handler for packet type 94
nc DEBUG: SSH: channel_rcv_data: Channel receiving 4 bytes data in 0 (local win=1230100 remote win=1253230)
nc DEBUG: SSH: channel_default_bufferize: placing 4 bytes into channel buffer (stdout)
nc DEBUG: SSH: channel_rcv_data: Channel windows are now (local win=1230096 remote win=1253230)
nc DEBUG: SSH: ssh_packet_need_rekey: rekey: [data_rekey_needed=0, out_blocks=3485, in_blocks=6908]
nc DEBUG: SSH: ssh_channel_read_timeout: Read (1) buffered : 2 bytes. Window: 1230096
nc DEBUG: SSH: ssh_channel_read_timeout: Read (1) buffered : 1 bytes. Window: 1230096
nc DEBUG: Received message:
<rpc-reply xmlns="urn:ietf:params:xml:ns:netconf:base:1.0" message-id="91"><next-update-at xmlns="urn:o-ran:supervision:1.0">2026-04-14T02:23:22+00:00</next-update-at></rpc-reply>

DATA
<next-update-at xmlns="urn:o-ran:supervision:1.0">2026-04-14T11:23:22+09:00</next-update-at>

nc DEBUG: Received message:
<notification xmlns="urn:ietf:params:xml:ns:netconf:notification:1.0"><eventTime>2026-04-14T02:23:22Z</eventTime><supervision-notification xmlns="urn:o-ran:supervision:1.0"/></notification>

notification (2026-04-14T02:23:22Z)
<supervision-notification xmlns="urn:o-ran:supervision:1.0"/>

Client SENT :  user-rpc --content /mplane_automation/conformance_test/watchdog.xml
nc DEBUG: Sending message:

#286


nc DEBUG: SSH: ssh_packet_need_rekey: rekey: [data_rekey_needed=0, out_blocks=3486, in_blocks=6935]
nc DEBUG: SSH: ssh_socket_unbuffered_write: Enabling POLLOUT for socket
nc DEBUG: SSH: packet_send2: packet: wrote [type=94, len=24, padding_size=8, comp=15, payload=15]
nc DEBUG: SSH: channel_write_common: ssh_channel_write wrote 6 bytes
nc DEBUG: Sending message:
<rpc xmlns="urn:ietf:params:xml:ns:netconf:base:1.0" message-id="92"><supervision-watchdog-reset xmlns="urn:o-ran:supervision:1.0"><supervision-notification-interval>10</supervision-notification-interval><guard-timer-overhead>10</guard-timer-overhead></supervision-watchdog-reset></rpc>

nc DEBUG: SSH: ssh_packet_need_rekey: rekey: [data_rekey_needed=0, out_blocks=3522, in_blocks=6970]
nc DEBUG: SSH: packet_send2: packet: wrote [type=94, len=304, padding_size=8, comp=295, payload=295]
nc DEBUG: SSH: channel_write_common: ssh_channel_write wrote 286 bytes
nc DEBUG: SSH: ssh_socket_unbuffered_write: Enabling POLLOUT for socket
nc DEBUG: Sending message:

##


nc DEBUG: SSH: ssh_packet_need_rekey: rekey: [data_rekey_needed=0, out_blocks=3523, in_blocks=6935]
nc DEBUG: SSH: packet_send2: packet: wrote [type=94, len=24, padding_size=10, comp=13, payload=13]
nc DEBUG: SSH: channel_write_common: ssh_channel_write wrote 4 bytes
nc DEBUG: SSH: ssh_socket_unbuffered_write: Enabling POLLOUT for socket
nc DEBUG: SSH: ssh_packet_socket_callback: packet: read type 94 [len=24,padding=8,comp=15,payload=15]
nc DEBUG: SSH: ssh_packet_process: Dispatching handler for packet type 94
nc DEBUG: SSH: channel_rcv_data: Channel receiving 6 bytes data in 0 (local win=1229897 remote win=1252934)
nc DEBUG: SSH: channel_default_bufferize: placing 6 bytes into channel buffer (stdout)
nc DEBUG: SSH: channel_rcv_data: Channel windows are now (local win=1229891 remote win=1252934)
nc DEBUG: SSH: ssh_packet_socket_callback: Processing 220 bytes left in socket buffer
nc DEBUG: SSH: ssh_packet_socket_callback: packet: read type 94 [len=200,padding=11,comp=188,payload=188]
nc DEBUG: SSH: ssh_packet_process: Dispatching handler for packet type 94
nc DEBUG: SSH: channel_rcv_data: Channel receiving 179 bytes data in 0 (local win=1229891 remote win=1252934)
nc DEBUG: SSH: channel_default_bufferize: placing 179 bytes into channel buffer (stdout)
nc DEBUG: SSH: channel_rcv_data: Channel windows are now (local win=1229712 remote win=1252934)
nc DEBUG: SSH: ssh_packet_need_rekey: rekey: [data_rekey_needed=0, out_blocks=3523, in_blocks=6958]
nc DEBUG: SSH: ssh_packet_need_rekey: rekey: [data_rekey_needed=0, out_blocks=3523, in_blocks=6958]
nc DEBUG: SSH: ssh_channel_read_timeout: Read (2) buffered : 185 bytes. Window: 1229712
nc DEBUG: SSH: ssh_channel_read_timeout: Read (1) buffered : 183 bytes. Window: 1229712
nc DEBUG: SSH: ssh_channel_read_timeout: Read (1) buffered : 182 bytes. Window: 1229712
nc DEBUG: SSH: ssh_channel_read_timeout: Read (1) buffered : 181 bytes. Window: 1229712
nc DEBUG: SSH: ssh_channel_read_timeout: Read (1) buffered : 180 bytes. Window: 1229712
nc DEBUG: SSH: ssh_channel_read_timeout: Read (179) buffered : 179 bytes. Window: 1229712
nc DEBUG: SSH: ssh_channel_read_timeout: Read (2) buffered : 0 bytes. Window: 1229712
nc DEBUG: SSH: ssh_packet_socket_callback: packet: read type 94 [len=24,padding=10,comp=13,payload=13]
nc DEBUG: SSH: ssh_packet_process: Dispatching handler for packet type 94
nc DEBUG: SSH: channel_rcv_data: Channel receiving 4 bytes data in 0 (local win=1229712 remote win=1252934)
nc DEBUG: SSH: channel_default_bufferize: placing 4 bytes into channel buffer (stdout)
nc DEBUG: SSH: channel_rcv_data: Channel windows are now (local win=1229708 remote win=1252934)
nc DEBUG: SSH: ssh_packet_need_rekey: rekey: [data_rekey_needed=0, out_blocks=3523, in_blocks=6959]
nc DEBUG: SSH: ssh_channel_read_timeout: Read (1) buffered : 2 bytes. Window: 1229708
nc DEBUG: SSH: ssh_channel_read_timeout: Read (1) buffered : 1 bytes. Window: 1229708
nc DEBUG: Received message:
<rpc-reply xmlns="urn:ietf:params:xml:ns:netconf:base:1.0" message-id="92"><next-update-at xmlns="urn:o-ran:supervision:1.0">2026-04-14T02:23:32+00:00</next-update-at></rpc-reply>

DATA
<next-update-at xmlns="urn:o-ran:supervision:1.0">2026-04-14T11:23:32+09:00</next-update-at>

nc DEBUG: Received message:
<notification xmlns="urn:ietf:params:xml:ns:netconf:notification:1.0"><eventTime>2026-04-14T02:23:32Z</eventTime><supervision-notification xmlns="urn:o-ran:supervision:1.0"/></notification>

notification (2026-04-14T02:23:32Z)
<supervision-notification xmlns="urn:o-ran:supervision:1.0"/>

Client SENT :  user-rpc --content /mplane_automation/conformance_test/watchdog.xml
nc DEBUG: Sending message:

#286


nc DEBUG: SSH: ssh_packet_need_rekey: rekey: [data_rekey_needed=0, out_blocks=3524, in_blocks=6986]
nc DEBUG: SSH: ssh_socket_unbuffered_write: Enabling POLLOUT for socket
nc DEBUG: SSH: packet_send2: packet: wrote [type=94, len=24, padding_size=8, comp=15, payload=15]
nc DEBUG: SSH: channel_write_common: ssh_channel_write wrote 6 bytes
nc DEBUG: Sending message:
<rpc xmlns="urn:ietf:params:xml:ns:netconf:base:1.0" message-id="93"><supervision-watchdog-reset xmlns="urn:o-ran:supervision:1.0"><supervision-notification-interval>10</supervision-notification-interval><guard-timer-overhead>10</guard-timer-overhead></supervision-watchdog-reset></rpc>

nc DEBUG: SSH: ssh_packet_need_rekey: rekey: [data_rekey_needed=0, out_blocks=3560, in_blocks=7021]
nc DEBUG: SSH: packet_send2: packet: wrote [type=94, len=304, padding_size=8, comp=295, payload=295]
nc DEBUG: SSH: channel_write_common: ssh_channel_write wrote 286 bytes
nc DEBUG: SSH: ssh_socket_unbuffered_write: Enabling POLLOUT for socket
nc DEBUG: Sending message:

##


nc DEBUG: SSH: ssh_packet_need_rekey: rekey: [data_rekey_needed=0, out_blocks=3561, in_blocks=6986]
nc DEBUG: SSH: packet_send2: packet: wrote [type=94, len=24, padding_size=10, comp=13, payload=13]
nc DEBUG: SSH: channel_write_common: ssh_channel_write wrote 4 bytes
nc DEBUG: SSH: ssh_socket_unbuffered_write: Enabling POLLOUT for socket
nc DEBUG: SSH: ssh_packet_socket_callback: packet: read type 94 [len=24,padding=8,comp=15,payload=15]
nc DEBUG: SSH: ssh_packet_process: Dispatching handler for packet type 94
nc DEBUG: SSH: channel_rcv_data: Channel receiving 6 bytes data in 0 (local win=1229509 remote win=1252638)
nc DEBUG: SSH: channel_default_bufferize: placing 6 bytes into channel buffer (stdout)
nc DEBUG: SSH: channel_rcv_data: Channel windows are now (local win=1229503 remote win=1252638)
nc DEBUG: SSH: ssh_packet_socket_callback: Processing 220 bytes left in socket buffer
nc DEBUG: SSH: ssh_packet_socket_callback: packet: read type 94 [len=200,padding=11,comp=188,payload=188]
nc DEBUG: SSH: ssh_packet_process: Dispatching handler for packet type 94
nc DEBUG: SSH: channel_rcv_data: Channel receiving 179 bytes data in 0 (local win=1229503 remote win=1252638)
nc DEBUG: SSH: channel_default_bufferize: placing 179 bytes into channel buffer (stdout)
nc DEBUG: SSH: channel_rcv_data: Channel windows are now (local win=1229324 remote win=1252638)
nc DEBUG: SSH: ssh_packet_need_rekey: rekey: [data_rekey_needed=0, out_blocks=3561, in_blocks=7009]
nc DEBUG: SSH: ssh_packet_need_rekey: rekey: [data_rekey_needed=0, out_blocks=3561, in_blocks=7009]
nc DEBUG: SSH: ssh_channel_read_timeout: Read (2) buffered : 185 bytes. Window: 1229324
nc DEBUG: SSH: ssh_channel_read_timeout: Read (1) buffered : 183 bytes. Window: 1229324
nc DEBUG: SSH: ssh_channel_read_timeout: Read (1) buffered : 182 bytes. Window: 1229324
nc DEBUG: SSH: ssh_channel_read_timeout: Read (1) buffered : 181 bytes. Window: 1229324
nc DEBUG: SSH: ssh_channel_read_timeout: Read (1) buffered : 180 bytes. Window: 1229324
nc DEBUG: SSH: ssh_channel_read_timeout: Read (179) buffered : 179 bytes. Window: 1229324
nc DEBUG: SSH: ssh_channel_read_timeout: Read (2) buffered : 0 bytes. Window: 1229324
nc DEBUG: SSH: ssh_packet_socket_callback: packet: read type 94 [len=24,padding=10,comp=13,payload=13]
nc DEBUG: SSH: ssh_packet_process: Dispatching handler for packet type 94
nc DEBUG: SSH: channel_rcv_data: Channel receiving 4 bytes data in 0 (local win=1229324 remote win=1252638)
nc DEBUG: SSH: channel_default_bufferize: placing 4 bytes into channel buffer (stdout)
nc DEBUG: SSH: channel_rcv_data: Channel windows are now (local win=1229320 remote win=1252638)
nc DEBUG: SSH: ssh_packet_need_rekey: rekey: [data_rekey_needed=0, out_blocks=3561, in_blocks=7010]
nc DEBUG: SSH: ssh_channel_read_timeout: Read (1) buffered : 2 bytes. Window: 1229320
nc DEBUG: SSH: ssh_channel_read_timeout: Read (1) buffered : 1 bytes. Window: 1229320
nc DEBUG: Received message:
<rpc-reply xmlns="urn:ietf:params:xml:ns:netconf:base:1.0" message-id="93"><next-update-at xmlns="urn:o-ran:supervision:1.0">2026-04-14T02:23:42+00:00</next-update-at></rpc-reply>

DATA
<next-update-at xmlns="urn:o-ran:supervision:1.0">2026-04-14T11:23:42+09:00</next-update-at>

nc DEBUG: Received message:
<notification xmlns="urn:ietf:params:xml:ns:netconf:notification:1.0"><eventTime>2026-04-14T02:23:42Z</eventTime><supervision-notification xmlns="urn:o-ran:supervision:1.0"/></notification>

notification (2026-04-14T02:23:42Z)
<supervision-notification xmlns="urn:o-ran:supervision:1.0"/>

Client SENT :  user-rpc --content /mplane_automation/conformance_test/watchdog.xml
nc DEBUG: Sending message:

#286


nc DEBUG: SSH: ssh_packet_need_rekey: rekey: [data_rekey_needed=0, out_blocks=3562, in_blocks=7037]
nc DEBUG: SSH: ssh_socket_unbuffered_write: Enabling POLLOUT for socket
nc DEBUG: SSH: packet_send2: packet: wrote [type=94, len=24, padding_size=8, comp=15, payload=15]
nc DEBUG: SSH: channel_write_common: ssh_channel_write wrote 6 bytes
nc DEBUG: Sending message:
<rpc xmlns="urn:ietf:params:xml:ns:netconf:base:1.0" message-id="94"><supervision-watchdog-reset xmlns="urn:o-ran:supervision:1.0"><supervision-notification-interval>10</supervision-notification-interval><guard-timer-overhead>10</guard-timer-overhead></supervision-watchdog-reset></rpc>

nc DEBUG: SSH: ssh_packet_need_rekey: rekey: [data_rekey_needed=0, out_blocks=3598, in_blocks=7072]
nc DEBUG: SSH: packet_send2: packet: wrote [type=94, len=304, padding_size=8, comp=295, payload=295]
nc DEBUG: SSH: channel_write_common: ssh_channel_write wrote 286 bytes
nc DEBUG: SSH: ssh_socket_unbuffered_write: Enabling POLLOUT for socket
nc DEBUG: Sending message:

##


nc DEBUG: SSH: ssh_packet_need_rekey: rekey: [data_rekey_needed=0, out_blocks=3599, in_blocks=7037]
nc DEBUG: SSH: packet_send2: packet: wrote [type=94, len=24, padding_size=10, comp=13, payload=13]
nc DEBUG: SSH: channel_write_common: ssh_channel_write wrote 4 bytes
nc DEBUG: SSH: ssh_socket_unbuffered_write: Enabling POLLOUT for socket
nc DEBUG: SSH: ssh_packet_socket_callback: packet: read type 94 [len=24,padding=8,comp=15,payload=15]
nc DEBUG: SSH: ssh_packet_process: Dispatching handler for packet type 94
nc DEBUG: SSH: channel_rcv_data: Channel receiving 6 bytes data in 0 (local win=1229121 remote win=1252342)
nc DEBUG: SSH: channel_default_bufferize: placing 6 bytes into channel buffer (stdout)
nc DEBUG: SSH: channel_rcv_data: Channel windows are now (local win=1229115 remote win=1252342)
nc DEBUG: SSH: ssh_packet_socket_callback: Processing 220 bytes left in socket buffer
nc DEBUG: SSH: ssh_packet_socket_callback: packet: read type 94 [len=200,padding=11,comp=188,payload=188]
nc DEBUG: SSH: ssh_packet_process: Dispatching handler for packet type 94
nc DEBUG: SSH: channel_rcv_data: Channel receiving 179 bytes data in 0 (local win=1229115 remote win=1252342)
nc DEBUG: SSH: channel_default_bufferize: placing 179 bytes into channel buffer (stdout)
nc DEBUG: SSH: channel_rcv_data: Channel windows are now (local win=1228936 remote win=1252342)
nc DEBUG: SSH: ssh_packet_need_rekey: rekey: [data_rekey_needed=0, out_blocks=3599, in_blocks=7060]
nc DEBUG: SSH: ssh_packet_need_rekey: rekey: [data_rekey_needed=0, out_blocks=3599, in_blocks=7060]
nc DEBUG: SSH: ssh_channel_read_timeout: Read (2) buffered : 185 bytes. Window: 1228936
nc DEBUG: SSH: ssh_channel_read_timeout: Read (1) buffered : 183 bytes. Window: 1228936
nc DEBUG: SSH: ssh_channel_read_timeout: Read (1) buffered : 182 bytes. Window: 1228936
nc DEBUG: SSH: ssh_channel_read_timeout: Read (1) buffered : 181 bytes. Window: 1228936
nc DEBUG: SSH: ssh_channel_read_timeout: Read (1) buffered : 180 bytes. Window: 1228936
nc DEBUG: SSH: ssh_channel_read_timeout: Read (179) buffered : 179 bytes. Window: 1228936
nc DEBUG: SSH: ssh_channel_read_timeout: Read (2) buffered : 0 bytes. Window: 1228936
nc DEBUG: SSH: ssh_packet_socket_callback: packet: read type 94 [len=24,padding=10,comp=13,payload=13]
nc DEBUG: SSH: ssh_packet_process: Dispatching handler for packet type 94
nc DEBUG: SSH: channel_rcv_data: Channel receiving 4 bytes data in 0 (local win=1228936 remote win=1252342)
nc DEBUG: SSH: channel_default_bufferize: placing 4 bytes into channel buffer (stdout)
nc DEBUG: SSH: channel_rcv_data: Channel windows are now (local win=1228932 remote win=1252342)
nc DEBUG: SSH: ssh_packet_need_rekey: rekey: [data_rekey_needed=0, out_blocks=3599, in_blocks=7061]
nc DEBUG: SSH: ssh_channel_read_timeout: Read (1) buffered : 2 bytes. Window: 1228932
nc DEBUG: SSH: ssh_channel_read_timeout: Read (1) buffered : 1 bytes. Window: 1228932
nc DEBUG: Received message:
<rpc-reply xmlns="urn:ietf:params:xml:ns:netconf:base:1.0" message-id="94"><next-update-at xmlns="urn:o-ran:supervision:1.0">2026-04-14T02:23:52+00:00</next-update-at></rpc-reply>

DATA
<next-update-at xmlns="urn:o-ran:supervision:1.0">2026-04-14T11:23:52+09:00</next-update-at>

nc DEBUG: Received message:
<notification xmlns="urn:ietf:params:xml:ns:netconf:notification:1.0"><eventTime>2026-04-14T02:23:52Z</eventTime><supervision-notification xmlns="urn:o-ran:supervision:1.0"/></notification>

notification (2026-04-14T02:23:52Z)
<supervision-notification xmlns="urn:o-ran:supervision:1.0"/>

Client SENT :  user-rpc --content /mplane_automation/conformance_test/watchdog.xml
nc DEBUG: Sending message:

#286


nc DEBUG: SSH: ssh_packet_need_rekey: rekey: [data_rekey_needed=0, out_blocks=3600, in_blocks=7088]
nc DEBUG: SSH: ssh_socket_unbuffered_write: Enabling POLLOUT for socket
nc DEBUG: SSH: packet_send2: packet: wrote [type=94, len=24, padding_size=8, comp=15, payload=15]
nc DEBUG: SSH: channel_write_common: ssh_channel_write wrote 6 bytes
nc DEBUG: Sending message:
<rpc xmlns="urn:ietf:params:xml:ns:netconf:base:1.0" message-id="95"><supervision-watchdog-reset xmlns="urn:o-ran:supervision:1.0"><supervision-notification-interval>10</supervision-notification-interval><guard-timer-overhead>10</guard-timer-overhead></supervision-watchdog-reset></rpc>

nc DEBUG: SSH: ssh_packet_need_rekey: rekey: [data_rekey_needed=0, out_blocks=3636, in_blocks=7123]
nc DEBUG: SSH: packet_send2: packet: wrote [type=94, len=304, padding_size=8, comp=295, payload=295]
nc DEBUG: SSH: channel_write_common: ssh_channel_write wrote 286 bytes
nc DEBUG: SSH: ssh_socket_unbuffered_write: Enabling POLLOUT for socket
nc DEBUG: Sending message:

##


nc DEBUG: SSH: ssh_packet_need_rekey: rekey: [data_rekey_needed=0, out_blocks=3637, in_blocks=7088]
nc DEBUG: SSH: packet_send2: packet: wrote [type=94, len=24, padding_size=10, comp=13, payload=13]
nc DEBUG: SSH: channel_write_common: ssh_channel_write wrote 4 bytes
nc DEBUG: SSH: ssh_socket_unbuffered_write: Enabling POLLOUT for socket
nc DEBUG: SSH: ssh_packet_socket_callback: packet: read type 94 [len=24,padding=8,comp=15,payload=15]
nc DEBUG: SSH: ssh_packet_process: Dispatching handler for packet type 94
nc DEBUG: SSH: channel_rcv_data: Channel receiving 6 bytes data in 0 (local win=1228733 remote win=1252046)
nc DEBUG: SSH: channel_default_bufferize: placing 6 bytes into channel buffer (stdout)
nc DEBUG: SSH: channel_rcv_data: Channel windows are now (local win=1228727 remote win=1252046)
nc DEBUG: SSH: ssh_packet_socket_callback: Processing 220 bytes left in socket buffer
nc DEBUG: SSH: ssh_packet_socket_callback: packet: read type 94 [len=200,padding=11,comp=188,payload=188]
nc DEBUG: SSH: ssh_packet_process: Dispatching handler for packet type 94
nc DEBUG: SSH: channel_rcv_data: Channel receiving 179 bytes data in 0 (local win=1228727 remote win=1252046)
nc DEBUG: SSH: channel_default_bufferize: placing 179 bytes into channel buffer (stdout)
nc DEBUG: SSH: channel_rcv_data: Channel windows are now (local win=1228548 remote win=1252046)
nc DEBUG: SSH: ssh_packet_need_rekey: rekey: [data_rekey_needed=0, out_blocks=3637, in_blocks=7111]
nc DEBUG: SSH: ssh_packet_need_rekey: rekey: [data_rekey_needed=0, out_blocks=3637, in_blocks=7111]
nc DEBUG: SSH: ssh_channel_read_timeout: Read (2) buffered : 185 bytes. Window: 1228548
nc DEBUG: SSH: ssh_channel_read_timeout: Read (1) buffered : 183 bytes. Window: 1228548
nc DEBUG: SSH: ssh_channel_read_timeout: Read (1) buffered : 182 bytes. Window: 1228548
nc DEBUG: SSH: ssh_channel_read_timeout: Read (1) buffered : 181 bytes. Window: 1228548
nc DEBUG: SSH: ssh_channel_read_timeout: Read (1) buffered : 180 bytes. Window: 1228548
nc DEBUG: SSH: ssh_channel_read_timeout: Read (179) buffered : 179 bytes. Window: 1228548
nc DEBUG: SSH: ssh_channel_read_timeout: Read (2) buffered : 0 bytes. Window: 1228548
nc DEBUG: SSH: ssh_packet_socket_callback: packet: read type 94 [len=24,padding=10,comp=13,payload=13]
nc DEBUG: SSH: ssh_packet_process: Dispatching handler for packet type 94
nc DEBUG: SSH: channel_rcv_data: Channel receiving 4 bytes data in 0 (local win=1228548 remote win=1252046)
nc DEBUG: SSH: channel_default_bufferize: placing 4 bytes into channel buffer (stdout)
nc DEBUG: SSH: channel_rcv_data: Channel windows are now (local win=1228544 remote win=1252046)
nc DEBUG: SSH: ssh_packet_need_rekey: rekey: [data_rekey_needed=0, out_blocks=3637, in_blocks=7112]
nc DEBUG: SSH: ssh_channel_read_timeout: Read (1) buffered : 2 bytes. Window: 1228544
nc DEBUG: SSH: ssh_channel_read_timeout: Read (1) buffered : 1 bytes. Window: 1228544
nc DEBUG: Received message:
<rpc-reply xmlns="urn:ietf:params:xml:ns:netconf:base:1.0" message-id="95"><next-update-at xmlns="urn:o-ran:supervision:1.0">2026-04-14T02:24:02+00:00</next-update-at></rpc-reply>

DATA
<next-update-at xmlns="urn:o-ran:supervision:1.0">2026-04-14T11:24:02+09:00</next-update-at>

nc DEBUG: Received message:
<notification xmlns="urn:ietf:params:xml:ns:netconf:notification:1.0"><eventTime>2026-04-14T02:24:02Z</eventTime><supervision-notification xmlns="urn:o-ran:supervision:1.0"/></notification>

notification (2026-04-14T02:24:02Z)
<supervision-notification xmlns="urn:o-ran:supervision:1.0"/>

Client SENT :  user-rpc --content /mplane_automation/conformance_test/watchdog.xml
nc DEBUG: Sending message:

#286


nc DEBUG: SSH: ssh_packet_need_rekey: rekey: [data_rekey_needed=0, out_blocks=3638, in_blocks=7139]
nc DEBUG: SSH: ssh_socket_unbuffered_write: Enabling POLLOUT for socket
nc DEBUG: SSH: packet_send2: packet: wrote [type=94, len=24, padding_size=8, comp=15, payload=15]
nc DEBUG: SSH: channel_write_common: ssh_channel_write wrote 6 bytes
nc DEBUG: Sending message:
<rpc xmlns="urn:ietf:params:xml:ns:netconf:base:1.0" message-id="96"><supervision-watchdog-reset xmlns="urn:o-ran:supervision:1.0"><supervision-notification-interval>10</supervision-notification-interval><guard-timer-overhead>10</guard-timer-overhead></supervision-watchdog-reset></rpc>

nc DEBUG: SSH: ssh_packet_need_rekey: rekey: [data_rekey_needed=0, out_blocks=3674, in_blocks=7174]
nc DEBUG: SSH: packet_send2: packet: wrote [type=94, len=304, padding_size=8, comp=295, payload=295]
nc DEBUG: SSH: channel_write_common: ssh_channel_write wrote 286 bytes
nc DEBUG: SSH: ssh_socket_unbuffered_write: Enabling POLLOUT for socket
nc DEBUG: Sending message:

##


nc DEBUG: SSH: ssh_packet_need_rekey: rekey: [data_rekey_needed=0, out_blocks=3675, in_blocks=7139]
nc DEBUG: SSH: packet_send2: packet: wrote [type=94, len=24, padding_size=10, comp=13, payload=13]
nc DEBUG: SSH: channel_write_common: ssh_channel_write wrote 4 bytes
nc DEBUG: SSH: ssh_socket_unbuffered_write: Enabling POLLOUT for socket
nc DEBUG: SSH: ssh_packet_socket_callback: packet: read type 94 [len=24,padding=8,comp=15,payload=15]
nc DEBUG: SSH: ssh_packet_process: Dispatching handler for packet type 94
nc DEBUG: SSH: channel_rcv_data: Channel receiving 6 bytes data in 0 (local win=1228345 remote win=1251750)
nc DEBUG: SSH: channel_default_bufferize: placing 6 bytes into channel buffer (stdout)
nc DEBUG: SSH: channel_rcv_data: Channel windows are now (local win=1228339 remote win=1251750)
nc DEBUG: SSH: ssh_packet_socket_callback: Processing 220 bytes left in socket buffer
nc DEBUG: SSH: ssh_packet_socket_callback: packet: read type 94 [len=200,padding=11,comp=188,payload=188]
nc DEBUG: SSH: ssh_packet_process: Dispatching handler for packet type 94
nc DEBUG: SSH: channel_rcv_data: Channel receiving 179 bytes data in 0 (local win=1228339 remote win=1251750)
nc DEBUG: SSH: channel_default_bufferize: placing 179 bytes into channel buffer (stdout)
nc DEBUG: SSH: channel_rcv_data: Channel windows are now (local win=1228160 remote win=1251750)
nc DEBUG: SSH: ssh_packet_need_rekey: rekey: [data_rekey_needed=0, out_blocks=3675, in_blocks=7162]
nc DEBUG: SSH: ssh_packet_need_rekey: rekey: [data_rekey_needed=0, out_blocks=3675, in_blocks=7162]
nc DEBUG: SSH: ssh_channel_read_timeout: Read (2) buffered : 185 bytes. Window: 1228160
nc DEBUG: SSH: ssh_channel_read_timeout: Read (1) buffered : 183 bytes. Window: 1228160
nc DEBUG: SSH: ssh_channel_read_timeout: Read (1) buffered : 182 bytes. Window: 1228160
nc DEBUG: SSH: ssh_channel_read_timeout: Read (1) buffered : 181 bytes. Window: 1228160
nc DEBUG: SSH: ssh_channel_read_timeout: Read (1) buffered : 180 bytes. Window: 1228160
nc DEBUG: SSH: ssh_channel_read_timeout: Read (179) buffered : 179 bytes. Window: 1228160
nc DEBUG: SSH: ssh_channel_read_timeout: Read (2) buffered : 0 bytes. Window: 1228160
nc DEBUG: SSH: ssh_packet_socket_callback: packet: read type 94 [len=24,padding=10,comp=13,payload=13]
nc DEBUG: SSH: ssh_packet_process: Dispatching handler for packet type 94
nc DEBUG: SSH: channel_rcv_data: Channel receiving 4 bytes data in 0 (local win=1228160 remote win=1251750)
nc DEBUG: SSH: channel_default_bufferize: placing 4 bytes into channel buffer (stdout)
nc DEBUG: SSH: channel_rcv_data: Channel windows are now (local win=1228156 remote win=1251750)
nc DEBUG: SSH: ssh_packet_need_rekey: rekey: [data_rekey_needed=0, out_blocks=3675, in_blocks=7163]
nc DEBUG: SSH: ssh_channel_read_timeout: Read (1) buffered : 2 bytes. Window: 1228156
nc DEBUG: SSH: ssh_channel_read_timeout: Read (1) buffered : 1 bytes. Window: 1228156
nc DEBUG: Received message:
<rpc-reply xmlns="urn:ietf:params:xml:ns:netconf:base:1.0" message-id="96"><next-update-at xmlns="urn:o-ran:supervision:1.0">2026-04-14T02:24:12+00:00</next-update-at></rpc-reply>

DATA
<next-update-at xmlns="urn:o-ran:supervision:1.0">2026-04-14T11:24:12+09:00</next-update-at>

nc DEBUG: Received message:
<notification xmlns="urn:ietf:params:xml:ns:netconf:notification:1.0"><eventTime>2026-04-14T02:24:12Z</eventTime><supervision-notification xmlns="urn:o-ran:supervision:1.0"/></notification>

notification (2026-04-14T02:24:12Z)
<supervision-notification xmlns="urn:o-ran:supervision:1.0"/>

Client SENT :  user-rpc --content /mplane_automation/conformance_test/watchdog.xml
nc DEBUG: Sending message:

#286


nc DEBUG: SSH: ssh_packet_need_rekey: rekey: [data_rekey_needed=0, out_blocks=3676, in_blocks=7190]
nc DEBUG: SSH: ssh_socket_unbuffered_write: Enabling POLLOUT for socket
nc DEBUG: SSH: packet_send2: packet: wrote [type=94, len=24, padding_size=8, comp=15, payload=15]
nc DEBUG: SSH: channel_write_common: ssh_channel_write wrote 6 bytes
nc DEBUG: Sending message:
<rpc xmlns="urn:ietf:params:xml:ns:netconf:base:1.0" message-id="97"><supervision-watchdog-reset xmlns="urn:o-ran:supervision:1.0"><supervision-notification-interval>10</supervision-notification-interval><guard-timer-overhead>10</guard-timer-overhead></supervision-watchdog-reset></rpc>

nc DEBUG: SSH: ssh_packet_need_rekey: rekey: [data_rekey_needed=0, out_blocks=3712, in_blocks=7225]
nc DEBUG: SSH: packet_send2: packet: wrote [type=94, len=304, padding_size=8, comp=295, payload=295]
nc DEBUG: SSH: channel_write_common: ssh_channel_write wrote 286 bytes
nc DEBUG: SSH: ssh_socket_unbuffered_write: Enabling POLLOUT for socket
nc DEBUG: Sending message:

##


nc DEBUG: SSH: ssh_packet_need_rekey: rekey: [data_rekey_needed=0, out_blocks=3713, in_blocks=7190]
nc DEBUG: SSH: packet_send2: packet: wrote [type=94, len=24, padding_size=10, comp=13, payload=13]
nc DEBUG: SSH: channel_write_common: ssh_channel_write wrote 4 bytes
nc DEBUG: SSH: ssh_socket_unbuffered_write: Enabling POLLOUT for socket
nc DEBUG: SSH: ssh_packet_socket_callback: packet: read type 94 [len=24,padding=8,comp=15,payload=15]
nc DEBUG: SSH: ssh_packet_process: Dispatching handler for packet type 94
nc DEBUG: SSH: channel_rcv_data: Channel receiving 6 bytes data in 0 (local win=1227957 remote win=1251454)
nc DEBUG: SSH: channel_default_bufferize: placing 6 bytes into channel buffer (stdout)
nc DEBUG: SSH: channel_rcv_data: Channel windows are now (local win=1227951 remote win=1251454)
nc DEBUG: SSH: ssh_packet_need_rekey: rekey: [data_rekey_needed=0, out_blocks=3713, in_blocks=7190]
nc DEBUG: SSH: ssh_channel_read_timeout: Read (2) buffered : 6 bytes. Window: 1227951
nc DEBUG: SSH: ssh_channel_read_timeout: Read (1) buffered : 4 bytes. Window: 1227951
nc DEBUG: SSH: ssh_channel_read_timeout: Read (1) buffered : 3 bytes. Window: 1227951
nc DEBUG: SSH: ssh_channel_read_timeout: Read (1) buffered : 2 bytes. Window: 1227951
nc DEBUG: SSH: ssh_channel_read_timeout: Read (1) buffered : 1 bytes. Window: 1227951
nc DEBUG: SSH: ssh_channel_read_timeout: Read (179) buffered : 0 bytes. Window: 1227951
nc DEBUG: SSH: ssh_packet_socket_callback: packet: read type 94 [len=200,padding=11,comp=188,payload=188]
nc DEBUG: SSH: ssh_packet_process: Dispatching handler for packet type 94
nc DEBUG: SSH: channel_rcv_data: Channel receiving 179 bytes data in 0 (local win=1227951 remote win=1251454)
nc DEBUG: SSH: channel_default_bufferize: placing 179 bytes into channel buffer (stdout)
nc DEBUG: SSH: channel_rcv_data: Channel windows are now (local win=1227772 remote win=1251454)
nc DEBUG: SSH: ssh_packet_socket_callback: Processing 44 bytes left in socket buffer
nc DEBUG: SSH: ssh_packet_socket_callback: packet: read type 94 [len=24,padding=10,comp=13,payload=13]
nc DEBUG: SSH: ssh_packet_process: Dispatching handler for packet type 94
nc DEBUG: SSH: channel_rcv_data: Channel receiving 4 bytes data in 0 (local win=1227772 remote win=1251454)
nc DEBUG: SSH: channel_default_bufferize: placing 4 bytes into channel buffer (stdout)
nc DEBUG: SSH: channel_rcv_data: Channel windows are now (local win=1227768 remote win=1251454)
nc DEBUG: SSH: ssh_packet_need_rekey: rekey: [data_rekey_needed=0, out_blocks=3713, in_blocks=7214]
nc DEBUG: SSH: ssh_packet_need_rekey: rekey: [data_rekey_needed=0, out_blocks=3713, in_blocks=7214]
nc DEBUG: SSH: ssh_channel_read_timeout: Read (2) buffered : 4 bytes. Window: 1227768
nc DEBUG: SSH: ssh_channel_read_timeout: Read (1) buffered : 2 bytes. Window: 1227768
nc DEBUG: SSH: ssh_channel_read_timeout: Read (1) buffered : 1 bytes. Window: 1227768
nc DEBUG: Received message:
<rpc-reply xmlns="urn:ietf:params:xml:ns:netconf:base:1.0" message-id="97"><next-update-at xmlns="urn:o-ran:supervision:1.0">2026-04-14T02:24:22+00:00</next-update-at></rpc-reply>

DATA
<next-update-at xmlns="urn:o-ran:supervision:1.0">2026-04-14T11:24:22+09:00</next-update-at>

nc DEBUG: Received message:
<notification xmlns="urn:ietf:params:xml:ns:netconf:notification:1.0"><eventTime>2026-04-14T02:24:22Z</eventTime><supervision-notification xmlns="urn:o-ran:supervision:1.0"/></notification>

notification (2026-04-14T02:24:22Z)
<supervision-notification xmlns="urn:o-ran:supervision:1.0"/>

Client SENT :  user-rpc --content /mplane_automation/conformance_test/watchdog.xml
nc DEBUG: Sending message:

#286


nc DEBUG: SSH: ssh_packet_need_rekey: rekey: [data_rekey_needed=0, out_blocks=3714, in_blocks=7241]
nc DEBUG: SSH: ssh_socket_unbuffered_write: Enabling POLLOUT for socket
nc DEBUG: SSH: packet_send2: packet: wrote [type=94, len=24, padding_size=8, comp=15, payload=15]
nc DEBUG: SSH: channel_write_common: ssh_channel_write wrote 6 bytes
nc DEBUG: Sending message:
<rpc xmlns="urn:ietf:params:xml:ns:netconf:base:1.0" message-id="98"><supervision-watchdog-reset xmlns="urn:o-ran:supervision:1.0"><supervision-notification-interval>10</supervision-notification-interval><guard-timer-overhead>10</guard-timer-overhead></supervision-watchdog-reset></rpc>

nc DEBUG: SSH: ssh_packet_need_rekey: rekey: [data_rekey_needed=0, out_blocks=3750, in_blocks=7276]
nc DEBUG: SSH: packet_send2: packet: wrote [type=94, len=304, padding_size=8, comp=295, payload=295]
nc DEBUG: SSH: channel_write_common: ssh_channel_write wrote 286 bytes
nc DEBUG: SSH: ssh_socket_unbuffered_write: Enabling POLLOUT for socket
nc DEBUG: Sending message:

##


nc DEBUG: SSH: ssh_packet_need_rekey: rekey: [data_rekey_needed=0, out_blocks=3751, in_blocks=7241]
nc DEBUG: SSH: packet_send2: packet: wrote [type=94, len=24, padding_size=10, comp=13, payload=13]
nc DEBUG: SSH: channel_write_common: ssh_channel_write wrote 4 bytes
nc DEBUG: SSH: ssh_socket_unbuffered_write: Enabling POLLOUT for socket
nc DEBUG: SSH: ssh_packet_socket_callback: packet: read type 94 [len=24,padding=8,comp=15,payload=15]
nc DEBUG: SSH: ssh_packet_process: Dispatching handler for packet type 94
nc DEBUG: SSH: channel_rcv_data: Channel receiving 6 bytes data in 0 (local win=1227569 remote win=1251158)
nc DEBUG: SSH: channel_default_bufferize: placing 6 bytes into channel buffer (stdout)
nc DEBUG: SSH: channel_rcv_data: Channel windows are now (local win=1227563 remote win=1251158)
nc DEBUG: SSH: ssh_packet_socket_callback: Processing 220 bytes left in socket buffer
nc DEBUG: SSH: ssh_packet_socket_callback: packet: read type 94 [len=200,padding=11,comp=188,payload=188]
nc DEBUG: SSH: ssh_packet_process: Dispatching handler for packet type 94
nc DEBUG: SSH: channel_rcv_data: Channel receiving 179 bytes data in 0 (local win=1227563 remote win=1251158)
nc DEBUG: SSH: channel_default_bufferize: placing 179 bytes into channel buffer (stdout)
nc DEBUG: SSH: channel_rcv_data: Channel windows are now (local win=1227384 remote win=1251158)
nc DEBUG: SSH: ssh_packet_need_rekey: rekey: [data_rekey_needed=0, out_blocks=3751, in_blocks=7264]
nc DEBUG: SSH: ssh_packet_need_rekey: rekey: [data_rekey_needed=0, out_blocks=3751, in_blocks=7264]
nc DEBUG: SSH: ssh_channel_read_timeout: Read (2) buffered : 185 bytes. Window: 1227384
nc DEBUG: SSH: ssh_channel_read_timeout: Read (1) buffered : 183 bytes. Window: 1227384
nc DEBUG: SSH: ssh_channel_read_timeout: Read (1) buffered : 182 bytes. Window: 1227384
nc DEBUG: SSH: ssh_channel_read_timeout: Read (1) buffered : 181 bytes. Window: 1227384
nc DEBUG: SSH: ssh_channel_read_timeout: Read (1) buffered : 180 bytes. Window: 1227384
nc DEBUG: SSH: ssh_channel_read_timeout: Read (179) buffered : 179 bytes. Window: 1227384
nc DEBUG: SSH: ssh_channel_read_timeout: Read (2) buffered : 0 bytes. Window: 1227384
nc DEBUG: SSH: ssh_packet_socket_callback: packet: read type 94 [len=24,padding=10,comp=13,payload=13]
nc DEBUG: SSH: ssh_packet_process: Dispatching handler for packet type 94
nc DEBUG: SSH: channel_rcv_data: Channel receiving 4 bytes data in 0 (local win=1227384 remote win=1251158)
nc DEBUG: SSH: channel_default_bufferize: placing 4 bytes into channel buffer (stdout)
nc DEBUG: SSH: channel_rcv_data: Channel windows are now (local win=1227380 remote win=1251158)
nc DEBUG: SSH: ssh_packet_need_rekey: rekey: [data_rekey_needed=0, out_blocks=3751, in_blocks=7265]
nc DEBUG: SSH: ssh_channel_read_timeout: Read (1) buffered : 2 bytes. Window: 1227380
nc DEBUG: SSH: ssh_channel_read_timeout: Read (1) buffered : 1 bytes. Window: 1227380
nc DEBUG: Received message:
<rpc-reply xmlns="urn:ietf:params:xml:ns:netconf:base:1.0" message-id="98"><next-update-at xmlns="urn:o-ran:supervision:1.0">2026-04-14T02:24:32+00:00</next-update-at></rpc-reply>

DATA
<next-update-at xmlns="urn:o-ran:supervision:1.0">2026-04-14T11:24:32+09:00</next-update-at>

nc DEBUG: Received message:
<notification xmlns="urn:ietf:params:xml:ns:netconf:notification:1.0"><eventTime>2026-04-14T02:24:32Z</eventTime><supervision-notification xmlns="urn:o-ran:supervision:1.0"/></notification>

notification (2026-04-14T02:24:32Z)
<supervision-notification xmlns="urn:o-ran:supervision:1.0"/>

Client SENT :  user-rpc --content /mplane_automation/conformance_test/watchdog.xml
nc DEBUG: Sending message:

#286


nc DEBUG: SSH: ssh_packet_need_rekey: rekey: [data_rekey_needed=0, out_blocks=3752, in_blocks=7292]
nc DEBUG: SSH: ssh_socket_unbuffered_write: Enabling POLLOUT for socket
nc DEBUG: SSH: packet_send2: packet: wrote [type=94, len=24, padding_size=8, comp=15, payload=15]
nc DEBUG: SSH: channel_write_common: ssh_channel_write wrote 6 bytes
nc DEBUG: Sending message:
<rpc xmlns="urn:ietf:params:xml:ns:netconf:base:1.0" message-id="99"><supervision-watchdog-reset xmlns="urn:o-ran:supervision:1.0"><supervision-notification-interval>10</supervision-notification-interval><guard-timer-overhead>10</guard-timer-overhead></supervision-watchdog-reset></rpc>

nc DEBUG: SSH: ssh_packet_need_rekey: rekey: [data_rekey_needed=0, out_blocks=3788, in_blocks=7327]
nc DEBUG: SSH: packet_send2: packet: wrote [type=94, len=304, padding_size=8, comp=295, payload=295]
nc DEBUG: SSH: channel_write_common: ssh_channel_write wrote 286 bytes
nc DEBUG: SSH: ssh_socket_unbuffered_write: Enabling POLLOUT for socket
nc DEBUG: Sending message:

##


nc DEBUG: SSH: ssh_packet_need_rekey: rekey: [data_rekey_needed=0, out_blocks=3789, in_blocks=7292]
nc DEBUG: SSH: packet_send2: packet: wrote [type=94, len=24, padding_size=10, comp=13, payload=13]
nc DEBUG: SSH: channel_write_common: ssh_channel_write wrote 4 bytes
nc DEBUG: SSH: ssh_socket_unbuffered_write: Enabling POLLOUT for socket
nc DEBUG: SSH: ssh_packet_socket_callback: packet: read type 94 [len=24,padding=8,comp=15,payload=15]
nc DEBUG: SSH: ssh_packet_process: Dispatching handler for packet type 94
nc DEBUG: SSH: channel_rcv_data: Channel receiving 6 bytes data in 0 (local win=1227181 remote win=1250862)
nc DEBUG: SSH: channel_default_bufferize: placing 6 bytes into channel buffer (stdout)
nc DEBUG: SSH: channel_rcv_data: Channel windows are now (local win=1227175 remote win=1250862)
nc DEBUG: SSH: ssh_packet_socket_callback: Processing 220 bytes left in socket buffer
nc DEBUG: SSH: ssh_packet_socket_callback: packet: read type 94 [len=200,padding=11,comp=188,payload=188]
nc DEBUG: SSH: ssh_packet_process: Dispatching handler for packet type 94
nc DEBUG: SSH: channel_rcv_data: Channel receiving 179 bytes data in 0 (local win=1227175 remote win=1250862)
nc DEBUG: SSH: channel_default_bufferize: placing 179 bytes into channel buffer (stdout)
nc DEBUG: SSH: channel_rcv_data: Channel windows are now (local win=1226996 remote win=1250862)
nc DEBUG: SSH: ssh_packet_need_rekey: rekey: [data_rekey_needed=0, out_blocks=3789, in_blocks=7315]
nc DEBUG: SSH: ssh_packet_need_rekey: rekey: [data_rekey_needed=0, out_blocks=3789, in_blocks=7315]
nc DEBUG: SSH: ssh_channel_read_timeout: Read (2) buffered : 185 bytes. Window: 1226996
nc DEBUG: SSH: ssh_channel_read_timeout: Read (1) buffered : 183 bytes. Window: 1226996
nc DEBUG: SSH: ssh_channel_read_timeout: Read (1) buffered : 182 bytes. Window: 1226996
nc DEBUG: SSH: ssh_channel_read_timeout: Read (1) buffered : 181 bytes. Window: 1226996
nc DEBUG: SSH: ssh_channel_read_timeout: Read (1) buffered : 180 bytes. Window: 1226996
nc DEBUG: SSH: ssh_channel_read_timeout: Read (179) buffered : 179 bytes. Window: 1226996
nc DEBUG: SSH: ssh_channel_read_timeout: Read (2) buffered : 0 bytes. Window: 1226996
nc DEBUG: SSH: ssh_packet_socket_callback: packet: read type 94 [len=24,padding=10,comp=13,payload=13]
nc DEBUG: SSH: ssh_packet_process: Dispatching handler for packet type 94
nc DEBUG: SSH: channel_rcv_data: Channel receiving 4 bytes data in 0 (local win=1226996 remote win=1250862)
nc DEBUG: SSH: channel_default_bufferize: placing 4 bytes into channel buffer (stdout)
nc DEBUG: SSH: channel_rcv_data: Channel windows are now (local win=1226992 remote win=1250862)
nc DEBUG: SSH: ssh_packet_need_rekey: rekey: [data_rekey_needed=0, out_blocks=3789, in_blocks=7316]
nc DEBUG: SSH: ssh_channel_read_timeout: Read (1) buffered : 2 bytes. Window: 1226992
nc DEBUG: SSH: ssh_channel_read_timeout: Read (1) buffered : 1 bytes. Window: 1226992
nc DEBUG: Received message:
<rpc-reply xmlns="urn:ietf:params:xml:ns:netconf:base:1.0" message-id="99"><next-update-at xmlns="urn:o-ran:supervision:1.0">2026-04-14T02:24:42+00:00</next-update-at></rpc-reply>

DATA
<next-update-at xmlns="urn:o-ran:supervision:1.0">2026-04-14T11:24:42+09:00</next-update-at>

nc DEBUG: Received message:
<notification xmlns="urn:ietf:params:xml:ns:netconf:notification:1.0"><eventTime>2026-04-14T02:24:42Z</eventTime><supervision-notification xmlns="urn:o-ran:supervision:1.0"/></notification>

notification (2026-04-14T02:24:42Z)
<supervision-notification xmlns="urn:o-ran:supervision:1.0"/>

Client SENT :  user-rpc --content /mplane_automation/conformance_test/watchdog.xml
nc DEBUG: Sending message:

#287


nc DEBUG: SSH: ssh_packet_need_rekey: rekey: [data_rekey_needed=0, out_blocks=3790, in_blocks=7343]
nc DEBUG: SSH: ssh_socket_unbuffered_write: Enabling POLLOUT for socket
nc DEBUG: SSH: packet_send2: packet: wrote [type=94, len=24, padding_size=8, comp=15, payload=15]
nc DEBUG: SSH: channel_write_common: ssh_channel_write wrote 6 bytes
nc DEBUG: Sending message:
<rpc xmlns="urn:ietf:params:xml:ns:netconf:base:1.0" message-id="100"><supervision-watchdog-reset xmlns="urn:o-ran:supervision:1.0"><supervision-notification-interval>10</supervision-notification-interval><guard-timer-overhead>10</guard-timer-overhead></supervision-watchdog-reset></rpc>

nc DEBUG: SSH: ssh_packet_need_rekey: rekey: [data_rekey_needed=0, out_blocks=3827, in_blocks=7379]
nc DEBUG: SSH: packet_send2: packet: wrote [type=94, len=304, padding_size=7, comp=296, payload=296]
nc DEBUG: SSH: channel_write_common: ssh_channel_write wrote 287 bytes
nc DEBUG: SSH: ssh_socket_unbuffered_write: Enabling POLLOUT for socket
nc DEBUG: Sending message:

##


nc DEBUG: SSH: ssh_packet_need_rekey: rekey: [data_rekey_needed=0, out_blocks=3828, in_blocks=7343]
nc DEBUG: SSH: packet_send2: packet: wrote [type=94, len=24, padding_size=10, comp=13, payload=13]
nc DEBUG: SSH: channel_write_common: ssh_channel_write wrote 4 bytes
nc DEBUG: SSH: ssh_socket_unbuffered_write: Enabling POLLOUT for socket
nc DEBUG: SSH: ssh_packet_socket_callback: packet: read type 94 [len=24,padding=8,comp=15,payload=15]
nc DEBUG: SSH: ssh_packet_process: Dispatching handler for packet type 94
nc DEBUG: SSH: channel_rcv_data: Channel receiving 6 bytes data in 0 (local win=1226793 remote win=1250565)
nc DEBUG: SSH: channel_default_bufferize: placing 6 bytes into channel buffer (stdout)
nc DEBUG: SSH: channel_rcv_data: Channel windows are now (local win=1226787 remote win=1250565)
nc DEBUG: SSH: ssh_packet_socket_callback: Processing 220 bytes left in socket buffer
nc DEBUG: SSH: ssh_packet_socket_callback: packet: read type 94 [len=200,padding=10,comp=189,payload=189]
nc DEBUG: SSH: ssh_packet_process: Dispatching handler for packet type 94
nc DEBUG: SSH: channel_rcv_data: Channel receiving 180 bytes data in 0 (local win=1226787 remote win=1250565)
nc DEBUG: SSH: channel_default_bufferize: placing 180 bytes into channel buffer (stdout)
nc DEBUG: SSH: channel_rcv_data: Channel windows are now (local win=1226607 remote win=1250565)
nc DEBUG: SSH: ssh_packet_need_rekey: rekey: [data_rekey_needed=0, out_blocks=3828, in_blocks=7366]
nc DEBUG: SSH: ssh_packet_need_rekey: rekey: [data_rekey_needed=0, out_blocks=3828, in_blocks=7366]
nc DEBUG: SSH: ssh_channel_read_timeout: Read (2) buffered : 186 bytes. Window: 1226607
nc DEBUG: SSH: ssh_channel_read_timeout: Read (1) buffered : 184 bytes. Window: 1226607
nc DEBUG: SSH: ssh_channel_read_timeout: Read (1) buffered : 183 bytes. Window: 1226607
nc DEBUG: SSH: ssh_channel_read_timeout: Read (1) buffered : 182 bytes. Window: 1226607
nc DEBUG: SSH: ssh_channel_read_timeout: Read (1) buffered : 181 bytes. Window: 1226607
nc DEBUG: SSH: ssh_channel_read_timeout: Read (180) buffered : 180 bytes. Window: 1226607
nc DEBUG: SSH: ssh_channel_read_timeout: Read (2) buffered : 0 bytes. Window: 1226607
nc DEBUG: SSH: ssh_packet_socket_callback: packet: read type 94 [len=24,padding=10,comp=13,payload=13]
nc DEBUG: SSH: ssh_packet_process: Dispatching handler for packet type 94
nc DEBUG: SSH: channel_rcv_data: Channel receiving 4 bytes data in 0 (local win=1226607 remote win=1250565)
nc DEBUG: SSH: channel_default_bufferize: placing 4 bytes into channel buffer (stdout)
nc DEBUG: SSH: channel_rcv_data: Channel windows are now (local win=1226603 remote win=1250565)
nc DEBUG: SSH: ssh_packet_need_rekey: rekey: [data_rekey_needed=0, out_blocks=3828, in_blocks=7367]
nc DEBUG: SSH: ssh_channel_read_timeout: Read (1) buffered : 2 bytes. Window: 1226603
nc DEBUG: SSH: ssh_channel_read_timeout: Read (1) buffered : 1 bytes. Window: 1226603
nc DEBUG: Received message:
<rpc-reply xmlns="urn:ietf:params:xml:ns:netconf:base:1.0" message-id="100"><next-update-at xmlns="urn:o-ran:supervision:1.0">2026-04-14T02:24:52+00:00</next-update-at></rpc-reply>

DATA
<next-update-at xmlns="urn:o-ran:supervision:1.0">2026-04-14T11:24:52+09:00</next-update-at>

nc DEBUG: Received message:
<notification xmlns="urn:ietf:params:xml:ns:netconf:notification:1.0"><eventTime>2026-04-14T02:24:52Z</eventTime><supervision-notification xmlns="urn:o-ran:supervision:1.0"/></notification>

notification (2026-04-14T02:24:52Z)
<supervision-notification xmlns="urn:o-ran:supervision:1.0"/>

Client SENT :  user-rpc --content /mplane_automation/conformance_test/watchdog.xml
nc DEBUG: Sending message:

#287


nc DEBUG: SSH: ssh_packet_need_rekey: rekey: [data_rekey_needed=0, out_blocks=3829, in_blocks=7394]
nc DEBUG: SSH: ssh_socket_unbuffered_write: Enabling POLLOUT for socket
nc DEBUG: SSH: packet_send2: packet: wrote [type=94, len=24, padding_size=8, comp=15, payload=15]
nc DEBUG: SSH: channel_write_common: ssh_channel_write wrote 6 bytes
nc DEBUG: Sending message:
<rpc xmlns="urn:ietf:params:xml:ns:netconf:base:1.0" message-id="101"><supervision-watchdog-reset xmlns="urn:o-ran:supervision:1.0"><supervision-notification-interval>10</supervision-notification-interval><guard-timer-overhead>10</guard-timer-overhead></supervision-watchdog-reset></rpc>

nc DEBUG: SSH: ssh_packet_need_rekey: rekey: [data_rekey_needed=0, out_blocks=3866, in_blocks=7430]
nc DEBUG: SSH: packet_send2: packet: wrote [type=94, len=304, padding_size=7, comp=296, payload=296]
nc DEBUG: SSH: channel_write_common: ssh_channel_write wrote 287 bytes
nc DEBUG: SSH: ssh_socket_unbuffered_write: Enabling POLLOUT for socket
nc DEBUG: Sending message:

##


nc DEBUG: SSH: ssh_packet_need_rekey: rekey: [data_rekey_needed=0, out_blocks=3867, in_blocks=7394]
nc DEBUG: SSH: packet_send2: packet: wrote [type=94, len=24, padding_size=10, comp=13, payload=13]
nc DEBUG: SSH: channel_write_common: ssh_channel_write wrote 4 bytes
nc DEBUG: SSH: ssh_socket_unbuffered_write: Enabling POLLOUT for socket
nc DEBUG: SSH: ssh_packet_socket_callback: packet: read type 94 [len=24,padding=8,comp=15,payload=15]
nc DEBUG: SSH: ssh_packet_process: Dispatching handler for packet type 94
nc DEBUG: SSH: channel_rcv_data: Channel receiving 6 bytes data in 0 (local win=1226404 remote win=1250268)
nc DEBUG: SSH: channel_default_bufferize: placing 6 bytes into channel buffer (stdout)
nc DEBUG: SSH: channel_rcv_data: Channel windows are now (local win=1226398 remote win=1250268)
nc DEBUG: SSH: ssh_packet_socket_callback: Processing 220 bytes left in socket buffer
nc DEBUG: SSH: ssh_packet_socket_callback: packet: read type 94 [len=200,padding=10,comp=189,payload=189]
nc DEBUG: SSH: ssh_packet_process: Dispatching handler for packet type 94
nc DEBUG: SSH: channel_rcv_data: Channel receiving 180 bytes data in 0 (local win=1226398 remote win=1250268)
nc DEBUG: SSH: channel_default_bufferize: placing 180 bytes into channel buffer (stdout)
nc DEBUG: SSH: channel_rcv_data: Channel windows are now (local win=1226218 remote win=1250268)
nc DEBUG: SSH: ssh_packet_need_rekey: rekey: [data_rekey_needed=0, out_blocks=3867, in_blocks=7417]
nc DEBUG: SSH: ssh_packet_need_rekey: rekey: [data_rekey_needed=0, out_blocks=3867, in_blocks=7417]
nc DEBUG: SSH: ssh_channel_read_timeout: Read (2) buffered : 186 bytes. Window: 1226218
nc DEBUG: SSH: ssh_channel_read_timeout: Read (1) buffered : 184 bytes. Window: 1226218
nc DEBUG: SSH: ssh_channel_read_timeout: Read (1) buffered : 183 bytes. Window: 1226218
nc DEBUG: SSH: ssh_channel_read_timeout: Read (1) buffered : 182 bytes. Window: 1226218
nc DEBUG: SSH: ssh_channel_read_timeout: Read (1) buffered : 181 bytes. Window: 1226218
nc DEBUG: SSH: ssh_channel_read_timeout: Read (180) buffered : 180 bytes. Window: 1226218
nc DEBUG: SSH: ssh_channel_read_timeout: Read (2) buffered : 0 bytes. Window: 1226218
nc DEBUG: SSH: ssh_packet_socket_callback: packet: read type 94 [len=24,padding=10,comp=13,payload=13]
nc DEBUG: SSH: ssh_packet_process: Dispatching handler for packet type 94
nc DEBUG: SSH: channel_rcv_data: Channel receiving 4 bytes data in 0 (local win=1226218 remote win=1250268)
nc DEBUG: SSH: channel_default_bufferize: placing 4 bytes into channel buffer (stdout)
nc DEBUG: SSH: channel_rcv_data: Channel windows are now (local win=1226214 remote win=1250268)
nc DEBUG: SSH: ssh_packet_need_rekey: rekey: [data_rekey_needed=0, out_blocks=3867, in_blocks=7418]
nc DEBUG: SSH: ssh_channel_read_timeout: Read (1) buffered : 2 bytes. Window: 1226214
nc DEBUG: SSH: ssh_channel_read_timeout: Read (1) buffered : 1 bytes. Window: 1226214
nc DEBUG: Received message:
<rpc-reply xmlns="urn:ietf:params:xml:ns:netconf:base:1.0" message-id="101"><next-update-at xmlns="urn:o-ran:supervision:1.0">2026-04-14T02:25:02+00:00</next-update-at></rpc-reply>

DATA
<next-update-at xmlns="urn:o-ran:supervision:1.0">2026-04-14T11:25:02+09:00</next-update-at>

nc DEBUG: Received message:
<notification xmlns="urn:ietf:params:xml:ns:netconf:notification:1.0"><eventTime>2026-04-14T02:25:02Z</eventTime><supervision-notification xmlns="urn:o-ran:supervision:1.0"/></notification>

notification (2026-04-14T02:25:02Z)
<supervision-notification xmlns="urn:o-ran:supervision:1.0"/>

Client SENT :  user-rpc --content /mplane_automation/conformance_test/watchdog.xml
nc DEBUG: Sending message:

#287


nc DEBUG: SSH: ssh_packet_need_rekey: rekey: [data_rekey_needed=0, out_blocks=3868, in_blocks=7445]
nc DEBUG: SSH: ssh_socket_unbuffered_write: Enabling POLLOUT for socket
nc DEBUG: SSH: packet_send2: packet: wrote [type=94, len=24, padding_size=8, comp=15, payload=15]
nc DEBUG: SSH: channel_write_common: ssh_channel_write wrote 6 bytes
nc DEBUG: Sending message:
<rpc xmlns="urn:ietf:params:xml:ns:netconf:base:1.0" message-id="102"><supervision-watchdog-reset xmlns="urn:o-ran:supervision:1.0"><supervision-notification-interval>10</supervision-notification-interval><guard-timer-overhead>10</guard-timer-overhead></supervision-watchdog-reset></rpc>

nc DEBUG: SSH: ssh_packet_need_rekey: rekey: [data_rekey_needed=0, out_blocks=3905, in_blocks=7481]
nc DEBUG: SSH: packet_send2: packet: wrote [type=94, len=304, padding_size=7, comp=296, payload=296]
nc DEBUG: SSH: channel_write_common: ssh_channel_write wrote 287 bytes
nc DEBUG: SSH: ssh_socket_unbuffered_write: Enabling POLLOUT for socket
nc DEBUG: Sending message:

##


nc DEBUG: SSH: ssh_packet_need_rekey: rekey: [data_rekey_needed=0, out_blocks=3906, in_blocks=7445]
nc DEBUG: SSH: packet_send2: packet: wrote [type=94, len=24, padding_size=10, comp=13, payload=13]
nc DEBUG: SSH: channel_write_common: ssh_channel_write wrote 4 bytes
nc DEBUG: SSH: ssh_socket_unbuffered_write: Enabling POLLOUT for socket
nc DEBUG: SSH: ssh_packet_socket_callback: packet: read type 94 [len=24,padding=8,comp=15,payload=15]
nc DEBUG: SSH: ssh_packet_process: Dispatching handler for packet type 94
nc DEBUG: SSH: channel_rcv_data: Channel receiving 6 bytes data in 0 (local win=1226015 remote win=1249971)
nc DEBUG: SSH: channel_default_bufferize: placing 6 bytes into channel buffer (stdout)
nc DEBUG: SSH: channel_rcv_data: Channel windows are now (local win=1226009 remote win=1249971)
nc DEBUG: SSH: ssh_packet_socket_callback: Processing 220 bytes left in socket buffer
nc DEBUG: SSH: ssh_packet_socket_callback: packet: read type 94 [len=200,padding=10,comp=189,payload=189]
nc DEBUG: SSH: ssh_packet_process: Dispatching handler for packet type 94
nc DEBUG: SSH: channel_rcv_data: Channel receiving 180 bytes data in 0 (local win=1226009 remote win=1249971)
nc DEBUG: SSH: channel_default_bufferize: placing 180 bytes into channel buffer (stdout)
nc DEBUG: SSH: channel_rcv_data: Channel windows are now (local win=1225829 remote win=1249971)
nc DEBUG: SSH: ssh_packet_need_rekey: rekey: [data_rekey_needed=0, out_blocks=3906, in_blocks=7468]
nc DEBUG: SSH: ssh_packet_need_rekey: rekey: [data_rekey_needed=0, out_blocks=3906, in_blocks=7468]
nc DEBUG: SSH: ssh_channel_read_timeout: Read (2) buffered : 186 bytes. Window: 1225829
nc DEBUG: SSH: ssh_channel_read_timeout: Read (1) buffered : 184 bytes. Window: 1225829
nc DEBUG: SSH: ssh_channel_read_timeout: Read (1) buffered : 183 bytes. Window: 1225829
nc DEBUG: SSH: ssh_channel_read_timeout: Read (1) buffered : 182 bytes. Window: 1225829
nc DEBUG: SSH: ssh_channel_read_timeout: Read (1) buffered : 181 bytes. Window: 1225829
nc DEBUG: SSH: ssh_channel_read_timeout: Read (180) buffered : 180 bytes. Window: 1225829
nc DEBUG: SSH: ssh_channel_read_timeout: Read (2) buffered : 0 bytes. Window: 1225829
nc DEBUG: SSH: ssh_packet_socket_callback: packet: read type 94 [len=24,padding=10,comp=13,payload=13]
nc DEBUG: SSH: ssh_packet_process: Dispatching handler for packet type 94
nc DEBUG: SSH: channel_rcv_data: Channel receiving 4 bytes data in 0 (local win=1225829 remote win=1249971)
nc DEBUG: SSH: channel_default_bufferize: placing 4 bytes into channel buffer (stdout)
nc DEBUG: SSH: channel_rcv_data: Channel windows are now (local win=1225825 remote win=1249971)
nc DEBUG: SSH: ssh_packet_need_rekey: rekey: [data_rekey_needed=0, out_blocks=3906, in_blocks=7469]
nc DEBUG: SSH: ssh_channel_read_timeout: Read (1) buffered : 2 bytes. Window: 1225825
nc DEBUG: SSH: ssh_channel_read_timeout: Read (1) buffered : 1 bytes. Window: 1225825
nc DEBUG: Received message:
<rpc-reply xmlns="urn:ietf:params:xml:ns:netconf:base:1.0" message-id="102"><next-update-at xmlns="urn:o-ran:supervision:1.0">2026-04-14T02:25:12+00:00</next-update-at></rpc-reply>

DATA
<next-update-at xmlns="urn:o-ran:supervision:1.0">2026-04-14T11:25:12+09:00</next-update-at>

nc DEBUG: Received message:
<notification xmlns="urn:ietf:params:xml:ns:netconf:notification:1.0"><eventTime>2026-04-14T02:25:12Z</eventTime><supervision-notification xmlns="urn:o-ran:supervision:1.0"/></notification>

notification (2026-04-14T02:25:12Z)
<supervision-notification xmlns="urn:o-ran:supervision:1.0"/>

Client SENT :  user-rpc --content /mplane_automation/conformance_test/watchdog.xml
nc DEBUG: Sending message:

#287


nc DEBUG: SSH: ssh_packet_need_rekey: rekey: [data_rekey_needed=0, out_blocks=3907, in_blocks=7496]
nc DEBUG: SSH: ssh_socket_unbuffered_write: Enabling POLLOUT for socket
nc DEBUG: SSH: packet_send2: packet: wrote [type=94, len=24, padding_size=8, comp=15, payload=15]
nc DEBUG: SSH: channel_write_common: ssh_channel_write wrote 6 bytes
nc DEBUG: Sending message:
<rpc xmlns="urn:ietf:params:xml:ns:netconf:base:1.0" message-id="103"><supervision-watchdog-reset xmlns="urn:o-ran:supervision:1.0"><supervision-notification-interval>10</supervision-notification-interval><guard-timer-overhead>10</guard-timer-overhead></supervision-watchdog-reset></rpc>

nc DEBUG: SSH: ssh_packet_need_rekey: rekey: [data_rekey_needed=0, out_blocks=3944, in_blocks=7532]
nc DEBUG: SSH: packet_send2: packet: wrote [type=94, len=304, padding_size=7, comp=296, payload=296]
nc DEBUG: SSH: channel_write_common: ssh_channel_write wrote 287 bytes
nc DEBUG: SSH: ssh_socket_unbuffered_write: Enabling POLLOUT for socket
nc DEBUG: Sending message:

##


nc DEBUG: SSH: ssh_packet_need_rekey: rekey: [data_rekey_needed=0, out_blocks=3945, in_blocks=7496]
nc DEBUG: SSH: packet_send2: packet: wrote [type=94, len=24, padding_size=10, comp=13, payload=13]
nc DEBUG: SSH: channel_write_common: ssh_channel_write wrote 4 bytes
nc DEBUG: SSH: ssh_socket_unbuffered_write: Enabling POLLOUT for socket
nc DEBUG: SSH: ssh_packet_socket_callback: packet: read type 94 [len=24,padding=8,comp=15,payload=15]
nc DEBUG: SSH: ssh_packet_process: Dispatching handler for packet type 94
nc DEBUG: SSH: channel_rcv_data: Channel receiving 6 bytes data in 0 (local win=1225626 remote win=1249674)
nc DEBUG: SSH: channel_default_bufferize: placing 6 bytes into channel buffer (stdout)
nc DEBUG: SSH: channel_rcv_data: Channel windows are now (local win=1225620 remote win=1249674)
nc DEBUG: SSH: ssh_packet_socket_callback: Processing 220 bytes left in socket buffer
nc DEBUG: SSH: ssh_packet_socket_callback: packet: read type 94 [len=200,padding=10,comp=189,payload=189]
nc DEBUG: SSH: ssh_packet_process: Dispatching handler for packet type 94
nc DEBUG: SSH: channel_rcv_data: Channel receiving 180 bytes data in 0 (local win=1225620 remote win=1249674)
nc DEBUG: SSH: channel_default_bufferize: placing 180 bytes into channel buffer (stdout)
nc DEBUG: SSH: channel_rcv_data: Channel windows are now (local win=1225440 remote win=1249674)
nc DEBUG: SSH: ssh_packet_need_rekey: rekey: [data_rekey_needed=0, out_blocks=3945, in_blocks=7519]
nc DEBUG: SSH: ssh_packet_need_rekey: rekey: [data_rekey_needed=0, out_blocks=3945, in_blocks=7519]
nc DEBUG: SSH: ssh_channel_read_timeout: Read (2) buffered : 186 bytes. Window: 1225440
nc DEBUG: SSH: ssh_channel_read_timeout: Read (1) buffered : 184 bytes. Window: 1225440
nc DEBUG: SSH: ssh_channel_read_timeout: Read (1) buffered : 183 bytes. Window: 1225440
nc DEBUG: SSH: ssh_channel_read_timeout: Read (1) buffered : 182 bytes. Window: 1225440
nc DEBUG: SSH: ssh_channel_read_timeout: Read (1) buffered : 181 bytes. Window: 1225440
nc DEBUG: SSH: ssh_channel_read_timeout: Read (180) buffered : 180 bytes. Window: 1225440
nc DEBUG: SSH: ssh_channel_read_timeout: Read (2) buffered : 0 bytes. Window: 1225440
nc DEBUG: SSH: ssh_packet_socket_callback: packet: read type 94 [len=24,padding=10,comp=13,payload=13]
nc DEBUG: SSH: ssh_packet_process: Dispatching handler for packet type 94
nc DEBUG: SSH: channel_rcv_data: Channel receiving 4 bytes data in 0 (local win=1225440 remote win=1249674)
nc DEBUG: SSH: channel_default_bufferize: placing 4 bytes into channel buffer (stdout)
nc DEBUG: SSH: channel_rcv_data: Channel windows are now (local win=1225436 remote win=1249674)
nc DEBUG: SSH: ssh_packet_need_rekey: rekey: [data_rekey_needed=0, out_blocks=3945, in_blocks=7520]
nc DEBUG: SSH: ssh_channel_read_timeout: Read (1) buffered : 2 bytes. Window: 1225436
nc DEBUG: SSH: ssh_channel_read_timeout: Read (1) buffered : 1 bytes. Window: 1225436
nc DEBUG: Received message:
<rpc-reply xmlns="urn:ietf:params:xml:ns:netconf:base:1.0" message-id="103"><next-update-at xmlns="urn:o-ran:supervision:1.0">2026-04-14T02:25:22+00:00</next-update-at></rpc-reply>

DATA
<next-update-at xmlns="urn:o-ran:supervision:1.0">2026-04-14T11:25:22+09:00</next-update-at>

nc DEBUG: Received message:
<notification xmlns="urn:ietf:params:xml:ns:netconf:notification:1.0"><eventTime>2026-04-14T02:25:22Z</eventTime><supervision-notification xmlns="urn:o-ran:supervision:1.0"/></notification>

notification (2026-04-14T02:25:22Z)
<supervision-notification xmlns="urn:o-ran:supervision:1.0"/>

Client SENT :  user-rpc --content /mplane_automation/conformance_test/watchdog.xml
nc DEBUG: Sending message:

#287


nc DEBUG: SSH: ssh_packet_need_rekey: rekey: [data_rekey_needed=0, out_blocks=3946, in_blocks=7547]
nc DEBUG: SSH: ssh_socket_unbuffered_write: Enabling POLLOUT for socket
nc DEBUG: SSH: packet_send2: packet: wrote [type=94, len=24, padding_size=8, comp=15, payload=15]
nc DEBUG: SSH: channel_write_common: ssh_channel_write wrote 6 bytes
nc DEBUG: Sending message:
<rpc xmlns="urn:ietf:params:xml:ns:netconf:base:1.0" message-id="104"><supervision-watchdog-reset xmlns="urn:o-ran:supervision:1.0"><supervision-notification-interval>10</supervision-notification-interval><guard-timer-overhead>10</guard-timer-overhead></supervision-watchdog-reset></rpc>

nc DEBUG: SSH: ssh_packet_need_rekey: rekey: [data_rekey_needed=0, out_blocks=3983, in_blocks=7583]
nc DEBUG: SSH: packet_send2: packet: wrote [type=94, len=304, padding_size=7, comp=296, payload=296]
nc DEBUG: SSH: channel_write_common: ssh_channel_write wrote 287 bytes
nc DEBUG: SSH: ssh_socket_unbuffered_write: Enabling POLLOUT for socket
nc DEBUG: Sending message:

##


nc DEBUG: SSH: ssh_packet_need_rekey: rekey: [data_rekey_needed=0, out_blocks=3984, in_blocks=7547]
nc DEBUG: SSH: packet_send2: packet: wrote [type=94, len=24, padding_size=10, comp=13, payload=13]
nc DEBUG: SSH: channel_write_common: ssh_channel_write wrote 4 bytes
nc DEBUG: SSH: ssh_socket_unbuffered_write: Enabling POLLOUT for socket
nc DEBUG: SSH: ssh_packet_socket_callback: packet: read type 94 [len=24,padding=8,comp=15,payload=15]
nc DEBUG: SSH: ssh_packet_process: Dispatching handler for packet type 94
nc DEBUG: SSH: channel_rcv_data: Channel receiving 6 bytes data in 0 (local win=1225237 remote win=1249377)
nc DEBUG: SSH: channel_default_bufferize: placing 6 bytes into channel buffer (stdout)
nc DEBUG: SSH: channel_rcv_data: Channel windows are now (local win=1225231 remote win=1249377)
nc DEBUG: SSH: ssh_packet_socket_callback: Processing 220 bytes left in socket buffer
nc DEBUG: SSH: ssh_packet_socket_callback: packet: read type 94 [len=200,padding=10,comp=189,payload=189]
nc DEBUG: SSH: ssh_packet_process: Dispatching handler for packet type 94
nc DEBUG: SSH: channel_rcv_data: Channel receiving 180 bytes data in 0 (local win=1225231 remote win=1249377)
nc DEBUG: SSH: channel_default_bufferize: placing 180 bytes into channel buffer (stdout)
nc DEBUG: SSH: channel_rcv_data: Channel windows are now (local win=1225051 remote win=1249377)
nc DEBUG: SSH: ssh_packet_need_rekey: rekey: [data_rekey_needed=0, out_blocks=3984, in_blocks=7570]
nc DEBUG: SSH: ssh_packet_need_rekey: rekey: [data_rekey_needed=0, out_blocks=3984, in_blocks=7570]
nc DEBUG: SSH: ssh_channel_read_timeout: Read (2) buffered : 186 bytes. Window: 1225051
nc DEBUG: SSH: ssh_channel_read_timeout: Read (1) buffered : 184 bytes. Window: 1225051
nc DEBUG: SSH: ssh_channel_read_timeout: Read (1) buffered : 183 bytes. Window: 1225051
nc DEBUG: SSH: ssh_channel_read_timeout: Read (1) buffered : 182 bytes. Window: 1225051
nc DEBUG: SSH: ssh_channel_read_timeout: Read (1) buffered : 181 bytes. Window: 1225051
nc DEBUG: SSH: ssh_channel_read_timeout: Read (180) buffered : 180 bytes. Window: 1225051
nc DEBUG: SSH: ssh_channel_read_timeout: Read (2) buffered : 0 bytes. Window: 1225051
nc DEBUG: SSH: ssh_packet_socket_callback: packet: read type 94 [len=24,padding=10,comp=13,payload=13]
nc DEBUG: SSH: ssh_packet_process: Dispatching handler for packet type 94
nc DEBUG: SSH: channel_rcv_data: Channel receiving 4 bytes data in 0 (local win=1225051 remote win=1249377)
nc DEBUG: SSH: channel_default_bufferize: placing 4 bytes into channel buffer (stdout)
nc DEBUG: SSH: channel_rcv_data: Channel windows are now (local win=1225047 remote win=1249377)
nc DEBUG: SSH: ssh_packet_need_rekey: rekey: [data_rekey_needed=0, out_blocks=3984, in_blocks=7571]
nc DEBUG: SSH: ssh_channel_read_timeout: Read (1) buffered : 2 bytes. Window: 1225047
nc DEBUG: SSH: ssh_channel_read_timeout: Read (1) buffered : 1 bytes. Window: 1225047
nc DEBUG: Received message:
<rpc-reply xmlns="urn:ietf:params:xml:ns:netconf:base:1.0" message-id="104"><next-update-at xmlns="urn:o-ran:supervision:1.0">2026-04-14T02:25:32+00:00</next-update-at></rpc-reply>

DATA
<next-update-at xmlns="urn:o-ran:supervision:1.0">2026-04-14T11:25:32+09:00</next-update-at>

nc DEBUG: Received message:
<notification xmlns="urn:ietf:params:xml:ns:netconf:notification:1.0"><eventTime>2026-04-14T02:25:32Z</eventTime><supervision-notification xmlns="urn:o-ran:supervision:1.0"/></notification>

notification (2026-04-14T02:25:32Z)
<supervision-notification xmlns="urn:o-ran:supervision:1.0"/>

Client SENT :  user-rpc --content /mplane_automation/conformance_test/watchdog.xml
nc DEBUG: Sending message:

#287


nc DEBUG: SSH: ssh_packet_need_rekey: rekey: [data_rekey_needed=0, out_blocks=3985, in_blocks=7598]
nc DEBUG: SSH: ssh_socket_unbuffered_write: Enabling POLLOUT for socket
nc DEBUG: SSH: packet_send2: packet: wrote [type=94, len=24, padding_size=8, comp=15, payload=15]
nc DEBUG: SSH: channel_write_common: ssh_channel_write wrote 6 bytes
nc DEBUG: Sending message:
<rpc xmlns="urn:ietf:params:xml:ns:netconf:base:1.0" message-id="105"><supervision-watchdog-reset xmlns="urn:o-ran:supervision:1.0"><supervision-notification-interval>10</supervision-notification-interval><guard-timer-overhead>10</guard-timer-overhead></supervision-watchdog-reset></rpc>

nc DEBUG: SSH: ssh_packet_need_rekey: rekey: [data_rekey_needed=0, out_blocks=4022, in_blocks=7634]
nc DEBUG: SSH: packet_send2: packet: wrote [type=94, len=304, padding_size=7, comp=296, payload=296]
nc DEBUG: SSH: channel_write_common: ssh_channel_write wrote 287 bytes
nc DEBUG: SSH: ssh_socket_unbuffered_write: Enabling POLLOUT for socket
nc DEBUG: Sending message:

##


nc DEBUG: SSH: ssh_packet_need_rekey: rekey: [data_rekey_needed=0, out_blocks=4023, in_blocks=7598]
nc DEBUG: SSH: packet_send2: packet: wrote [type=94, len=24, padding_size=10, comp=13, payload=13]
nc DEBUG: SSH: channel_write_common: ssh_channel_write wrote 4 bytes
nc DEBUG: SSH: ssh_socket_unbuffered_write: Enabling POLLOUT for socket
nc DEBUG: SSH: ssh_packet_socket_callback: packet: read type 94 [len=24,padding=8,comp=15,payload=15]
nc DEBUG: SSH: ssh_packet_process: Dispatching handler for packet type 94
nc DEBUG: SSH: channel_rcv_data: Channel receiving 6 bytes data in 0 (local win=1224848 remote win=1249080)
nc DEBUG: SSH: channel_default_bufferize: placing 6 bytes into channel buffer (stdout)
nc DEBUG: SSH: channel_rcv_data: Channel windows are now (local win=1224842 remote win=1249080)
nc DEBUG: SSH: ssh_packet_socket_callback: Processing 220 bytes left in socket buffer
nc DEBUG: SSH: ssh_packet_socket_callback: packet: read type 94 [len=200,padding=10,comp=189,payload=189]
nc DEBUG: SSH: ssh_packet_process: Dispatching handler for packet type 94
nc DEBUG: SSH: channel_rcv_data: Channel receiving 180 bytes data in 0 (local win=1224842 remote win=1249080)
nc DEBUG: SSH: channel_default_bufferize: placing 180 bytes into channel buffer (stdout)
nc DEBUG: SSH: channel_rcv_data: Channel windows are now (local win=1224662 remote win=1249080)
nc DEBUG: SSH: ssh_packet_need_rekey: rekey: [data_rekey_needed=0, out_blocks=4023, in_blocks=7621]
nc DEBUG: SSH: ssh_packet_need_rekey: rekey: [data_rekey_needed=0, out_blocks=4023, in_blocks=7621]
nc DEBUG: SSH: ssh_channel_read_timeout: Read (2) buffered : 186 bytes. Window: 1224662
nc DEBUG: SSH: ssh_channel_read_timeout: Read (1) buffered : 184 bytes. Window: 1224662
nc DEBUG: SSH: ssh_channel_read_timeout: Read (1) buffered : 183 bytes. Window: 1224662
nc DEBUG: SSH: ssh_channel_read_timeout: Read (1) buffered : 182 bytes. Window: 1224662
nc DEBUG: SSH: ssh_channel_read_timeout: Read (1) buffered : 181 bytes. Window: 1224662
nc DEBUG: SSH: ssh_channel_read_timeout: Read (180) buffered : 180 bytes. Window: 1224662
nc DEBUG: SSH: ssh_channel_read_timeout: Read (2) buffered : 0 bytes. Window: 1224662
nc DEBUG: SSH: ssh_packet_socket_callback: packet: read type 94 [len=24,padding=10,comp=13,payload=13]
nc DEBUG: SSH: ssh_packet_process: Dispatching handler for packet type 94
nc DEBUG: SSH: channel_rcv_data: Channel receiving 4 bytes data in 0 (local win=1224662 remote win=1249080)
nc DEBUG: SSH: channel_default_bufferize: placing 4 bytes into channel buffer (stdout)
nc DEBUG: SSH: channel_rcv_data: Channel windows are now (local win=1224658 remote win=1249080)
nc DEBUG: SSH: ssh_packet_need_rekey: rekey: [data_rekey_needed=0, out_blocks=4023, in_blocks=7622]
nc DEBUG: SSH: ssh_channel_read_timeout: Read (1) buffered : 2 bytes. Window: 1224658
nc DEBUG: SSH: ssh_channel_read_timeout: Read (1) buffered : 1 bytes. Window: 1224658
nc DEBUG: Received message:
<rpc-reply xmlns="urn:ietf:params:xml:ns:netconf:base:1.0" message-id="105"><next-update-at xmlns="urn:o-ran:supervision:1.0">2026-04-14T02:25:43+00:00</next-update-at></rpc-reply>

DATA
<next-update-at xmlns="urn:o-ran:supervision:1.0">2026-04-14T11:25:43+09:00</next-update-at>

nc DEBUG: Received message:
<notification xmlns="urn:ietf:params:xml:ns:netconf:notification:1.0"><eventTime>2026-04-14T02:25:43Z</eventTime><supervision-notification xmlns="urn:o-ran:supervision:1.0"/></notification>

notification (2026-04-14T02:25:43Z)
<supervision-notification xmlns="urn:o-ran:supervision:1.0"/>

Client SENT :  user-rpc --content /mplane_automation/conformance_test/watchdog.xml
nc DEBUG: Sending message:

#287


nc DEBUG: SSH: ssh_packet_need_rekey: rekey: [data_rekey_needed=0, out_blocks=4024, in_blocks=7649]
nc DEBUG: SSH: ssh_socket_unbuffered_write: Enabling POLLOUT for socket
nc DEBUG: SSH: packet_send2: packet: wrote [type=94, len=24, padding_size=8, comp=15, payload=15]
nc DEBUG: SSH: channel_write_common: ssh_channel_write wrote 6 bytes
nc DEBUG: Sending message:
<rpc xmlns="urn:ietf:params:xml:ns:netconf:base:1.0" message-id="106"><supervision-watchdog-reset xmlns="urn:o-ran:supervision:1.0"><supervision-notification-interval>10</supervision-notification-interval><guard-timer-overhead>10</guard-timer-overhead></supervision-watchdog-reset></rpc>

nc DEBUG: SSH: ssh_packet_need_rekey: rekey: [data_rekey_needed=0, out_blocks=4061, in_blocks=7685]
nc DEBUG: SSH: packet_send2: packet: wrote [type=94, len=304, padding_size=7, comp=296, payload=296]
nc DEBUG: SSH: channel_write_common: ssh_channel_write wrote 287 bytes
nc DEBUG: SSH: ssh_socket_unbuffered_write: Enabling POLLOUT for socket
nc DEBUG: Sending message:

##


nc DEBUG: SSH: ssh_packet_need_rekey: rekey: [data_rekey_needed=0, out_blocks=4062, in_blocks=7649]
nc DEBUG: SSH: packet_send2: packet: wrote [type=94, len=24, padding_size=10, comp=13, payload=13]
nc DEBUG: SSH: channel_write_common: ssh_channel_write wrote 4 bytes
nc DEBUG: SSH: ssh_socket_unbuffered_write: Enabling POLLOUT for socket
nc DEBUG: SSH: ssh_packet_socket_callback: packet: read type 94 [len=24,padding=8,comp=15,payload=15]
nc DEBUG: SSH: ssh_packet_process: Dispatching handler for packet type 94
nc DEBUG: SSH: channel_rcv_data: Channel receiving 6 bytes data in 0 (local win=1224459 remote win=1248783)
nc DEBUG: SSH: channel_default_bufferize: placing 6 bytes into channel buffer (stdout)
nc DEBUG: SSH: channel_rcv_data: Channel windows are now (local win=1224453 remote win=1248783)
nc DEBUG: SSH: ssh_packet_socket_callback: Processing 220 bytes left in socket buffer
nc DEBUG: SSH: ssh_packet_socket_callback: packet: read type 94 [len=200,padding=10,comp=189,payload=189]
nc DEBUG: SSH: ssh_packet_process: Dispatching handler for packet type 94
nc DEBUG: SSH: channel_rcv_data: Channel receiving 180 bytes data in 0 (local win=1224453 remote win=1248783)
nc DEBUG: SSH: channel_default_bufferize: placing 180 bytes into channel buffer (stdout)
nc DEBUG: SSH: channel_rcv_data: Channel windows are now (local win=1224273 remote win=1248783)
nc DEBUG: SSH: ssh_packet_need_rekey: rekey: [data_rekey_needed=0, out_blocks=4062, in_blocks=7672]
nc DEBUG: SSH: ssh_packet_need_rekey: rekey: [data_rekey_needed=0, out_blocks=4062, in_blocks=7672]
nc DEBUG: SSH: ssh_channel_read_timeout: Read (2) buffered : 186 bytes. Window: 1224273
nc DEBUG: SSH: ssh_channel_read_timeout: Read (1) buffered : 184 bytes. Window: 1224273
nc DEBUG: SSH: ssh_channel_read_timeout: Read (1) buffered : 183 bytes. Window: 1224273
nc DEBUG: SSH: ssh_channel_read_timeout: Read (1) buffered : 182 bytes. Window: 1224273
nc DEBUG: SSH: ssh_channel_read_timeout: Read (1) buffered : 181 bytes. Window: 1224273
nc DEBUG: SSH: ssh_channel_read_timeout: Read (180) buffered : 180 bytes. Window: 1224273
nc DEBUG: SSH: ssh_channel_read_timeout: Read (2) buffered : 0 bytes. Window: 1224273
nc DEBUG: SSH: ssh_packet_socket_callback: packet: read type 94 [len=24,padding=10,comp=13,payload=13]
nc DEBUG: SSH: ssh_packet_process: Dispatching handler for packet type 94
nc DEBUG: SSH: channel_rcv_data: Channel receiving 4 bytes data in 0 (local win=1224273 remote win=1248783)
nc DEBUG: SSH: channel_default_bufferize: placing 4 bytes into channel buffer (stdout)
nc DEBUG: SSH: channel_rcv_data: Channel windows are now (local win=1224269 remote win=1248783)
nc DEBUG: SSH: ssh_packet_need_rekey: rekey: [data_rekey_needed=0, out_blocks=4062, in_blocks=7673]
nc DEBUG: SSH: ssh_channel_read_timeout: Read (1) buffered : 2 bytes. Window: 1224269
nc DEBUG: SSH: ssh_channel_read_timeout: Read (1) buffered : 1 bytes. Window: 1224269
nc DEBUG: Received message:
<rpc-reply xmlns="urn:ietf:params:xml:ns:netconf:base:1.0" message-id="106"><next-update-at xmlns="urn:o-ran:supervision:1.0">2026-04-14T02:25:53+00:00</next-update-at></rpc-reply>

DATA
<next-update-at xmlns="urn:o-ran:supervision:1.0">2026-04-14T11:25:53+09:00</next-update-at>

nc DEBUG: Received message:
<notification xmlns="urn:ietf:params:xml:ns:netconf:notification:1.0"><eventTime>2026-04-14T02:25:53Z</eventTime><supervision-notification xmlns="urn:o-ran:supervision:1.0"/></notification>

notification (2026-04-14T02:25:53Z)
<supervision-notification xmlns="urn:o-ran:supervision:1.0"/>

Client SENT :  user-rpc --content /mplane_automation/conformance_test/watchdog.xml
nc DEBUG: Sending message:

#287


nc DEBUG: SSH: ssh_packet_need_rekey: rekey: [data_rekey_needed=0, out_blocks=4063, in_blocks=7700]
nc DEBUG: SSH: ssh_socket_unbuffered_write: Enabling POLLOUT for socket
nc DEBUG: SSH: packet_send2: packet: wrote [type=94, len=24, padding_size=8, comp=15, payload=15]
nc DEBUG: SSH: channel_write_common: ssh_channel_write wrote 6 bytes
nc DEBUG: Sending message:
<rpc xmlns="urn:ietf:params:xml:ns:netconf:base:1.0" message-id="107"><supervision-watchdog-reset xmlns="urn:o-ran:supervision:1.0"><supervision-notification-interval>10</supervision-notification-interval><guard-timer-overhead>10</guard-timer-overhead></supervision-watchdog-reset></rpc>

nc DEBUG: SSH: ssh_packet_need_rekey: rekey: [data_rekey_needed=0, out_blocks=4100, in_blocks=7736]
nc DEBUG: SSH: packet_send2: packet: wrote [type=94, len=304, padding_size=7, comp=296, payload=296]
nc DEBUG: SSH: channel_write_common: ssh_channel_write wrote 287 bytes
nc DEBUG: SSH: ssh_socket_unbuffered_write: Enabling POLLOUT for socket
nc DEBUG: Sending message:

##


nc DEBUG: SSH: ssh_packet_need_rekey: rekey: [data_rekey_needed=0, out_blocks=4101, in_blocks=7700]
nc DEBUG: SSH: packet_send2: packet: wrote [type=94, len=24, padding_size=10, comp=13, payload=13]
nc DEBUG: SSH: channel_write_common: ssh_channel_write wrote 4 bytes
nc DEBUG: SSH: ssh_socket_unbuffered_write: Enabling POLLOUT for socket
nc DEBUG: SSH: ssh_packet_socket_callback: packet: read type 94 [len=24,padding=8,comp=15,payload=15]
nc DEBUG: SSH: ssh_packet_process: Dispatching handler for packet type 94
nc DEBUG: SSH: channel_rcv_data: Channel receiving 6 bytes data in 0 (local win=1224070 remote win=1248486)
nc DEBUG: SSH: channel_default_bufferize: placing 6 bytes into channel buffer (stdout)
nc DEBUG: SSH: channel_rcv_data: Channel windows are now (local win=1224064 remote win=1248486)
nc DEBUG: SSH: ssh_packet_socket_callback: Processing 220 bytes left in socket buffer
nc DEBUG: SSH: ssh_packet_socket_callback: packet: read type 94 [len=200,padding=10,comp=189,payload=189]
nc DEBUG: SSH: ssh_packet_process: Dispatching handler for packet type 94
nc DEBUG: SSH: channel_rcv_data: Channel receiving 180 bytes data in 0 (local win=1224064 remote win=1248486)
nc DEBUG: SSH: channel_default_bufferize: placing 180 bytes into channel buffer (stdout)
nc DEBUG: SSH: channel_rcv_data: Channel windows are now (local win=1223884 remote win=1248486)
nc DEBUG: SSH: ssh_packet_need_rekey: rekey: [data_rekey_needed=0, out_blocks=4101, in_blocks=7723]
nc DEBUG: SSH: ssh_packet_need_rekey: rekey: [data_rekey_needed=0, out_blocks=4101, in_blocks=7723]
nc DEBUG: SSH: ssh_channel_read_timeout: Read (2) buffered : 186 bytes. Window: 1223884
nc DEBUG: SSH: ssh_channel_read_timeout: Read (1) buffered : 184 bytes. Window: 1223884
nc DEBUG: SSH: ssh_channel_read_timeout: Read (1) buffered : 183 bytes. Window: 1223884
nc DEBUG: SSH: ssh_channel_read_timeout: Read (1) buffered : 182 bytes. Window: 1223884
nc DEBUG: SSH: ssh_channel_read_timeout: Read (1) buffered : 181 bytes. Window: 1223884
nc DEBUG: SSH: ssh_channel_read_timeout: Read (180) buffered : 180 bytes. Window: 1223884
nc DEBUG: SSH: ssh_channel_read_timeout: Read (2) buffered : 0 bytes. Window: 1223884
nc DEBUG: SSH: ssh_packet_socket_callback: packet: read type 94 [len=24,padding=10,comp=13,payload=13]
nc DEBUG: SSH: ssh_packet_process: Dispatching handler for packet type 94
nc DEBUG: SSH: channel_rcv_data: Channel receiving 4 bytes data in 0 (local win=1223884 remote win=1248486)
nc DEBUG: SSH: channel_default_bufferize: placing 4 bytes into channel buffer (stdout)
nc DEBUG: SSH: channel_rcv_data: Channel windows are now (local win=1223880 remote win=1248486)
nc DEBUG: SSH: ssh_packet_need_rekey: rekey: [data_rekey_needed=0, out_blocks=4101, in_blocks=7724]
nc DEBUG: SSH: ssh_channel_read_timeout: Read (1) buffered : 2 bytes. Window: 1223880
nc DEBUG: SSH: ssh_channel_read_timeout: Read (1) buffered : 1 bytes. Window: 1223880
nc DEBUG: Received message:
<rpc-reply xmlns="urn:ietf:params:xml:ns:netconf:base:1.0" message-id="107"><next-update-at xmlns="urn:o-ran:supervision:1.0">2026-04-14T02:26:03+00:00</next-update-at></rpc-reply>

DATA
<next-update-at xmlns="urn:o-ran:supervision:1.0">2026-04-14T11:26:03+09:00</next-update-at>

nc DEBUG: Received message:
<notification xmlns="urn:ietf:params:xml:ns:netconf:notification:1.0"><eventTime>2026-04-14T02:26:03Z</eventTime><supervision-notification xmlns="urn:o-ran:supervision:1.0"/></notification>

notification (2026-04-14T02:26:03Z)
<supervision-notification xmlns="urn:o-ran:supervision:1.0"/>

Client SENT :  user-rpc --content /mplane_automation/conformance_test/watchdog.xml
nc DEBUG: Sending message:

#287


nc DEBUG: SSH: ssh_packet_need_rekey: rekey: [data_rekey_needed=0, out_blocks=4102, in_blocks=7751]
nc DEBUG: SSH: ssh_socket_unbuffered_write: Enabling POLLOUT for socket
nc DEBUG: SSH: packet_send2: packet: wrote [type=94, len=24, padding_size=8, comp=15, payload=15]
nc DEBUG: SSH: channel_write_common: ssh_channel_write wrote 6 bytes
nc DEBUG: Sending message:
<rpc xmlns="urn:ietf:params:xml:ns:netconf:base:1.0" message-id="108"><supervision-watchdog-reset xmlns="urn:o-ran:supervision:1.0"><supervision-notification-interval>10</supervision-notification-interval><guard-timer-overhead>10</guard-timer-overhead></supervision-watchdog-reset></rpc>

nc DEBUG: SSH: ssh_packet_need_rekey: rekey: [data_rekey_needed=0, out_blocks=4139, in_blocks=7787]
nc DEBUG: SSH: packet_send2: packet: wrote [type=94, len=304, padding_size=7, comp=296, payload=296]
nc DEBUG: SSH: channel_write_common: ssh_channel_write wrote 287 bytes
nc DEBUG: SSH: ssh_socket_unbuffered_write: Enabling POLLOUT for socket
nc DEBUG: Sending message:

##


nc DEBUG: SSH: ssh_packet_need_rekey: rekey: [data_rekey_needed=0, out_blocks=4140, in_blocks=7751]
nc DEBUG: SSH: packet_send2: packet: wrote [type=94, len=24, padding_size=10, comp=13, payload=13]
nc DEBUG: SSH: channel_write_common: ssh_channel_write wrote 4 bytes
nc DEBUG: SSH: ssh_socket_unbuffered_write: Enabling POLLOUT for socket
nc DEBUG: SSH: ssh_packet_socket_callback: packet: read type 94 [len=24,padding=8,comp=15,payload=15]
nc DEBUG: SSH: ssh_packet_process: Dispatching handler for packet type 94
nc DEBUG: SSH: channel_rcv_data: Channel receiving 6 bytes data in 0 (local win=1223681 remote win=1248189)
nc DEBUG: SSH: channel_default_bufferize: placing 6 bytes into channel buffer (stdout)
nc DEBUG: SSH: channel_rcv_data: Channel windows are now (local win=1223675 remote win=1248189)
nc DEBUG: SSH: ssh_packet_socket_callback: Processing 220 bytes left in socket buffer
nc DEBUG: SSH: ssh_packet_socket_callback: packet: read type 94 [len=200,padding=10,comp=189,payload=189]
nc DEBUG: SSH: ssh_packet_process: Dispatching handler for packet type 94
nc DEBUG: SSH: channel_rcv_data: Channel receiving 180 bytes data in 0 (local win=1223675 remote win=1248189)
nc DEBUG: SSH: channel_default_bufferize: placing 180 bytes into channel buffer (stdout)
nc DEBUG: SSH: channel_rcv_data: Channel windows are now (local win=1223495 remote win=1248189)
nc DEBUG: SSH: ssh_packet_need_rekey: rekey: [data_rekey_needed=0, out_blocks=4140, in_blocks=7774]
nc DEBUG: SSH: ssh_packet_need_rekey: rekey: [data_rekey_needed=0, out_blocks=4140, in_blocks=7774]
nc DEBUG: SSH: ssh_channel_read_timeout: Read (2) buffered : 186 bytes. Window: 1223495
nc DEBUG: SSH: ssh_channel_read_timeout: Read (1) buffered : 184 bytes. Window: 1223495
nc DEBUG: SSH: ssh_channel_read_timeout: Read (1) buffered : 183 bytes. Window: 1223495
nc DEBUG: SSH: ssh_channel_read_timeout: Read (1) buffered : 182 bytes. Window: 1223495
nc DEBUG: SSH: ssh_channel_read_timeout: Read (1) buffered : 181 bytes. Window: 1223495
nc DEBUG: SSH: ssh_channel_read_timeout: Read (180) buffered : 180 bytes. Window: 1223495
nc DEBUG: SSH: ssh_channel_read_timeout: Read (2) buffered : 0 bytes. Window: 1223495
nc DEBUG: SSH: ssh_packet_socket_callback: packet: read type 94 [len=24,padding=10,comp=13,payload=13]
nc DEBUG: SSH: ssh_packet_process: Dispatching handler for packet type 94
nc DEBUG: SSH: channel_rcv_data: Channel receiving 4 bytes data in 0 (local win=1223495 remote win=1248189)
nc DEBUG: SSH: channel_default_bufferize: placing 4 bytes into channel buffer (stdout)
nc DEBUG: SSH: channel_rcv_data: Channel windows are now (local win=1223491 remote win=1248189)
nc DEBUG: SSH: ssh_packet_need_rekey: rekey: [data_rekey_needed=0, out_blocks=4140, in_blocks=7775]
nc DEBUG: SSH: ssh_channel_read_timeout: Read (1) buffered : 2 bytes. Window: 1223491
nc DEBUG: SSH: ssh_channel_read_timeout: Read (1) buffered : 1 bytes. Window: 1223491
nc DEBUG: Received message:
<rpc-reply xmlns="urn:ietf:params:xml:ns:netconf:base:1.0" message-id="108"><next-update-at xmlns="urn:o-ran:supervision:1.0">2026-04-14T02:26:13+00:00</next-update-at></rpc-reply>

DATA
<next-update-at xmlns="urn:o-ran:supervision:1.0">2026-04-14T11:26:13+09:00</next-update-at>

nc DEBUG: Received message:
<notification xmlns="urn:ietf:params:xml:ns:netconf:notification:1.0"><eventTime>2026-04-14T02:26:13Z</eventTime><supervision-notification xmlns="urn:o-ran:supervision:1.0"/></notification>

notification (2026-04-14T02:26:13Z)
<supervision-notification xmlns="urn:o-ran:supervision:1.0"/>

Client SENT :  user-rpc --content /mplane_automation/conformance_test/watchdog.xml
nc DEBUG: Sending message:

#287


nc DEBUG: SSH: ssh_packet_need_rekey: rekey: [data_rekey_needed=0, out_blocks=4141, in_blocks=7802]
nc DEBUG: SSH: ssh_socket_unbuffered_write: Enabling POLLOUT for socket
nc DEBUG: SSH: packet_send2: packet: wrote [type=94, len=24, padding_size=8, comp=15, payload=15]
nc DEBUG: SSH: channel_write_common: ssh_channel_write wrote 6 bytes
nc DEBUG: Sending message:
<rpc xmlns="urn:ietf:params:xml:ns:netconf:base:1.0" message-id="109"><supervision-watchdog-reset xmlns="urn:o-ran:supervision:1.0"><supervision-notification-interval>10</supervision-notification-interval><guard-timer-overhead>10</guard-timer-overhead></supervision-watchdog-reset></rpc>

nc DEBUG: SSH: ssh_packet_need_rekey: rekey: [data_rekey_needed=0, out_blocks=4178, in_blocks=7838]
nc DEBUG: SSH: packet_send2: packet: wrote [type=94, len=304, padding_size=7, comp=296, payload=296]
nc DEBUG: SSH: channel_write_common: ssh_channel_write wrote 287 bytes
nc DEBUG: SSH: ssh_socket_unbuffered_write: Enabling POLLOUT for socket
nc DEBUG: Sending message:

##


nc DEBUG: SSH: ssh_packet_need_rekey: rekey: [data_rekey_needed=0, out_blocks=4179, in_blocks=7802]
nc DEBUG: SSH: packet_send2: packet: wrote [type=94, len=24, padding_size=10, comp=13, payload=13]
nc DEBUG: SSH: channel_write_common: ssh_channel_write wrote 4 bytes
nc DEBUG: SSH: ssh_socket_unbuffered_write: Enabling POLLOUT for socket
nc DEBUG: SSH: ssh_packet_socket_callback: packet: read type 94 [len=24,padding=8,comp=15,payload=15]
nc DEBUG: SSH: ssh_packet_process: Dispatching handler for packet type 94
nc DEBUG: SSH: channel_rcv_data: Channel receiving 6 bytes data in 0 (local win=1223292 remote win=1247892)
nc DEBUG: SSH: channel_default_bufferize: placing 6 bytes into channel buffer (stdout)
nc DEBUG: SSH: channel_rcv_data: Channel windows are now (local win=1223286 remote win=1247892)
nc DEBUG: SSH: ssh_packet_need_rekey: rekey: [data_rekey_needed=0, out_blocks=4179, in_blocks=7802]
nc DEBUG: SSH: ssh_channel_read_timeout: Read (2) buffered : 6 bytes. Window: 1223286
nc DEBUG: SSH: ssh_channel_read_timeout: Read (1) buffered : 4 bytes. Window: 1223286
nc DEBUG: SSH: ssh_channel_read_timeout: Read (1) buffered : 3 bytes. Window: 1223286
nc DEBUG: SSH: ssh_channel_read_timeout: Read (1) buffered : 2 bytes. Window: 1223286
nc DEBUG: SSH: ssh_channel_read_timeout: Read (1) buffered : 1 bytes. Window: 1223286
nc DEBUG: SSH: ssh_channel_read_timeout: Read (180) buffered : 0 bytes. Window: 1223286
nc DEBUG: SSH: ssh_packet_socket_callback: packet: read type 94 [len=200,padding=10,comp=189,payload=189]
nc DEBUG: SSH: ssh_packet_process: Dispatching handler for packet type 94
nc DEBUG: SSH: channel_rcv_data: Channel receiving 180 bytes data in 0 (local win=1223286 remote win=1247892)
nc DEBUG: SSH: channel_default_bufferize: placing 180 bytes into channel buffer (stdout)
nc DEBUG: SSH: channel_rcv_data: Channel windows are now (local win=1223106 remote win=1247892)
nc DEBUG: SSH: ssh_packet_need_rekey: rekey: [data_rekey_needed=0, out_blocks=4179, in_blocks=7825]
nc DEBUG: SSH: ssh_channel_read_timeout: Read (2) buffered : 0 bytes. Window: 1223106
nc DEBUG: SSH: ssh_packet_socket_callback: packet: read type 94 [len=24,padding=10,comp=13,payload=13]
nc DEBUG: SSH: ssh_packet_process: Dispatching handler for packet type 94
nc DEBUG: SSH: channel_rcv_data: Channel receiving 4 bytes data in 0 (local win=1223106 remote win=1247892)
nc DEBUG: SSH: channel_default_bufferize: placing 4 bytes into channel buffer (stdout)
nc DEBUG: SSH: channel_rcv_data: Channel windows are now (local win=1223102 remote win=1247892)
nc DEBUG: SSH: ssh_packet_need_rekey: rekey: [data_rekey_needed=0, out_blocks=4179, in_blocks=7826]
nc DEBUG: SSH: ssh_channel_read_timeout: Read (1) buffered : 2 bytes. Window: 1223102
nc DEBUG: SSH: ssh_channel_read_timeout: Read (1) buffered : 1 bytes. Window: 1223102
nc DEBUG: Received message:
<rpc-reply xmlns="urn:ietf:params:xml:ns:netconf:base:1.0" message-id="109"><next-update-at xmlns="urn:o-ran:supervision:1.0">2026-04-14T02:26:23+00:00</next-update-at></rpc-reply>

DATA
<next-update-at xmlns="urn:o-ran:supervision:1.0">2026-04-14T11:26:23+09:00</next-update-at>

nc DEBUG: Received message:
<notification xmlns="urn:ietf:params:xml:ns:netconf:notification:1.0"><eventTime>2026-04-14T02:26:23Z</eventTime><supervision-notification xmlns="urn:o-ran:supervision:1.0"/></notification>

notification (2026-04-14T02:26:23Z)
<supervision-notification xmlns="urn:o-ran:supervision:1.0"/>

Client SENT :  user-rpc --content /mplane_automation/conformance_test/watchdog.xml
nc DEBUG: Sending message:

#287


nc DEBUG: SSH: ssh_packet_need_rekey: rekey: [data_rekey_needed=0, out_blocks=4180, in_blocks=7853]
nc DEBUG: SSH: ssh_socket_unbuffered_write: Enabling POLLOUT for socket
nc DEBUG: SSH: packet_send2: packet: wrote [type=94, len=24, padding_size=8, comp=15, payload=15]
nc DEBUG: SSH: channel_write_common: ssh_channel_write wrote 6 bytes
nc DEBUG: Sending message:
<rpc xmlns="urn:ietf:params:xml:ns:netconf:base:1.0" message-id="110"><supervision-watchdog-reset xmlns="urn:o-ran:supervision:1.0"><supervision-notification-interval>10</supervision-notification-interval><guard-timer-overhead>10</guard-timer-overhead></supervision-watchdog-reset></rpc>

nc DEBUG: SSH: ssh_packet_need_rekey: rekey: [data_rekey_needed=0, out_blocks=4217, in_blocks=7889]
nc DEBUG: SSH: packet_send2: packet: wrote [type=94, len=304, padding_size=7, comp=296, payload=296]
nc DEBUG: SSH: channel_write_common: ssh_channel_write wrote 287 bytes
nc DEBUG: SSH: ssh_socket_unbuffered_write: Enabling POLLOUT for socket
nc DEBUG: Sending message:

##


nc DEBUG: SSH: ssh_packet_need_rekey: rekey: [data_rekey_needed=0, out_blocks=4218, in_blocks=7853]
nc DEBUG: SSH: packet_send2: packet: wrote [type=94, len=24, padding_size=10, comp=13, payload=13]
nc DEBUG: SSH: channel_write_common: ssh_channel_write wrote 4 bytes
nc DEBUG: SSH: ssh_socket_unbuffered_write: Enabling POLLOUT for socket
nc DEBUG: SSH: ssh_packet_socket_callback: packet: read type 94 [len=24,padding=8,comp=15,payload=15]
nc DEBUG: SSH: ssh_packet_process: Dispatching handler for packet type 94
nc DEBUG: SSH: channel_rcv_data: Channel receiving 6 bytes data in 0 (local win=1222903 remote win=1247595)
nc DEBUG: SSH: channel_default_bufferize: placing 6 bytes into channel buffer (stdout)
nc DEBUG: SSH: channel_rcv_data: Channel windows are now (local win=1222897 remote win=1247595)
nc DEBUG: SSH: ssh_packet_socket_callback: Processing 220 bytes left in socket buffer
nc DEBUG: SSH: ssh_packet_socket_callback: packet: read type 94 [len=200,padding=10,comp=189,payload=189]
nc DEBUG: SSH: ssh_packet_process: Dispatching handler for packet type 94
nc DEBUG: SSH: channel_rcv_data: Channel receiving 180 bytes data in 0 (local win=1222897 remote win=1247595)
nc DEBUG: SSH: channel_default_bufferize: placing 180 bytes into channel buffer (stdout)
nc DEBUG: SSH: channel_rcv_data: Channel windows are now (local win=1222717 remote win=1247595)
nc DEBUG: SSH: ssh_packet_need_rekey: rekey: [data_rekey_needed=0, out_blocks=4218, in_blocks=7876]
nc DEBUG: SSH: ssh_packet_need_rekey: rekey: [data_rekey_needed=0, out_blocks=4218, in_blocks=7876]
nc DEBUG: SSH: ssh_channel_read_timeout: Read (2) buffered : 186 bytes. Window: 1222717
nc DEBUG: SSH: ssh_channel_read_timeout: Read (1) buffered : 184 bytes. Window: 1222717
nc DEBUG: SSH: ssh_channel_read_timeout: Read (1) buffered : 183 bytes. Window: 1222717
nc DEBUG: SSH: ssh_channel_read_timeout: Read (1) buffered : 182 bytes. Window: 1222717
nc DEBUG: SSH: ssh_channel_read_timeout: Read (1) buffered : 181 bytes. Window: 1222717
nc DEBUG: SSH: ssh_channel_read_timeout: Read (180) buffered : 180 bytes. Window: 1222717
nc DEBUG: SSH: ssh_channel_read_timeout: Read (2) buffered : 0 bytes. Window: 1222717
nc DEBUG: SSH: ssh_packet_socket_callback: packet: read type 94 [len=24,padding=10,comp=13,payload=13]
nc DEBUG: SSH: ssh_packet_process: Dispatching handler for packet type 94
nc DEBUG: SSH: channel_rcv_data: Channel receiving 4 bytes data in 0 (local win=1222717 remote win=1247595)
nc DEBUG: SSH: channel_default_bufferize: placing 4 bytes into channel buffer (stdout)
nc DEBUG: SSH: channel_rcv_data: Channel windows are now (local win=1222713 remote win=1247595)
nc DEBUG: SSH: ssh_packet_need_rekey: rekey: [data_rekey_needed=0, out_blocks=4218, in_blocks=7877]
nc DEBUG: SSH: ssh_channel_read_timeout: Read (1) buffered : 2 bytes. Window: 1222713
nc DEBUG: SSH: ssh_channel_read_timeout: Read (1) buffered : 1 bytes. Window: 1222713
nc DEBUG: Received message:
<rpc-reply xmlns="urn:ietf:params:xml:ns:netconf:base:1.0" message-id="110"><next-update-at xmlns="urn:o-ran:supervision:1.0">2026-04-14T02:26:33+00:00</next-update-at></rpc-reply>

DATA
<next-update-at xmlns="urn:o-ran:supervision:1.0">2026-04-14T11:26:33+09:00</next-update-at>

nc DEBUG: Received message:
<notification xmlns="urn:ietf:params:xml:ns:netconf:notification:1.0"><eventTime>2026-04-14T02:26:33Z</eventTime><supervision-notification xmlns="urn:o-ran:supervision:1.0"/></notification>

notification (2026-04-14T02:26:33Z)
<supervision-notification xmlns="urn:o-ran:supervision:1.0"/>

Client SENT :  user-rpc --content /mplane_automation/conformance_test/watchdog.xml
nc DEBUG: Sending message:

#287


nc DEBUG: SSH: ssh_packet_need_rekey: rekey: [data_rekey_needed=0, out_blocks=4219, in_blocks=7904]
nc DEBUG: SSH: ssh_socket_unbuffered_write: Enabling POLLOUT for socket
nc DEBUG: SSH: packet_send2: packet: wrote [type=94, len=24, padding_size=8, comp=15, payload=15]
nc DEBUG: SSH: channel_write_common: ssh_channel_write wrote 6 bytes
nc DEBUG: Sending message:
<rpc xmlns="urn:ietf:params:xml:ns:netconf:base:1.0" message-id="111"><supervision-watchdog-reset xmlns="urn:o-ran:supervision:1.0"><supervision-notification-interval>10</supervision-notification-interval><guard-timer-overhead>10</guard-timer-overhead></supervision-watchdog-reset></rpc>

nc DEBUG: SSH: ssh_packet_need_rekey: rekey: [data_rekey_needed=0, out_blocks=4256, in_blocks=7940]
nc DEBUG: SSH: packet_send2: packet: wrote [type=94, len=304, padding_size=7, comp=296, payload=296]
nc DEBUG: SSH: channel_write_common: ssh_channel_write wrote 287 bytes
nc DEBUG: SSH: ssh_socket_unbuffered_write: Enabling POLLOUT for socket
nc DEBUG: Sending message:

##


nc DEBUG: SSH: ssh_packet_need_rekey: rekey: [data_rekey_needed=0, out_blocks=4257, in_blocks=7904]
nc DEBUG: SSH: packet_send2: packet: wrote [type=94, len=24, padding_size=10, comp=13, payload=13]
nc DEBUG: SSH: channel_write_common: ssh_channel_write wrote 4 bytes
nc DEBUG: SSH: ssh_socket_unbuffered_write: Enabling POLLOUT for socket
nc DEBUG: SSH: ssh_packet_socket_callback: packet: read type 94 [len=24,padding=8,comp=15,payload=15]
nc DEBUG: SSH: ssh_packet_process: Dispatching handler for packet type 94
nc DEBUG: SSH: channel_rcv_data: Channel receiving 6 bytes data in 0 (local win=1222514 remote win=1247298)
nc DEBUG: SSH: channel_default_bufferize: placing 6 bytes into channel buffer (stdout)
nc DEBUG: SSH: channel_rcv_data: Channel windows are now (local win=1222508 remote win=1247298)
nc DEBUG: SSH: ssh_packet_socket_callback: Processing 220 bytes left in socket buffer
nc DEBUG: SSH: ssh_packet_socket_callback: packet: read type 94 [len=200,padding=10,comp=189,payload=189]
nc DEBUG: SSH: ssh_packet_process: Dispatching handler for packet type 94
nc DEBUG: SSH: channel_rcv_data: Channel receiving 180 bytes data in 0 (local win=1222508 remote win=1247298)
nc DEBUG: SSH: channel_default_bufferize: placing 180 bytes into channel buffer (stdout)
nc DEBUG: SSH: channel_rcv_data: Channel windows are now (local win=1222328 remote win=1247298)
nc DEBUG: SSH: ssh_packet_need_rekey: rekey: [data_rekey_needed=0, out_blocks=4257, in_blocks=7927]
nc DEBUG: SSH: ssh_packet_need_rekey: rekey: [data_rekey_needed=0, out_blocks=4257, in_blocks=7927]
nc DEBUG: SSH: ssh_channel_read_timeout: Read (2) buffered : 186 bytes. Window: 1222328
nc DEBUG: SSH: ssh_channel_read_timeout: Read (1) buffered : 184 bytes. Window: 1222328
nc DEBUG: SSH: ssh_channel_read_timeout: Read (1) buffered : 183 bytes. Window: 1222328
nc DEBUG: SSH: ssh_channel_read_timeout: Read (1) buffered : 182 bytes. Window: 1222328
nc DEBUG: SSH: ssh_channel_read_timeout: Read (1) buffered : 181 bytes. Window: 1222328
nc DEBUG: SSH: ssh_channel_read_timeout: Read (180) buffered : 180 bytes. Window: 1222328
nc DEBUG: SSH: ssh_channel_read_timeout: Read (2) buffered : 0 bytes. Window: 1222328
nc DEBUG: SSH: ssh_packet_socket_callback: packet: read type 94 [len=24,padding=10,comp=13,payload=13]
nc DEBUG: SSH: ssh_packet_process: Dispatching handler for packet type 94
nc DEBUG: SSH: channel_rcv_data: Channel receiving 4 bytes data in 0 (local win=1222328 remote win=1247298)
nc DEBUG: SSH: channel_default_bufferize: placing 4 bytes into channel buffer (stdout)
nc DEBUG: SSH: channel_rcv_data: Channel windows are now (local win=1222324 remote win=1247298)
nc DEBUG: SSH: ssh_packet_need_rekey: rekey: [data_rekey_needed=0, out_blocks=4257, in_blocks=7928]
nc DEBUG: SSH: ssh_channel_read_timeout: Read (1) buffered : 2 bytes. Window: 1222324
nc DEBUG: SSH: ssh_channel_read_timeout: Read (1) buffered : 1 bytes. Window: 1222324
nc DEBUG: Received message:
<rpc-reply xmlns="urn:ietf:params:xml:ns:netconf:base:1.0" message-id="111"><next-update-at xmlns="urn:o-ran:supervision:1.0">2026-04-14T02:26:43+00:00</next-update-at></rpc-reply>

DATA
<next-update-at xmlns="urn:o-ran:supervision:1.0">2026-04-14T11:26:43+09:00</next-update-at>

nc DEBUG: Received message:
<notification xmlns="urn:ietf:params:xml:ns:netconf:notification:1.0"><eventTime>2026-04-14T02:26:43Z</eventTime><supervision-notification xmlns="urn:o-ran:supervision:1.0"/></notification>

notification (2026-04-14T02:26:43Z)
<supervision-notification xmlns="urn:o-ran:supervision:1.0"/>

Client SENT :  user-rpc --content /mplane_automation/conformance_test/watchdog.xml
nc DEBUG: Sending message:

#287


nc DEBUG: SSH: ssh_packet_need_rekey: rekey: [data_rekey_needed=0, out_blocks=4258, in_blocks=7955]
nc DEBUG: SSH: ssh_socket_unbuffered_write: Enabling POLLOUT for socket
nc DEBUG: SSH: packet_send2: packet: wrote [type=94, len=24, padding_size=8, comp=15, payload=15]
nc DEBUG: SSH: channel_write_common: ssh_channel_write wrote 6 bytes
nc DEBUG: Sending message:
<rpc xmlns="urn:ietf:params:xml:ns:netconf:base:1.0" message-id="112"><supervision-watchdog-reset xmlns="urn:o-ran:supervision:1.0"><supervision-notification-interval>10</supervision-notification-interval><guard-timer-overhead>10</guard-timer-overhead></supervision-watchdog-reset></rpc>

nc DEBUG: SSH: ssh_packet_need_rekey: rekey: [data_rekey_needed=0, out_blocks=4295, in_blocks=7991]
nc DEBUG: SSH: packet_send2: packet: wrote [type=94, len=304, padding_size=7, comp=296, payload=296]
nc DEBUG: SSH: channel_write_common: ssh_channel_write wrote 287 bytes
nc DEBUG: SSH: ssh_socket_unbuffered_write: Enabling POLLOUT for socket
nc DEBUG: Sending message:

##


nc DEBUG: SSH: ssh_packet_need_rekey: rekey: [data_rekey_needed=0, out_blocks=4296, in_blocks=7955]
nc DEBUG: SSH: packet_send2: packet: wrote [type=94, len=24, padding_size=10, comp=13, payload=13]
nc DEBUG: SSH: channel_write_common: ssh_channel_write wrote 4 bytes
nc DEBUG: SSH: ssh_socket_unbuffered_write: Enabling POLLOUT for socket
nc DEBUG: SSH: ssh_packet_socket_callback: packet: read type 94 [len=24,padding=8,comp=15,payload=15]
nc DEBUG: SSH: ssh_packet_process: Dispatching handler for packet type 94
nc DEBUG: SSH: channel_rcv_data: Channel receiving 6 bytes data in 0 (local win=1222125 remote win=1247001)
nc DEBUG: SSH: channel_default_bufferize: placing 6 bytes into channel buffer (stdout)
nc DEBUG: SSH: channel_rcv_data: Channel windows are now (local win=1222119 remote win=1247001)
nc DEBUG: SSH: ssh_packet_socket_callback: Processing 220 bytes left in socket buffer
nc DEBUG: SSH: ssh_packet_socket_callback: packet: read type 94 [len=200,padding=10,comp=189,payload=189]
nc DEBUG: SSH: ssh_packet_process: Dispatching handler for packet type 94
nc DEBUG: SSH: channel_rcv_data: Channel receiving 180 bytes data in 0 (local win=1222119 remote win=1247001)
nc DEBUG: SSH: channel_default_bufferize: placing 180 bytes into channel buffer (stdout)
nc DEBUG: SSH: channel_rcv_data: Channel windows are now (local win=1221939 remote win=1247001)
nc DEBUG: SSH: ssh_packet_need_rekey: rekey: [data_rekey_needed=0, out_blocks=4296, in_blocks=7978]
nc DEBUG: SSH: ssh_packet_need_rekey: rekey: [data_rekey_needed=0, out_blocks=4296, in_blocks=7978]
nc DEBUG: SSH: ssh_channel_read_timeout: Read (2) buffered : 186 bytes. Window: 1221939
nc DEBUG: SSH: ssh_channel_read_timeout: Read (1) buffered : 184 bytes. Window: 1221939
nc DEBUG: SSH: ssh_channel_read_timeout: Read (1) buffered : 183 bytes. Window: 1221939
nc DEBUG: SSH: ssh_channel_read_timeout: Read (1) buffered : 182 bytes. Window: 1221939
nc DEBUG: SSH: ssh_channel_read_timeout: Read (1) buffered : 181 bytes. Window: 1221939
nc DEBUG: SSH: ssh_channel_read_timeout: Read (180) buffered : 180 bytes. Window: 1221939
nc DEBUG: SSH: ssh_channel_read_timeout: Read (2) buffered : 0 bytes. Window: 1221939
nc DEBUG: SSH: ssh_packet_socket_callback: packet: read type 94 [len=24,padding=10,comp=13,payload=13]
nc DEBUG: SSH: ssh_packet_process: Dispatching handler for packet type 94
nc DEBUG: SSH: channel_rcv_data: Channel receiving 4 bytes data in 0 (local win=1221939 remote win=1247001)
nc DEBUG: SSH: channel_default_bufferize: placing 4 bytes into channel buffer (stdout)
nc DEBUG: SSH: channel_rcv_data: Channel windows are now (local win=1221935 remote win=1247001)
nc DEBUG: SSH: ssh_packet_need_rekey: rekey: [data_rekey_needed=0, out_blocks=4296, in_blocks=7979]
nc DEBUG: SSH: ssh_channel_read_timeout: Read (1) buffered : 2 bytes. Window: 1221935
nc DEBUG: SSH: ssh_channel_read_timeout: Read (1) buffered : 1 bytes. Window: 1221935
nc DEBUG: Received message:
<rpc-reply xmlns="urn:ietf:params:xml:ns:netconf:base:1.0" message-id="112"><next-update-at xmlns="urn:o-ran:supervision:1.0">2026-04-14T02:26:53+00:00</next-update-at></rpc-reply>

DATA
<next-update-at xmlns="urn:o-ran:supervision:1.0">2026-04-14T11:26:53+09:00</next-update-at>

nc DEBUG: Received message:
<notification xmlns="urn:ietf:params:xml:ns:netconf:notification:1.0"><eventTime>2026-04-14T02:26:53Z</eventTime><supervision-notification xmlns="urn:o-ran:supervision:1.0"/></notification>

notification (2026-04-14T02:26:53Z)
<supervision-notification xmlns="urn:o-ran:supervision:1.0"/>

Client SENT :  user-rpc --content /mplane_automation/conformance_test/watchdog.xml
nc DEBUG: Sending message:

#287


nc DEBUG: SSH: ssh_packet_need_rekey: rekey: [data_rekey_needed=0, out_blocks=4297, in_blocks=8006]
nc DEBUG: SSH: ssh_socket_unbuffered_write: Enabling POLLOUT for socket
nc DEBUG: SSH: packet_send2: packet: wrote [type=94, len=24, padding_size=8, comp=15, payload=15]
nc DEBUG: SSH: channel_write_common: ssh_channel_write wrote 6 bytes
nc DEBUG: Sending message:
<rpc xmlns="urn:ietf:params:xml:ns:netconf:base:1.0" message-id="113"><supervision-watchdog-reset xmlns="urn:o-ran:supervision:1.0"><supervision-notification-interval>10</supervision-notification-interval><guard-timer-overhead>10</guard-timer-overhead></supervision-watchdog-reset></rpc>

nc DEBUG: SSH: ssh_packet_need_rekey: rekey: [data_rekey_needed=0, out_blocks=4334, in_blocks=8042]
nc DEBUG: SSH: packet_send2: packet: wrote [type=94, len=304, padding_size=7, comp=296, payload=296]
nc DEBUG: SSH: channel_write_common: ssh_channel_write wrote 287 bytes
nc DEBUG: SSH: ssh_socket_unbuffered_write: Enabling POLLOUT for socket
nc DEBUG: Sending message:

##


nc DEBUG: SSH: ssh_packet_need_rekey: rekey: [data_rekey_needed=0, out_blocks=4335, in_blocks=8006]
nc DEBUG: SSH: packet_send2: packet: wrote [type=94, len=24, padding_size=10, comp=13, payload=13]
nc DEBUG: SSH: channel_write_common: ssh_channel_write wrote 4 bytes
nc DEBUG: SSH: ssh_socket_unbuffered_write: Enabling POLLOUT for socket
nc DEBUG: SSH: ssh_packet_socket_callback: packet: read type 94 [len=24,padding=8,comp=15,payload=15]
nc DEBUG: SSH: ssh_packet_process: Dispatching handler for packet type 94
nc DEBUG: SSH: channel_rcv_data: Channel receiving 6 bytes data in 0 (local win=1221736 remote win=1246704)
nc DEBUG: SSH: channel_default_bufferize: placing 6 bytes into channel buffer (stdout)
nc DEBUG: SSH: channel_rcv_data: Channel windows are now (local win=1221730 remote win=1246704)
nc DEBUG: SSH: ssh_packet_need_rekey: rekey: [data_rekey_needed=0, out_blocks=4335, in_blocks=8006]
nc DEBUG: SSH: ssh_channel_read_timeout: Read (2) buffered : 6 bytes. Window: 1221730
nc DEBUG: SSH: ssh_channel_read_timeout: Read (1) buffered : 4 bytes. Window: 1221730
nc DEBUG: SSH: ssh_channel_read_timeout: Read (1) buffered : 3 bytes. Window: 1221730
nc DEBUG: SSH: ssh_channel_read_timeout: Read (1) buffered : 2 bytes. Window: 1221730
nc DEBUG: SSH: ssh_channel_read_timeout: Read (1) buffered : 1 bytes. Window: 1221730
nc DEBUG: SSH: ssh_channel_read_timeout: Read (180) buffered : 0 bytes. Window: 1221730
nc DEBUG: SSH: ssh_packet_socket_callback: packet: read type 94 [len=200,padding=10,comp=189,payload=189]
nc DEBUG: SSH: ssh_packet_process: Dispatching handler for packet type 94
nc DEBUG: SSH: channel_rcv_data: Channel receiving 180 bytes data in 0 (local win=1221730 remote win=1246704)
nc DEBUG: SSH: channel_default_bufferize: placing 180 bytes into channel buffer (stdout)
nc DEBUG: SSH: channel_rcv_data: Channel windows are now (local win=1221550 remote win=1246704)
nc DEBUG: SSH: ssh_packet_need_rekey: rekey: [data_rekey_needed=0, out_blocks=4335, in_blocks=8029]
nc DEBUG: SSH: ssh_channel_read_timeout: Read (2) buffered : 0 bytes. Window: 1221550
nc DEBUG: SSH: ssh_packet_socket_callback: packet: read type 94 [len=24,padding=10,comp=13,payload=13]
nc DEBUG: SSH: ssh_packet_process: Dispatching handler for packet type 94
nc DEBUG: SSH: channel_rcv_data: Channel receiving 4 bytes data in 0 (local win=1221550 remote win=1246704)
nc DEBUG: SSH: channel_default_bufferize: placing 4 bytes into channel buffer (stdout)
nc DEBUG: SSH: channel_rcv_data: Channel windows are now (local win=1221546 remote win=1246704)
nc DEBUG: SSH: ssh_packet_need_rekey: rekey: [data_rekey_needed=0, out_blocks=4335, in_blocks=8030]
nc DEBUG: SSH: ssh_channel_read_timeout: Read (1) buffered : 2 bytes. Window: 1221546
nc DEBUG: SSH: ssh_channel_read_timeout: Read (1) buffered : 1 bytes. Window: 1221546
nc DEBUG: Received message:
<rpc-reply xmlns="urn:ietf:params:xml:ns:netconf:base:1.0" message-id="113"><next-update-at xmlns="urn:o-ran:supervision:1.0">2026-04-14T02:27:03+00:00</next-update-at></rpc-reply>

DATA
<next-update-at xmlns="urn:o-ran:supervision:1.0">2026-04-14T11:27:03+09:00</next-update-at>

nc DEBUG: Received message:
<notification xmlns="urn:ietf:params:xml:ns:netconf:notification:1.0"><eventTime>2026-04-14T02:27:03Z</eventTime><supervision-notification xmlns="urn:o-ran:supervision:1.0"/></notification>

notification (2026-04-14T02:27:03Z)
<supervision-notification xmlns="urn:o-ran:supervision:1.0"/>

Client SENT :  user-rpc --content /mplane_automation/conformance_test/watchdog.xml
nc DEBUG: Sending message:

#287


nc DEBUG: SSH: ssh_packet_need_rekey: rekey: [data_rekey_needed=0, out_blocks=4336, in_blocks=8057]
nc DEBUG: SSH: ssh_socket_unbuffered_write: Enabling POLLOUT for socket
nc DEBUG: SSH: packet_send2: packet: wrote [type=94, len=24, padding_size=8, comp=15, payload=15]
nc DEBUG: SSH: channel_write_common: ssh_channel_write wrote 6 bytes
nc DEBUG: Sending message:
<rpc xmlns="urn:ietf:params:xml:ns:netconf:base:1.0" message-id="114"><supervision-watchdog-reset xmlns="urn:o-ran:supervision:1.0"><supervision-notification-interval>10</supervision-notification-interval><guard-timer-overhead>10</guard-timer-overhead></supervision-watchdog-reset></rpc>

nc DEBUG: SSH: ssh_packet_need_rekey: rekey: [data_rekey_needed=0, out_blocks=4373, in_blocks=8093]
nc DEBUG: SSH: packet_send2: packet: wrote [type=94, len=304, padding_size=7, comp=296, payload=296]
nc DEBUG: SSH: channel_write_common: ssh_channel_write wrote 287 bytes
nc DEBUG: SSH: ssh_socket_unbuffered_write: Enabling POLLOUT for socket
nc DEBUG: Sending message:

##


nc DEBUG: SSH: ssh_packet_need_rekey: rekey: [data_rekey_needed=0, out_blocks=4374, in_blocks=8057]
nc DEBUG: SSH: packet_send2: packet: wrote [type=94, len=24, padding_size=10, comp=13, payload=13]
nc DEBUG: SSH: channel_write_common: ssh_channel_write wrote 4 bytes
nc DEBUG: SSH: ssh_socket_unbuffered_write: Enabling POLLOUT for socket
nc DEBUG: SSH: ssh_packet_socket_callback: packet: read type 94 [len=24,padding=8,comp=15,payload=15]
nc DEBUG: SSH: ssh_packet_process: Dispatching handler for packet type 94
nc DEBUG: SSH: channel_rcv_data: Channel receiving 6 bytes data in 0 (local win=1221347 remote win=1246407)
nc DEBUG: SSH: channel_default_bufferize: placing 6 bytes into channel buffer (stdout)
nc DEBUG: SSH: channel_rcv_data: Channel windows are now (local win=1221341 remote win=1246407)
nc DEBUG: SSH: ssh_packet_need_rekey: rekey: [data_rekey_needed=0, out_blocks=4374, in_blocks=8057]
nc DEBUG: SSH: ssh_channel_read_timeout: Read (2) buffered : 6 bytes. Window: 1221341
nc DEBUG: SSH: ssh_channel_read_timeout: Read (1) buffered : 4 bytes. Window: 1221341
nc DEBUG: SSH: ssh_channel_read_timeout: Read (1) buffered : 3 bytes. Window: 1221341
nc DEBUG: SSH: ssh_channel_read_timeout: Read (1) buffered : 2 bytes. Window: 1221341
nc DEBUG: SSH: ssh_channel_read_timeout: Read (1) buffered : 1 bytes. Window: 1221341
nc DEBUG: SSH: ssh_channel_read_timeout: Read (180) buffered : 0 bytes. Window: 1221341
nc DEBUG: SSH: ssh_packet_socket_callback: packet: read type 94 [len=200,padding=10,comp=189,payload=189]
nc DEBUG: SSH: ssh_packet_process: Dispatching handler for packet type 94
nc DEBUG: SSH: channel_rcv_data: Channel receiving 180 bytes data in 0 (local win=1221341 remote win=1246407)
nc DEBUG: SSH: channel_default_bufferize: placing 180 bytes into channel buffer (stdout)
nc DEBUG: SSH: channel_rcv_data: Channel windows are now (local win=1221161 remote win=1246407)
nc DEBUG: SSH: ssh_packet_socket_callback: Processing 44 bytes left in socket buffer
nc DEBUG: SSH: ssh_packet_socket_callback: packet: read type 94 [len=24,padding=10,comp=13,payload=13]
nc DEBUG: SSH: ssh_packet_process: Dispatching handler for packet type 94
nc DEBUG: SSH: channel_rcv_data: Channel receiving 4 bytes data in 0 (local win=1221161 remote win=1246407)
nc DEBUG: SSH: channel_default_bufferize: placing 4 bytes into channel buffer (stdout)
nc DEBUG: SSH: channel_rcv_data: Channel windows are now (local win=1221157 remote win=1246407)
nc DEBUG: SSH: ssh_packet_need_rekey: rekey: [data_rekey_needed=0, out_blocks=4374, in_blocks=8081]
nc DEBUG: SSH: ssh_packet_need_rekey: rekey: [data_rekey_needed=0, out_blocks=4374, in_blocks=8081]
nc DEBUG: SSH: ssh_channel_read_timeout: Read (2) buffered : 4 bytes. Window: 1221157
nc DEBUG: SSH: ssh_channel_read_timeout: Read (1) buffered : 2 bytes. Window: 1221157
nc DEBUG: SSH: ssh_channel_read_timeout: Read (1) buffered : 1 bytes. Window: 1221157
nc DEBUG: Received message:
<rpc-reply xmlns="urn:ietf:params:xml:ns:netconf:base:1.0" message-id="114"><next-update-at xmlns="urn:o-ran:supervision:1.0">2026-04-14T02:27:13+00:00</next-update-at></rpc-reply>

DATA
<next-update-at xmlns="urn:o-ran:supervision:1.0">2026-04-14T11:27:13+09:00</next-update-at>

nc DEBUG: Received message:
<notification xmlns="urn:ietf:params:xml:ns:netconf:notification:1.0"><eventTime>2026-04-14T02:27:13Z</eventTime><supervision-notification xmlns="urn:o-ran:supervision:1.0"/></notification>

notification (2026-04-14T02:27:13Z)
<supervision-notification xmlns="urn:o-ran:supervision:1.0"/>

Client SENT :  user-rpc --content /mplane_automation/conformance_test/watchdog.xml
nc DEBUG: Sending message:

#287


nc DEBUG: SSH: ssh_packet_need_rekey: rekey: [data_rekey_needed=0, out_blocks=4375, in_blocks=8108]
nc DEBUG: SSH: ssh_socket_unbuffered_write: Enabling POLLOUT for socket
nc DEBUG: SSH: packet_send2: packet: wrote [type=94, len=24, padding_size=8, comp=15, payload=15]
nc DEBUG: SSH: channel_write_common: ssh_channel_write wrote 6 bytes
nc DEBUG: Sending message:
<rpc xmlns="urn:ietf:params:xml:ns:netconf:base:1.0" message-id="115"><supervision-watchdog-reset xmlns="urn:o-ran:supervision:1.0"><supervision-notification-interval>10</supervision-notification-interval><guard-timer-overhead>10</guard-timer-overhead></supervision-watchdog-reset></rpc>

nc DEBUG: SSH: ssh_packet_need_rekey: rekey: [data_rekey_needed=0, out_blocks=4412, in_blocks=8144]
nc DEBUG: SSH: packet_send2: packet: wrote [type=94, len=304, padding_size=7, comp=296, payload=296]
nc DEBUG: SSH: channel_write_common: ssh_channel_write wrote 287 bytes
nc DEBUG: SSH: ssh_socket_unbuffered_write: Enabling POLLOUT for socket
nc DEBUG: Sending message:

##


nc DEBUG: SSH: ssh_packet_need_rekey: rekey: [data_rekey_needed=0, out_blocks=4413, in_blocks=8108]
nc DEBUG: SSH: packet_send2: packet: wrote [type=94, len=24, padding_size=10, comp=13, payload=13]
nc DEBUG: SSH: channel_write_common: ssh_channel_write wrote 4 bytes
nc DEBUG: SSH: ssh_socket_unbuffered_write: Enabling POLLOUT for socket
nc DEBUG: SSH: ssh_packet_socket_callback: packet: read type 94 [len=24,padding=8,comp=15,payload=15]
nc DEBUG: SSH: ssh_packet_process: Dispatching handler for packet type 94
nc DEBUG: SSH: channel_rcv_data: Channel receiving 6 bytes data in 0 (local win=1220958 remote win=1246110)
nc DEBUG: SSH: channel_default_bufferize: placing 6 bytes into channel buffer (stdout)
nc DEBUG: SSH: channel_rcv_data: Channel windows are now (local win=1220952 remote win=1246110)
nc DEBUG: SSH: ssh_packet_socket_callback: Processing 220 bytes left in socket buffer
nc DEBUG: SSH: ssh_packet_socket_callback: packet: read type 94 [len=200,padding=10,comp=189,payload=189]
nc DEBUG: SSH: ssh_packet_process: Dispatching handler for packet type 94
nc DEBUG: SSH: channel_rcv_data: Channel receiving 180 bytes data in 0 (local win=1220952 remote win=1246110)
nc DEBUG: SSH: channel_default_bufferize: placing 180 bytes into channel buffer (stdout)
nc DEBUG: SSH: channel_rcv_data: Channel windows are now (local win=1220772 remote win=1246110)
nc DEBUG: SSH: ssh_packet_need_rekey: rekey: [data_rekey_needed=0, out_blocks=4413, in_blocks=8131]
nc DEBUG: SSH: ssh_packet_need_rekey: rekey: [data_rekey_needed=0, out_blocks=4413, in_blocks=8131]
nc DEBUG: SSH: ssh_channel_read_timeout: Read (2) buffered : 186 bytes. Window: 1220772
nc DEBUG: SSH: ssh_channel_read_timeout: Read (1) buffered : 184 bytes. Window: 1220772
nc DEBUG: SSH: ssh_channel_read_timeout: Read (1) buffered : 183 bytes. Window: 1220772
nc DEBUG: SSH: ssh_channel_read_timeout: Read (1) buffered : 182 bytes. Window: 1220772
nc DEBUG: SSH: ssh_channel_read_timeout: Read (1) buffered : 181 bytes. Window: 1220772
nc DEBUG: SSH: ssh_channel_read_timeout: Read (180) buffered : 180 bytes. Window: 1220772
nc DEBUG: SSH: ssh_channel_read_timeout: Read (2) buffered : 0 bytes. Window: 1220772
nc DEBUG: SSH: ssh_packet_socket_callback: packet: read type 94 [len=24,padding=10,comp=13,payload=13]
nc DEBUG: SSH: ssh_packet_process: Dispatching handler for packet type 94
nc DEBUG: SSH: channel_rcv_data: Channel receiving 4 bytes data in 0 (local win=1220772 remote win=1246110)
nc DEBUG: SSH: channel_default_bufferize: placing 4 bytes into channel buffer (stdout)
nc DEBUG: SSH: channel_rcv_data: Channel windows are now (local win=1220768 remote win=1246110)
nc DEBUG: SSH: ssh_packet_need_rekey: rekey: [data_rekey_needed=0, out_blocks=4413, in_blocks=8132]
nc DEBUG: SSH: ssh_channel_read_timeout: Read (1) buffered : 2 bytes. Window: 1220768
nc DEBUG: SSH: ssh_channel_read_timeout: Read (1) buffered : 1 bytes. Window: 1220768
nc DEBUG: Received message:
<rpc-reply xmlns="urn:ietf:params:xml:ns:netconf:base:1.0" message-id="115"><next-update-at xmlns="urn:o-ran:supervision:1.0">2026-04-14T02:27:23+00:00</next-update-at></rpc-reply>

DATA
<next-update-at xmlns="urn:o-ran:supervision:1.0">2026-04-14T11:27:23+09:00</next-update-at>

nc DEBUG: Received message:
<notification xmlns="urn:ietf:params:xml:ns:netconf:notification:1.0"><eventTime>2026-04-14T02:27:23Z</eventTime><supervision-notification xmlns="urn:o-ran:supervision:1.0"/></notification>

notification (2026-04-14T02:27:23Z)
<supervision-notification xmlns="urn:o-ran:supervision:1.0"/>

Client SENT :  user-rpc --content /mplane_automation/conformance_test/watchdog.xml
nc DEBUG: Sending message:

#287


nc DEBUG: SSH: ssh_packet_need_rekey: rekey: [data_rekey_needed=0, out_blocks=4414, in_blocks=8159]
nc DEBUG: SSH: ssh_socket_unbuffered_write: Enabling POLLOUT for socket
nc DEBUG: SSH: packet_send2: packet: wrote [type=94, len=24, padding_size=8, comp=15, payload=15]
nc DEBUG: SSH: channel_write_common: ssh_channel_write wrote 6 bytes
nc DEBUG: Sending message:
<rpc xmlns="urn:ietf:params:xml:ns:netconf:base:1.0" message-id="116"><supervision-watchdog-reset xmlns="urn:o-ran:supervision:1.0"><supervision-notification-interval>10</supervision-notification-interval><guard-timer-overhead>10</guard-timer-overhead></supervision-watchdog-reset></rpc>

nc DEBUG: SSH: ssh_packet_need_rekey: rekey: [data_rekey_needed=0, out_blocks=4451, in_blocks=8195]
nc DEBUG: SSH: packet_send2: packet: wrote [type=94, len=304, padding_size=7, comp=296, payload=296]
nc DEBUG: SSH: channel_write_common: ssh_channel_write wrote 287 bytes
nc DEBUG: SSH: ssh_socket_unbuffered_write: Enabling POLLOUT for socket
nc DEBUG: Sending message:

##


nc DEBUG: SSH: ssh_packet_need_rekey: rekey: [data_rekey_needed=0, out_blocks=4452, in_blocks=8159]
nc DEBUG: SSH: packet_send2: packet: wrote [type=94, len=24, padding_size=10, comp=13, payload=13]
nc DEBUG: SSH: channel_write_common: ssh_channel_write wrote 4 bytes
nc DEBUG: SSH: ssh_socket_unbuffered_write: Enabling POLLOUT for socket
nc DEBUG: SSH: ssh_packet_socket_callback: packet: read type 94 [len=24,padding=8,comp=15,payload=15]
nc DEBUG: SSH: ssh_packet_process: Dispatching handler for packet type 94
nc DEBUG: SSH: channel_rcv_data: Channel receiving 6 bytes data in 0 (local win=1220569 remote win=1245813)
nc DEBUG: SSH: channel_default_bufferize: placing 6 bytes into channel buffer (stdout)
nc DEBUG: SSH: channel_rcv_data: Channel windows are now (local win=1220563 remote win=1245813)
nc DEBUG: SSH: ssh_packet_need_rekey: rekey: [data_rekey_needed=0, out_blocks=4452, in_blocks=8159]
nc DEBUG: SSH: ssh_channel_read_timeout: Read (2) buffered : 6 bytes. Window: 1220563
nc DEBUG: SSH: ssh_channel_read_timeout: Read (1) buffered : 4 bytes. Window: 1220563
nc DEBUG: SSH: ssh_channel_read_timeout: Read (1) buffered : 3 bytes. Window: 1220563
nc DEBUG: SSH: ssh_channel_read_timeout: Read (1) buffered : 2 bytes. Window: 1220563
nc DEBUG: SSH: ssh_channel_read_timeout: Read (1) buffered : 1 bytes. Window: 1220563
nc DEBUG: SSH: ssh_channel_read_timeout: Read (180) buffered : 0 bytes. Window: 1220563
nc DEBUG: SSH: ssh_packet_socket_callback: packet: read type 94 [len=200,padding=10,comp=189,payload=189]
nc DEBUG: SSH: ssh_packet_process: Dispatching handler for packet type 94
nc DEBUG: SSH: channel_rcv_data: Channel receiving 180 bytes data in 0 (local win=1220563 remote win=1245813)
nc DEBUG: SSH: channel_default_bufferize: placing 180 bytes into channel buffer (stdout)
nc DEBUG: SSH: channel_rcv_data: Channel windows are now (local win=1220383 remote win=1245813)
nc DEBUG: SSH: ssh_packet_need_rekey: rekey: [data_rekey_needed=0, out_blocks=4452, in_blocks=8182]
nc DEBUG: SSH: ssh_channel_read_timeout: Read (2) buffered : 0 bytes. Window: 1220383
nc DEBUG: SSH: ssh_packet_socket_callback: packet: read type 94 [len=24,padding=10,comp=13,payload=13]
nc DEBUG: SSH: ssh_packet_process: Dispatching handler for packet type 94
nc DEBUG: SSH: channel_rcv_data: Channel receiving 4 bytes data in 0 (local win=1220383 remote win=1245813)
nc DEBUG: SSH: channel_default_bufferize: placing 4 bytes into channel buffer (stdout)
nc DEBUG: SSH: channel_rcv_data: Channel windows are now (local win=1220379 remote win=1245813)
nc DEBUG: SSH: ssh_packet_need_rekey: rekey: [data_rekey_needed=0, out_blocks=4452, in_blocks=8183]
nc DEBUG: SSH: ssh_channel_read_timeout: Read (1) buffered : 2 bytes. Window: 1220379
nc DEBUG: SSH: ssh_channel_read_timeout: Read (1) buffered : 1 bytes. Window: 1220379
nc DEBUG: Received message:
<rpc-reply xmlns="urn:ietf:params:xml:ns:netconf:base:1.0" message-id="116"><next-update-at xmlns="urn:o-ran:supervision:1.0">2026-04-14T02:27:33+00:00</next-update-at></rpc-reply>

DATA
<next-update-at xmlns="urn:o-ran:supervision:1.0">2026-04-14T11:27:33+09:00</next-update-at>

nc DEBUG: Received message:
<notification xmlns="urn:ietf:params:xml:ns:netconf:notification:1.0"><eventTime>2026-04-14T02:27:33Z</eventTime><supervision-notification xmlns="urn:o-ran:supervision:1.0"/></notification>

notification (2026-04-14T02:27:33Z)
<supervision-notification xmlns="urn:o-ran:supervision:1.0"/>

Client SENT :  user-rpc --content /mplane_automation/conformance_test/watchdog.xml
nc DEBUG: Sending message:

#287


nc DEBUG: SSH: ssh_packet_need_rekey: rekey: [data_rekey_needed=0, out_blocks=4453, in_blocks=8210]
nc DEBUG: SSH: ssh_socket_unbuffered_write: Enabling POLLOUT for socket
nc DEBUG: SSH: packet_send2: packet: wrote [type=94, len=24, padding_size=8, comp=15, payload=15]
nc DEBUG: SSH: channel_write_common: ssh_channel_write wrote 6 bytes
nc DEBUG: Sending message:
<rpc xmlns="urn:ietf:params:xml:ns:netconf:base:1.0" message-id="117"><supervision-watchdog-reset xmlns="urn:o-ran:supervision:1.0"><supervision-notification-interval>10</supervision-notification-interval><guard-timer-overhead>10</guard-timer-overhead></supervision-watchdog-reset></rpc>

nc DEBUG: SSH: ssh_packet_need_rekey: rekey: [data_rekey_needed=0, out_blocks=4490, in_blocks=8246]
nc DEBUG: SSH: packet_send2: packet: wrote [type=94, len=304, padding_size=7, comp=296, payload=296]
nc DEBUG: SSH: channel_write_common: ssh_channel_write wrote 287 bytes
nc DEBUG: SSH: ssh_socket_unbuffered_write: Enabling POLLOUT for socket
nc DEBUG: Sending message:

##


nc DEBUG: SSH: ssh_packet_need_rekey: rekey: [data_rekey_needed=0, out_blocks=4491, in_blocks=8210]
nc DEBUG: SSH: packet_send2: packet: wrote [type=94, len=24, padding_size=10, comp=13, payload=13]
nc DEBUG: SSH: channel_write_common: ssh_channel_write wrote 4 bytes
nc DEBUG: SSH: ssh_socket_unbuffered_write: Enabling POLLOUT for socket
nc DEBUG: SSH: ssh_packet_socket_callback: packet: read type 94 [len=24,padding=8,comp=15,payload=15]
nc DEBUG: SSH: ssh_packet_process: Dispatching handler for packet type 94
nc DEBUG: SSH: channel_rcv_data: Channel receiving 6 bytes data in 0 (local win=1220180 remote win=1245516)
nc DEBUG: SSH: channel_default_bufferize: placing 6 bytes into channel buffer (stdout)
nc DEBUG: SSH: channel_rcv_data: Channel windows are now (local win=1220174 remote win=1245516)
nc DEBUG: SSH: ssh_packet_need_rekey: rekey: [data_rekey_needed=0, out_blocks=4491, in_blocks=8210]
nc DEBUG: SSH: ssh_channel_read_timeout: Read (2) buffered : 6 bytes. Window: 1220174
nc DEBUG: SSH: ssh_channel_read_timeout: Read (1) buffered : 4 bytes. Window: 1220174
nc DEBUG: SSH: ssh_channel_read_timeout: Read (1) buffered : 3 bytes. Window: 1220174
nc DEBUG: SSH: ssh_channel_read_timeout: Read (1) buffered : 2 bytes. Window: 1220174
nc DEBUG: SSH: ssh_channel_read_timeout: Read (1) buffered : 1 bytes. Window: 1220174
nc DEBUG: SSH: ssh_channel_read_timeout: Read (180) buffered : 0 bytes. Window: 1220174
nc DEBUG: SSH: ssh_packet_socket_callback: packet: read type 94 [len=200,padding=10,comp=189,payload=189]
nc DEBUG: SSH: ssh_packet_process: Dispatching handler for packet type 94
nc DEBUG: SSH: channel_rcv_data: Channel receiving 180 bytes data in 0 (local win=1220174 remote win=1245516)
nc DEBUG: SSH: channel_default_bufferize: placing 180 bytes into channel buffer (stdout)
nc DEBUG: SSH: channel_rcv_data: Channel windows are now (local win=1219994 remote win=1245516)
nc DEBUG: SSH: ssh_packet_need_rekey: rekey: [data_rekey_needed=0, out_blocks=4491, in_blocks=8233]
nc DEBUG: SSH: ssh_channel_read_timeout: Read (2) buffered : 0 bytes. Window: 1219994
nc DEBUG: SSH: ssh_packet_socket_callback: packet: read type 94 [len=24,padding=10,comp=13,payload=13]
nc DEBUG: SSH: ssh_packet_process: Dispatching handler for packet type 94
nc DEBUG: SSH: channel_rcv_data: Channel receiving 4 bytes data in 0 (local win=1219994 remote win=1245516)
nc DEBUG: SSH: channel_default_bufferize: placing 4 bytes into channel buffer (stdout)
nc DEBUG: SSH: channel_rcv_data: Channel windows are now (local win=1219990 remote win=1245516)
nc DEBUG: SSH: ssh_packet_need_rekey: rekey: [data_rekey_needed=0, out_blocks=4491, in_blocks=8234]
nc DEBUG: SSH: ssh_channel_read_timeout: Read (1) buffered : 2 bytes. Window: 1219990
nc DEBUG: SSH: ssh_channel_read_timeout: Read (1) buffered : 1 bytes. Window: 1219990
nc DEBUG: Received message:
<rpc-reply xmlns="urn:ietf:params:xml:ns:netconf:base:1.0" message-id="117"><next-update-at xmlns="urn:o-ran:supervision:1.0">2026-04-14T02:27:43+00:00</next-update-at></rpc-reply>

DATA
<next-update-at xmlns="urn:o-ran:supervision:1.0">2026-04-14T11:27:43+09:00</next-update-at>

nc DEBUG: Received message:
<notification xmlns="urn:ietf:params:xml:ns:netconf:notification:1.0"><eventTime>2026-04-14T02:27:35Z</eventTime><netconf-session-start xmlns="urn:ietf:params:xml:ns:yang:ietf-netconf-notifications"><username>oranuser</username><session-id>6</session-id><source-host>::ffff:192.168.80.171</source-host></netconf-session-start></notification>

notification (2026-04-14T02:27:35Z)
<netconf-session-start xmlns="urn:ietf:params:xml:ns:yang:ietf-netconf-notifications">
  <username>oranuser</username>
  <session-id>6</session-id>
  <source-host>::ffff:192.168.80.171</source-host>
</netconf-session-start>

nc DEBUG: Received message:
<notification xmlns="urn:ietf:params:xml:ns:netconf:notification:1.0"><eventTime>2026-04-14T02:27:43Z</eventTime><supervision-notification xmlns="urn:o-ran:supervision:1.0"/></notification>

notification (2026-04-14T02:27:43Z)
<supervision-notification xmlns="urn:o-ran:supervision:1.0"/>

Client SENT :  user-rpc --content /mplane_automation/conformance_test/watchdog.xml
nc DEBUG: Sending message:

#287


nc DEBUG: SSH: ssh_packet_need_rekey: rekey: [data_rekey_needed=0, out_blocks=4492, in_blocks=8306]
nc DEBUG: SSH: ssh_socket_unbuffered_write: Enabling POLLOUT for socket
nc DEBUG: SSH: packet_send2: packet: wrote [type=94, len=24, padding_size=8, comp=15, payload=15]
nc DEBUG: SSH: channel_write_common: ssh_channel_write wrote 6 bytes
nc DEBUG: Sending message:
<rpc xmlns="urn:ietf:params:xml:ns:netconf:base:1.0" message-id="118"><supervision-watchdog-reset xmlns="urn:o-ran:supervision:1.0"><supervision-notification-interval>10</supervision-notification-interval><guard-timer-overhead>10</guard-timer-overhead></supervision-watchdog-reset></rpc>

nc DEBUG: SSH: ssh_packet_need_rekey: rekey: [data_rekey_needed=0, out_blocks=4529, in_blocks=8342]
nc DEBUG: SSH: packet_send2: packet: wrote [type=94, len=304, padding_size=7, comp=296, payload=296]
nc DEBUG: SSH: channel_write_common: ssh_channel_write wrote 287 bytes
nc DEBUG: SSH: ssh_socket_unbuffered_write: Enabling POLLOUT for socket
nc DEBUG: Sending message:

##


nc DEBUG: SSH: ssh_packet_need_rekey: rekey: [data_rekey_needed=0, out_blocks=4530, in_blocks=8306]
nc DEBUG: SSH: packet_send2: packet: wrote [type=94, len=24, padding_size=10, comp=13, payload=13]
nc DEBUG: SSH: channel_write_common: ssh_channel_write wrote 4 bytes
nc DEBUG: SSH: ssh_socket_unbuffered_write: Enabling POLLOUT for socket
nc DEBUG: SSH: ssh_packet_socket_callback: packet: read type 94 [len=24,padding=8,comp=15,payload=15]
nc DEBUG: SSH: ssh_packet_process: Dispatching handler for packet type 94
nc DEBUG: SSH: channel_rcv_data: Channel receiving 6 bytes data in 0 (local win=1219440 remote win=1245219)
nc DEBUG: SSH: channel_default_bufferize: placing 6 bytes into channel buffer (stdout)
nc DEBUG: SSH: channel_rcv_data: Channel windows are now (local win=1219434 remote win=1245219)
nc DEBUG: SSH: ssh_packet_need_rekey: rekey: [data_rekey_needed=0, out_blocks=4530, in_blocks=8306]
nc DEBUG: SSH: ssh_channel_read_timeout: Read (2) buffered : 6 bytes. Window: 1219434
nc DEBUG: SSH: ssh_channel_read_timeout: Read (1) buffered : 4 bytes. Window: 1219434
nc DEBUG: SSH: ssh_channel_read_timeout: Read (1) buffered : 3 bytes. Window: 1219434
nc DEBUG: SSH: ssh_channel_read_timeout: Read (1) buffered : 2 bytes. Window: 1219434
nc DEBUG: SSH: ssh_channel_read_timeout: Read (1) buffered : 1 bytes. Window: 1219434
nc DEBUG: SSH: ssh_channel_read_timeout: Read (180) buffered : 0 bytes. Window: 1219434
nc DEBUG: SSH: ssh_packet_socket_callback: packet: read type 94 [len=200,padding=10,comp=189,payload=189]
nc DEBUG: SSH: ssh_packet_process: Dispatching handler for packet type 94
nc DEBUG: SSH: channel_rcv_data: Channel receiving 180 bytes data in 0 (local win=1219434 remote win=1245219)
nc DEBUG: SSH: channel_default_bufferize: placing 180 bytes into channel buffer (stdout)
nc DEBUG: SSH: channel_rcv_data: Channel windows are now (local win=1219254 remote win=1245219)
nc DEBUG: SSH: ssh_packet_socket_callback: Processing 44 bytes left in socket buffer
nc DEBUG: SSH: ssh_packet_socket_callback: packet: read type 94 [len=24,padding=10,comp=13,payload=13]
nc DEBUG: SSH: ssh_packet_process: Dispatching handler for packet type 94
nc DEBUG: SSH: channel_rcv_data: Channel receiving 4 bytes data in 0 (local win=1219254 remote win=1245219)
nc DEBUG: SSH: channel_default_bufferize: placing 4 bytes into channel buffer (stdout)
nc DEBUG: SSH: channel_rcv_data: Channel windows are now (local win=1219250 remote win=1245219)
nc DEBUG: SSH: ssh_packet_need_rekey: rekey: [data_rekey_needed=0, out_blocks=4530, in_blocks=8330]
nc DEBUG: SSH: ssh_packet_need_rekey: rekey: [data_rekey_needed=0, out_blocks=4530, in_blocks=8330]
nc DEBUG: SSH: ssh_channel_read_timeout: Read (2) buffered : 4 bytes. Window: 1219250
nc DEBUG: SSH: ssh_channel_read_timeout: Read (1) buffered : 2 bytes. Window: 1219250
nc DEBUG: SSH: ssh_channel_read_timeout: Read (1) buffered : 1 bytes. Window: 1219250
nc DEBUG: Received message:
<rpc-reply xmlns="urn:ietf:params:xml:ns:netconf:base:1.0" message-id="118"><next-update-at xmlns="urn:o-ran:supervision:1.0">2026-04-14T02:27:53+00:00</next-update-at></rpc-reply>

DATA
<next-update-at xmlns="urn:o-ran:supervision:1.0">2026-04-14T11:27:53+09:00</next-update-at>

nc DEBUG: Received message:
<notification xmlns="urn:ietf:params:xml:ns:netconf:notification:1.0"><eventTime>2026-04-14T02:27:53Z</eventTime><supervision-notification xmlns="urn:o-ran:supervision:1.0"/></notification>

notification (2026-04-14T02:27:53Z)
<supervision-notification xmlns="urn:o-ran:supervision:1.0"/>

Client SENT :  user-rpc --content /mplane_automation/conformance_test/watchdog.xml
nc DEBUG: Sending message:

#287


nc DEBUG: SSH: ssh_packet_need_rekey: rekey: [data_rekey_needed=0, out_blocks=4531, in_blocks=8357]
nc DEBUG: SSH: ssh_socket_unbuffered_write: Enabling POLLOUT for socket
nc DEBUG: SSH: packet_send2: packet: wrote [type=94, len=24, padding_size=8, comp=15, payload=15]
nc DEBUG: SSH: channel_write_common: ssh_channel_write wrote 6 bytes
nc DEBUG: Sending message:
<rpc xmlns="urn:ietf:params:xml:ns:netconf:base:1.0" message-id="119"><supervision-watchdog-reset xmlns="urn:o-ran:supervision:1.0"><supervision-notification-interval>10</supervision-notification-interval><guard-timer-overhead>10</guard-timer-overhead></supervision-watchdog-reset></rpc>

nc DEBUG: SSH: ssh_packet_need_rekey: rekey: [data_rekey_needed=0, out_blocks=4568, in_blocks=8393]
nc DEBUG: SSH: packet_send2: packet: wrote [type=94, len=304, padding_size=7, comp=296, payload=296]
nc DEBUG: SSH: channel_write_common: ssh_channel_write wrote 287 bytes
nc DEBUG: SSH: ssh_socket_unbuffered_write: Enabling POLLOUT for socket
nc DEBUG: Sending message:

##


nc DEBUG: SSH: ssh_packet_need_rekey: rekey: [data_rekey_needed=0, out_blocks=4569, in_blocks=8357]
nc DEBUG: SSH: packet_send2: packet: wrote [type=94, len=24, padding_size=10, comp=13, payload=13]
nc DEBUG: SSH: channel_write_common: ssh_channel_write wrote 4 bytes
nc DEBUG: SSH: ssh_socket_unbuffered_write: Enabling POLLOUT for socket
nc DEBUG: SSH: ssh_packet_socket_callback: packet: read type 94 [len=24,padding=8,comp=15,payload=15]
nc DEBUG: SSH: ssh_packet_process: Dispatching handler for packet type 94
nc DEBUG: SSH: channel_rcv_data: Channel receiving 6 bytes data in 0 (local win=1219051 remote win=1244922)
nc DEBUG: SSH: channel_default_bufferize: placing 6 bytes into channel buffer (stdout)
nc DEBUG: SSH: channel_rcv_data: Channel windows are now (local win=1219045 remote win=1244922)
nc DEBUG: SSH: ssh_packet_socket_callback: Processing 220 bytes left in socket buffer
nc DEBUG: SSH: ssh_packet_socket_callback: packet: read type 94 [len=200,padding=10,comp=189,payload=189]
nc DEBUG: SSH: ssh_packet_process: Dispatching handler for packet type 94
nc DEBUG: SSH: channel_rcv_data: Channel receiving 180 bytes data in 0 (local win=1219045 remote win=1244922)
nc DEBUG: SSH: channel_default_bufferize: placing 180 bytes into channel buffer (stdout)
nc DEBUG: SSH: channel_rcv_data: Channel windows are now (local win=1218865 remote win=1244922)
nc DEBUG: SSH: ssh_packet_need_rekey: rekey: [data_rekey_needed=0, out_blocks=4569, in_blocks=8380]
nc DEBUG: SSH: ssh_packet_need_rekey: rekey: [data_rekey_needed=0, out_blocks=4569, in_blocks=8380]
nc DEBUG: SSH: ssh_channel_read_timeout: Read (2) buffered : 186 bytes. Window: 1218865
nc DEBUG: SSH: ssh_channel_read_timeout: Read (1) buffered : 184 bytes. Window: 1218865
nc DEBUG: SSH: ssh_channel_read_timeout: Read (1) buffered : 183 bytes. Window: 1218865
nc DEBUG: SSH: ssh_channel_read_timeout: Read (1) buffered : 182 bytes. Window: 1218865
nc DEBUG: SSH: ssh_channel_read_timeout: Read (1) buffered : 181 bytes. Window: 1218865
nc DEBUG: SSH: ssh_channel_read_timeout: Read (180) buffered : 180 bytes. Window: 1218865
nc DEBUG: SSH: ssh_channel_read_timeout: Read (2) buffered : 0 bytes. Window: 1218865
nc DEBUG: SSH: ssh_packet_socket_callback: packet: read type 94 [len=24,padding=10,comp=13,payload=13]
nc DEBUG: SSH: ssh_packet_process: Dispatching handler for packet type 94
nc DEBUG: SSH: channel_rcv_data: Channel receiving 4 bytes data in 0 (local win=1218865 remote win=1244922)
nc DEBUG: SSH: channel_default_bufferize: placing 4 bytes into channel buffer (stdout)
nc DEBUG: SSH: channel_rcv_data: Channel windows are now (local win=1218861 remote win=1244922)
nc DEBUG: SSH: ssh_packet_need_rekey: rekey: [data_rekey_needed=0, out_blocks=4569, in_blocks=8381]
nc DEBUG: SSH: ssh_channel_read_timeout: Read (1) buffered : 2 bytes. Window: 1218861
nc DEBUG: SSH: ssh_channel_read_timeout: Read (1) buffered : 1 bytes. Window: 1218861
nc DEBUG: Received message:
<rpc-reply xmlns="urn:ietf:params:xml:ns:netconf:base:1.0" message-id="119"><next-update-at xmlns="urn:o-ran:supervision:1.0">2026-04-14T02:28:03+00:00</next-update-at></rpc-reply>

DATA
<next-update-at xmlns="urn:o-ran:supervision:1.0">2026-04-14T11:28:03+09:00</next-update-at>

nc DEBUG: Received message:
<notification xmlns="urn:ietf:params:xml:ns:netconf:notification:1.0"><eventTime>2026-04-14T02:28:03Z</eventTime><supervision-notification xmlns="urn:o-ran:supervision:1.0"/></notification>

notification (2026-04-14T02:28:03Z)
<supervision-notification xmlns="urn:o-ran:supervision:1.0"/>

Client SENT :  user-rpc --content /mplane_automation/conformance_test/watchdog.xml
nc DEBUG: Sending message:

#287


nc DEBUG: SSH: ssh_packet_need_rekey: rekey: [data_rekey_needed=0, out_blocks=4570, in_blocks=8408]
nc DEBUG: SSH: ssh_socket_unbuffered_write: Enabling POLLOUT for socket
nc DEBUG: SSH: packet_send2: packet: wrote [type=94, len=24, padding_size=8, comp=15, payload=15]
nc DEBUG: SSH: channel_write_common: ssh_channel_write wrote 6 bytes
nc DEBUG: Sending message:
<rpc xmlns="urn:ietf:params:xml:ns:netconf:base:1.0" message-id="120"><supervision-watchdog-reset xmlns="urn:o-ran:supervision:1.0"><supervision-notification-interval>10</supervision-notification-interval><guard-timer-overhead>10</guard-timer-overhead></supervision-watchdog-reset></rpc>

nc DEBUG: SSH: ssh_packet_need_rekey: rekey: [data_rekey_needed=0, out_blocks=4607, in_blocks=8444]
nc DEBUG: SSH: packet_send2: packet: wrote [type=94, len=304, padding_size=7, comp=296, payload=296]
nc DEBUG: SSH: channel_write_common: ssh_channel_write wrote 287 bytes
nc DEBUG: SSH: ssh_socket_unbuffered_write: Enabling POLLOUT for socket
nc DEBUG: Sending message:

##


nc DEBUG: SSH: ssh_packet_need_rekey: rekey: [data_rekey_needed=0, out_blocks=4608, in_blocks=8408]
nc DEBUG: SSH: packet_send2: packet: wrote [type=94, len=24, padding_size=10, comp=13, payload=13]
nc DEBUG: SSH: channel_write_common: ssh_channel_write wrote 4 bytes
nc DEBUG: SSH: ssh_socket_unbuffered_write: Enabling POLLOUT for socket
nc DEBUG: SSH: ssh_packet_socket_callback: packet: read type 94 [len=24,padding=8,comp=15,payload=15]
nc DEBUG: SSH: ssh_packet_process: Dispatching handler for packet type 94
nc DEBUG: SSH: channel_rcv_data: Channel receiving 6 bytes data in 0 (local win=1218662 remote win=1244625)
nc DEBUG: SSH: channel_default_bufferize: placing 6 bytes into channel buffer (stdout)
nc DEBUG: SSH: channel_rcv_data: Channel windows are now (local win=1218656 remote win=1244625)
nc DEBUG: SSH: ssh_packet_need_rekey: rekey: [data_rekey_needed=0, out_blocks=4608, in_blocks=8408]
nc DEBUG: SSH: ssh_channel_read_timeout: Read (2) buffered : 6 bytes. Window: 1218656
nc DEBUG: SSH: ssh_channel_read_timeout: Read (1) buffered : 4 bytes. Window: 1218656
nc DEBUG: SSH: ssh_channel_read_timeout: Read (1) buffered : 3 bytes. Window: 1218656
nc DEBUG: SSH: ssh_channel_read_timeout: Read (1) buffered : 2 bytes. Window: 1218656
nc DEBUG: SSH: ssh_channel_read_timeout: Read (1) buffered : 1 bytes. Window: 1218656
nc DEBUG: SSH: ssh_channel_read_timeout: Read (180) buffered : 0 bytes. Window: 1218656
nc DEBUG: SSH: ssh_packet_socket_callback: packet: read type 94 [len=200,padding=10,comp=189,payload=189]
nc DEBUG: SSH: ssh_packet_process: Dispatching handler for packet type 94
nc DEBUG: SSH: channel_rcv_data: Channel receiving 180 bytes data in 0 (local win=1218656 remote win=1244625)
nc DEBUG: SSH: channel_default_bufferize: placing 180 bytes into channel buffer (stdout)
nc DEBUG: SSH: channel_rcv_data: Channel windows are now (local win=1218476 remote win=1244625)
nc DEBUG: SSH: ssh_packet_socket_callback: Processing 44 bytes left in socket buffer
nc DEBUG: SSH: ssh_packet_socket_callback: packet: read type 94 [len=24,padding=10,comp=13,payload=13]
nc DEBUG: SSH: ssh_packet_process: Dispatching handler for packet type 94
nc DEBUG: SSH: channel_rcv_data: Channel receiving 4 bytes data in 0 (local win=1218476 remote win=1244625)
nc DEBUG: SSH: channel_default_bufferize: placing 4 bytes into channel buffer (stdout)
nc DEBUG: SSH: channel_rcv_data: Channel windows are now (local win=1218472 remote win=1244625)
nc DEBUG: SSH: ssh_packet_need_rekey: rekey: [data_rekey_needed=0, out_blocks=4608, in_blocks=8432]
nc DEBUG: SSH: ssh_packet_need_rekey: rekey: [data_rekey_needed=0, out_blocks=4608, in_blocks=8432]
nc DEBUG: SSH: ssh_channel_read_timeout: Read (2) buffered : 4 bytes. Window: 1218472
nc DEBUG: SSH: ssh_channel_read_timeout: Read (1) buffered : 2 bytes. Window: 1218472
nc DEBUG: SSH: ssh_channel_read_timeout: Read (1) buffered : 1 bytes. Window: 1218472
nc DEBUG: Received message:
<rpc-reply xmlns="urn:ietf:params:xml:ns:netconf:base:1.0" message-id="120"><next-update-at xmlns="urn:o-ran:supervision:1.0">2026-04-14T02:28:13+00:00</next-update-at></rpc-reply>

DATA
<next-update-at xmlns="urn:o-ran:supervision:1.0">2026-04-14T11:28:13+09:00</next-update-at>

nc DEBUG: Received message:
<notification xmlns="urn:ietf:params:xml:ns:netconf:notification:1.0"><eventTime>2026-04-14T02:28:10Z</eventTime><netconf-session-start xmlns="urn:ietf:params:xml:ns:yang:ietf-netconf-notifications"><username>oranuser</username><session-id>7</session-id><source-host>::ffff:192.168.80.171</source-host></netconf-session-start></notification>

notification (2026-04-14T02:28:10Z)
<netconf-session-start xmlns="urn:ietf:params:xml:ns:yang:ietf-netconf-notifications">
  <username>oranuser</username>
  <session-id>7</session-id>
  <source-host>::ffff:192.168.80.171</source-host>
</netconf-session-start>

nc DEBUG: Received message:
<notification xmlns="urn:ietf:params:xml:ns:netconf:notification:1.0"><eventTime>2026-04-14T02:28:13Z</eventTime><netconf-config-change xmlns="urn:ietf:params:xml:ns:yang:ietf-netconf-notifications"><changed-by><session-id>1034181649</session-id><username>oranuser</username></changed-by><datastore>running</datastore><edit><target xmlns:if="urn:ietf:params:xml:ns:yang:ietf-interfaces">/if:interfaces/if:interface[if:name='DLPU_DSD1']</target><operation>create</operation></edit></netconf-config-change></notification>

notification (2026-04-14T02:28:13Z)
<netconf-config-change xmlns="urn:ietf:params:xml:ns:yang:ietf-netconf-notifications">
  <changed-by>
    <username>oranuser</username>
    <session-id>1034181649</session-id>
  </changed-by>
  <datastore>running</datastore>
  <edit>
    <target xmlns:if="urn:ietf:params:xml:ns:yang:ietf-interfaces">/if:interfaces/if:interface[if:name='DLPU_DSD1']</target>
    <operation>create</operation>
  </edit>
</netconf-config-change>

nc DEBUG: Received message:
<notification xmlns="urn:ietf:params:xml:ns:netconf:notification:1.0"><eventTime>2026-04-14T02:28:13Z</eventTime><supervision-notification xmlns="urn:o-ran:supervision:1.0"/></notification>

notification (2026-04-14T02:28:13Z)
<supervision-notification xmlns="urn:o-ran:supervision:1.0"/>

Client SENT :  user-rpc --content /mplane_automation/conformance_test/watchdog.xml
nc DEBUG: Sending message:

#287


nc DEBUG: SSH: ssh_packet_need_rekey: rekey: [data_rekey_needed=0, out_blocks=4609, in_blocks=8572]
nc DEBUG: SSH: ssh_socket_unbuffered_write: Enabling POLLOUT for socket
nc DEBUG: SSH: packet_send2: packet: wrote [type=94, len=24, padding_size=8, comp=15, payload=15]
nc DEBUG: SSH: channel_write_common: ssh_channel_write wrote 6 bytes
nc DEBUG: Sending message:
<rpc xmlns="urn:ietf:params:xml:ns:netconf:base:1.0" message-id="121"><supervision-watchdog-reset xmlns="urn:o-ran:supervision:1.0"><supervision-notification-interval>10</supervision-notification-interval><guard-timer-overhead>10</guard-timer-overhead></supervision-watchdog-reset></rpc>

nc DEBUG: SSH: ssh_packet_need_rekey: rekey: [data_rekey_needed=0, out_blocks=4646, in_blocks=8608]
nc DEBUG: SSH: packet_send2: packet: wrote [type=94, len=304, padding_size=7, comp=296, payload=296]
nc DEBUG: SSH: channel_write_common: ssh_channel_write wrote 287 bytes
nc DEBUG: SSH: ssh_socket_unbuffered_write: Enabling POLLOUT for socket
nc DEBUG: Sending message:

##


nc DEBUG: SSH: ssh_packet_need_rekey: rekey: [data_rekey_needed=0, out_blocks=4647, in_blocks=8572]
nc DEBUG: SSH: packet_send2: packet: wrote [type=94, len=24, padding_size=10, comp=13, payload=13]
nc DEBUG: SSH: channel_write_common: ssh_channel_write wrote 4 bytes
nc DEBUG: SSH: ssh_socket_unbuffered_write: Enabling POLLOUT for socket
nc DEBUG: SSH: ssh_packet_socket_callback: packet: read type 94 [len=24,padding=8,comp=15,payload=15]
nc DEBUG: SSH: ssh_packet_process: Dispatching handler for packet type 94
nc DEBUG: SSH: channel_rcv_data: Channel receiving 6 bytes data in 0 (local win=1217393 remote win=1244328)
nc DEBUG: SSH: channel_default_bufferize: placing 6 bytes into channel buffer (stdout)
nc DEBUG: SSH: channel_rcv_data: Channel windows are now (local win=1217387 remote win=1244328)
nc DEBUG: SSH: ssh_packet_socket_callback: Processing 220 bytes left in socket buffer
nc DEBUG: SSH: ssh_packet_socket_callback: packet: read type 94 [len=200,padding=10,comp=189,payload=189]
nc DEBUG: SSH: ssh_packet_process: Dispatching handler for packet type 94
nc DEBUG: SSH: channel_rcv_data: Channel receiving 180 bytes data in 0 (local win=1217387 remote win=1244328)
nc DEBUG: SSH: channel_default_bufferize: placing 180 bytes into channel buffer (stdout)
nc DEBUG: SSH: channel_rcv_data: Channel windows are now (local win=1217207 remote win=1244328)
nc DEBUG: SSH: ssh_packet_need_rekey: rekey: [data_rekey_needed=0, out_blocks=4647, in_blocks=8595]
nc DEBUG: SSH: ssh_packet_need_rekey: rekey: [data_rekey_needed=0, out_blocks=4647, in_blocks=8595]
nc DEBUG: SSH: ssh_channel_read_timeout: Read (2) buffered : 186 bytes. Window: 1217207
nc DEBUG: SSH: ssh_channel_read_timeout: Read (1) buffered : 184 bytes. Window: 1217207
nc DEBUG: SSH: ssh_channel_read_timeout: Read (1) buffered : 183 bytes. Window: 1217207
nc DEBUG: SSH: ssh_channel_read_timeout: Read (1) buffered : 182 bytes. Window: 1217207
nc DEBUG: SSH: ssh_channel_read_timeout: Read (1) buffered : 181 bytes. Window: 1217207
nc DEBUG: SSH: ssh_channel_read_timeout: Read (180) buffered : 180 bytes. Window: 1217207
nc DEBUG: SSH: ssh_channel_read_timeout: Read (2) buffered : 0 bytes. Window: 1217207
nc DEBUG: SSH: ssh_packet_socket_callback: packet: read type 94 [len=24,padding=10,comp=13,payload=13]
nc DEBUG: SSH: ssh_packet_process: Dispatching handler for packet type 94
nc DEBUG: SSH: channel_rcv_data: Channel receiving 4 bytes data in 0 (local win=1217207 remote win=1244328)
nc DEBUG: SSH: channel_default_bufferize: placing 4 bytes into channel buffer (stdout)
nc DEBUG: SSH: channel_rcv_data: Channel windows are now (local win=1217203 remote win=1244328)
nc DEBUG: SSH: ssh_packet_need_rekey: rekey: [data_rekey_needed=0, out_blocks=4647, in_blocks=8596]
nc DEBUG: SSH: ssh_channel_read_timeout: Read (1) buffered : 2 bytes. Window: 1217203
nc DEBUG: SSH: ssh_channel_read_timeout: Read (1) buffered : 1 bytes. Window: 1217203
nc DEBUG: Received message:
<rpc-reply xmlns="urn:ietf:params:xml:ns:netconf:base:1.0" message-id="121"><next-update-at xmlns="urn:o-ran:supervision:1.0">2026-04-14T02:28:23+00:00</next-update-at></rpc-reply>

DATA
<next-update-at xmlns="urn:o-ran:supervision:1.0">2026-04-14T11:28:23+09:00</next-update-at>

nc DEBUG: Received message:
<notification xmlns="urn:ietf:params:xml:ns:netconf:notification:1.0"><eventTime>2026-04-14T02:28:14Z</eventTime><netconf-config-change xmlns="urn:ietf:params:xml:ns:yang:ietf-netconf-notifications"><changed-by><session-id>1034181649</session-id><username>oranuser</username></changed-by><datastore>running</datastore><edit><target xmlns:o-ran-elements="urn:o-ran:processing-element:1.0">/o-ran-elements:processing-elements/o-ran-elements:transport-session-type</target><operation>merge</operation></edit><edit><target xmlns:o-ran-elements="urn:o-ran:processing-element:1.0">/o-ran-elements:processing-elements/o-ran-elements:ru-elements[o-ran-elements:name='ru-pe.0']/o-ran-elements:transport-flow/o-ran-elements:interface-name</target><operation>merge</operation></edit><edit><target xmlns:o-ran-elements="urn:o-ran:processing-element:1.0">/o-ran-elements:processing-elements/o-ran-elements:ru-elements[o-ran-elements:name='ru-pe.0']/o-ran-elements:transport-flow/o-ran-elements:eth-flow/o-ran-elements:ru-mac-address</target><operation>merge</operation></edit><edit><target xmlns:o-ran-elements="urn:o-ran:processing-element:1.0">/o-ran-elements:processing-elements/o-ran-elements:ru-elements[o-ran-elements:name='ru-pe.0']/o-ran-elements:transport-flow/o-ran-elements:eth-flow/o-ran-elements:vlan-id</target><operation>merge</operation></edit><edit><target xmlns:o-ran-elements="urn:o-ran:processing-element:1.0">/o-ran-elements:processing-elements/o-ran-elements:ru-elements[o-ran-elements:name='ru-pe.0']/o-ran-elements:transport-flow/o-ran-elements:eth-flow/o-ran-elements:o-du-mac-address</target><operation>merge</operation></edit></netconf-config-change></notification>

notification (2026-04-14T02:28:14Z)
<netconf-config-change xmlns="urn:ietf:params:xml:ns:yang:ietf-netconf-notifications">
  <changed-by>
    <username>oranuser</username>
    <session-id>1034181649</session-id>
  </changed-by>
  <datastore>running</datastore>
  <edit>
    <target xmlns:o-ran-elements="urn:o-ran:processing-element:1.0">/o-ran-elements:processing-elements/o-ran-elements:transport-session-type</target>
    <operation>merge</operation>
  </edit>
  <edit>
    <target xmlns:o-ran-elements="urn:o-ran:processing-element:1.0">/o-ran-elements:processing-elements/o-ran-elements:ru-elements[o-ran-elements:name='ru-pe.0']/o-ran-elements:transport-flow/o-ran-elements:interface-name</target>
    <operation>merge</operation>
  </edit>
  <edit>
    <target xmlns:o-ran-elements="urn:o-ran:processing-element:1.0">/o-ran-elements:processing-elements/o-ran-elements:ru-elements[o-ran-elements:name='ru-pe.0']/o-ran-elements:transport-flow/o-ran-elements:eth-flow/o-ran-elements:ru-mac-address</target>
    <operation>merge</operation>
  </edit>
  <edit>
    <target xmlns:o-ran-elements="urn:o-ran:processing-element:1.0">/o-ran-elements:processing-elements/o-ran-elements:ru-elements[o-ran-elements:name='ru-pe.0']/o-ran-elements:transport-flow/o-ran-elements:eth-flow/o-ran-elements:vlan-id</target>
    <operation>merge</operation>
  </edit>
  <edit>
    <target xmlns:o-ran-elements="urn:o-ran:processing-element:1.0">/o-ran-elements:processing-elements/o-ran-elements:ru-elements[o-ran-elements:name='ru-pe.0']/o-ran-elements:transport-flow/o-ran-elements:eth-flow/o-ran-elements:o-du-mac-address</target>
    <operation>merge</operation>
  </edit>
</netconf-config-change>

nc DEBUG: Received message:
<notification xmlns="urn:ietf:params:xml:ns:netconf:notification:1.0"><eventTime>2026-04-14T02:28:23Z</eventTime><supervision-notification xmlns="urn:o-ran:supervision:1.0"/></notification>

notification (2026-04-14T02:28:23Z)
<supervision-notification xmlns="urn:o-ran:supervision:1.0"/>

Client SENT :  user-rpc --content /mplane_automation/conformance_test/watchdog.xml
nc DEBUG: Sending message:

#287


nc DEBUG: SSH: ssh_packet_need_rekey: rekey: [data_rekey_needed=0, out_blocks=4648, in_blocks=8837]
nc DEBUG: SSH: ssh_socket_unbuffered_write: Enabling POLLOUT for socket
nc DEBUG: SSH: packet_send2: packet: wrote [type=94, len=24, padding_size=8, comp=15, payload=15]
nc DEBUG: SSH: channel_write_common: ssh_channel_write wrote 6 bytes
nc DEBUG: Sending message:
<rpc xmlns="urn:ietf:params:xml:ns:netconf:base:1.0" message-id="122"><supervision-watchdog-reset xmlns="urn:o-ran:supervision:1.0"><supervision-notification-interval>10</supervision-notification-interval><guard-timer-overhead>10</guard-timer-overhead></supervision-watchdog-reset></rpc>

nc DEBUG: SSH: ssh_packet_need_rekey: rekey: [data_rekey_needed=0, out_blocks=4685, in_blocks=8873]
nc DEBUG: SSH: packet_send2: packet: wrote [type=94, len=304, padding_size=7, comp=296, payload=296]
nc DEBUG: SSH: channel_write_common: ssh_channel_write wrote 287 bytes
nc DEBUG: SSH: ssh_socket_unbuffered_write: Enabling POLLOUT for socket
nc DEBUG: Sending message:

##


nc DEBUG: SSH: ssh_packet_need_rekey: rekey: [data_rekey_needed=0, out_blocks=4686, in_blocks=8837]
nc DEBUG: SSH: packet_send2: packet: wrote [type=94, len=24, padding_size=10, comp=13, payload=13]
nc DEBUG: SSH: channel_write_common: ssh_channel_write wrote 4 bytes
nc DEBUG: SSH: ssh_socket_unbuffered_write: Enabling POLLOUT for socket
nc DEBUG: SSH: ssh_packet_socket_callback: packet: read type 94 [len=24,padding=8,comp=15,payload=15]
nc DEBUG: SSH: ssh_packet_process: Dispatching handler for packet type 94
nc DEBUG: SSH: channel_rcv_data: Channel receiving 6 bytes data in 0 (local win=1215314 remote win=1244031)
nc DEBUG: SSH: channel_default_bufferize: placing 6 bytes into channel buffer (stdout)
nc DEBUG: SSH: channel_rcv_data: Channel windows are now (local win=1215308 remote win=1244031)
nc DEBUG: SSH: ssh_packet_socket_callback: Processing 220 bytes left in socket buffer
nc DEBUG: SSH: ssh_packet_socket_callback: packet: read type 94 [len=200,padding=10,comp=189,payload=189]
nc DEBUG: SSH: ssh_packet_process: Dispatching handler for packet type 94
nc DEBUG: SSH: channel_rcv_data: Channel receiving 180 bytes data in 0 (local win=1215308 remote win=1244031)
nc DEBUG: SSH: channel_default_bufferize: placing 180 bytes into channel buffer (stdout)
nc DEBUG: SSH: channel_rcv_data: Channel windows are now (local win=1215128 remote win=1244031)
nc DEBUG: SSH: ssh_packet_need_rekey: rekey: [data_rekey_needed=0, out_blocks=4686, in_blocks=8860]
nc DEBUG: SSH: ssh_packet_need_rekey: rekey: [data_rekey_needed=0, out_blocks=4686, in_blocks=8860]
nc DEBUG: SSH: ssh_channel_read_timeout: Read (2) buffered : 186 bytes. Window: 1215128
nc DEBUG: SSH: ssh_channel_read_timeout: Read (1) buffered : 184 bytes. Window: 1215128
nc DEBUG: SSH: ssh_channel_read_timeout: Read (1) buffered : 183 bytes. Window: 1215128
nc DEBUG: SSH: ssh_channel_read_timeout: Read (1) buffered : 182 bytes. Window: 1215128
nc DEBUG: SSH: ssh_channel_read_timeout: Read (1) buffered : 181 bytes. Window: 1215128
nc DEBUG: SSH: ssh_channel_read_timeout: Read (180) buffered : 180 bytes. Window: 1215128
nc DEBUG: SSH: ssh_channel_read_timeout: Read (2) buffered : 0 bytes. Window: 1215128
nc DEBUG: SSH: ssh_packet_socket_callback: packet: read type 94 [len=24,padding=10,comp=13,payload=13]
nc DEBUG: SSH: ssh_packet_process: Dispatching handler for packet type 94
nc DEBUG: SSH: channel_rcv_data: Channel receiving 4 bytes data in 0 (local win=1215128 remote win=1244031)
nc DEBUG: SSH: channel_default_bufferize: placing 4 bytes into channel buffer (stdout)
nc DEBUG: SSH: channel_rcv_data: Channel windows are now (local win=1215124 remote win=1244031)
nc DEBUG: SSH: ssh_packet_need_rekey: rekey: [data_rekey_needed=0, out_blocks=4686, in_blocks=8861]
nc DEBUG: SSH: ssh_channel_read_timeout: Read (1) buffered : 2 bytes. Window: 1215124
nc DEBUG: SSH: ssh_channel_read_timeout: Read (1) buffered : 1 bytes. Window: 1215124
nc DEBUG: Received message:
<rpc-reply xmlns="urn:ietf:params:xml:ns:netconf:base:1.0" message-id="122"><next-update-at xmlns="urn:o-ran:supervision:1.0">2026-04-14T02:28:33+00:00</next-update-at></rpc-reply>

DATA
<next-update-at xmlns="urn:o-ran:supervision:1.0">2026-04-14T11:28:33+09:00</next-update-at>

nc DEBUG: Received message:
<notification xmlns="urn:ietf:params:xml:ns:netconf:notification:1.0"><eventTime>2026-04-14T02:28:33Z</eventTime><supervision-notification xmlns="urn:o-ran:supervision:1.0"/></notification>

notification (2026-04-14T02:28:33Z)
<supervision-notification xmlns="urn:o-ran:supervision:1.0"/>

Client SENT :  user-rpc --content /mplane_automation/conformance_test/watchdog.xml
nc DEBUG: Sending message:

#287


nc DEBUG: SSH: ssh_packet_need_rekey: rekey: [data_rekey_needed=0, out_blocks=4687, in_blocks=8888]
nc DEBUG: SSH: ssh_socket_unbuffered_write: Enabling POLLOUT for socket
nc DEBUG: SSH: packet_send2: packet: wrote [type=94, len=24, padding_size=8, comp=15, payload=15]
nc DEBUG: SSH: channel_write_common: ssh_channel_write wrote 6 bytes
nc DEBUG: Sending message:
<rpc xmlns="urn:ietf:params:xml:ns:netconf:base:1.0" message-id="123"><supervision-watchdog-reset xmlns="urn:o-ran:supervision:1.0"><supervision-notification-interval>10</supervision-notification-interval><guard-timer-overhead>10</guard-timer-overhead></supervision-watchdog-reset></rpc>

nc DEBUG: SSH: ssh_packet_need_rekey: rekey: [data_rekey_needed=0, out_blocks=4724, in_blocks=8924]
nc DEBUG: SSH: packet_send2: packet: wrote [type=94, len=304, padding_size=7, comp=296, payload=296]
nc DEBUG: SSH: channel_write_common: ssh_channel_write wrote 287 bytes
nc DEBUG: SSH: ssh_socket_unbuffered_write: Enabling POLLOUT for socket
nc DEBUG: Sending message:

##


nc DEBUG: SSH: ssh_packet_need_rekey: rekey: [data_rekey_needed=0, out_blocks=4725, in_blocks=8888]
nc DEBUG: SSH: packet_send2: packet: wrote [type=94, len=24, padding_size=10, comp=13, payload=13]
nc DEBUG: SSH: channel_write_common: ssh_channel_write wrote 4 bytes
nc DEBUG: SSH: ssh_socket_unbuffered_write: Enabling POLLOUT for socket
nc DEBUG: SSH: ssh_packet_socket_callback: packet: read type 94 [len=24,padding=8,comp=15,payload=15]
nc DEBUG: SSH: ssh_packet_process: Dispatching handler for packet type 94
nc DEBUG: SSH: channel_rcv_data: Channel receiving 6 bytes data in 0 (local win=1214925 remote win=1243734)
nc DEBUG: SSH: channel_default_bufferize: placing 6 bytes into channel buffer (stdout)
nc DEBUG: SSH: channel_rcv_data: Channel windows are now (local win=1214919 remote win=1243734)
nc DEBUG: SSH: ssh_packet_socket_callback: Processing 220 bytes left in socket buffer
nc DEBUG: SSH: ssh_packet_socket_callback: packet: read type 94 [len=200,padding=10,comp=189,payload=189]
nc DEBUG: SSH: ssh_packet_process: Dispatching handler for packet type 94
nc DEBUG: SSH: channel_rcv_data: Channel receiving 180 bytes data in 0 (local win=1214919 remote win=1243734)
nc DEBUG: SSH: channel_default_bufferize: placing 180 bytes into channel buffer (stdout)
nc DEBUG: SSH: channel_rcv_data: Channel windows are now (local win=1214739 remote win=1243734)
nc DEBUG: SSH: ssh_packet_need_rekey: rekey: [data_rekey_needed=0, out_blocks=4725, in_blocks=8911]
nc DEBUG: SSH: ssh_packet_need_rekey: rekey: [data_rekey_needed=0, out_blocks=4725, in_blocks=8911]
nc DEBUG: SSH: ssh_channel_read_timeout: Read (2) buffered : 186 bytes. Window: 1214739
nc DEBUG: SSH: ssh_channel_read_timeout: Read (1) buffered : 184 bytes. Window: 1214739
nc DEBUG: SSH: ssh_channel_read_timeout: Read (1) buffered : 183 bytes. Window: 1214739
nc DEBUG: SSH: ssh_channel_read_timeout: Read (1) buffered : 182 bytes. Window: 1214739
nc DEBUG: SSH: ssh_channel_read_timeout: Read (1) buffered : 181 bytes. Window: 1214739
nc DEBUG: SSH: ssh_channel_read_timeout: Read (180) buffered : 180 bytes. Window: 1214739
nc DEBUG: SSH: ssh_channel_read_timeout: Read (2) buffered : 0 bytes. Window: 1214739
nc DEBUG: SSH: ssh_packet_socket_callback: packet: read type 94 [len=24,padding=10,comp=13,payload=13]
nc DEBUG: SSH: ssh_packet_process: Dispatching handler for packet type 94
nc DEBUG: SSH: channel_rcv_data: Channel receiving 4 bytes data in 0 (local win=1214739 remote win=1243734)
nc DEBUG: SSH: channel_default_bufferize: placing 4 bytes into channel buffer (stdout)
nc DEBUG: SSH: channel_rcv_data: Channel windows are now (local win=1214735 remote win=1243734)
nc DEBUG: SSH: ssh_packet_need_rekey: rekey: [data_rekey_needed=0, out_blocks=4725, in_blocks=8912]
nc DEBUG: SSH: ssh_channel_read_timeout: Read (1) buffered : 2 bytes. Window: 1214735
nc DEBUG: SSH: ssh_channel_read_timeout: Read (1) buffered : 1 bytes. Window: 1214735
nc DEBUG: Received message:
<rpc-reply xmlns="urn:ietf:params:xml:ns:netconf:base:1.0" message-id="123"><next-update-at xmlns="urn:o-ran:supervision:1.0">2026-04-14T02:28:43+00:00</next-update-at></rpc-reply>

DATA
<next-update-at xmlns="urn:o-ran:supervision:1.0">2026-04-14T11:28:43+09:00</next-update-at>

nc DEBUG: Received message:
<notification xmlns="urn:ietf:params:xml:ns:netconf:notification:1.0"><eventTime>2026-04-14T02:28:43Z</eventTime><supervision-notification xmlns="urn:o-ran:supervision:1.0"/></notification>

notification (2026-04-14T02:28:43Z)
<supervision-notification xmlns="urn:o-ran:supervision:1.0"/>

Client SENT :  user-rpc --content /mplane_automation/conformance_test/watchdog.xml
nc DEBUG: Sending message:

#287


nc DEBUG: SSH: ssh_packet_need_rekey: rekey: [data_rekey_needed=0, out_blocks=4726, in_blocks=8939]
nc DEBUG: SSH: ssh_socket_unbuffered_write: Enabling POLLOUT for socket
nc DEBUG: SSH: packet_send2: packet: wrote [type=94, len=24, padding_size=8, comp=15, payload=15]
nc DEBUG: SSH: channel_write_common: ssh_channel_write wrote 6 bytes
nc DEBUG: Sending message:
<rpc xmlns="urn:ietf:params:xml:ns:netconf:base:1.0" message-id="124"><supervision-watchdog-reset xmlns="urn:o-ran:supervision:1.0"><supervision-notification-interval>10</supervision-notification-interval><guard-timer-overhead>10</guard-timer-overhead></supervision-watchdog-reset></rpc>

nc DEBUG: SSH: ssh_packet_need_rekey: rekey: [data_rekey_needed=0, out_blocks=4763, in_blocks=8975]
nc DEBUG: SSH: packet_send2: packet: wrote [type=94, len=304, padding_size=7, comp=296, payload=296]
nc DEBUG: SSH: channel_write_common: ssh_channel_write wrote 287 bytes
nc DEBUG: SSH: ssh_socket_unbuffered_write: Enabling POLLOUT for socket
nc DEBUG: Sending message:

##


nc DEBUG: SSH: ssh_packet_need_rekey: rekey: [data_rekey_needed=0, out_blocks=4764, in_blocks=8939]
nc DEBUG: SSH: packet_send2: packet: wrote [type=94, len=24, padding_size=10, comp=13, payload=13]
nc DEBUG: SSH: channel_write_common: ssh_channel_write wrote 4 bytes
nc DEBUG: SSH: ssh_socket_unbuffered_write: Enabling POLLOUT for socket
nc DEBUG: SSH: ssh_packet_socket_callback: packet: read type 94 [len=24,padding=8,comp=15,payload=15]
nc DEBUG: SSH: ssh_packet_process: Dispatching handler for packet type 94
nc DEBUG: SSH: channel_rcv_data: Channel receiving 6 bytes data in 0 (local win=1214536 remote win=1243437)
nc DEBUG: SSH: channel_default_bufferize: placing 6 bytes into channel buffer (stdout)
nc DEBUG: SSH: channel_rcv_data: Channel windows are now (local win=1214530 remote win=1243437)
nc DEBUG: SSH: ssh_packet_need_rekey: rekey: [data_rekey_needed=0, out_blocks=4764, in_blocks=8939]
nc DEBUG: SSH: ssh_channel_read_timeout: Read (2) buffered : 6 bytes. Window: 1214530
nc DEBUG: SSH: ssh_channel_read_timeout: Read (1) buffered : 4 bytes. Window: 1214530
nc DEBUG: SSH: ssh_channel_read_timeout: Read (1) buffered : 3 bytes. Window: 1214530
nc DEBUG: SSH: ssh_channel_read_timeout: Read (1) buffered : 2 bytes. Window: 1214530
nc DEBUG: SSH: ssh_channel_read_timeout: Read (1) buffered : 1 bytes. Window: 1214530
nc DEBUG: SSH: ssh_channel_read_timeout: Read (180) buffered : 0 bytes. Window: 1214530
nc DEBUG: SSH: ssh_packet_socket_callback: packet: read type 94 [len=200,padding=10,comp=189,payload=189]
nc DEBUG: SSH: ssh_packet_process: Dispatching handler for packet type 94
nc DEBUG: SSH: channel_rcv_data: Channel receiving 180 bytes data in 0 (local win=1214530 remote win=1243437)
nc DEBUG: SSH: channel_default_bufferize: placing 180 bytes into channel buffer (stdout)
nc DEBUG: SSH: channel_rcv_data: Channel windows are now (local win=1214350 remote win=1243437)
nc DEBUG: SSH: ssh_packet_need_rekey: rekey: [data_rekey_needed=0, out_blocks=4764, in_blocks=8962]
nc DEBUG: SSH: ssh_channel_read_timeout: Read (2) buffered : 0 bytes. Window: 1214350
nc DEBUG: SSH: ssh_channel_read_timeout: Read (2) buffered : 0 bytes. Window: 1214350
nc DEBUG: SSH: ssh_packet_socket_callback: packet: read type 94 [len=24,padding=10,comp=13,payload=13]
nc DEBUG: SSH: ssh_packet_process: Dispatching handler for packet type 94
nc DEBUG: SSH: channel_rcv_data: Channel receiving 4 bytes data in 0 (local win=1214350 remote win=1243437)
nc DEBUG: SSH: channel_default_bufferize: placing 4 bytes into channel buffer (stdout)
nc DEBUG: SSH: channel_rcv_data: Channel windows are now (local win=1214346 remote win=1243437)
nc DEBUG: SSH: ssh_packet_need_rekey: rekey: [data_rekey_needed=0, out_blocks=4764, in_blocks=8963]
nc DEBUG: SSH: ssh_channel_read_timeout: Read (1) buffered : 2 bytes. Window: 1214346
nc DEBUG: SSH: ssh_channel_read_timeout: Read (1) buffered : 1 bytes. Window: 1214346
nc DEBUG: Received message:
<rpc-reply xmlns="urn:ietf:params:xml:ns:netconf:base:1.0" message-id="124"><next-update-at xmlns="urn:o-ran:supervision:1.0">2026-04-14T02:28:53+00:00</next-update-at></rpc-reply>

DATA
<next-update-at xmlns="urn:o-ran:supervision:1.0">2026-04-14T11:28:53+09:00</next-update-at>

nc DEBUG: Received message:
<notification xmlns="urn:ietf:params:xml:ns:netconf:notification:1.0"><eventTime>2026-04-14T02:28:53Z</eventTime><supervision-notification xmlns="urn:o-ran:supervision:1.0"/></notification>

notification (2026-04-14T02:28:53Z)
<supervision-notification xmlns="urn:o-ran:supervision:1.0"/>

Client SENT :  user-rpc --content /mplane_automation/conformance_test/watchdog.xml
nc DEBUG: Sending message:

#287


nc DEBUG: SSH: ssh_packet_need_rekey: rekey: [data_rekey_needed=0, out_blocks=4765, in_blocks=8990]
nc DEBUG: SSH: ssh_socket_unbuffered_write: Enabling POLLOUT for socket
nc DEBUG: SSH: packet_send2: packet: wrote [type=94, len=24, padding_size=8, comp=15, payload=15]
nc DEBUG: SSH: channel_write_common: ssh_channel_write wrote 6 bytes
nc DEBUG: Sending message:
<rpc xmlns="urn:ietf:params:xml:ns:netconf:base:1.0" message-id="125"><supervision-watchdog-reset xmlns="urn:o-ran:supervision:1.0"><supervision-notification-interval>10</supervision-notification-interval><guard-timer-overhead>10</guard-timer-overhead></supervision-watchdog-reset></rpc>

nc DEBUG: SSH: ssh_packet_need_rekey: rekey: [data_rekey_needed=0, out_blocks=4802, in_blocks=9026]
nc DEBUG: SSH: packet_send2: packet: wrote [type=94, len=304, padding_size=7, comp=296, payload=296]
nc DEBUG: SSH: channel_write_common: ssh_channel_write wrote 287 bytes
nc DEBUG: SSH: ssh_socket_unbuffered_write: Enabling POLLOUT for socket
nc DEBUG: Sending message:

##


nc DEBUG: SSH: ssh_packet_need_rekey: rekey: [data_rekey_needed=0, out_blocks=4803, in_blocks=8990]
nc DEBUG: SSH: packet_send2: packet: wrote [type=94, len=24, padding_size=10, comp=13, payload=13]
nc DEBUG: SSH: channel_write_common: ssh_channel_write wrote 4 bytes
nc DEBUG: SSH: ssh_socket_unbuffered_write: Enabling POLLOUT for socket
nc DEBUG: SSH: ssh_packet_socket_callback: packet: read type 94 [len=24,padding=8,comp=15,payload=15]
nc DEBUG: SSH: ssh_packet_process: Dispatching handler for packet type 94
nc DEBUG: SSH: channel_rcv_data: Channel receiving 6 bytes data in 0 (local win=1214147 remote win=1243140)
nc DEBUG: SSH: channel_default_bufferize: placing 6 bytes into channel buffer (stdout)
nc DEBUG: SSH: channel_rcv_data: Channel windows are now (local win=1214141 remote win=1243140)
nc DEBUG: SSH: ssh_packet_socket_callback: Processing 220 bytes left in socket buffer
nc DEBUG: SSH: ssh_packet_socket_callback: packet: read type 94 [len=200,padding=10,comp=189,payload=189]
nc DEBUG: SSH: ssh_packet_process: Dispatching handler for packet type 94
nc DEBUG: SSH: channel_rcv_data: Channel receiving 180 bytes data in 0 (local win=1214141 remote win=1243140)
nc DEBUG: SSH: channel_default_bufferize: placing 180 bytes into channel buffer (stdout)
nc DEBUG: SSH: channel_rcv_data: Channel windows are now (local win=1213961 remote win=1243140)
nc DEBUG: SSH: ssh_packet_need_rekey: rekey: [data_rekey_needed=0, out_blocks=4803, in_blocks=9013]
nc DEBUG: SSH: ssh_packet_need_rekey: rekey: [data_rekey_needed=0, out_blocks=4803, in_blocks=9013]
nc DEBUG: SSH: ssh_channel_read_timeout: Read (2) buffered : 186 bytes. Window: 1213961
nc DEBUG: SSH: ssh_channel_read_timeout: Read (1) buffered : 184 bytes. Window: 1213961
nc DEBUG: SSH: ssh_channel_read_timeout: Read (1) buffered : 183 bytes. Window: 1213961
nc DEBUG: SSH: ssh_channel_read_timeout: Read (1) buffered : 182 bytes. Window: 1213961
nc DEBUG: SSH: ssh_channel_read_timeout: Read (1) buffered : 181 bytes. Window: 1213961
nc DEBUG: SSH: ssh_channel_read_timeout: Read (180) buffered : 180 bytes. Window: 1213961
nc DEBUG: SSH: ssh_channel_read_timeout: Read (2) buffered : 0 bytes. Window: 1213961
nc DEBUG: SSH: ssh_packet_socket_callback: packet: read type 94 [len=24,padding=10,comp=13,payload=13]
nc DEBUG: SSH: ssh_packet_process: Dispatching handler for packet type 94
nc DEBUG: SSH: channel_rcv_data: Channel receiving 4 bytes data in 0 (local win=1213961 remote win=1243140)
nc DEBUG: SSH: channel_default_bufferize: placing 4 bytes into channel buffer (stdout)
nc DEBUG: SSH: channel_rcv_data: Channel windows are now (local win=1213957 remote win=1243140)
nc DEBUG: SSH: ssh_packet_need_rekey: rekey: [data_rekey_needed=0, out_blocks=4803, in_blocks=9014]
nc DEBUG: SSH: ssh_channel_read_timeout: Read (1) buffered : 2 bytes. Window: 1213957
nc DEBUG: SSH: ssh_channel_read_timeout: Read (1) buffered : 1 bytes. Window: 1213957
nc DEBUG: Received message:
<rpc-reply xmlns="urn:ietf:params:xml:ns:netconf:base:1.0" message-id="125"><next-update-at xmlns="urn:o-ran:supervision:1.0">2026-04-14T02:29:03+00:00</next-update-at></rpc-reply>

DATA
<next-update-at xmlns="urn:o-ran:supervision:1.0">2026-04-14T11:29:03+09:00</next-update-at>

nc DEBUG: Received message:
<notification xmlns="urn:ietf:params:xml:ns:netconf:notification:1.0"><eventTime>2026-04-14T02:29:03Z</eventTime><supervision-notification xmlns="urn:o-ran:supervision:1.0"/></notification>

notification (2026-04-14T02:29:03Z)
<supervision-notification xmlns="urn:o-ran:supervision:1.0"/>

Client SENT :  user-rpc --content /mplane_automation/conformance_test/watchdog.xml
nc DEBUG: Sending message:

#287


nc DEBUG: SSH: ssh_packet_need_rekey: rekey: [data_rekey_needed=0, out_blocks=4804, in_blocks=9041]
nc DEBUG: SSH: ssh_socket_unbuffered_write: Enabling POLLOUT for socket
nc DEBUG: SSH: packet_send2: packet: wrote [type=94, len=24, padding_size=8, comp=15, payload=15]
nc DEBUG: SSH: channel_write_common: ssh_channel_write wrote 6 bytes
nc DEBUG: Sending message:
<rpc xmlns="urn:ietf:params:xml:ns:netconf:base:1.0" message-id="126"><supervision-watchdog-reset xmlns="urn:o-ran:supervision:1.0"><supervision-notification-interval>10</supervision-notification-interval><guard-timer-overhead>10</guard-timer-overhead></supervision-watchdog-reset></rpc>

nc DEBUG: SSH: ssh_packet_need_rekey: rekey: [data_rekey_needed=0, out_blocks=4841, in_blocks=9077]
nc DEBUG: SSH: packet_send2: packet: wrote [type=94, len=304, padding_size=7, comp=296, payload=296]
nc DEBUG: SSH: channel_write_common: ssh_channel_write wrote 287 bytes
nc DEBUG: SSH: ssh_socket_unbuffered_write: Enabling POLLOUT for socket
nc DEBUG: Sending message:

##


nc DEBUG: SSH: ssh_packet_need_rekey: rekey: [data_rekey_needed=0, out_blocks=4842, in_blocks=9041]
nc DEBUG: SSH: packet_send2: packet: wrote [type=94, len=24, padding_size=10, comp=13, payload=13]
nc DEBUG: SSH: channel_write_common: ssh_channel_write wrote 4 bytes
nc DEBUG: SSH: ssh_socket_unbuffered_write: Enabling POLLOUT for socket
nc DEBUG: SSH: ssh_packet_socket_callback: packet: read type 94 [len=24,padding=8,comp=15,payload=15]
nc DEBUG: SSH: ssh_packet_process: Dispatching handler for packet type 94
nc DEBUG: SSH: channel_rcv_data: Channel receiving 6 bytes data in 0 (local win=1213758 remote win=1242843)
nc DEBUG: SSH: channel_default_bufferize: placing 6 bytes into channel buffer (stdout)
nc DEBUG: SSH: channel_rcv_data: Channel windows are now (local win=1213752 remote win=1242843)
nc DEBUG: SSH: ssh_packet_need_rekey: rekey: [data_rekey_needed=0, out_blocks=4842, in_blocks=9041]
nc DEBUG: SSH: ssh_channel_read_timeout: Read (2) buffered : 6 bytes. Window: 1213752
nc DEBUG: SSH: ssh_channel_read_timeout: Read (1) buffered : 4 bytes. Window: 1213752
nc DEBUG: SSH: ssh_channel_read_timeout: Read (1) buffered : 3 bytes. Window: 1213752
nc DEBUG: SSH: ssh_channel_read_timeout: Read (1) buffered : 2 bytes. Window: 1213752
nc DEBUG: SSH: ssh_channel_read_timeout: Read (1) buffered : 1 bytes. Window: 1213752
nc DEBUG: SSH: ssh_channel_read_timeout: Read (180) buffered : 0 bytes. Window: 1213752
nc DEBUG: SSH: ssh_packet_socket_callback: packet: read type 94 [len=200,padding=10,comp=189,payload=189]
nc DEBUG: SSH: ssh_packet_process: Dispatching handler for packet type 94
nc DEBUG: SSH: channel_rcv_data: Channel receiving 180 bytes data in 0 (local win=1213752 remote win=1242843)
nc DEBUG: SSH: channel_default_bufferize: placing 180 bytes into channel buffer (stdout)
nc DEBUG: SSH: channel_rcv_data: Channel windows are now (local win=1213572 remote win=1242843)
nc DEBUG: SSH: ssh_packet_socket_callback: Processing 44 bytes left in socket buffer
nc DEBUG: SSH: ssh_packet_socket_callback: packet: read type 94 [len=24,padding=10,comp=13,payload=13]
nc DEBUG: SSH: ssh_packet_process: Dispatching handler for packet type 94
nc DEBUG: SSH: channel_rcv_data: Channel receiving 4 bytes data in 0 (local win=1213572 remote win=1242843)
nc DEBUG: SSH: channel_default_bufferize: placing 4 bytes into channel buffer (stdout)
nc DEBUG: SSH: channel_rcv_data: Channel windows are now (local win=1213568 remote win=1242843)
nc DEBUG: SSH: ssh_packet_need_rekey: rekey: [data_rekey_needed=0, out_blocks=4842, in_blocks=9065]
nc DEBUG: SSH: ssh_packet_need_rekey: rekey: [data_rekey_needed=0, out_blocks=4842, in_blocks=9065]
nc DEBUG: SSH: ssh_channel_read_timeout: Read (2) buffered : 4 bytes. Window: 1213568
nc DEBUG: SSH: ssh_channel_read_timeout: Read (1) buffered : 2 bytes. Window: 1213568
nc DEBUG: SSH: ssh_channel_read_timeout: Read (1) buffered : 1 bytes. Window: 1213568
nc DEBUG: Received message:
<rpc-reply xmlns="urn:ietf:params:xml:ns:netconf:base:1.0" message-id="126"><next-update-at xmlns="urn:o-ran:supervision:1.0">2026-04-14T02:29:13+00:00</next-update-at></rpc-reply>

DATA
<next-update-at xmlns="urn:o-ran:supervision:1.0">2026-04-14T11:29:13+09:00</next-update-at>

nc DEBUG: Received message:
<notification xmlns="urn:ietf:params:xml:ns:netconf:notification:1.0"><eventTime>2026-04-14T02:29:13Z</eventTime><supervision-notification xmlns="urn:o-ran:supervision:1.0"/></notification>

notification (2026-04-14T02:29:13Z)
<supervision-notification xmlns="urn:o-ran:supervision:1.0"/>

Client SENT :  user-rpc --content /mplane_automation/conformance_test/watchdog.xml
nc DEBUG: Sending message:

#287


nc DEBUG: SSH: ssh_packet_need_rekey: rekey: [data_rekey_needed=0, out_blocks=4843, in_blocks=9092]
nc DEBUG: SSH: ssh_socket_unbuffered_write: Enabling POLLOUT for socket
nc DEBUG: SSH: packet_send2: packet: wrote [type=94, len=24, padding_size=8, comp=15, payload=15]
nc DEBUG: SSH: channel_write_common: ssh_channel_write wrote 6 bytes
nc DEBUG: Sending message:
<rpc xmlns="urn:ietf:params:xml:ns:netconf:base:1.0" message-id="127"><supervision-watchdog-reset xmlns="urn:o-ran:supervision:1.0"><supervision-notification-interval>10</supervision-notification-interval><guard-timer-overhead>10</guard-timer-overhead></supervision-watchdog-reset></rpc>

nc DEBUG: SSH: ssh_packet_need_rekey: rekey: [data_rekey_needed=0, out_blocks=4880, in_blocks=9128]
nc DEBUG: SSH: packet_send2: packet: wrote [type=94, len=304, padding_size=7, comp=296, payload=296]
nc DEBUG: SSH: channel_write_common: ssh_channel_write wrote 287 bytes
nc DEBUG: SSH: ssh_socket_unbuffered_write: Enabling POLLOUT for socket
nc DEBUG: Sending message:

##


nc DEBUG: SSH: ssh_packet_need_rekey: rekey: [data_rekey_needed=0, out_blocks=4881, in_blocks=9092]
nc DEBUG: SSH: packet_send2: packet: wrote [type=94, len=24, padding_size=10, comp=13, payload=13]
nc DEBUG: SSH: channel_write_common: ssh_channel_write wrote 4 bytes
nc DEBUG: SSH: ssh_socket_unbuffered_write: Enabling POLLOUT for socket
nc DEBUG: SSH: ssh_packet_socket_callback: packet: read type 94 [len=24,padding=8,comp=15,payload=15]
nc DEBUG: SSH: ssh_packet_process: Dispatching handler for packet type 94
nc DEBUG: SSH: channel_rcv_data: Channel receiving 6 bytes data in 0 (local win=1213369 remote win=1242546)
nc DEBUG: SSH: channel_default_bufferize: placing 6 bytes into channel buffer (stdout)
nc DEBUG: SSH: channel_rcv_data: Channel windows are now (local win=1213363 remote win=1242546)
nc DEBUG: SSH: ssh_packet_need_rekey: rekey: [data_rekey_needed=0, out_blocks=4881, in_blocks=9092]
nc DEBUG: SSH: ssh_channel_read_timeout: Read (2) buffered : 6 bytes. Window: 1213363
nc DEBUG: SSH: ssh_channel_read_timeout: Read (1) buffered : 4 bytes. Window: 1213363
nc DEBUG: SSH: ssh_channel_read_timeout: Read (1) buffered : 3 bytes. Window: 1213363
nc DEBUG: SSH: ssh_channel_read_timeout: Read (1) buffered : 2 bytes. Window: 1213363
nc DEBUG: SSH: ssh_channel_read_timeout: Read (1) buffered : 1 bytes. Window: 1213363
nc DEBUG: SSH: ssh_channel_read_timeout: Read (180) buffered : 0 bytes. Window: 1213363
nc DEBUG: SSH: ssh_packet_socket_callback: packet: read type 94 [len=200,padding=10,comp=189,payload=189]
nc DEBUG: SSH: ssh_packet_process: Dispatching handler for packet type 94
nc DEBUG: SSH: channel_rcv_data: Channel receiving 180 bytes data in 0 (local win=1213363 remote win=1242546)
nc DEBUG: SSH: channel_default_bufferize: placing 180 bytes into channel buffer (stdout)
nc DEBUG: SSH: channel_rcv_data: Channel windows are now (local win=1213183 remote win=1242546)
nc DEBUG: SSH: ssh_packet_socket_callback: Processing 44 bytes left in socket buffer
nc DEBUG: SSH: ssh_packet_socket_callback: packet: read type 94 [len=24,padding=10,comp=13,payload=13]
nc DEBUG: SSH: ssh_packet_process: Dispatching handler for packet type 94
nc DEBUG: SSH: channel_rcv_data: Channel receiving 4 bytes data in 0 (local win=1213183 remote win=1242546)
nc DEBUG: SSH: channel_default_bufferize: placing 4 bytes into channel buffer (stdout)
nc DEBUG: SSH: channel_rcv_data: Channel windows are now (local win=1213179 remote win=1242546)
nc DEBUG: SSH: ssh_packet_need_rekey: rekey: [data_rekey_needed=0, out_blocks=4881, in_blocks=9116]
nc DEBUG: SSH: ssh_packet_need_rekey: rekey: [data_rekey_needed=0, out_blocks=4881, in_blocks=9116]
nc DEBUG: SSH: ssh_channel_read_timeout: Read (2) buffered : 4 bytes. Window: 1213179
nc DEBUG: SSH: ssh_channel_read_timeout: Read (1) buffered : 2 bytes. Window: 1213179
nc DEBUG: SSH: ssh_channel_read_timeout: Read (1) buffered : 1 bytes. Window: 1213179
nc DEBUG: Received message:
<rpc-reply xmlns="urn:ietf:params:xml:ns:netconf:base:1.0" message-id="127"><next-update-at xmlns="urn:o-ran:supervision:1.0">2026-04-14T02:29:23+00:00</next-update-at></rpc-reply>

DATA
<next-update-at xmlns="urn:o-ran:supervision:1.0">2026-04-14T11:29:23+09:00</next-update-at>

nc DEBUG: Received message:
<notification xmlns="urn:ietf:params:xml:ns:netconf:notification:1.0"><eventTime>2026-04-14T02:29:23Z</eventTime><supervision-notification xmlns="urn:o-ran:supervision:1.0"/></notification>

notification (2026-04-14T02:29:23Z)
<supervision-notification xmlns="urn:o-ran:supervision:1.0"/>

Client SENT :  user-rpc --content /mplane_automation/conformance_test/watchdog.xml
nc DEBUG: Sending message:

#287


nc DEBUG: SSH: ssh_packet_need_rekey: rekey: [data_rekey_needed=0, out_blocks=4882, in_blocks=9143]
nc DEBUG: SSH: ssh_socket_unbuffered_write: Enabling POLLOUT for socket
nc DEBUG: SSH: packet_send2: packet: wrote [type=94, len=24, padding_size=8, comp=15, payload=15]
nc DEBUG: SSH: channel_write_common: ssh_channel_write wrote 6 bytes
nc DEBUG: Sending message:
<rpc xmlns="urn:ietf:params:xml:ns:netconf:base:1.0" message-id="128"><supervision-watchdog-reset xmlns="urn:o-ran:supervision:1.0"><supervision-notification-interval>10</supervision-notification-interval><guard-timer-overhead>10</guard-timer-overhead></supervision-watchdog-reset></rpc>

nc DEBUG: SSH: ssh_packet_need_rekey: rekey: [data_rekey_needed=0, out_blocks=4919, in_blocks=9179]
nc DEBUG: SSH: packet_send2: packet: wrote [type=94, len=304, padding_size=7, comp=296, payload=296]
nc DEBUG: SSH: channel_write_common: ssh_channel_write wrote 287 bytes
nc DEBUG: SSH: ssh_socket_unbuffered_write: Enabling POLLOUT for socket
nc DEBUG: Sending message:

##


nc DEBUG: SSH: ssh_packet_need_rekey: rekey: [data_rekey_needed=0, out_blocks=4920, in_blocks=9143]
nc DEBUG: SSH: packet_send2: packet: wrote [type=94, len=24, padding_size=10, comp=13, payload=13]
nc DEBUG: SSH: channel_write_common: ssh_channel_write wrote 4 bytes
nc DEBUG: SSH: ssh_socket_unbuffered_write: Enabling POLLOUT for socket
nc DEBUG: SSH: ssh_packet_socket_callback: packet: read type 94 [len=24,padding=8,comp=15,payload=15]
nc DEBUG: SSH: ssh_packet_process: Dispatching handler for packet type 94
nc DEBUG: SSH: channel_rcv_data: Channel receiving 6 bytes data in 0 (local win=1212980 remote win=1242249)
nc DEBUG: SSH: channel_default_bufferize: placing 6 bytes into channel buffer (stdout)
nc DEBUG: SSH: channel_rcv_data: Channel windows are now (local win=1212974 remote win=1242249)
nc DEBUG: SSH: ssh_packet_need_rekey: rekey: [data_rekey_needed=0, out_blocks=4920, in_blocks=9143]
nc DEBUG: SSH: ssh_channel_read_timeout: Read (2) buffered : 6 bytes. Window: 1212974
nc DEBUG: SSH: ssh_channel_read_timeout: Read (1) buffered : 4 bytes. Window: 1212974
nc DEBUG: SSH: ssh_channel_read_timeout: Read (1) buffered : 3 bytes. Window: 1212974
nc DEBUG: SSH: ssh_channel_read_timeout: Read (1) buffered : 2 bytes. Window: 1212974
nc DEBUG: SSH: ssh_channel_read_timeout: Read (1) buffered : 1 bytes. Window: 1212974
nc DEBUG: SSH: ssh_channel_read_timeout: Read (180) buffered : 0 bytes. Window: 1212974
nc DEBUG: SSH: ssh_packet_socket_callback: packet: read type 94 [len=200,padding=10,comp=189,payload=189]
nc DEBUG: SSH: ssh_packet_process: Dispatching handler for packet type 94
nc DEBUG: SSH: channel_rcv_data: Channel receiving 180 bytes data in 0 (local win=1212974 remote win=1242249)
nc DEBUG: SSH: channel_default_bufferize: placing 180 bytes into channel buffer (stdout)
nc DEBUG: SSH: channel_rcv_data: Channel windows are now (local win=1212794 remote win=1242249)
nc DEBUG: SSH: ssh_packet_need_rekey: rekey: [data_rekey_needed=0, out_blocks=4920, in_blocks=9166]
nc DEBUG: SSH: ssh_channel_read_timeout: Read (2) buffered : 0 bytes. Window: 1212794
nc DEBUG: SSH: ssh_channel_read_timeout: Read (2) buffered : 0 bytes. Window: 1212794
nc DEBUG: SSH: ssh_packet_socket_callback: packet: read type 94 [len=24,padding=10,comp=13,payload=13]
nc DEBUG: SSH: ssh_packet_process: Dispatching handler for packet type 94
nc DEBUG: SSH: channel_rcv_data: Channel receiving 4 bytes data in 0 (local win=1212794 remote win=1242249)
nc DEBUG: SSH: channel_default_bufferize: placing 4 bytes into channel buffer (stdout)
nc DEBUG: SSH: channel_rcv_data: Channel windows are now (local win=1212790 remote win=1242249)
nc DEBUG: SSH: ssh_packet_need_rekey: rekey: [data_rekey_needed=0, out_blocks=4920, in_blocks=9167]
nc DEBUG: SSH: ssh_channel_read_timeout: Read (1) buffered : 2 bytes. Window: 1212790
nc DEBUG: SSH: ssh_channel_read_timeout: Read (1) buffered : 1 bytes. Window: 1212790
nc DEBUG: Received message:
<rpc-reply xmlns="urn:ietf:params:xml:ns:netconf:base:1.0" message-id="128"><next-update-at xmlns="urn:o-ran:supervision:1.0">2026-04-14T02:29:33+00:00</next-update-at></rpc-reply>

DATA
<next-update-at xmlns="urn:o-ran:supervision:1.0">2026-04-14T11:29:33+09:00</next-update-at>

nc DEBUG: Received message:
<notification xmlns="urn:ietf:params:xml:ns:netconf:notification:1.0"><eventTime>2026-04-14T02:29:33Z</eventTime><supervision-notification xmlns="urn:o-ran:supervision:1.0"/></notification>

notification (2026-04-14T02:29:33Z)
<supervision-notification xmlns="urn:o-ran:supervision:1.0"/>

Client SENT :  user-rpc --content /mplane_automation/conformance_test/watchdog.xml
nc DEBUG: Sending message:

#287


nc DEBUG: SSH: ssh_packet_need_rekey: rekey: [data_rekey_needed=0, out_blocks=4921, in_blocks=9194]
nc DEBUG: SSH: ssh_socket_unbuffered_write: Enabling POLLOUT for socket
nc DEBUG: SSH: packet_send2: packet: wrote [type=94, len=24, padding_size=8, comp=15, payload=15]
nc DEBUG: SSH: channel_write_common: ssh_channel_write wrote 6 bytes
nc DEBUG: Sending message:
<rpc xmlns="urn:ietf:params:xml:ns:netconf:base:1.0" message-id="129"><supervision-watchdog-reset xmlns="urn:o-ran:supervision:1.0"><supervision-notification-interval>10</supervision-notification-interval><guard-timer-overhead>10</guard-timer-overhead></supervision-watchdog-reset></rpc>

nc DEBUG: SSH: ssh_packet_need_rekey: rekey: [data_rekey_needed=0, out_blocks=4958, in_blocks=9230]
nc DEBUG: SSH: packet_send2: packet: wrote [type=94, len=304, padding_size=7, comp=296, payload=296]
nc DEBUG: SSH: channel_write_common: ssh_channel_write wrote 287 bytes
nc DEBUG: SSH: ssh_socket_unbuffered_write: Enabling POLLOUT for socket
nc DEBUG: Sending message:

##


nc DEBUG: SSH: ssh_packet_need_rekey: rekey: [data_rekey_needed=0, out_blocks=4959, in_blocks=9194]
nc DEBUG: SSH: packet_send2: packet: wrote [type=94, len=24, padding_size=10, comp=13, payload=13]
nc DEBUG: SSH: channel_write_common: ssh_channel_write wrote 4 bytes
nc DEBUG: SSH: ssh_socket_unbuffered_write: Enabling POLLOUT for socket
nc DEBUG: SSH: ssh_packet_socket_callback: packet: read type 94 [len=24,padding=8,comp=15,payload=15]
nc DEBUG: SSH: ssh_packet_process: Dispatching handler for packet type 94
nc DEBUG: SSH: channel_rcv_data: Channel receiving 6 bytes data in 0 (local win=1212591 remote win=1241952)
nc DEBUG: SSH: channel_default_bufferize: placing 6 bytes into channel buffer (stdout)
nc DEBUG: SSH: channel_rcv_data: Channel windows are now (local win=1212585 remote win=1241952)
nc DEBUG: SSH: ssh_packet_socket_callback: Processing 220 bytes left in socket buffer
nc DEBUG: SSH: ssh_packet_socket_callback: packet: read type 94 [len=200,padding=10,comp=189,payload=189]
nc DEBUG: SSH: ssh_packet_process: Dispatching handler for packet type 94
nc DEBUG: SSH: channel_rcv_data: Channel receiving 180 bytes data in 0 (local win=1212585 remote win=1241952)
nc DEBUG: SSH: channel_default_bufferize: placing 180 bytes into channel buffer (stdout)
nc DEBUG: SSH: channel_rcv_data: Channel windows are now (local win=1212405 remote win=1241952)
nc DEBUG: SSH: ssh_packet_need_rekey: rekey: [data_rekey_needed=0, out_blocks=4959, in_blocks=9217]
nc DEBUG: SSH: ssh_packet_need_rekey: rekey: [data_rekey_needed=0, out_blocks=4959, in_blocks=9217]
nc DEBUG: SSH: ssh_channel_read_timeout: Read (2) buffered : 186 bytes. Window: 1212405
nc DEBUG: SSH: ssh_channel_read_timeout: Read (1) buffered : 184 bytes. Window: 1212405
nc DEBUG: SSH: ssh_channel_read_timeout: Read (1) buffered : 183 bytes. Window: 1212405
nc DEBUG: SSH: ssh_channel_read_timeout: Read (1) buffered : 182 bytes. Window: 1212405
nc DEBUG: SSH: ssh_channel_read_timeout: Read (1) buffered : 181 bytes. Window: 1212405
nc DEBUG: SSH: ssh_channel_read_timeout: Read (180) buffered : 180 bytes. Window: 1212405
nc DEBUG: SSH: ssh_channel_read_timeout: Read (2) buffered : 0 bytes. Window: 1212405
nc DEBUG: SSH: ssh_packet_socket_callback: packet: read type 94 [len=24,padding=10,comp=13,payload=13]
nc DEBUG: SSH: ssh_packet_process: Dispatching handler for packet type 94
nc DEBUG: SSH: channel_rcv_data: Channel receiving 4 bytes data in 0 (local win=1212405 remote win=1241952)
nc DEBUG: SSH: channel_default_bufferize: placing 4 bytes into channel buffer (stdout)
nc DEBUG: SSH: channel_rcv_data: Channel windows are now (local win=1212401 remote win=1241952)
nc DEBUG: SSH: ssh_packet_need_rekey: rekey: [data_rekey_needed=0, out_blocks=4959, in_blocks=9218]
nc DEBUG: SSH: ssh_channel_read_timeout: Read (1) buffered : 2 bytes. Window: 1212401
nc DEBUG: SSH: ssh_channel_read_timeout: Read (1) buffered : 1 bytes. Window: 1212401
nc DEBUG: Received message:
<rpc-reply xmlns="urn:ietf:params:xml:ns:netconf:base:1.0" message-id="129"><next-update-at xmlns="urn:o-ran:supervision:1.0">2026-04-14T02:29:43+00:00</next-update-at></rpc-reply>

DATA
<next-update-at xmlns="urn:o-ran:supervision:1.0">2026-04-14T11:29:43+09:00</next-update-at>

nc DEBUG: Received message:
<notification xmlns="urn:ietf:params:xml:ns:netconf:notification:1.0"><eventTime>2026-04-14T02:29:43Z</eventTime><supervision-notification xmlns="urn:o-ran:supervision:1.0"/></notification>

notification (2026-04-14T02:29:43Z)
<supervision-notification xmlns="urn:o-ran:supervision:1.0"/>

Client SENT :  user-rpc --content /mplane_automation/conformance_test/watchdog.xml
nc DEBUG: Sending message:

#287


nc DEBUG: SSH: ssh_packet_need_rekey: rekey: [data_rekey_needed=0, out_blocks=4960, in_blocks=9245]
nc DEBUG: SSH: ssh_socket_unbuffered_write: Enabling POLLOUT for socket
nc DEBUG: SSH: packet_send2: packet: wrote [type=94, len=24, padding_size=8, comp=15, payload=15]
nc DEBUG: SSH: channel_write_common: ssh_channel_write wrote 6 bytes
nc DEBUG: Sending message:
<rpc xmlns="urn:ietf:params:xml:ns:netconf:base:1.0" message-id="130"><supervision-watchdog-reset xmlns="urn:o-ran:supervision:1.0"><supervision-notification-interval>10</supervision-notification-interval><guard-timer-overhead>10</guard-timer-overhead></supervision-watchdog-reset></rpc>

nc DEBUG: SSH: ssh_packet_need_rekey: rekey: [data_rekey_needed=0, out_blocks=4997, in_blocks=9281]
nc DEBUG: SSH: packet_send2: packet: wrote [type=94, len=304, padding_size=7, comp=296, payload=296]
nc DEBUG: SSH: channel_write_common: ssh_channel_write wrote 287 bytes
nc DEBUG: SSH: ssh_socket_unbuffered_write: Enabling POLLOUT for socket
nc DEBUG: Sending message:

##


nc DEBUG: SSH: ssh_packet_need_rekey: rekey: [data_rekey_needed=0, out_blocks=4998, in_blocks=9245]
nc DEBUG: SSH: packet_send2: packet: wrote [type=94, len=24, padding_size=10, comp=13, payload=13]
nc DEBUG: SSH: channel_write_common: ssh_channel_write wrote 4 bytes
nc DEBUG: SSH: ssh_socket_unbuffered_write: Enabling POLLOUT for socket
nc DEBUG: SSH: ssh_packet_socket_callback: packet: read type 94 [len=24,padding=8,comp=15,payload=15]
nc DEBUG: SSH: ssh_packet_process: Dispatching handler for packet type 94
nc DEBUG: SSH: channel_rcv_data: Channel receiving 6 bytes data in 0 (local win=1212202 remote win=1241655)
nc DEBUG: SSH: channel_default_bufferize: placing 6 bytes into channel buffer (stdout)
nc DEBUG: SSH: channel_rcv_data: Channel windows are now (local win=1212196 remote win=1241655)
nc DEBUG: SSH: ssh_packet_socket_callback: Processing 220 bytes left in socket buffer
nc DEBUG: SSH: ssh_packet_socket_callback: packet: read type 94 [len=200,padding=10,comp=189,payload=189]
nc DEBUG: SSH: ssh_packet_process: Dispatching handler for packet type 94
nc DEBUG: SSH: channel_rcv_data: Channel receiving 180 bytes data in 0 (local win=1212196 remote win=1241655)
nc DEBUG: SSH: channel_default_bufferize: placing 180 bytes into channel buffer (stdout)
nc DEBUG: SSH: channel_rcv_data: Channel windows are now (local win=1212016 remote win=1241655)
nc DEBUG: SSH: ssh_packet_need_rekey: rekey: [data_rekey_needed=0, out_blocks=4998, in_blocks=9268]
nc DEBUG: SSH: ssh_packet_need_rekey: rekey: [data_rekey_needed=0, out_blocks=4998, in_blocks=9268]
nc DEBUG: SSH: ssh_channel_read_timeout: Read (2) buffered : 186 bytes. Window: 1212016
nc DEBUG: SSH: ssh_channel_read_timeout: Read (1) buffered : 184 bytes. Window: 1212016
nc DEBUG: SSH: ssh_channel_read_timeout: Read (1) buffered : 183 bytes. Window: 1212016
nc DEBUG: SSH: ssh_channel_read_timeout: Read (1) buffered : 182 bytes. Window: 1212016
nc DEBUG: SSH: ssh_channel_read_timeout: Read (1) buffered : 181 bytes. Window: 1212016
nc DEBUG: SSH: ssh_channel_read_timeout: Read (180) buffered : 180 bytes. Window: 1212016
nc DEBUG: SSH: ssh_channel_read_timeout: Read (2) buffered : 0 bytes. Window: 1212016
nc DEBUG: SSH: ssh_channel_read_timeout: Read (2) buffered : 0 bytes. Window: 1212016
nc DEBUG: SSH: ssh_packet_socket_callback: packet: read type 94 [len=24,padding=10,comp=13,payload=13]
nc DEBUG: SSH: ssh_packet_process: Dispatching handler for packet type 94
nc DEBUG: SSH: channel_rcv_data: Channel receiving 4 bytes data in 0 (local win=1212016 remote win=1241655)
nc DEBUG: SSH: channel_default_bufferize: placing 4 bytes into channel buffer (stdout)
nc DEBUG: SSH: channel_rcv_data: Channel windows are now (local win=1212012 remote win=1241655)
nc DEBUG: SSH: ssh_packet_need_rekey: rekey: [data_rekey_needed=0, out_blocks=4998, in_blocks=9269]
nc DEBUG: SSH: ssh_channel_read_timeout: Read (1) buffered : 2 bytes. Window: 1212012
nc DEBUG: SSH: ssh_channel_read_timeout: Read (1) buffered : 1 bytes. Window: 1212012
nc DEBUG: Received message:
<rpc-reply xmlns="urn:ietf:params:xml:ns:netconf:base:1.0" message-id="130"><next-update-at xmlns="urn:o-ran:supervision:1.0">2026-04-14T02:29:53+00:00</next-update-at></rpc-reply>

DATA
<next-update-at xmlns="urn:o-ran:supervision:1.0">2026-04-14T11:29:53+09:00</next-update-at>

nc DEBUG: Received message:
<notification xmlns="urn:ietf:params:xml:ns:netconf:notification:1.0"><eventTime>2026-04-14T02:29:53Z</eventTime><supervision-notification xmlns="urn:o-ran:supervision:1.0"/></notification>

notification (2026-04-14T02:29:53Z)
<supervision-notification xmlns="urn:o-ran:supervision:1.0"/>

Client SENT :  user-rpc --content /mplane_automation/conformance_test/watchdog.xml
nc DEBUG: Sending message:

#287


nc DEBUG: SSH: ssh_packet_need_rekey: rekey: [data_rekey_needed=0, out_blocks=4999, in_blocks=9296]
nc DEBUG: SSH: ssh_socket_unbuffered_write: Enabling POLLOUT for socket
nc DEBUG: SSH: packet_send2: packet: wrote [type=94, len=24, padding_size=8, comp=15, payload=15]
nc DEBUG: SSH: channel_write_common: ssh_channel_write wrote 6 bytes
nc DEBUG: Sending message:
<rpc xmlns="urn:ietf:params:xml:ns:netconf:base:1.0" message-id="131"><supervision-watchdog-reset xmlns="urn:o-ran:supervision:1.0"><supervision-notification-interval>10</supervision-notification-interval><guard-timer-overhead>10</guard-timer-overhead></supervision-watchdog-reset></rpc>

nc DEBUG: SSH: ssh_packet_need_rekey: rekey: [data_rekey_needed=0, out_blocks=5036, in_blocks=9332]
nc DEBUG: SSH: packet_send2: packet: wrote [type=94, len=304, padding_size=7, comp=296, payload=296]
nc DEBUG: SSH: channel_write_common: ssh_channel_write wrote 287 bytes
nc DEBUG: SSH: ssh_socket_unbuffered_write: Enabling POLLOUT for socket
nc DEBUG: Sending message:

##


nc DEBUG: SSH: ssh_packet_need_rekey: rekey: [data_rekey_needed=0, out_blocks=5037, in_blocks=9296]
nc DEBUG: SSH: packet_send2: packet: wrote [type=94, len=24, padding_size=10, comp=13, payload=13]
nc DEBUG: SSH: channel_write_common: ssh_channel_write wrote 4 bytes
nc DEBUG: SSH: ssh_socket_unbuffered_write: Enabling POLLOUT for socket
nc DEBUG: SSH: ssh_packet_socket_callback: packet: read type 94 [len=24,padding=8,comp=15,payload=15]
nc DEBUG: SSH: ssh_packet_process: Dispatching handler for packet type 94
nc DEBUG: SSH: channel_rcv_data: Channel receiving 6 bytes data in 0 (local win=1211813 remote win=1241358)
nc DEBUG: SSH: channel_default_bufferize: placing 6 bytes into channel buffer (stdout)
nc DEBUG: SSH: channel_rcv_data: Channel windows are now (local win=1211807 remote win=1241358)
nc DEBUG: SSH: ssh_packet_need_rekey: rekey: [data_rekey_needed=0, out_blocks=5037, in_blocks=9296]
nc DEBUG: SSH: ssh_channel_read_timeout: Read (2) buffered : 6 bytes. Window: 1211807
nc DEBUG: SSH: ssh_channel_read_timeout: Read (1) buffered : 4 bytes. Window: 1211807
nc DEBUG: SSH: ssh_channel_read_timeout: Read (1) buffered : 3 bytes. Window: 1211807
nc DEBUG: SSH: ssh_channel_read_timeout: Read (1) buffered : 2 bytes. Window: 1211807
nc DEBUG: SSH: ssh_channel_read_timeout: Read (1) buffered : 1 bytes. Window: 1211807
nc DEBUG: SSH: ssh_channel_read_timeout: Read (180) buffered : 0 bytes. Window: 1211807
nc DEBUG: SSH: ssh_packet_socket_callback: packet: read type 94 [len=200,padding=10,comp=189,payload=189]
nc DEBUG: SSH: ssh_packet_process: Dispatching handler for packet type 94
nc DEBUG: SSH: channel_rcv_data: Channel receiving 180 bytes data in 0 (local win=1211807 remote win=1241358)
nc DEBUG: SSH: channel_default_bufferize: placing 180 bytes into channel buffer (stdout)
nc DEBUG: SSH: channel_rcv_data: Channel windows are now (local win=1211627 remote win=1241358)
nc DEBUG: SSH: ssh_packet_need_rekey: rekey: [data_rekey_needed=0, out_blocks=5037, in_blocks=9319]
nc DEBUG: SSH: ssh_channel_read_timeout: Read (2) buffered : 0 bytes. Window: 1211627
nc DEBUG: SSH: ssh_packet_socket_callback: packet: read type 94 [len=24,padding=10,comp=13,payload=13]
nc DEBUG: SSH: ssh_packet_process: Dispatching handler for packet type 94
nc DEBUG: SSH: channel_rcv_data: Channel receiving 4 bytes data in 0 (local win=1211627 remote win=1241358)
nc DEBUG: SSH: channel_default_bufferize: placing 4 bytes into channel buffer (stdout)
nc DEBUG: SSH: channel_rcv_data: Channel windows are now (local win=1211623 remote win=1241358)
nc DEBUG: SSH: ssh_packet_need_rekey: rekey: [data_rekey_needed=0, out_blocks=5037, in_blocks=9320]
nc DEBUG: SSH: ssh_channel_read_timeout: Read (1) buffered : 2 bytes. Window: 1211623
nc DEBUG: SSH: ssh_channel_read_timeout: Read (1) buffered : 1 bytes. Window: 1211623
nc DEBUG: Received message:
<rpc-reply xmlns="urn:ietf:params:xml:ns:netconf:base:1.0" message-id="131"><next-update-at xmlns="urn:o-ran:supervision:1.0">2026-04-14T02:30:03+00:00</next-update-at></rpc-reply>

DATA
<next-update-at xmlns="urn:o-ran:supervision:1.0">2026-04-14T11:30:03+09:00</next-update-at>

nc DEBUG: Received message:
<notification xmlns="urn:ietf:params:xml:ns:netconf:notification:1.0"><eventTime>2026-04-14T02:30:03Z</eventTime><supervision-notification xmlns="urn:o-ran:supervision:1.0"/></notification>

notification (2026-04-14T02:30:03Z)
<supervision-notification xmlns="urn:o-ran:supervision:1.0"/>

Client SENT :  user-rpc --content /mplane_automation/conformance_test/watchdog.xml
nc DEBUG: Sending message:

#287


nc DEBUG: SSH: ssh_packet_need_rekey: rekey: [data_rekey_needed=0, out_blocks=5038, in_blocks=9347]
nc DEBUG: SSH: ssh_socket_unbuffered_write: Enabling POLLOUT for socket
nc DEBUG: SSH: packet_send2: packet: wrote [type=94, len=24, padding_size=8, comp=15, payload=15]
nc DEBUG: SSH: channel_write_common: ssh_channel_write wrote 6 bytes
nc DEBUG: Sending message:
<rpc xmlns="urn:ietf:params:xml:ns:netconf:base:1.0" message-id="132"><supervision-watchdog-reset xmlns="urn:o-ran:supervision:1.0"><supervision-notification-interval>10</supervision-notification-interval><guard-timer-overhead>10</guard-timer-overhead></supervision-watchdog-reset></rpc>

nc DEBUG: SSH: ssh_packet_need_rekey: rekey: [data_rekey_needed=0, out_blocks=5075, in_blocks=9383]
nc DEBUG: SSH: packet_send2: packet: wrote [type=94, len=304, padding_size=7, comp=296, payload=296]
nc DEBUG: SSH: channel_write_common: ssh_channel_write wrote 287 bytes
nc DEBUG: SSH: ssh_socket_unbuffered_write: Enabling POLLOUT for socket
nc DEBUG: Sending message:

##


nc DEBUG: SSH: ssh_packet_need_rekey: rekey: [data_rekey_needed=0, out_blocks=5076, in_blocks=9347]
nc DEBUG: SSH: packet_send2: packet: wrote [type=94, len=24, padding_size=10, comp=13, payload=13]
nc DEBUG: SSH: channel_write_common: ssh_channel_write wrote 4 bytes
nc DEBUG: SSH: ssh_socket_unbuffered_write: Enabling POLLOUT for socket
nc DEBUG: SSH: ssh_packet_socket_callback: packet: read type 94 [len=24,padding=8,comp=15,payload=15]
nc DEBUG: SSH: ssh_packet_process: Dispatching handler for packet type 94
nc DEBUG: SSH: channel_rcv_data: Channel receiving 6 bytes data in 0 (local win=1211424 remote win=1241061)
nc DEBUG: SSH: channel_default_bufferize: placing 6 bytes into channel buffer (stdout)
nc DEBUG: SSH: channel_rcv_data: Channel windows are now (local win=1211418 remote win=1241061)
nc DEBUG: SSH: ssh_packet_socket_callback: Processing 220 bytes left in socket buffer
nc DEBUG: SSH: ssh_packet_socket_callback: packet: read type 94 [len=200,padding=10,comp=189,payload=189]
nc DEBUG: SSH: ssh_packet_process: Dispatching handler for packet type 94
nc DEBUG: SSH: channel_rcv_data: Channel receiving 180 bytes data in 0 (local win=1211418 remote win=1241061)
nc DEBUG: SSH: channel_default_bufferize: placing 180 bytes into channel buffer (stdout)
nc DEBUG: SSH: channel_rcv_data: Channel windows are now (local win=1211238 remote win=1241061)
nc DEBUG: SSH: ssh_packet_need_rekey: rekey: [data_rekey_needed=0, out_blocks=5076, in_blocks=9370]
nc DEBUG: SSH: ssh_packet_need_rekey: rekey: [data_rekey_needed=0, out_blocks=5076, in_blocks=9370]
nc DEBUG: SSH: ssh_channel_read_timeout: Read (2) buffered : 186 bytes. Window: 1211238
nc DEBUG: SSH: ssh_channel_read_timeout: Read (1) buffered : 184 bytes. Window: 1211238
nc DEBUG: SSH: ssh_channel_read_timeout: Read (1) buffered : 183 bytes. Window: 1211238
nc DEBUG: SSH: ssh_channel_read_timeout: Read (1) buffered : 182 bytes. Window: 1211238
nc DEBUG: SSH: ssh_channel_read_timeout: Read (1) buffered : 181 bytes. Window: 1211238
nc DEBUG: SSH: ssh_channel_read_timeout: Read (180) buffered : 180 bytes. Window: 1211238
nc DEBUG: SSH: ssh_channel_read_timeout: Read (2) buffered : 0 bytes. Window: 1211238
nc DEBUG: SSH: ssh_packet_socket_callback: packet: read type 94 [len=24,padding=10,comp=13,payload=13]
nc DEBUG: SSH: ssh_packet_process: Dispatching handler for packet type 94
nc DEBUG: SSH: channel_rcv_data: Channel receiving 4 bytes data in 0 (local win=1211238 remote win=1241061)
nc DEBUG: SSH: channel_default_bufferize: placing 4 bytes into channel buffer (stdout)
nc DEBUG: SSH: channel_rcv_data: Channel windows are now (local win=1211234 remote win=1241061)
nc DEBUG: SSH: ssh_packet_need_rekey: rekey: [data_rekey_needed=0, out_blocks=5076, in_blocks=9371]
nc DEBUG: SSH: ssh_channel_read_timeout: Read (1) buffered : 2 bytes. Window: 1211234
nc DEBUG: SSH: ssh_channel_read_timeout: Read (1) buffered : 1 bytes. Window: 1211234
nc DEBUG: Received message:
<rpc-reply xmlns="urn:ietf:params:xml:ns:netconf:base:1.0" message-id="132"><next-update-at xmlns="urn:o-ran:supervision:1.0">2026-04-14T02:30:13+00:00</next-update-at></rpc-reply>

DATA
<next-update-at xmlns="urn:o-ran:supervision:1.0">2026-04-14T11:30:13+09:00</next-update-at>

nc DEBUG: Received message:
<notification xmlns="urn:ietf:params:xml:ns:netconf:notification:1.0"><eventTime>2026-04-14T02:30:13Z</eventTime><supervision-notification xmlns="urn:o-ran:supervision:1.0"/></notification>

notification (2026-04-14T02:30:13Z)
<supervision-notification xmlns="urn:o-ran:supervision:1.0"/>

Client SENT :  user-rpc --content /mplane_automation/conformance_test/watchdog.xml
nc DEBUG: Sending message:

#287


nc DEBUG: SSH: ssh_packet_need_rekey: rekey: [data_rekey_needed=0, out_blocks=5077, in_blocks=9398]
nc DEBUG: SSH: ssh_socket_unbuffered_write: Enabling POLLOUT for socket
nc DEBUG: SSH: packet_send2: packet: wrote [type=94, len=24, padding_size=8, comp=15, payload=15]
nc DEBUG: SSH: channel_write_common: ssh_channel_write wrote 6 bytes
nc DEBUG: Sending message:
<rpc xmlns="urn:ietf:params:xml:ns:netconf:base:1.0" message-id="133"><supervision-watchdog-reset xmlns="urn:o-ran:supervision:1.0"><supervision-notification-interval>10</supervision-notification-interval><guard-timer-overhead>10</guard-timer-overhead></supervision-watchdog-reset></rpc>

nc DEBUG: SSH: ssh_packet_need_rekey: rekey: [data_rekey_needed=0, out_blocks=5114, in_blocks=9434]
nc DEBUG: SSH: packet_send2: packet: wrote [type=94, len=304, padding_size=7, comp=296, payload=296]
nc DEBUG: SSH: channel_write_common: ssh_channel_write wrote 287 bytes
nc DEBUG: SSH: ssh_socket_unbuffered_write: Enabling POLLOUT for socket
nc DEBUG: Sending message:

##


nc DEBUG: SSH: ssh_packet_need_rekey: rekey: [data_rekey_needed=0, out_blocks=5115, in_blocks=9398]
nc DEBUG: SSH: packet_send2: packet: wrote [type=94, len=24, padding_size=10, comp=13, payload=13]
nc DEBUG: SSH: channel_write_common: ssh_channel_write wrote 4 bytes
nc DEBUG: SSH: ssh_socket_unbuffered_write: Enabling POLLOUT for socket
nc DEBUG: SSH: ssh_packet_socket_callback: packet: read type 94 [len=24,padding=8,comp=15,payload=15]
nc DEBUG: SSH: ssh_packet_process: Dispatching handler for packet type 94
nc DEBUG: SSH: channel_rcv_data: Channel receiving 6 bytes data in 0 (local win=1211035 remote win=1240764)
nc DEBUG: SSH: channel_default_bufferize: placing 6 bytes into channel buffer (stdout)
nc DEBUG: SSH: channel_rcv_data: Channel windows are now (local win=1211029 remote win=1240764)
nc DEBUG: SSH: ssh_packet_socket_callback: Processing 220 bytes left in socket buffer
nc DEBUG: SSH: ssh_packet_socket_callback: packet: read type 94 [len=200,padding=10,comp=189,payload=189]
nc DEBUG: SSH: ssh_packet_process: Dispatching handler for packet type 94
nc DEBUG: SSH: channel_rcv_data: Channel receiving 180 bytes data in 0 (local win=1211029 remote win=1240764)
nc DEBUG: SSH: channel_default_bufferize: placing 180 bytes into channel buffer (stdout)
nc DEBUG: SSH: channel_rcv_data: Channel windows are now (local win=1210849 remote win=1240764)
nc DEBUG: SSH: ssh_packet_need_rekey: rekey: [data_rekey_needed=0, out_blocks=5115, in_blocks=9421]
nc DEBUG: SSH: ssh_packet_need_rekey: rekey: [data_rekey_needed=0, out_blocks=5115, in_blocks=9421]
nc DEBUG: SSH: ssh_channel_read_timeout: Read (2) buffered : 186 bytes. Window: 1210849
nc DEBUG: SSH: ssh_channel_read_timeout: Read (1) buffered : 184 bytes. Window: 1210849
nc DEBUG: SSH: ssh_channel_read_timeout: Read (1) buffered : 183 bytes. Window: 1210849
nc DEBUG: SSH: ssh_channel_read_timeout: Read (1) buffered : 182 bytes. Window: 1210849
nc DEBUG: SSH: ssh_channel_read_timeout: Read (1) buffered : 181 bytes. Window: 1210849
nc DEBUG: SSH: ssh_channel_read_timeout: Read (180) buffered : 180 bytes. Window: 1210849
nc DEBUG: SSH: ssh_channel_read_timeout: Read (2) buffered : 0 bytes. Window: 1210849
nc DEBUG: SSH: ssh_packet_socket_callback: packet: read type 94 [len=24,padding=10,comp=13,payload=13]
nc DEBUG: SSH: ssh_packet_process: Dispatching handler for packet type 94
nc DEBUG: SSH: channel_rcv_data: Channel receiving 4 bytes data in 0 (local win=1210849 remote win=1240764)
nc DEBUG: SSH: channel_default_bufferize: placing 4 bytes into channel buffer (stdout)
nc DEBUG: SSH: channel_rcv_data: Channel windows are now (local win=1210845 remote win=1240764)
nc DEBUG: SSH: ssh_packet_need_rekey: rekey: [data_rekey_needed=0, out_blocks=5115, in_blocks=9422]
nc DEBUG: SSH: ssh_channel_read_timeout: Read (1) buffered : 2 bytes. Window: 1210845
nc DEBUG: SSH: ssh_channel_read_timeout: Read (1) buffered : 1 bytes. Window: 1210845
nc DEBUG: Received message:
<rpc-reply xmlns="urn:ietf:params:xml:ns:netconf:base:1.0" message-id="133"><next-update-at xmlns="urn:o-ran:supervision:1.0">2026-04-14T02:30:23+00:00</next-update-at></rpc-reply>

DATA
<next-update-at xmlns="urn:o-ran:supervision:1.0">2026-04-14T11:30:23+09:00</next-update-at>

nc DEBUG: Received message:
<notification xmlns="urn:ietf:params:xml:ns:netconf:notification:1.0"><eventTime>2026-04-14T02:30:23Z</eventTime><supervision-notification xmlns="urn:o-ran:supervision:1.0"/></notification>

notification (2026-04-14T02:30:23Z)
<supervision-notification xmlns="urn:o-ran:supervision:1.0"/>

Client SENT :  user-rpc --content /mplane_automation/conformance_test/watchdog.xml
nc DEBUG: Sending message:

#287


nc DEBUG: SSH: ssh_packet_need_rekey: rekey: [data_rekey_needed=0, out_blocks=5116, in_blocks=9449]
nc DEBUG: SSH: ssh_socket_unbuffered_write: Enabling POLLOUT for socket
nc DEBUG: SSH: packet_send2: packet: wrote [type=94, len=24, padding_size=8, comp=15, payload=15]
nc DEBUG: SSH: channel_write_common: ssh_channel_write wrote 6 bytes
nc DEBUG: Sending message:
<rpc xmlns="urn:ietf:params:xml:ns:netconf:base:1.0" message-id="134"><supervision-watchdog-reset xmlns="urn:o-ran:supervision:1.0"><supervision-notification-interval>10</supervision-notification-interval><guard-timer-overhead>10</guard-timer-overhead></supervision-watchdog-reset></rpc>

nc DEBUG: SSH: ssh_packet_need_rekey: rekey: [data_rekey_needed=0, out_blocks=5153, in_blocks=9485]
nc DEBUG: SSH: packet_send2: packet: wrote [type=94, len=304, padding_size=7, comp=296, payload=296]
nc DEBUG: SSH: channel_write_common: ssh_channel_write wrote 287 bytes
nc DEBUG: SSH: ssh_socket_unbuffered_write: Enabling POLLOUT for socket
nc DEBUG: Sending message:

##


nc DEBUG: SSH: ssh_packet_need_rekey: rekey: [data_rekey_needed=0, out_blocks=5154, in_blocks=9449]
nc DEBUG: SSH: packet_send2: packet: wrote [type=94, len=24, padding_size=10, comp=13, payload=13]
nc DEBUG: SSH: channel_write_common: ssh_channel_write wrote 4 bytes
nc DEBUG: SSH: ssh_socket_unbuffered_write: Enabling POLLOUT for socket
nc DEBUG: SSH: ssh_packet_socket_callback: packet: read type 94 [len=24,padding=8,comp=15,payload=15]
nc DEBUG: SSH: ssh_packet_process: Dispatching handler for packet type 94
nc DEBUG: SSH: channel_rcv_data: Channel receiving 6 bytes data in 0 (local win=1210646 remote win=1240467)
nc DEBUG: SSH: channel_default_bufferize: placing 6 bytes into channel buffer (stdout)
nc DEBUG: SSH: channel_rcv_data: Channel windows are now (local win=1210640 remote win=1240467)
nc DEBUG: SSH: ssh_packet_need_rekey: rekey: [data_rekey_needed=0, out_blocks=5154, in_blocks=9449]
nc DEBUG: SSH: ssh_channel_read_timeout: Read (2) buffered : 6 bytes. Window: 1210640
nc DEBUG: SSH: ssh_channel_read_timeout: Read (1) buffered : 4 bytes. Window: 1210640
nc DEBUG: SSH: ssh_channel_read_timeout: Read (1) buffered : 3 bytes. Window: 1210640
nc DEBUG: SSH: ssh_channel_read_timeout: Read (1) buffered : 2 bytes. Window: 1210640
nc DEBUG: SSH: ssh_channel_read_timeout: Read (1) buffered : 1 bytes. Window: 1210640
nc DEBUG: SSH: ssh_channel_read_timeout: Read (180) buffered : 0 bytes. Window: 1210640
nc DEBUG: SSH: ssh_packet_socket_callback: packet: read type 94 [len=200,padding=10,comp=189,payload=189]
nc DEBUG: SSH: ssh_packet_process: Dispatching handler for packet type 94
nc DEBUG: SSH: channel_rcv_data: Channel receiving 180 bytes data in 0 (local win=1210640 remote win=1240467)
nc DEBUG: SSH: channel_default_bufferize: placing 180 bytes into channel buffer (stdout)
nc DEBUG: SSH: channel_rcv_data: Channel windows are now (local win=1210460 remote win=1240467)
nc DEBUG: SSH: ssh_packet_need_rekey: rekey: [data_rekey_needed=0, out_blocks=5154, in_blocks=9472]
nc DEBUG: SSH: ssh_channel_read_timeout: Read (2) buffered : 0 bytes. Window: 1210460
nc DEBUG: SSH: ssh_packet_socket_callback: packet: read type 94 [len=24,padding=10,comp=13,payload=13]
nc DEBUG: SSH: ssh_packet_process: Dispatching handler for packet type 94
nc DEBUG: SSH: channel_rcv_data: Channel receiving 4 bytes data in 0 (local win=1210460 remote win=1240467)
nc DEBUG: SSH: channel_default_bufferize: placing 4 bytes into channel buffer (stdout)
nc DEBUG: SSH: channel_rcv_data: Channel windows are now (local win=1210456 remote win=1240467)
nc DEBUG: SSH: ssh_packet_need_rekey: rekey: [data_rekey_needed=0, out_blocks=5154, in_blocks=9473]
nc DEBUG: SSH: ssh_channel_read_timeout: Read (1) buffered : 2 bytes. Window: 1210456
nc DEBUG: SSH: ssh_channel_read_timeout: Read (1) buffered : 1 bytes. Window: 1210456
nc DEBUG: Received message:
<rpc-reply xmlns="urn:ietf:params:xml:ns:netconf:base:1.0" message-id="134"><next-update-at xmlns="urn:o-ran:supervision:1.0">2026-04-14T02:30:33+00:00</next-update-at></rpc-reply>

DATA
<next-update-at xmlns="urn:o-ran:supervision:1.0">2026-04-14T11:30:33+09:00</next-update-at>

nc DEBUG: Received message:
<notification xmlns="urn:ietf:params:xml:ns:netconf:notification:1.0"><eventTime>2026-04-14T02:30:33Z</eventTime><supervision-notification xmlns="urn:o-ran:supervision:1.0"/></notification>

notification (2026-04-14T02:30:33Z)
<supervision-notification xmlns="urn:o-ran:supervision:1.0"/>

Client SENT :  user-rpc --content /mplane_automation/conformance_test/watchdog.xml
nc DEBUG: Sending message:

#287


nc DEBUG: SSH: ssh_packet_need_rekey: rekey: [data_rekey_needed=0, out_blocks=5155, in_blocks=9500]
nc DEBUG: SSH: ssh_socket_unbuffered_write: Enabling POLLOUT for socket
nc DEBUG: SSH: packet_send2: packet: wrote [type=94, len=24, padding_size=8, comp=15, payload=15]
nc DEBUG: SSH: channel_write_common: ssh_channel_write wrote 6 bytes
nc DEBUG: Sending message:
<rpc xmlns="urn:ietf:params:xml:ns:netconf:base:1.0" message-id="135"><supervision-watchdog-reset xmlns="urn:o-ran:supervision:1.0"><supervision-notification-interval>10</supervision-notification-interval><guard-timer-overhead>10</guard-timer-overhead></supervision-watchdog-reset></rpc>

nc DEBUG: SSH: ssh_packet_need_rekey: rekey: [data_rekey_needed=0, out_blocks=5192, in_blocks=9536]
nc DEBUG: SSH: packet_send2: packet: wrote [type=94, len=304, padding_size=7, comp=296, payload=296]
nc DEBUG: SSH: channel_write_common: ssh_channel_write wrote 287 bytes
nc DEBUG: SSH: ssh_socket_unbuffered_write: Enabling POLLOUT for socket
nc DEBUG: Sending message:

##


nc DEBUG: SSH: ssh_packet_need_rekey: rekey: [data_rekey_needed=0, out_blocks=5193, in_blocks=9500]
nc DEBUG: SSH: packet_send2: packet: wrote [type=94, len=24, padding_size=10, comp=13, payload=13]
nc DEBUG: SSH: channel_write_common: ssh_channel_write wrote 4 bytes
nc DEBUG: SSH: ssh_socket_unbuffered_write: Enabling POLLOUT for socket
nc DEBUG: SSH: ssh_packet_socket_callback: packet: read type 94 [len=24,padding=8,comp=15,payload=15]
nc DEBUG: SSH: ssh_packet_process: Dispatching handler for packet type 94
nc DEBUG: SSH: channel_rcv_data: Channel receiving 6 bytes data in 0 (local win=1210257 remote win=1240170)
nc DEBUG: SSH: channel_default_bufferize: placing 6 bytes into channel buffer (stdout)
nc DEBUG: SSH: channel_rcv_data: Channel windows are now (local win=1210251 remote win=1240170)
nc DEBUG: SSH: ssh_packet_socket_callback: Processing 220 bytes left in socket buffer
nc DEBUG: SSH: ssh_packet_socket_callback: packet: read type 94 [len=200,padding=10,comp=189,payload=189]
nc DEBUG: SSH: ssh_packet_process: Dispatching handler for packet type 94
nc DEBUG: SSH: channel_rcv_data: Channel receiving 180 bytes data in 0 (local win=1210251 remote win=1240170)
nc DEBUG: SSH: channel_default_bufferize: placing 180 bytes into channel buffer (stdout)
nc DEBUG: SSH: channel_rcv_data: Channel windows are now (local win=1210071 remote win=1240170)
nc DEBUG: SSH: ssh_packet_need_rekey: rekey: [data_rekey_needed=0, out_blocks=5193, in_blocks=9523]
nc DEBUG: SSH: ssh_packet_need_rekey: rekey: [data_rekey_needed=0, out_blocks=5193, in_blocks=9523]
nc DEBUG: SSH: ssh_channel_read_timeout: Read (2) buffered : 186 bytes. Window: 1210071
nc DEBUG: SSH: ssh_channel_read_timeout: Read (1) buffered : 184 bytes. Window: 1210071
nc DEBUG: SSH: ssh_channel_read_timeout: Read (1) buffered : 183 bytes. Window: 1210071
nc DEBUG: SSH: ssh_channel_read_timeout: Read (1) buffered : 182 bytes. Window: 1210071
nc DEBUG: SSH: ssh_channel_read_timeout: Read (1) buffered : 181 bytes. Window: 1210071
nc DEBUG: SSH: ssh_channel_read_timeout: Read (180) buffered : 180 bytes. Window: 1210071
nc DEBUG: SSH: ssh_channel_read_timeout: Read (2) buffered : 0 bytes. Window: 1210071
nc DEBUG: SSH: ssh_packet_socket_callback: packet: read type 94 [len=24,padding=10,comp=13,payload=13]
nc DEBUG: SSH: ssh_packet_process: Dispatching handler for packet type 94
nc DEBUG: SSH: channel_rcv_data: Channel receiving 4 bytes data in 0 (local win=1210071 remote win=1240170)
nc DEBUG: SSH: channel_default_bufferize: placing 4 bytes into channel buffer (stdout)
nc DEBUG: SSH: channel_rcv_data: Channel windows are now (local win=1210067 remote win=1240170)
nc DEBUG: SSH: ssh_packet_need_rekey: rekey: [data_rekey_needed=0, out_blocks=5193, in_blocks=9524]
nc DEBUG: SSH: ssh_channel_read_timeout: Read (1) buffered : 2 bytes. Window: 1210067
nc DEBUG: SSH: ssh_channel_read_timeout: Read (1) buffered : 1 bytes. Window: 1210067
nc DEBUG: Received message:
<rpc-reply xmlns="urn:ietf:params:xml:ns:netconf:base:1.0" message-id="135"><next-update-at xmlns="urn:o-ran:supervision:1.0">2026-04-14T02:30:43+00:00</next-update-at></rpc-reply>

DATA
<next-update-at xmlns="urn:o-ran:supervision:1.0">2026-04-14T11:30:43+09:00</next-update-at>

nc DEBUG: Received message:
<notification xmlns="urn:ietf:params:xml:ns:netconf:notification:1.0"><eventTime>2026-04-14T02:30:43Z</eventTime><supervision-notification xmlns="urn:o-ran:supervision:1.0"/></notification>

notification (2026-04-14T02:30:43Z)
<supervision-notification xmlns="urn:o-ran:supervision:1.0"/>

Client SENT :  user-rpc --content /mplane_automation/conformance_test/watchdog.xml
nc DEBUG: Sending message:

#287


nc DEBUG: SSH: ssh_packet_need_rekey: rekey: [data_rekey_needed=0, out_blocks=5194, in_blocks=9551]
nc DEBUG: SSH: ssh_socket_unbuffered_write: Enabling POLLOUT for socket
nc DEBUG: SSH: packet_send2: packet: wrote [type=94, len=24, padding_size=8, comp=15, payload=15]
nc DEBUG: SSH: channel_write_common: ssh_channel_write wrote 6 bytes
nc DEBUG: Sending message:
<rpc xmlns="urn:ietf:params:xml:ns:netconf:base:1.0" message-id="136"><supervision-watchdog-reset xmlns="urn:o-ran:supervision:1.0"><supervision-notification-interval>10</supervision-notification-interval><guard-timer-overhead>10</guard-timer-overhead></supervision-watchdog-reset></rpc>

nc DEBUG: SSH: ssh_packet_need_rekey: rekey: [data_rekey_needed=0, out_blocks=5231, in_blocks=9587]
nc DEBUG: SSH: packet_send2: packet: wrote [type=94, len=304, padding_size=7, comp=296, payload=296]
nc DEBUG: SSH: channel_write_common: ssh_channel_write wrote 287 bytes
nc DEBUG: SSH: ssh_socket_unbuffered_write: Enabling POLLOUT for socket
nc DEBUG: Sending message:

##


nc DEBUG: SSH: ssh_packet_need_rekey: rekey: [data_rekey_needed=0, out_blocks=5232, in_blocks=9551]
nc DEBUG: SSH: packet_send2: packet: wrote [type=94, len=24, padding_size=10, comp=13, payload=13]
nc DEBUG: SSH: channel_write_common: ssh_channel_write wrote 4 bytes
nc DEBUG: SSH: ssh_socket_unbuffered_write: Enabling POLLOUT for socket
nc DEBUG: SSH: ssh_packet_socket_callback: packet: read type 94 [len=24,padding=8,comp=15,payload=15]
nc DEBUG: SSH: ssh_packet_process: Dispatching handler for packet type 94
nc DEBUG: SSH: channel_rcv_data: Channel receiving 6 bytes data in 0 (local win=1209868 remote win=1239873)
nc DEBUG: SSH: channel_default_bufferize: placing 6 bytes into channel buffer (stdout)
nc DEBUG: SSH: channel_rcv_data: Channel windows are now (local win=1209862 remote win=1239873)
nc DEBUG: SSH: ssh_packet_socket_callback: Processing 220 bytes left in socket buffer
nc DEBUG: SSH: ssh_packet_socket_callback: packet: read type 94 [len=200,padding=10,comp=189,payload=189]
nc DEBUG: SSH: ssh_packet_process: Dispatching handler for packet type 94
nc DEBUG: SSH: channel_rcv_data: Channel receiving 180 bytes data in 0 (local win=1209862 remote win=1239873)
nc DEBUG: SSH: channel_default_bufferize: placing 180 bytes into channel buffer (stdout)
nc DEBUG: SSH: channel_rcv_data: Channel windows are now (local win=1209682 remote win=1239873)
nc DEBUG: SSH: ssh_packet_need_rekey: rekey: [data_rekey_needed=0, out_blocks=5232, in_blocks=9574]
nc DEBUG: SSH: ssh_packet_need_rekey: rekey: [data_rekey_needed=0, out_blocks=5232, in_blocks=9574]
nc DEBUG: SSH: ssh_channel_read_timeout: Read (2) buffered : 186 bytes. Window: 1209682
nc DEBUG: SSH: ssh_channel_read_timeout: Read (1) buffered : 184 bytes. Window: 1209682
nc DEBUG: SSH: ssh_channel_read_timeout: Read (1) buffered : 183 bytes. Window: 1209682
nc DEBUG: SSH: ssh_channel_read_timeout: Read (1) buffered : 182 bytes. Window: 1209682
nc DEBUG: SSH: ssh_channel_read_timeout: Read (1) buffered : 181 bytes. Window: 1209682
nc DEBUG: SSH: ssh_channel_read_timeout: Read (180) buffered : 180 bytes. Window: 1209682
nc DEBUG: SSH: ssh_channel_read_timeout: Read (2) buffered : 0 bytes. Window: 1209682
nc DEBUG: SSH: ssh_packet_socket_callback: packet: read type 94 [len=24,padding=10,comp=13,payload=13]
nc DEBUG: SSH: ssh_packet_process: Dispatching handler for packet type 94
nc DEBUG: SSH: channel_rcv_data: Channel receiving 4 bytes data in 0 (local win=1209682 remote win=1239873)
nc DEBUG: SSH: channel_default_bufferize: placing 4 bytes into channel buffer (stdout)
nc DEBUG: SSH: channel_rcv_data: Channel windows are now (local win=1209678 remote win=1239873)
nc DEBUG: SSH: ssh_packet_need_rekey: rekey: [data_rekey_needed=0, out_blocks=5232, in_blocks=9575]
nc DEBUG: SSH: ssh_channel_read_timeout: Read (1) buffered : 2 bytes. Window: 1209678
nc DEBUG: SSH: ssh_channel_read_timeout: Read (1) buffered : 1 bytes. Window: 1209678
nc DEBUG: Received message:
<rpc-reply xmlns="urn:ietf:params:xml:ns:netconf:base:1.0" message-id="136"><next-update-at xmlns="urn:o-ran:supervision:1.0">2026-04-14T02:30:53+00:00</next-update-at></rpc-reply>

DATA
<next-update-at xmlns="urn:o-ran:supervision:1.0">2026-04-14T11:30:53+09:00</next-update-at>

nc DEBUG: Received message:
<notification xmlns="urn:ietf:params:xml:ns:netconf:notification:1.0"><eventTime>2026-04-14T02:30:53Z</eventTime><supervision-notification xmlns="urn:o-ran:supervision:1.0"/></notification>

notification (2026-04-14T02:30:53Z)
<supervision-notification xmlns="urn:o-ran:supervision:1.0"/>

Client SENT :  user-rpc --content /mplane_automation/conformance_test/watchdog.xml
nc DEBUG: Sending message:

#287


nc DEBUG: SSH: ssh_packet_need_rekey: rekey: [data_rekey_needed=0, out_blocks=5233, in_blocks=9602]
nc DEBUG: SSH: ssh_socket_unbuffered_write: Enabling POLLOUT for socket
nc DEBUG: SSH: packet_send2: packet: wrote [type=94, len=24, padding_size=8, comp=15, payload=15]
nc DEBUG: SSH: channel_write_common: ssh_channel_write wrote 6 bytes
nc DEBUG: Sending message:
<rpc xmlns="urn:ietf:params:xml:ns:netconf:base:1.0" message-id="137"><supervision-watchdog-reset xmlns="urn:o-ran:supervision:1.0"><supervision-notification-interval>10</supervision-notification-interval><guard-timer-overhead>10</guard-timer-overhead></supervision-watchdog-reset></rpc>

nc DEBUG: SSH: ssh_packet_need_rekey: rekey: [data_rekey_needed=0, out_blocks=5270, in_blocks=9638]
nc DEBUG: SSH: packet_send2: packet: wrote [type=94, len=304, padding_size=7, comp=296, payload=296]
nc DEBUG: SSH: channel_write_common: ssh_channel_write wrote 287 bytes
nc DEBUG: SSH: ssh_socket_unbuffered_write: Enabling POLLOUT for socket
nc DEBUG: Sending message:

##


nc DEBUG: SSH: ssh_packet_need_rekey: rekey: [data_rekey_needed=0, out_blocks=5271, in_blocks=9602]
nc DEBUG: SSH: packet_send2: packet: wrote [type=94, len=24, padding_size=10, comp=13, payload=13]
nc DEBUG: SSH: channel_write_common: ssh_channel_write wrote 4 bytes
nc DEBUG: SSH: ssh_socket_unbuffered_write: Enabling POLLOUT for socket
nc DEBUG: SSH: ssh_packet_socket_callback: packet: read type 94 [len=24,padding=8,comp=15,payload=15]
nc DEBUG: SSH: ssh_packet_process: Dispatching handler for packet type 94
nc DEBUG: SSH: channel_rcv_data: Channel receiving 6 bytes data in 0 (local win=1209479 remote win=1239576)
nc DEBUG: SSH: channel_default_bufferize: placing 6 bytes into channel buffer (stdout)
nc DEBUG: SSH: channel_rcv_data: Channel windows are now (local win=1209473 remote win=1239576)
nc DEBUG: SSH: ssh_packet_socket_callback: Processing 220 bytes left in socket buffer
nc DEBUG: SSH: ssh_packet_socket_callback: packet: read type 94 [len=200,padding=10,comp=189,payload=189]
nc DEBUG: SSH: ssh_packet_process: Dispatching handler for packet type 94
nc DEBUG: SSH: channel_rcv_data: Channel receiving 180 bytes data in 0 (local win=1209473 remote win=1239576)
nc DEBUG: SSH: channel_default_bufferize: placing 180 bytes into channel buffer (stdout)
nc DEBUG: SSH: channel_rcv_data: Channel windows are now (local win=1209293 remote win=1239576)
nc DEBUG: SSH: ssh_packet_need_rekey: rekey: [data_rekey_needed=0, out_blocks=5271, in_blocks=9625]
nc DEBUG: SSH: ssh_packet_need_rekey: rekey: [data_rekey_needed=0, out_blocks=5271, in_blocks=9625]
nc DEBUG: SSH: ssh_channel_read_timeout: Read (2) buffered : 186 bytes. Window: 1209293
nc DEBUG: SSH: ssh_channel_read_timeout: Read (1) buffered : 184 bytes. Window: 1209293
nc DEBUG: SSH: ssh_channel_read_timeout: Read (1) buffered : 183 bytes. Window: 1209293
nc DEBUG: SSH: ssh_channel_read_timeout: Read (1) buffered : 182 bytes. Window: 1209293
nc DEBUG: SSH: ssh_channel_read_timeout: Read (1) buffered : 181 bytes. Window: 1209293
nc DEBUG: SSH: ssh_channel_read_timeout: Read (180) buffered : 180 bytes. Window: 1209293
nc DEBUG: SSH: ssh_channel_read_timeout: Read (2) buffered : 0 bytes. Window: 1209293
nc DEBUG: SSH: ssh_packet_socket_callback: packet: read type 94 [len=24,padding=10,comp=13,payload=13]
nc DEBUG: SSH: ssh_packet_process: Dispatching handler for packet type 94
nc DEBUG: SSH: channel_rcv_data: Channel receiving 4 bytes data in 0 (local win=1209293 remote win=1239576)
nc DEBUG: SSH: channel_default_bufferize: placing 4 bytes into channel buffer (stdout)
nc DEBUG: SSH: channel_rcv_data: Channel windows are now (local win=1209289 remote win=1239576)
nc DEBUG: SSH: ssh_packet_need_rekey: rekey: [data_rekey_needed=0, out_blocks=5271, in_blocks=9626]
nc DEBUG: SSH: ssh_channel_read_timeout: Read (1) buffered : 2 bytes. Window: 1209289
nc DEBUG: SSH: ssh_channel_read_timeout: Read (1) buffered : 1 bytes. Window: 1209289
nc DEBUG: Received message:
<rpc-reply xmlns="urn:ietf:params:xml:ns:netconf:base:1.0" message-id="137"><next-update-at xmlns="urn:o-ran:supervision:1.0">2026-04-14T02:31:03+00:00</next-update-at></rpc-reply>

DATA
<next-update-at xmlns="urn:o-ran:supervision:1.0">2026-04-14T11:31:03+09:00</next-update-at>

nc DEBUG: Received message:
<notification xmlns="urn:ietf:params:xml:ns:netconf:notification:1.0"><eventTime>2026-04-14T02:31:03Z</eventTime><supervision-notification xmlns="urn:o-ran:supervision:1.0"/></notification>

notification (2026-04-14T02:31:03Z)
<supervision-notification xmlns="urn:o-ran:supervision:1.0"/>

Client SENT :  user-rpc --content /mplane_automation/conformance_test/watchdog.xml
nc DEBUG: Sending message:

#287


nc DEBUG: SSH: ssh_packet_need_rekey: rekey: [data_rekey_needed=0, out_blocks=5272, in_blocks=9653]
nc DEBUG: SSH: ssh_socket_unbuffered_write: Enabling POLLOUT for socket
nc DEBUG: SSH: packet_send2: packet: wrote [type=94, len=24, padding_size=8, comp=15, payload=15]
nc DEBUG: SSH: channel_write_common: ssh_channel_write wrote 6 bytes
nc DEBUG: Sending message:
<rpc xmlns="urn:ietf:params:xml:ns:netconf:base:1.0" message-id="138"><supervision-watchdog-reset xmlns="urn:o-ran:supervision:1.0"><supervision-notification-interval>10</supervision-notification-interval><guard-timer-overhead>10</guard-timer-overhead></supervision-watchdog-reset></rpc>

nc DEBUG: SSH: ssh_packet_need_rekey: rekey: [data_rekey_needed=0, out_blocks=5309, in_blocks=9689]
nc DEBUG: SSH: packet_send2: packet: wrote [type=94, len=304, padding_size=7, comp=296, payload=296]
nc DEBUG: SSH: channel_write_common: ssh_channel_write wrote 287 bytes
nc DEBUG: SSH: ssh_socket_unbuffered_write: Enabling POLLOUT for socket
nc DEBUG: Sending message:

##


nc DEBUG: SSH: ssh_packet_need_rekey: rekey: [data_rekey_needed=0, out_blocks=5310, in_blocks=9653]
nc DEBUG: SSH: packet_send2: packet: wrote [type=94, len=24, padding_size=10, comp=13, payload=13]
nc DEBUG: SSH: channel_write_common: ssh_channel_write wrote 4 bytes
nc DEBUG: SSH: ssh_socket_unbuffered_write: Enabling POLLOUT for socket
nc DEBUG: SSH: ssh_packet_socket_callback: packet: read type 94 [len=24,padding=8,comp=15,payload=15]
nc DEBUG: SSH: ssh_packet_process: Dispatching handler for packet type 94
nc DEBUG: SSH: channel_rcv_data: Channel receiving 6 bytes data in 0 (local win=1209090 remote win=1239279)
nc DEBUG: SSH: channel_default_bufferize: placing 6 bytes into channel buffer (stdout)
nc DEBUG: SSH: channel_rcv_data: Channel windows are now (local win=1209084 remote win=1239279)
nc DEBUG: SSH: ssh_packet_socket_callback: Processing 220 bytes left in socket buffer
nc DEBUG: SSH: ssh_packet_socket_callback: packet: read type 94 [len=200,padding=10,comp=189,payload=189]
nc DEBUG: SSH: ssh_packet_process: Dispatching handler for packet type 94
nc DEBUG: SSH: channel_rcv_data: Channel receiving 180 bytes data in 0 (local win=1209084 remote win=1239279)
nc DEBUG: SSH: channel_default_bufferize: placing 180 bytes into channel buffer (stdout)
nc DEBUG: SSH: channel_rcv_data: Channel windows are now (local win=1208904 remote win=1239279)
nc DEBUG: SSH: ssh_packet_need_rekey: rekey: [data_rekey_needed=0, out_blocks=5310, in_blocks=9676]
nc DEBUG: SSH: ssh_packet_need_rekey: rekey: [data_rekey_needed=0, out_blocks=5310, in_blocks=9676]
nc DEBUG: SSH: ssh_channel_read_timeout: Read (2) buffered : 186 bytes. Window: 1208904
nc DEBUG: SSH: ssh_channel_read_timeout: Read (1) buffered : 184 bytes. Window: 1208904
nc DEBUG: SSH: ssh_channel_read_timeout: Read (1) buffered : 183 bytes. Window: 1208904
nc DEBUG: SSH: ssh_channel_read_timeout: Read (1) buffered : 182 bytes. Window: 1208904
nc DEBUG: SSH: ssh_channel_read_timeout: Read (1) buffered : 181 bytes. Window: 1208904
nc DEBUG: SSH: ssh_channel_read_timeout: Read (180) buffered : 180 bytes. Window: 1208904
nc DEBUG: SSH: ssh_channel_read_timeout: Read (2) buffered : 0 bytes. Window: 1208904
nc DEBUG: SSH: ssh_packet_socket_callback: packet: read type 94 [len=24,padding=10,comp=13,payload=13]
nc DEBUG: SSH: ssh_packet_process: Dispatching handler for packet type 94
nc DEBUG: SSH: channel_rcv_data: Channel receiving 4 bytes data in 0 (local win=1208904 remote win=1239279)
nc DEBUG: SSH: channel_default_bufferize: placing 4 bytes into channel buffer (stdout)
nc DEBUG: SSH: channel_rcv_data: Channel windows are now (local win=1208900 remote win=1239279)
nc DEBUG: SSH: ssh_packet_need_rekey: rekey: [data_rekey_needed=0, out_blocks=5310, in_blocks=9677]
nc DEBUG: SSH: ssh_channel_read_timeout: Read (1) buffered : 2 bytes. Window: 1208900
nc DEBUG: SSH: ssh_channel_read_timeout: Read (1) buffered : 1 bytes. Window: 1208900
nc DEBUG: Received message:
<rpc-reply xmlns="urn:ietf:params:xml:ns:netconf:base:1.0" message-id="138"><next-update-at xmlns="urn:o-ran:supervision:1.0">2026-04-14T02:31:13+00:00</next-update-at></rpc-reply>

DATA
<next-update-at xmlns="urn:o-ran:supervision:1.0">2026-04-14T11:31:13+09:00</next-update-at>

nc DEBUG: Received message:
<notification xmlns="urn:ietf:params:xml:ns:netconf:notification:1.0"><eventTime>2026-04-14T02:31:13Z</eventTime><supervision-notification xmlns="urn:o-ran:supervision:1.0"/></notification>

notification (2026-04-14T02:31:13Z)
<supervision-notification xmlns="urn:o-ran:supervision:1.0"/>

Client SENT :  user-rpc --content /mplane_automation/conformance_test/watchdog.xml
nc DEBUG: Sending message:

#287


nc DEBUG: SSH: ssh_packet_need_rekey: rekey: [data_rekey_needed=0, out_blocks=5311, in_blocks=9704]
nc DEBUG: SSH: ssh_socket_unbuffered_write: Enabling POLLOUT for socket
nc DEBUG: SSH: packet_send2: packet: wrote [type=94, len=24, padding_size=8, comp=15, payload=15]
nc DEBUG: SSH: channel_write_common: ssh_channel_write wrote 6 bytes
nc DEBUG: Sending message:
<rpc xmlns="urn:ietf:params:xml:ns:netconf:base:1.0" message-id="139"><supervision-watchdog-reset xmlns="urn:o-ran:supervision:1.0"><supervision-notification-interval>10</supervision-notification-interval><guard-timer-overhead>10</guard-timer-overhead></supervision-watchdog-reset></rpc>

nc DEBUG: SSH: ssh_packet_need_rekey: rekey: [data_rekey_needed=0, out_blocks=5348, in_blocks=9740]
nc DEBUG: SSH: packet_send2: packet: wrote [type=94, len=304, padding_size=7, comp=296, payload=296]
nc DEBUG: SSH: channel_write_common: ssh_channel_write wrote 287 bytes
nc DEBUG: SSH: ssh_socket_unbuffered_write: Enabling POLLOUT for socket
nc DEBUG: Sending message:

##


nc DEBUG: SSH: ssh_packet_need_rekey: rekey: [data_rekey_needed=0, out_blocks=5349, in_blocks=9704]
nc DEBUG: SSH: packet_send2: packet: wrote [type=94, len=24, padding_size=10, comp=13, payload=13]
nc DEBUG: SSH: channel_write_common: ssh_channel_write wrote 4 bytes
nc DEBUG: SSH: ssh_socket_unbuffered_write: Enabling POLLOUT for socket
nc DEBUG: SSH: ssh_packet_socket_callback: packet: read type 94 [len=24,padding=8,comp=15,payload=15]
nc DEBUG: SSH: ssh_packet_process: Dispatching handler for packet type 94
nc DEBUG: SSH: channel_rcv_data: Channel receiving 6 bytes data in 0 (local win=1208701 remote win=1238982)
nc DEBUG: SSH: channel_default_bufferize: placing 6 bytes into channel buffer (stdout)
nc DEBUG: SSH: channel_rcv_data: Channel windows are now (local win=1208695 remote win=1238982)
nc DEBUG: SSH: ssh_packet_socket_callback: Processing 220 bytes left in socket buffer
nc DEBUG: SSH: ssh_packet_socket_callback: packet: read type 94 [len=200,padding=10,comp=189,payload=189]
nc DEBUG: SSH: ssh_packet_process: Dispatching handler for packet type 94
nc DEBUG: SSH: channel_rcv_data: Channel receiving 180 bytes data in 0 (local win=1208695 remote win=1238982)
nc DEBUG: SSH: channel_default_bufferize: placing 180 bytes into channel buffer (stdout)
nc DEBUG: SSH: channel_rcv_data: Channel windows are now (local win=1208515 remote win=1238982)
nc DEBUG: SSH: ssh_packet_need_rekey: rekey: [data_rekey_needed=0, out_blocks=5349, in_blocks=9727]
nc DEBUG: SSH: ssh_packet_need_rekey: rekey: [data_rekey_needed=0, out_blocks=5349, in_blocks=9727]
nc DEBUG: SSH: ssh_channel_read_timeout: Read (2) buffered : 186 bytes. Window: 1208515
nc DEBUG: SSH: ssh_channel_read_timeout: Read (1) buffered : 184 bytes. Window: 1208515
nc DEBUG: SSH: ssh_channel_read_timeout: Read (1) buffered : 183 bytes. Window: 1208515
nc DEBUG: SSH: ssh_channel_read_timeout: Read (1) buffered : 182 bytes. Window: 1208515
nc DEBUG: SSH: ssh_channel_read_timeout: Read (1) buffered : 181 bytes. Window: 1208515
nc DEBUG: SSH: ssh_channel_read_timeout: Read (180) buffered : 180 bytes. Window: 1208515
nc DEBUG: SSH: ssh_channel_read_timeout: Read (2) buffered : 0 bytes. Window: 1208515
nc DEBUG: SSH: ssh_packet_socket_callback: packet: read type 94 [len=24,padding=10,comp=13,payload=13]
nc DEBUG: SSH: ssh_packet_process: Dispatching handler for packet type 94
nc DEBUG: SSH: channel_rcv_data: Channel receiving 4 bytes data in 0 (local win=1208515 remote win=1238982)
nc DEBUG: SSH: channel_default_bufferize: placing 4 bytes into channel buffer (stdout)
nc DEBUG: SSH: channel_rcv_data: Channel windows are now (local win=1208511 remote win=1238982)
nc DEBUG: SSH: ssh_packet_need_rekey: rekey: [data_rekey_needed=0, out_blocks=5349, in_blocks=9728]
nc DEBUG: SSH: ssh_channel_read_timeout: Read (1) buffered : 2 bytes. Window: 1208511
nc DEBUG: SSH: ssh_channel_read_timeout: Read (1) buffered : 1 bytes. Window: 1208511
nc DEBUG: Received message:
<rpc-reply xmlns="urn:ietf:params:xml:ns:netconf:base:1.0" message-id="139"><next-update-at xmlns="urn:o-ran:supervision:1.0">2026-04-14T02:31:23+00:00</next-update-at></rpc-reply>

DATA
<next-update-at xmlns="urn:o-ran:supervision:1.0">2026-04-14T11:31:23+09:00</next-update-at>

nc DEBUG: Received message:
<notification xmlns="urn:ietf:params:xml:ns:netconf:notification:1.0"><eventTime>2026-04-14T02:31:23Z</eventTime><supervision-notification xmlns="urn:o-ran:supervision:1.0"/></notification>

notification (2026-04-14T02:31:23Z)
<supervision-notification xmlns="urn:o-ran:supervision:1.0"/>

Client SENT :  user-rpc --content /mplane_automation/conformance_test/watchdog.xml
nc DEBUG: Sending message:

#287


nc DEBUG: SSH: ssh_packet_need_rekey: rekey: [data_rekey_needed=0, out_blocks=5350, in_blocks=9755]
nc DEBUG: SSH: ssh_socket_unbuffered_write: Enabling POLLOUT for socket
nc DEBUG: SSH: packet_send2: packet: wrote [type=94, len=24, padding_size=8, comp=15, payload=15]
nc DEBUG: SSH: channel_write_common: ssh_channel_write wrote 6 bytes
nc DEBUG: Sending message:
<rpc xmlns="urn:ietf:params:xml:ns:netconf:base:1.0" message-id="140"><supervision-watchdog-reset xmlns="urn:o-ran:supervision:1.0"><supervision-notification-interval>10</supervision-notification-interval><guard-timer-overhead>10</guard-timer-overhead></supervision-watchdog-reset></rpc>

nc DEBUG: SSH: ssh_packet_need_rekey: rekey: [data_rekey_needed=0, out_blocks=5387, in_blocks=9791]
nc DEBUG: SSH: packet_send2: packet: wrote [type=94, len=304, padding_size=7, comp=296, payload=296]
nc DEBUG: SSH: channel_write_common: ssh_channel_write wrote 287 bytes
nc DEBUG: SSH: ssh_socket_unbuffered_write: Enabling POLLOUT for socket
nc DEBUG: Sending message:

##


nc DEBUG: SSH: ssh_packet_need_rekey: rekey: [data_rekey_needed=0, out_blocks=5388, in_blocks=9755]
nc DEBUG: SSH: packet_send2: packet: wrote [type=94, len=24, padding_size=10, comp=13, payload=13]
nc DEBUG: SSH: channel_write_common: ssh_channel_write wrote 4 bytes
nc DEBUG: SSH: ssh_socket_unbuffered_write: Enabling POLLOUT for socket
nc DEBUG: SSH: ssh_packet_socket_callback: packet: read type 94 [len=24,padding=8,comp=15,payload=15]
nc DEBUG: SSH: ssh_packet_process: Dispatching handler for packet type 94
nc DEBUG: SSH: channel_rcv_data: Channel receiving 6 bytes data in 0 (local win=1208312 remote win=1238685)
nc DEBUG: SSH: channel_default_bufferize: placing 6 bytes into channel buffer (stdout)
nc DEBUG: SSH: channel_rcv_data: Channel windows are now (local win=1208306 remote win=1238685)
nc DEBUG: SSH: ssh_packet_socket_callback: Processing 220 bytes left in socket buffer
nc DEBUG: SSH: ssh_packet_socket_callback: packet: read type 94 [len=200,padding=10,comp=189,payload=189]
nc DEBUG: SSH: ssh_packet_process: Dispatching handler for packet type 94
nc DEBUG: SSH: channel_rcv_data: Channel receiving 180 bytes data in 0 (local win=1208306 remote win=1238685)
nc DEBUG: SSH: channel_default_bufferize: placing 180 bytes into channel buffer (stdout)
nc DEBUG: SSH: channel_rcv_data: Channel windows are now (local win=1208126 remote win=1238685)
nc DEBUG: SSH: ssh_packet_need_rekey: rekey: [data_rekey_needed=0, out_blocks=5388, in_blocks=9778]
nc DEBUG: SSH: ssh_packet_need_rekey: rekey: [data_rekey_needed=0, out_blocks=5388, in_blocks=9778]
nc DEBUG: SSH: ssh_channel_read_timeout: Read (2) buffered : 186 bytes. Window: 1208126
nc DEBUG: SSH: ssh_channel_read_timeout: Read (1) buffered : 184 bytes. Window: 1208126
nc DEBUG: SSH: ssh_channel_read_timeout: Read (1) buffered : 183 bytes. Window: 1208126
nc DEBUG: SSH: ssh_channel_read_timeout: Read (1) buffered : 182 bytes. Window: 1208126
nc DEBUG: SSH: ssh_channel_read_timeout: Read (1) buffered : 181 bytes. Window: 1208126
nc DEBUG: SSH: ssh_channel_read_timeout: Read (180) buffered : 180 bytes. Window: 1208126
nc DEBUG: SSH: ssh_channel_read_timeout: Read (2) buffered : 0 bytes. Window: 1208126
nc DEBUG: SSH: ssh_packet_socket_callback: packet: read type 94 [len=24,padding=10,comp=13,payload=13]
nc DEBUG: SSH: ssh_packet_process: Dispatching handler for packet type 94
nc DEBUG: SSH: channel_rcv_data: Channel receiving 4 bytes data in 0 (local win=1208126 remote win=1238685)
nc DEBUG: SSH: channel_default_bufferize: placing 4 bytes into channel buffer (stdout)
nc DEBUG: SSH: channel_rcv_data: Channel windows are now (local win=1208122 remote win=1238685)
nc DEBUG: SSH: ssh_packet_need_rekey: rekey: [data_rekey_needed=0, out_blocks=5388, in_blocks=9779]
nc DEBUG: SSH: ssh_channel_read_timeout: Read (1) buffered : 2 bytes. Window: 1208122
nc DEBUG: SSH: ssh_channel_read_timeout: Read (1) buffered : 1 bytes. Window: 1208122
nc DEBUG: Received message:
<rpc-reply xmlns="urn:ietf:params:xml:ns:netconf:base:1.0" message-id="140"><next-update-at xmlns="urn:o-ran:supervision:1.0">2026-04-14T02:31:33+00:00</next-update-at></rpc-reply>

DATA
<next-update-at xmlns="urn:o-ran:supervision:1.0">2026-04-14T11:31:33+09:00</next-update-at>

nc DEBUG: Received message:
<notification xmlns="urn:ietf:params:xml:ns:netconf:notification:1.0"><eventTime>2026-04-14T02:31:33Z</eventTime><supervision-notification xmlns="urn:o-ran:supervision:1.0"/></notification>

notification (2026-04-14T02:31:33Z)
<supervision-notification xmlns="urn:o-ran:supervision:1.0"/>

Client SENT :  user-rpc --content /mplane_automation/conformance_test/watchdog.xml
nc DEBUG: Sending message:

#287


nc DEBUG: SSH: ssh_packet_need_rekey: rekey: [data_rekey_needed=0, out_blocks=5389, in_blocks=9806]
nc DEBUG: SSH: ssh_socket_unbuffered_write: Enabling POLLOUT for socket
nc DEBUG: SSH: packet_send2: packet: wrote [type=94, len=24, padding_size=8, comp=15, payload=15]
nc DEBUG: SSH: channel_write_common: ssh_channel_write wrote 6 bytes
nc DEBUG: Sending message:
<rpc xmlns="urn:ietf:params:xml:ns:netconf:base:1.0" message-id="141"><supervision-watchdog-reset xmlns="urn:o-ran:supervision:1.0"><supervision-notification-interval>10</supervision-notification-interval><guard-timer-overhead>10</guard-timer-overhead></supervision-watchdog-reset></rpc>

nc DEBUG: SSH: ssh_packet_need_rekey: rekey: [data_rekey_needed=0, out_blocks=5426, in_blocks=9842]
nc DEBUG: SSH: packet_send2: packet: wrote [type=94, len=304, padding_size=7, comp=296, payload=296]
nc DEBUG: SSH: channel_write_common: ssh_channel_write wrote 287 bytes
nc DEBUG: SSH: ssh_socket_unbuffered_write: Enabling POLLOUT for socket
nc DEBUG: Sending message:

##


nc DEBUG: SSH: ssh_packet_need_rekey: rekey: [data_rekey_needed=0, out_blocks=5427, in_blocks=9806]
nc DEBUG: SSH: packet_send2: packet: wrote [type=94, len=24, padding_size=10, comp=13, payload=13]
nc DEBUG: SSH: channel_write_common: ssh_channel_write wrote 4 bytes
nc DEBUG: SSH: ssh_socket_unbuffered_write: Enabling POLLOUT for socket
nc DEBUG: SSH: ssh_packet_socket_callback: packet: read type 94 [len=24,padding=8,comp=15,payload=15]
nc DEBUG: SSH: ssh_packet_process: Dispatching handler for packet type 94
nc DEBUG: SSH: channel_rcv_data: Channel receiving 6 bytes data in 0 (local win=1207923 remote win=1238388)
nc DEBUG: SSH: channel_default_bufferize: placing 6 bytes into channel buffer (stdout)
nc DEBUG: SSH: channel_rcv_data: Channel windows are now (local win=1207917 remote win=1238388)
nc DEBUG: SSH: ssh_packet_need_rekey: rekey: [data_rekey_needed=0, out_blocks=5427, in_blocks=9806]
nc DEBUG: SSH: ssh_channel_read_timeout: Read (2) buffered : 6 bytes. Window: 1207917
nc DEBUG: SSH: ssh_channel_read_timeout: Read (1) buffered : 4 bytes. Window: 1207917
nc DEBUG: SSH: ssh_channel_read_timeout: Read (1) buffered : 3 bytes. Window: 1207917
nc DEBUG: SSH: ssh_channel_read_timeout: Read (1) buffered : 2 bytes. Window: 1207917
nc DEBUG: SSH: ssh_channel_read_timeout: Read (1) buffered : 1 bytes. Window: 1207917
nc DEBUG: SSH: ssh_channel_read_timeout: Read (180) buffered : 0 bytes. Window: 1207917
nc DEBUG: SSH: ssh_packet_socket_callback: packet: read type 94 [len=200,padding=10,comp=189,payload=189]
nc DEBUG: SSH: ssh_packet_process: Dispatching handler for packet type 94
nc DEBUG: SSH: channel_rcv_data: Channel receiving 180 bytes data in 0 (local win=1207917 remote win=1238388)
nc DEBUG: SSH: channel_default_bufferize: placing 180 bytes into channel buffer (stdout)
nc DEBUG: SSH: channel_rcv_data: Channel windows are now (local win=1207737 remote win=1238388)
nc DEBUG: SSH: ssh_packet_need_rekey: rekey: [data_rekey_needed=0, out_blocks=5427, in_blocks=9829]
nc DEBUG: SSH: ssh_channel_read_timeout: Read (2) buffered : 0 bytes. Window: 1207737
nc DEBUG: SSH: ssh_channel_read_timeout: Read (2) buffered : 0 bytes. Window: 1207737
nc DEBUG: SSH: ssh_packet_socket_callback: packet: read type 94 [len=24,padding=10,comp=13,payload=13]
nc DEBUG: SSH: ssh_packet_process: Dispatching handler for packet type 94
nc DEBUG: SSH: channel_rcv_data: Channel receiving 4 bytes data in 0 (local win=1207737 remote win=1238388)
nc DEBUG: SSH: channel_default_bufferize: placing 4 bytes into channel buffer (stdout)
nc DEBUG: SSH: channel_rcv_data: Channel windows are now (local win=1207733 remote win=1238388)
nc DEBUG: SSH: ssh_packet_need_rekey: rekey: [data_rekey_needed=0, out_blocks=5427, in_blocks=9830]
nc DEBUG: SSH: ssh_channel_read_timeout: Read (1) buffered : 2 bytes. Window: 1207733
nc DEBUG: SSH: ssh_channel_read_timeout: Read (1) buffered : 1 bytes. Window: 1207733
nc DEBUG: Received message:
<rpc-reply xmlns="urn:ietf:params:xml:ns:netconf:base:1.0" message-id="141"><next-update-at xmlns="urn:o-ran:supervision:1.0">2026-04-14T02:31:43+00:00</next-update-at></rpc-reply>

DATA
<next-update-at xmlns="urn:o-ran:supervision:1.0">2026-04-14T11:31:43+09:00</next-update-at>

nc DEBUG: Received message:
<notification xmlns="urn:ietf:params:xml:ns:netconf:notification:1.0"><eventTime>2026-04-14T02:31:43Z</eventTime><supervision-notification xmlns="urn:o-ran:supervision:1.0"/></notification>

notification (2026-04-14T02:31:43Z)
<supervision-notification xmlns="urn:o-ran:supervision:1.0"/>

Client SENT :  user-rpc --content /mplane_automation/conformance_test/watchdog.xml
nc DEBUG: Sending message:

#287


nc DEBUG: SSH: ssh_packet_need_rekey: rekey: [data_rekey_needed=0, out_blocks=5428, in_blocks=9857]
nc DEBUG: SSH: ssh_socket_unbuffered_write: Enabling POLLOUT for socket
nc DEBUG: SSH: packet_send2: packet: wrote [type=94, len=24, padding_size=8, comp=15, payload=15]
nc DEBUG: SSH: channel_write_common: ssh_channel_write wrote 6 bytes
nc DEBUG: Sending message:
<rpc xmlns="urn:ietf:params:xml:ns:netconf:base:1.0" message-id="142"><supervision-watchdog-reset xmlns="urn:o-ran:supervision:1.0"><supervision-notification-interval>10</supervision-notification-interval><guard-timer-overhead>10</guard-timer-overhead></supervision-watchdog-reset></rpc>

nc DEBUG: SSH: ssh_packet_need_rekey: rekey: [data_rekey_needed=0, out_blocks=5465, in_blocks=9893]
nc DEBUG: SSH: packet_send2: packet: wrote [type=94, len=304, padding_size=7, comp=296, payload=296]
nc DEBUG: SSH: channel_write_common: ssh_channel_write wrote 287 bytes
nc DEBUG: SSH: ssh_socket_unbuffered_write: Enabling POLLOUT for socket
nc DEBUG: Sending message:

##


nc DEBUG: SSH: ssh_packet_need_rekey: rekey: [data_rekey_needed=0, out_blocks=5466, in_blocks=9857]
nc DEBUG: SSH: packet_send2: packet: wrote [type=94, len=24, padding_size=10, comp=13, payload=13]
nc DEBUG: SSH: channel_write_common: ssh_channel_write wrote 4 bytes
nc DEBUG: SSH: ssh_socket_unbuffered_write: Enabling POLLOUT for socket
nc DEBUG: SSH: ssh_packet_socket_callback: packet: read type 94 [len=24,padding=8,comp=15,payload=15]
nc DEBUG: SSH: ssh_packet_process: Dispatching handler for packet type 94
nc DEBUG: SSH: channel_rcv_data: Channel receiving 6 bytes data in 0 (local win=1207534 remote win=1238091)
nc DEBUG: SSH: channel_default_bufferize: placing 6 bytes into channel buffer (stdout)
nc DEBUG: SSH: channel_rcv_data: Channel windows are now (local win=1207528 remote win=1238091)
nc DEBUG: SSH: ssh_packet_need_rekey: rekey: [data_rekey_needed=0, out_blocks=5466, in_blocks=9857]
nc DEBUG: SSH: ssh_channel_read_timeout: Read (2) buffered : 6 bytes. Window: 1207528
nc DEBUG: SSH: ssh_channel_read_timeout: Read (1) buffered : 4 bytes. Window: 1207528
nc DEBUG: SSH: ssh_channel_read_timeout: Read (1) buffered : 3 bytes. Window: 1207528
nc DEBUG: SSH: ssh_channel_read_timeout: Read (1) buffered : 2 bytes. Window: 1207528
nc DEBUG: SSH: ssh_channel_read_timeout: Read (1) buffered : 1 bytes. Window: 1207528
nc DEBUG: SSH: ssh_channel_read_timeout: Read (180) buffered : 0 bytes. Window: 1207528
nc DEBUG: SSH: ssh_packet_socket_callback: packet: read type 94 [len=200,padding=10,comp=189,payload=189]
nc DEBUG: SSH: ssh_packet_process: Dispatching handler for packet type 94
nc DEBUG: SSH: channel_rcv_data: Channel receiving 180 bytes data in 0 (local win=1207528 remote win=1238091)
nc DEBUG: SSH: channel_default_bufferize: placing 180 bytes into channel buffer (stdout)
nc DEBUG: SSH: channel_rcv_data: Channel windows are now (local win=1207348 remote win=1238091)
nc DEBUG: SSH: ssh_packet_socket_callback: Processing 44 bytes left in socket buffer
nc DEBUG: SSH: ssh_packet_socket_callback: packet: read type 94 [len=24,padding=10,comp=13,payload=13]
nc DEBUG: SSH: ssh_packet_process: Dispatching handler for packet type 94
nc DEBUG: SSH: channel_rcv_data: Channel receiving 4 bytes data in 0 (local win=1207348 remote win=1238091)
nc DEBUG: SSH: channel_default_bufferize: placing 4 bytes into channel buffer (stdout)
nc DEBUG: SSH: channel_rcv_data: Channel windows are now (local win=1207344 remote win=1238091)
nc DEBUG: SSH: ssh_packet_need_rekey: rekey: [data_rekey_needed=0, out_blocks=5466, in_blocks=9881]
nc DEBUG: SSH: ssh_packet_need_rekey: rekey: [data_rekey_needed=0, out_blocks=5466, in_blocks=9881]
nc DEBUG: SSH: ssh_channel_read_timeout: Read (2) buffered : 4 bytes. Window: 1207344
nc DEBUG: SSH: ssh_channel_read_timeout: Read (1) buffered : 2 bytes. Window: 1207344
nc DEBUG: SSH: ssh_channel_read_timeout: Read (1) buffered : 1 bytes. Window: 1207344
nc DEBUG: Received message:
<rpc-reply xmlns="urn:ietf:params:xml:ns:netconf:base:1.0" message-id="142"><next-update-at xmlns="urn:o-ran:supervision:1.0">2026-04-14T02:31:53+00:00</next-update-at></rpc-reply>

DATA
<next-update-at xmlns="urn:o-ran:supervision:1.0">2026-04-14T11:31:53+09:00</next-update-at>

