Client SENT :  verb 3
Client SENT :  knownhosts --mode skip
Client SENT :  listen --host 10.0.20.254 --port 4334 --login oranuser --timeout 300
Waiting 300s for an SSH Call Home connection on port 4334...
nc VERBOSE: Accepted a connection on 10.0.20.254:4334 from 10.0.20.128:46804.
nc DEBUG: SSH: ssh_config_parse_file: Reading configuration data from /root/.ssh/config
nc DEBUG: SSH: ssh_config_parse_file: Reading configuration data from /etc/ssh/ssh_config
nc VERBOSE: SSH: ssh_config_parse_line: Unapplicable option: SendEnv, line: 51
nc VERBOSE: SSH: ssh_config_parse_line: Unsupported option: HashKnownHosts, line: 52
nc VERBOSE: SSH: ssh_connect: libssh 0.10.6 (c) 2003-2023 Aris Adamantiadis, Andreas Schneider and libssh contributors. Distributed under the LGPL, please refer to COPYING file for information about your rights, using threading threads_pthread
nc VERBOSE: SSH: ssh_connect: Socket connecting, now waiting for the callbacks to work
nc DEBUG: SSH: ssh_socket_pollcallback: Received POLLOUT in connecting state
nc WARNING: SSH: socket_callback_connected: Socket connection callback: 1 (0)
nc DEBUG: SSH: ssh_client_connection_callback: session_state=2
nc DEBUG: SSH: ssh_socket_unbuffered_write: Enabling POLLOUT for socket
nc DEBUG: SSH: ssh_connect: current state : 2
nc DEBUG: SSH: ssh_connect: current state : 2
nc DEBUG: SSH: callback_receive_banner: Received banner: SSH-2.0-libssh_0.8.8
nc DEBUG: SSH: ssh_client_connection_callback: session_state=3
nc VERBOSE: SSH: ssh_client_connection_callback: SSH server banner: SSH-2.0-libssh_0.8.8
nc VERBOSE: SSH: ssh_analyze_banner: Analyzing banner: SSH-2.0-libssh_0.8.8
nc DEBUG: SSH: ssh_client_select_hostkeys: Order of wanted host keys: "ssh-ed25519,ecdsa-sha2-nistp256,ecdsa-sha2-nistp384,ecdsa-sha2-nistp521,ssh-rsa,rsa-sha2-512,rsa-sha2-256"
nc DEBUG: SSH: ssh_client_select_hostkeys: No key found in known_hosts; changing host key method to "ssh-ed25519,ecdsa-sha2-nistp256,ecdsa-sha2-nistp384,ecdsa-sha2-nistp521,ssh-rsa,rsa-sha2-512,rsa-sha2-256"
nc DEBUG: SSH: ssh_socket_unbuffered_write: Enabling POLLOUT for socket
nc DEBUG: SSH: packet_send2: packet: wrote [type=20, len=876, padding_size=4, comp=871, payload=871]
nc DEBUG: SSH: ssh_send_kex: SSH_MSG_KEXINIT sent
nc DEBUG: SSH: ssh_packet_socket_callback: packet: read type 20 [len=556,padding=4,comp=551,payload=551]
nc DEBUG: SSH: ssh_packet_process: Dispatching handler for packet type 20
nc DEBUG: SSH: ssh_client_connection_callback: session_state=5
nc VERBOSE: SSH: ssh_kex_select_methods: Negotiated curve25519-sha256,ssh-rsa,chacha20-poly1305@openssh.com,chacha20-poly1305@openssh.com,aead-poly1305,aead-poly1305,none,none,,
nc DEBUG: SSH: packet_send2: packet: wrote [type=30, len=44, padding_size=6, comp=37, payload=37]
nc DEBUG: SSH: ssh_connect: current state : 6
nc DEBUG: SSH: ssh_socket_unbuffered_write: Enabling POLLOUT for socket
nc DEBUG: SSH: ssh_connect: current state : 6
nc DEBUG: SSH: ssh_connect: current state : 6
nc DEBUG: SSH: ssh_packet_socket_callback: packet: read type 31 [len=868,padding=11,comp=856,payload=856]
nc DEBUG: SSH: ssh_packet_process: Dispatching handler for packet type 31
nc DEBUG: SSH: ssh_socket_unbuffered_write: Enabling POLLOUT for socket
nc DEBUG: SSH: packet_send2: packet: wrote [type=21, len=12, padding_size=10, comp=1, payload=1]
nc DEBUG: SSH: crypt_set_algorithms2: Set output algorithm to chacha20-poly1305@openssh.com
nc DEBUG: SSH: crypt_set_algorithms2: Set HMAC output algorithm to aead-poly1305
nc DEBUG: SSH: crypt_set_algorithms2: Set input algorithm to chacha20-poly1305@openssh.com
nc DEBUG: SSH: crypt_set_algorithms2: Set HMAC input algorithm to aead-poly1305
nc VERBOSE: SSH: ssh_init_rekey_state: Set rekey after 134217728 blocks
nc VERBOSE: SSH: ssh_init_rekey_state: Set rekey after 134217728 blocks
nc DEBUG: SSH: ssh_packet_send_newkeys: SSH_MSG_NEWKEYS sent
nc DEBUG: SSH: ssh_connect: current state : 6
nc DEBUG: SSH: ssh_connect: current state : 6
nc DEBUG: SSH: ssh_packet_socket_callback: packet: read type 21 [len=12,padding=10,comp=1,payload=1]
nc DEBUG: SSH: ssh_packet_process: Dispatching handler for packet type 21
nc VERBOSE: SSH: ssh_packet_newkeys: Received SSH_MSG_NEWKEYS
nc VERBOSE: SSH: ssh_packet_newkeys: Signature verified and valid
nc DEBUG: SSH: ssh_client_connection_callback: session_state=6
nc DEBUG: SSH: ssh_packet_socket_callback: Processing 172 bytes left in socket buffer
nc DEBUG: SSH: ssh_packet_socket_callback: packet: read type 7 [len=152,padding=10,comp=141,payload=141]
nc DEBUG: SSH: ssh_packet_process: Dispatching handler for packet type 7
nc DEBUG: SSH: ssh_packet_ext_info: Received SSH_MSG_EXT_INFO
nc DEBUG: SSH: ssh_packet_ext_info: Follows 1 extensions
nc DEBUG: SSH: ssh_packet_ext_info: Extension: server-sig-algs=<ssh-ed25519,ecdsa-sha2-nistp256,ecdsa-sha2-nistp384,ecdsa-sha2-nistp521,ssh-rsa,rsa-sha2-512,rsa-sha2-256,ssh-dss>
nc DEBUG: SSH: ssh_connect: current state : 7
nc VERBOSE: Server hostkey check mode: skip.
nc DEBUG: SSH: ssh_socket_unbuffered_write: Enabling POLLOUT for socket
nc DEBUG: SSH: packet_send2: packet: wrote [type=5, len=24, padding_size=6, comp=17, payload=17]
nc DEBUG: SSH: ssh_service_request: Sent SSH_MSG_SERVICE_REQUEST (service ssh-userauth)
nc DEBUG: SSH: ssh_packet_socket_callback: packet: read type 6 [len=24,padding=6,comp=17,payload=17]
nc DEBUG: SSH: ssh_packet_process: Dispatching handler for packet type 6
nc DEBUG: SSH: ssh_packet_service_accept: Received SSH_MSG_SERVICE_ACCEPT
nc DEBUG: SSH: ssh_socket_unbuffered_write: Enabling POLLOUT for socket
nc DEBUG: SSH: packet_send2: packet: wrote [type=50, len=48, padding_size=8, comp=39, payload=39]
nc DEBUG: SSH: ssh_packet_socket_callback: packet: read type 51 [len=32,padding=7,comp=24,payload=24]
nc DEBUG: SSH: ssh_packet_process: Dispatching handler for packet type 51
nc WARNING: SSH: ssh_packet_userauth_failure: Access denied for 'none'. Authentication that can continue: publickey,password
nc VERBOSE: SSH: ssh_packet_userauth_failure: Access denied for 'none'. Authentication that can continue: publickey,password
nc VERBOSE: Publickey athentication.
nc VERBOSE: No key pair specified.
nc WARNING: Authentication denied.
nc VERBOSE: Password authentication (host "10.0.20.128", user "oranuser").
nc DEBUG: SSH: ssh_socket_unbuffered_write: Enabling POLLOUT for socket
nc DEBUG: SSH: packet_send2: packet: wrote [type=50, len=72, padding_size=9, comp=62, payload=62]
nc DEBUG: SSH: ssh_packet_socket_callback: packet: read type 52 [len=8,padding=6,comp=1,payload=1]
nc DEBUG: SSH: ssh_packet_process: Dispatching handler for packet type 52
nc DEBUG: SSH: ssh_packet_userauth_success: Authentication successful
nc DEBUG: SSH: ssh_packet_need_rekey: rekey: [data_rekey_needed=0, out_blocks=13, in_blocks=22]
nc VERBOSE: Authentication successful.
nc VERBOSE: SSH: channel_open: Creating a channel 43 with 64000 window and 32768 max packet
nc DEBUG: SSH: ssh_packet_need_rekey: rekey: [data_rekey_needed=0, out_blocks=16, in_blocks=25]
nc DEBUG: SSH: ssh_socket_unbuffered_write: Enabling POLLOUT for socket
nc DEBUG: SSH: packet_send2: packet: wrote [type=90, len=32, padding_size=7, comp=24, payload=24]
nc DEBUG: SSH: channel_open: Sent a SSH_MSG_CHANNEL_OPEN type session for channel 43
nc DEBUG: SSH: ssh_packet_socket_callback: packet: read type 91 [len=24,padding=6,comp=17,payload=17]
nc DEBUG: SSH: ssh_packet_process: Dispatching handler for packet type 91
nc DEBUG: SSH: ssh_packet_channel_open_conf: Received SSH2_MSG_CHANNEL_OPEN_CONFIRMATION
nc VERBOSE: SSH: ssh_packet_channel_open_conf: Received a CHANNEL_OPEN_CONFIRMATION for channel 43:43
nc VERBOSE: SSH: ssh_packet_channel_open_conf: Remote window : 32000, maxpacket : 35000
nc DEBUG: SSH: ssh_packet_need_rekey: rekey: [data_rekey_needed=0, out_blocks=16, in_blocks=24]
nc DEBUG: SSH: ssh_packet_need_rekey: rekey: [data_rekey_needed=0, out_blocks=19, in_blocks=27]
nc DEBUG: SSH: ssh_socket_unbuffered_write: Enabling POLLOUT for socket
nc DEBUG: SSH: packet_send2: packet: wrote [type=98, len=40, padding_size=9, comp=30, payload=30]
nc DEBUG: SSH: channel_request: Sent a SSH_MSG_CHANNEL_REQUEST subsystem
nc DEBUG: SSH: ssh_packet_socket_callback: packet: read type 99 [len=16,padding=10,comp=5,payload=5]
nc DEBUG: SSH: ssh_packet_process: Dispatching handler for packet type 99
nc DEBUG: SSH: ssh_packet_channel_success: Received SSH_CHANNEL_SUCCESS on channel (43:43)
nc DEBUG: SSH: ssh_packet_need_rekey: rekey: [data_rekey_needed=0, out_blocks=19, in_blocks=24]
nc VERBOSE: SSH: channel_request: Channel request subsystem success
ly VERBOSE: Searching for "ietf-inet-types" in "/root".
ly VERBOSE: Module "ietf-inet-types" not found in local searchdirs.
ly VERBOSE: Newer revision than "ietf-inet-types@2013-07-15" not found, using this as the latest revision.
ly VERBOSE: Searching for "ietf-yang-types" in "/root".
ly VERBOSE: Module "ietf-yang-types" not found in local searchdirs.
ly VERBOSE: Newer revision than "ietf-yang-types@2013-07-15" not found, using this as the latest revision.
nc DEBUG: Sending message:
<hello xmlns="urn:ietf:params:xml:ns:netconf:base:1.0"><capabilities><capability>urn:ietf:params:netconf:base:1.0</capability><capability>urn:ietf:params:netconf:base:1.1</capability></capabilities></hello>

nc DEBUG: SSH: ssh_packet_need_rekey: rekey: [data_rekey_needed=0, out_blocks=45, in_blocks=50]
nc DEBUG: SSH: ssh_socket_unbuffered_write: Enabling POLLOUT for socket
nc DEBUG: SSH: packet_send2: packet: wrote [type=94, len=224, padding_size=8, comp=215, payload=215]
nc DEBUG: SSH: channel_write_common: ssh_channel_write wrote 206 bytes
nc DEBUG: Sending message:
]]>]]>

nc DEBUG: SSH: ssh_packet_need_rekey: rekey: [data_rekey_needed=0, out_blocks=46, in_blocks=25]
nc DEBUG: SSH: packet_send2: packet: wrote [type=94, len=24, padding_size=8, comp=15, payload=15]
nc DEBUG: SSH: channel_write_common: ssh_channel_write wrote 6 bytes
nc DEBUG: SSH: ssh_packet_socket_callback: packet: read type 94 [len=3368,padding=6,comp=3361,payload=3361]
nc DEBUG: SSH: ssh_packet_process: Dispatching handler for packet type 94
nc DEBUG: SSH: channel_rcv_data: Channel receiving 3352 bytes data in 0 (local win=64000 remote win=31788)
nc DEBUG: SSH: channel_default_bufferize: placing 3352 bytes into channel buffer (stdout)
nc DEBUG: SSH: channel_rcv_data: Channel windows are now (local win=60648 remote win=31788)
nc DEBUG: SSH: ssh_packet_need_rekey: rekey: [data_rekey_needed=0, out_blocks=47, in_blocks=445]
nc DEBUG: SSH: packet_send2: packet: wrote [type=93, len=16, padding_size=6, comp=9, payload=9]
nc VERBOSE: SSH: grow_window: growing window (channel 43:43) to 1280000 bytes
nc DEBUG: SSH: ssh_packet_socket_callback: Processing 44 bytes left in socket buffer
nc DEBUG: SSH: ssh_packet_socket_callback: packet: read type 94 [len=24,padding=8,comp=15,payload=15]
nc DEBUG: SSH: ssh_packet_process: Dispatching handler for packet type 94
nc DEBUG: SSH: channel_rcv_data: Channel receiving 6 bytes data in 0 (local win=1280000 remote win=31788)
nc DEBUG: SSH: channel_default_bufferize: placing 6 bytes into channel buffer (stdout)
nc DEBUG: SSH: channel_rcv_data: Channel windows are now (local win=1279994 remote win=31788)
nc DEBUG: SSH: ssh_packet_need_rekey: rekey: [data_rekey_needed=0, out_blocks=47, in_blocks=445]
nc DEBUG: SSH: ssh_packet_need_rekey: rekey: [data_rekey_needed=0, out_blocks=47, in_blocks=445]
nc DEBUG: SSH: ssh_socket_unbuffered_write: Enabling POLLOUT for socket
nc DEBUG: SSH: ssh_channel_read_timeout: Read (6) buffered : 3358 bytes. Window: 1279994
nc DEBUG: SSH: ssh_channel_read_timeout: Read (6) buffered : 3352 bytes. Window: 1279994
nc DEBUG: SSH: ssh_channel_read_timeout: Read (6) buffered : 3346 bytes. Window: 1279994
nc DEBUG: SSH: ssh_channel_read_timeout: Read (6) buffered : 3340 bytes. Window: 1279994
nc DEBUG: SSH: ssh_channel_read_timeout: Read (6) buffered : 3334 bytes. Window: 1279994
nc DEBUG: SSH: ssh_channel_read_timeout: Read (6) buffered : 3328 bytes. Window: 1279994
nc DEBUG: SSH: ssh_channel_read_timeout: Read (6) buffered : 3322 bytes. Window: 1279994
nc DEBUG: SSH: ssh_channel_read_timeout: Read (6) buffered : 3316 bytes. Window: 1279994
nc DEBUG: SSH: ssh_channel_read_timeout: Read (6) buffered : 3310 bytes. Window: 1279994
nc DEBUG: SSH: ssh_channel_read_timeout: Read (6) buffered : 3304 bytes. Window: 1279994
nc DEBUG: SSH: ssh_channel_read_timeout: Read (6) buffered : 3298 bytes. Window: 1279994
nc DEBUG: SSH: ssh_channel_read_timeout: Read (6) buffered : 3292 bytes. Window: 1279994
nc DEBUG: SSH: ssh_channel_read_timeout: Read (6) buffered : 3286 bytes. Window: 1279994
nc DEBUG: SSH: ssh_channel_read_timeout: Read (6) buffered : 3280 bytes. Window: 1279994
nc DEBUG: SSH: ssh_channel_read_timeout: Read (6) buffered : 3274 bytes. Window: 1279994
nc DEBUG: SSH: ssh_channel_read_timeout: Read (6) buffered : 3268 bytes. Window: 1279994
nc DEBUG: SSH: ssh_channel_read_timeout: Read (6) buffered : 3262 bytes. Window: 1279994
nc DEBUG: SSH: ssh_channel_read_timeout: Read (6) buffered : 3256 bytes. Window: 1279994
nc DEBUG: SSH: ssh_channel_read_timeout: Read (6) buffered : 3250 bytes. Window: 1279994
nc DEBUG: SSH: ssh_channel_read_timeout: Read (6) buffered : 3244 bytes. Window: 1279994
nc DEBUG: SSH: ssh_channel_read_timeout: Read (6) buffered : 3238 bytes. Window: 1279994
nc DEBUG: SSH: ssh_channel_read_timeout: Read (6) buffered : 3232 bytes. Window: 1279994
nc DEBUG: SSH: ssh_channel_read_timeout: Read (6) buffered : 3226 bytes. Window: 1279994
nc DEBUG: SSH: ssh_channel_read_timeout: Read (6) buffered : 3220 bytes. Window: 1279994
nc DEBUG: SSH: ssh_channel_read_timeout: Read (6) buffered : 3214 bytes. Window: 1279994
nc DEBUG: SSH: ssh_channel_read_timeout: Read (6) buffered : 3208 bytes. Window: 1279994
nc DEBUG: SSH: ssh_channel_read_timeout: Read (6) buffered : 3202 bytes. Window: 1279994
nc DEBUG: SSH: ssh_channel_read_timeout: Read (6) buffered : 3196 bytes. Window: 1279994
nc DEBUG: SSH: ssh_channel_read_timeout: Read (6) buffered : 3190 bytes. Window: 1279994
nc DEBUG: SSH: ssh_channel_read_timeout: Read (6) buffered : 3184 bytes. Window: 1279994
nc DEBUG: SSH: ssh_channel_read_timeout: Read (6) buffered : 3178 bytes. Window: 1279994
nc DEBUG: SSH: ssh_channel_read_timeout: Read (6) buffered : 3172 bytes. Window: 1279994
nc DEBUG: SSH: ssh_channel_read_timeout: Read (6) buffered : 3166 bytes. Window: 1279994
nc DEBUG: SSH: ssh_channel_read_timeout: Read (6) buffered : 3160 bytes. Window: 1279994
nc DEBUG: SSH: ssh_channel_read_timeout: Read (6) buffered : 3154 bytes. Window: 1279994
nc DEBUG: SSH: ssh_channel_read_timeout: Read (6) buffered : 3148 bytes. Window: 1279994
nc DEBUG: SSH: ssh_channel_read_timeout: Read (6) buffered : 3142 bytes. Window: 1279994
nc DEBUG: SSH: ssh_channel_read_timeout: Read (6) buffered : 3136 bytes. Window: 1279994
nc DEBUG: SSH: ssh_channel_read_timeout: Read (6) buffered : 3130 bytes. Window: 1279994
nc DEBUG: SSH: ssh_channel_read_timeout: Read (6) buffered : 3124 bytes. Window: 1279994
nc DEBUG: SSH: ssh_channel_read_timeout: Read (6) buffered : 3118 bytes. Window: 1279994
nc DEBUG: SSH: ssh_channel_read_timeout: Read (6) buffered : 3112 bytes. Window: 1279994
nc DEBUG: SSH: ssh_channel_read_timeout: Read (6) buffered : 3106 bytes. Window: 1279994
nc DEBUG: SSH: ssh_channel_read_timeout: Read (6) buffered : 3100 bytes. Window: 1279994
nc DEBUG: SSH: ssh_channel_read_timeout: Read (6) buffered : 3094 bytes. Window: 1279994
nc DEBUG: SSH: ssh_channel_read_timeout: Read (6) buffered : 3088 bytes. Window: 1279994
nc DEBUG: SSH: ssh_channel_read_timeout: Read (6) buffered : 3082 bytes. Window: 1279994
nc DEBUG: SSH: ssh_channel_read_timeout: Read (6) buffered : 3076 bytes. Window: 1279994
nc DEBUG: SSH: ssh_channel_read_timeout: Read (6) buffered : 3070 bytes. Window: 1279994
nc DEBUG: SSH: ssh_channel_read_timeout: Read (6) buffered : 3064 bytes. Window: 1279994
nc DEBUG: SSH: ssh_channel_read_timeout: Read (6) buffered : 3058 bytes. Window: 1279994
nc DEBUG: SSH: ssh_channel_read_timeout: Read (6) buffered : 3052 bytes. Window: 1279994
nc DEBUG: SSH: ssh_channel_read_timeout: Read (6) buffered : 3046 bytes. Window: 1279994
nc DEBUG: SSH: ssh_channel_read_timeout: Read (6) buffered : 3040 bytes. Window: 1279994
nc DEBUG: SSH: ssh_channel_read_timeout: Read (6) buffered : 3034 bytes. Window: 1279994
nc DEBUG: SSH: ssh_channel_read_timeout: Read (6) buffered : 3028 bytes. Window: 1279994
nc DEBUG: SSH: ssh_channel_read_timeout: Read (6) buffered : 3022 bytes. Window: 1279994
nc DEBUG: SSH: ssh_channel_read_timeout: Read (6) buffered : 3016 bytes. Window: 1279994
nc DEBUG: SSH: ssh_channel_read_timeout: Read (6) buffered : 3010 bytes. Window: 1279994
nc DEBUG: SSH: ssh_channel_read_timeout: Read (6) buffered : 3004 bytes. Window: 1279994
nc DEBUG: SSH: ssh_channel_read_timeout: Read (6) buffered : 2998 bytes. Window: 1279994
nc DEBUG: SSH: ssh_channel_read_timeout: Read (6) buffered : 2992 bytes. Window: 1279994
nc DEBUG: SSH: ssh_channel_read_timeout: Read (6) buffered : 2986 bytes. Window: 1279994
nc DEBUG: SSH: ssh_channel_read_timeout: Read (6) buffered : 2980 bytes. Window: 1279994
nc DEBUG: SSH: ssh_channel_read_timeout: Read (6) buffered : 2974 bytes. Window: 1279994
nc DEBUG: SSH: ssh_channel_read_timeout: Read (6) buffered : 2968 bytes. Window: 1279994
nc DEBUG: SSH: ssh_channel_read_timeout: Read (6) buffered : 2962 bytes. Window: 1279994
nc DEBUG: SSH: ssh_channel_read_timeout: Read (6) buffered : 2956 bytes. Window: 1279994
nc DEBUG: SSH: ssh_channel_read_timeout: Read (6) buffered : 2950 bytes. Window: 1279994
nc DEBUG: SSH: ssh_channel_read_timeout: Read (6) buffered : 2944 bytes. Window: 1279994
nc DEBUG: SSH: ssh_channel_read_timeout: Read (6) buffered : 2938 bytes. Window: 1279994
nc DEBUG: SSH: ssh_channel_read_timeout: Read (6) buffered : 2932 bytes. Window: 1279994
nc DEBUG: SSH: ssh_channel_read_timeout: Read (6) buffered : 2926 bytes. Window: 1279994
nc DEBUG: SSH: ssh_channel_read_timeout: Read (6) buffered : 2920 bytes. Window: 1279994
nc DEBUG: SSH: ssh_channel_read_timeout: Read (6) buffered : 2914 bytes. Window: 1279994
nc DEBUG: SSH: ssh_channel_read_timeout: Read (6) buffered : 2908 bytes. Window: 1279994
nc DEBUG: SSH: ssh_channel_read_timeout: Read (6) buffered : 2902 bytes. Window: 1279994
nc DEBUG: SSH: ssh_channel_read_timeout: Read (6) buffered : 2896 bytes. Window: 1279994
nc DEBUG: SSH: ssh_channel_read_timeout: Read (6) buffered : 2890 bytes. Window: 1279994
nc DEBUG: SSH: ssh_channel_read_timeout: Read (6) buffered : 2884 bytes. Window: 1279994
nc DEBUG: SSH: ssh_channel_read_timeout: Read (6) buffered : 2878 bytes. Window: 1279994
nc DEBUG: SSH: ssh_channel_read_timeout: Read (6) buffered : 2872 bytes. Window: 1279994
nc DEBUG: SSH: ssh_channel_read_timeout: Read (6) buffered : 2866 bytes. Window: 1279994
nc DEBUG: SSH: ssh_channel_read_timeout: Read (6) buffered : 2860 bytes. Window: 1279994
nc DEBUG: SSH: ssh_channel_read_timeout: Read (6) buffered : 2854 bytes. Window: 1279994
nc DEBUG: SSH: ssh_channel_read_timeout: Read (6) buffered : 2848 bytes. Window: 1279994
nc DEBUG: SSH: ssh_channel_read_timeout: Read (6) buffered : 2842 bytes. Window: 1279994
nc DEBUG: SSH: ssh_channel_read_timeout: Read (6) buffered : 2836 bytes. Window: 1279994
nc DEBUG: SSH: ssh_channel_read_timeout: Read (6) buffered : 2830 bytes. Window: 1279994
nc DEBUG: SSH: ssh_channel_read_timeout: Read (6) buffered : 2824 bytes. Window: 1279994
nc DEBUG: SSH: ssh_channel_read_timeout: Read (6) buffered : 2818 bytes. Window: 1279994
nc DEBUG: SSH: ssh_channel_read_timeout: Read (6) buffered : 2812 bytes. Window: 1279994
nc DEBUG: SSH: ssh_channel_read_timeout: Read (6) buffered : 2806 bytes. Window: 1279994
nc DEBUG: SSH: ssh_channel_read_timeout: Read (6) buffered : 2800 bytes. Window: 1279994
nc DEBUG: SSH: ssh_channel_read_timeout: Read (6) buffered : 2794 bytes. Window: 1279994
nc DEBUG: SSH: ssh_channel_read_timeout: Read (6) buffered : 2788 bytes. Window: 1279994
nc DEBUG: SSH: ssh_channel_read_timeout: Read (6) buffered : 2782 bytes. Window: 1279994
nc DEBUG: SSH: ssh_channel_read_timeout: Read (6) buffered : 2776 bytes. Window: 1279994
nc DEBUG: SSH: ssh_channel_read_timeout: Read (6) buffered : 2770 bytes. Window: 1279994
nc DEBUG: SSH: ssh_channel_read_timeout: Read (6) buffered : 2764 bytes. Window: 1279994
nc DEBUG: SSH: ssh_channel_read_timeout: Read (6) buffered : 2758 bytes. Window: 1279994
nc DEBUG: SSH: ssh_channel_read_timeout: Read (6) buffered : 2752 bytes. Window: 1279994
nc DEBUG: SSH: ssh_channel_read_timeout: Read (6) buffered : 2746 bytes. Window: 1279994
nc DEBUG: SSH: ssh_channel_read_timeout: Read (6) buffered : 2740 bytes. Window: 1279994
nc DEBUG: SSH: ssh_channel_read_timeout: Read (6) buffered : 2734 bytes. Window: 1279994
nc DEBUG: SSH: ssh_channel_read_timeout: Read (6) buffered : 2728 bytes. Window: 1279994
nc DEBUG: SSH: ssh_channel_read_timeout: Read (6) buffered : 2722 bytes. Window: 1279994
nc DEBUG: SSH: ssh_channel_read_timeout: Read (6) buffered : 2716 bytes. Window: 1279994
nc DEBUG: SSH: ssh_channel_read_timeout: Read (6) buffered : 2710 bytes. Window: 1279994
nc DEBUG: SSH: ssh_channel_read_timeout: Read (6) buffered : 2704 bytes. Window: 1279994
nc DEBUG: SSH: ssh_channel_read_timeout: Read (6) buffered : 2698 bytes. Window: 1279994
nc DEBUG: SSH: ssh_channel_read_timeout: Read (6) buffered : 2692 bytes. Window: 1279994
nc DEBUG: SSH: ssh_channel_read_timeout: Read (6) buffered : 2686 bytes. Window: 1279994
nc DEBUG: SSH: ssh_channel_read_timeout: Read (6) buffered : 2680 bytes. Window: 1279994
nc DEBUG: SSH: ssh_channel_read_timeout: Read (6) buffered : 2674 bytes. Window: 1279994
nc DEBUG: SSH: ssh_channel_read_timeout: Read (6) buffered : 2668 bytes. Window: 1279994
nc DEBUG: SSH: ssh_channel_read_timeout: Read (6) buffered : 2662 bytes. Window: 1279994
nc DEBUG: SSH: ssh_channel_read_timeout: Read (6) buffered : 2656 bytes. Window: 1279994
nc DEBUG: SSH: ssh_channel_read_timeout: Read (6) buffered : 2650 bytes. Window: 1279994
nc DEBUG: SSH: ssh_channel_read_timeout: Read (6) buffered : 2644 bytes. Window: 1279994
nc DEBUG: SSH: ssh_channel_read_timeout: Read (6) buffered : 2638 bytes. Window: 1279994
nc DEBUG: SSH: ssh_channel_read_timeout: Read (6) buffered : 2632 bytes. Window: 1279994
nc DEBUG: SSH: ssh_channel_read_timeout: Read (6) buffered : 2626 bytes. Window: 1279994
nc DEBUG: SSH: ssh_channel_read_timeout: Read (6) buffered : 2620 bytes. Window: 1279994
nc DEBUG: SSH: ssh_channel_read_timeout: Read (6) buffered : 2614 bytes. Window: 1279994
nc DEBUG: SSH: ssh_channel_read_timeout: Read (6) buffered : 2608 bytes. Window: 1279994
nc DEBUG: SSH: ssh_channel_read_timeout: Read (6) buffered : 2602 bytes. Window: 1279994
nc DEBUG: SSH: ssh_channel_read_timeout: Read (6) buffered : 2596 bytes. Window: 1279994
nc DEBUG: SSH: ssh_channel_read_timeout: Read (6) buffered : 2590 bytes. Window: 1279994
nc DEBUG: SSH: ssh_channel_read_timeout: Read (6) buffered : 2584 bytes. Window: 1279994
nc DEBUG: SSH: ssh_channel_read_timeout: Read (6) buffered : 2578 bytes. Window: 1279994
nc DEBUG: SSH: ssh_channel_read_timeout: Read (6) buffered : 2572 bytes. Window: 1279994
nc DEBUG: SSH: ssh_channel_read_timeout: Read (6) buffered : 2566 bytes. Window: 1279994
nc DEBUG: SSH: ssh_channel_read_timeout: Read (6) buffered : 2560 bytes. Window: 1279994
nc DEBUG: SSH: ssh_channel_read_timeout: Read (6) buffered : 2554 bytes. Window: 1279994
nc DEBUG: SSH: ssh_channel_read_timeout: Read (6) buffered : 2548 bytes. Window: 1279994
nc DEBUG: SSH: ssh_channel_read_timeout: Read (6) buffered : 2542 bytes. Window: 1279994
nc DEBUG: SSH: ssh_channel_read_timeout: Read (6) buffered : 2536 bytes. Window: 1279994
nc DEBUG: SSH: ssh_channel_read_timeout: Read (6) buffered : 2530 bytes. Window: 1279994
nc DEBUG: SSH: ssh_channel_read_timeout: Read (6) buffered : 2524 bytes. Window: 1279994
nc DEBUG: SSH: ssh_channel_read_timeout: Read (6) buffered : 2518 bytes. Window: 1279994
nc DEBUG: SSH: ssh_channel_read_timeout: Read (6) buffered : 2512 bytes. Window: 1279994
nc DEBUG: SSH: ssh_channel_read_timeout: Read (6) buffered : 2506 bytes. Window: 1279994
nc DEBUG: SSH: ssh_channel_read_timeout: Read (6) buffered : 2500 bytes. Window: 1279994
nc DEBUG: SSH: ssh_channel_read_timeout: Read (6) buffered : 2494 bytes. Window: 1279994
nc DEBUG: SSH: ssh_channel_read_timeout: Read (6) buffered : 2488 bytes. Window: 1279994
nc DEBUG: SSH: ssh_channel_read_timeout: Read (6) buffered : 2482 bytes. Window: 1279994
nc DEBUG: SSH: ssh_channel_read_timeout: Read (6) buffered : 2476 bytes. Window: 1279994
nc DEBUG: SSH: ssh_channel_read_timeout: Read (6) buffered : 2470 bytes. Window: 1279994
nc DEBUG: SSH: ssh_channel_read_timeout: Read (6) buffered : 2464 bytes. Window: 1279994
nc DEBUG: SSH: ssh_channel_read_timeout: Read (6) buffered : 2458 bytes. Window: 1279994
nc DEBUG: SSH: ssh_channel_read_timeout: Read (6) buffered : 2452 bytes. Window: 1279994
nc DEBUG: SSH: ssh_channel_read_timeout: Read (6) buffered : 2446 bytes. Window: 1279994
nc DEBUG: SSH: ssh_channel_read_timeout: Read (6) buffered : 2440 bytes. Window: 1279994
nc DEBUG: SSH: ssh_channel_read_timeout: Read (6) buffered : 2434 bytes. Window: 1279994
nc DEBUG: SSH: ssh_channel_read_timeout: Read (6) buffered : 2428 bytes. Window: 1279994
nc DEBUG: SSH: ssh_channel_read_timeout: Read (6) buffered : 2422 bytes. Window: 1279994
nc DEBUG: SSH: ssh_channel_read_timeout: Read (6) buffered : 2416 bytes. Window: 1279994
nc DEBUG: SSH: ssh_channel_read_timeout: Read (6) buffered : 2410 bytes. Window: 1279994
nc DEBUG: SSH: ssh_channel_read_timeout: Read (6) buffered : 2404 bytes. Window: 1279994
nc DEBUG: SSH: ssh_channel_read_timeout: Read (6) buffered : 2398 bytes. Window: 1279994
nc DEBUG: SSH: ssh_channel_read_timeout: Read (6) buffered : 2392 bytes. Window: 1279994
nc DEBUG: SSH: ssh_channel_read_timeout: Read (6) buffered : 2386 bytes. Window: 1279994
nc DEBUG: SSH: ssh_channel_read_timeout: Read (6) buffered : 2380 bytes. Window: 1279994
nc DEBUG: SSH: ssh_channel_read_timeout: Read (6) buffered : 2374 bytes. Window: 1279994
nc DEBUG: SSH: ssh_channel_read_timeout: Read (6) buffered : 2368 bytes. Window: 1279994
nc DEBUG: SSH: ssh_channel_read_timeout: Read (6) buffered : 2362 bytes. Window: 1279994
nc DEBUG: SSH: ssh_channel_read_timeout: Read (6) buffered : 2356 bytes. Window: 1279994
nc DEBUG: SSH: ssh_channel_read_timeout: Read (6) buffered : 2350 bytes. Window: 1279994
nc DEBUG: SSH: ssh_channel_read_timeout: Read (6) buffered : 2344 bytes. Window: 1279994
nc DEBUG: SSH: ssh_channel_read_timeout: Read (6) buffered : 2338 bytes. Window: 1279994
nc DEBUG: SSH: ssh_channel_read_timeout: Read (6) buffered : 2332 bytes. Window: 1279994
nc DEBUG: SSH: ssh_channel_read_timeout: Read (6) buffered : 2326 bytes. Window: 1279994
nc DEBUG: SSH: ssh_channel_read_timeout: Read (6) buffered : 2320 bytes. Window: 1279994
nc DEBUG: SSH: ssh_channel_read_timeout: Read (6) buffered : 2314 bytes. Window: 1279994
nc DEBUG: SSH: ssh_channel_read_timeout: Read (6) buffered : 2308 bytes. Window: 1279994
nc DEBUG: SSH: ssh_channel_read_timeout: Read (6) buffered : 2302 bytes. Window: 1279994
nc DEBUG: SSH: ssh_channel_read_timeout: Read (6) buffered : 2296 bytes. Window: 1279994
nc DEBUG: SSH: ssh_channel_read_timeout: Read (6) buffered : 2290 bytes. Window: 1279994
nc DEBUG: SSH: ssh_channel_read_timeout: Read (6) buffered : 2284 bytes. Window: 1279994
nc DEBUG: SSH: ssh_channel_read_timeout: Read (6) buffered : 2278 bytes. Window: 1279994
nc DEBUG: SSH: ssh_channel_read_timeout: Read (6) buffered : 2272 bytes. Window: 1279994
nc DEBUG: SSH: ssh_channel_read_timeout: Read (6) buffered : 2266 bytes. Window: 1279994
nc DEBUG: SSH: ssh_channel_read_timeout: Read (6) buffered : 2260 bytes. Window: 1279994
nc DEBUG: SSH: ssh_channel_read_timeout: Read (6) buffered : 2254 bytes. Window: 1279994
nc DEBUG: SSH: ssh_channel_read_timeout: Read (6) buffered : 2248 bytes. Window: 1279994
nc DEBUG: SSH: ssh_channel_read_timeout: Read (6) buffered : 2242 bytes. Window: 1279994
nc DEBUG: SSH: ssh_channel_read_timeout: Read (6) buffered : 2236 bytes. Window: 1279994
nc DEBUG: SSH: ssh_channel_read_timeout: Read (6) buffered : 2230 bytes. Window: 1279994
nc DEBUG: SSH: ssh_channel_read_timeout: Read (6) buffered : 2224 bytes. Window: 1279994
nc DEBUG: SSH: ssh_channel_read_timeout: Read (6) buffered : 2218 bytes. Window: 1279994
nc DEBUG: SSH: ssh_channel_read_timeout: Read (6) buffered : 2212 bytes. Window: 1279994
nc DEBUG: SSH: ssh_channel_read_timeout: Read (6) buffered : 2206 bytes. Window: 1279994
nc DEBUG: SSH: ssh_channel_read_timeout: Read (6) buffered : 2200 bytes. Window: 1279994
nc DEBUG: SSH: ssh_channel_read_timeout: Read (6) buffered : 2194 bytes. Window: 1279994
nc DEBUG: SSH: ssh_channel_read_timeout: Read (6) buffered : 2188 bytes. Window: 1279994
nc DEBUG: SSH: ssh_channel_read_timeout: Read (6) buffered : 2182 bytes. Window: 1279994
nc DEBUG: SSH: ssh_channel_read_timeout: Read (6) buffered : 2176 bytes. Window: 1279994
nc DEBUG: SSH: ssh_channel_read_timeout: Read (6) buffered : 2170 bytes. Window: 1279994
nc DEBUG: SSH: ssh_channel_read_timeout: Read (6) buffered : 2164 bytes. Window: 1279994
nc DEBUG: SSH: ssh_channel_read_timeout: Read (6) buffered : 2158 bytes. Window: 1279994
nc DEBUG: SSH: ssh_channel_read_timeout: Read (6) buffered : 2152 bytes. Window: 1279994
nc DEBUG: SSH: ssh_channel_read_timeout: Read (6) buffered : 2146 bytes. Window: 1279994
nc DEBUG: SSH: ssh_channel_read_timeout: Read (6) buffered : 2140 bytes. Window: 1279994
nc DEBUG: SSH: ssh_channel_read_timeout: Read (6) buffered : 2134 bytes. Window: 1279994
nc DEBUG: SSH: ssh_channel_read_timeout: Read (6) buffered : 2128 bytes. Window: 1279994
nc DEBUG: SSH: ssh_channel_read_timeout: Read (6) buffered : 2122 bytes. Window: 1279994
nc DEBUG: SSH: ssh_channel_read_timeout: Read (6) buffered : 2116 bytes. Window: 1279994
nc DEBUG: SSH: ssh_channel_read_timeout: Read (6) buffered : 2110 bytes. Window: 1279994
nc DEBUG: SSH: ssh_channel_read_timeout: Read (6) buffered : 2104 bytes. Window: 1279994
nc DEBUG: SSH: ssh_channel_read_timeout: Read (6) buffered : 2098 bytes. Window: 1279994
nc DEBUG: SSH: ssh_channel_read_timeout: Read (6) buffered : 2092 bytes. Window: 1279994
nc DEBUG: SSH: ssh_channel_read_timeout: Read (6) buffered : 2086 bytes. Window: 1279994
nc DEBUG: SSH: ssh_channel_read_timeout: Read (6) buffered : 2080 bytes. Window: 1279994
nc DEBUG: SSH: ssh_channel_read_timeout: Read (6) buffered : 2074 bytes. Window: 1279994
nc DEBUG: SSH: ssh_channel_read_timeout: Read (6) buffered : 2068 bytes. Window: 1279994
nc DEBUG: SSH: ssh_channel_read_timeout: Read (6) buffered : 2062 bytes. Window: 1279994
nc DEBUG: SSH: ssh_channel_read_timeout: Read (6) buffered : 2056 bytes. Window: 1279994
nc DEBUG: SSH: ssh_channel_read_timeout: Read (6) buffered : 2050 bytes. Window: 1279994
nc DEBUG: SSH: ssh_channel_read_timeout: Read (6) buffered : 2044 bytes. Window: 1279994
nc DEBUG: SSH: ssh_channel_read_timeout: Read (6) buffered : 2038 bytes. Window: 1279994
nc DEBUG: SSH: ssh_channel_read_timeout: Read (6) buffered : 2032 bytes. Window: 1279994
nc DEBUG: SSH: ssh_channel_read_timeout: Read (6) buffered : 2026 bytes. Window: 1279994
nc DEBUG: SSH: ssh_channel_read_timeout: Read (6) buffered : 2020 bytes. Window: 1279994
nc DEBUG: SSH: ssh_channel_read_timeout: Read (6) buffered : 2014 bytes. Window: 1279994
nc DEBUG: SSH: ssh_channel_read_timeout: Read (6) buffered : 2008 bytes. Window: 1279994
nc DEBUG: SSH: ssh_channel_read_timeout: Read (6) buffered : 2002 bytes. Window: 1279994
nc DEBUG: SSH: ssh_channel_read_timeout: Read (6) buffered : 1996 bytes. Window: 1279994
nc DEBUG: SSH: ssh_channel_read_timeout: Read (6) buffered : 1990 bytes. Window: 1279994
nc DEBUG: SSH: ssh_channel_read_timeout: Read (6) buffered : 1984 bytes. Window: 1279994
nc DEBUG: SSH: ssh_channel_read_timeout: Read (6) buffered : 1978 bytes. Window: 1279994
nc DEBUG: SSH: ssh_channel_read_timeout: Read (6) buffered : 1972 bytes. Window: 1279994
nc DEBUG: SSH: ssh_channel_read_timeout: Read (6) buffered : 1966 bytes. Window: 1279994
nc DEBUG: SSH: ssh_channel_read_timeout: Read (6) buffered : 1960 bytes. Window: 1279994
nc DEBUG: SSH: ssh_channel_read_timeout: Read (6) buffered : 1954 bytes. Window: 1279994
nc DEBUG: SSH: ssh_channel_read_timeout: Read (6) buffered : 1948 bytes. Window: 1279994
nc DEBUG: SSH: ssh_channel_read_timeout: Read (6) buffered : 1942 bytes. Window: 1279994
nc DEBUG: SSH: ssh_channel_read_timeout: Read (6) buffered : 1936 bytes. Window: 1279994
nc DEBUG: SSH: ssh_channel_read_timeout: Read (6) buffered : 1930 bytes. Window: 1279994
nc DEBUG: SSH: ssh_channel_read_timeout: Read (6) buffered : 1924 bytes. Window: 1279994
nc DEBUG: SSH: ssh_channel_read_timeout: Read (6) buffered : 1918 bytes. Window: 1279994
nc DEBUG: SSH: ssh_channel_read_timeout: Read (6) buffered : 1912 bytes. Window: 1279994
nc DEBUG: SSH: ssh_channel_read_timeout: Read (6) buffered : 1906 bytes. Window: 1279994
nc DEBUG: SSH: ssh_channel_read_timeout: Read (6) buffered : 1900 bytes. Window: 1279994
nc DEBUG: SSH: ssh_channel_read_timeout: Read (6) buffered : 1894 bytes. Window: 1279994
nc DEBUG: SSH: ssh_channel_read_timeout: Read (6) buffered : 1888 bytes. Window: 1279994
nc DEBUG: SSH: ssh_channel_read_timeout: Read (6) buffered : 1882 bytes. Window: 1279994
nc DEBUG: SSH: ssh_channel_read_timeout: Read (6) buffered : 1876 bytes. Window: 1279994
nc DEBUG: SSH: ssh_channel_read_timeout: Read (6) buffered : 1870 bytes. Window: 1279994
nc DEBUG: SSH: ssh_channel_read_timeout: Read (6) buffered : 1864 bytes. Window: 1279994
nc DEBUG: SSH: ssh_channel_read_timeout: Read (6) buffered : 1858 bytes. Window: 1279994
nc DEBUG: SSH: ssh_channel_read_timeout: Read (6) buffered : 1852 bytes. Window: 1279994
nc DEBUG: SSH: ssh_channel_read_timeout: Read (6) buffered : 1846 bytes. Window: 1279994
nc DEBUG: SSH: ssh_channel_read_timeout: Read (6) buffered : 1840 bytes. Window: 1279994
nc DEBUG: SSH: ssh_channel_read_timeout: Read (6) buffered : 1834 bytes. Window: 1279994
nc DEBUG: SSH: ssh_channel_read_timeout: Read (6) buffered : 1828 bytes. Window: 1279994
nc DEBUG: SSH: ssh_channel_read_timeout: Read (6) buffered : 1822 bytes. Window: 1279994
nc DEBUG: SSH: ssh_channel_read_timeout: Read (6) buffered : 1816 bytes. Window: 1279994
nc DEBUG: SSH: ssh_channel_read_timeout: Read (6) buffered : 1810 bytes. Window: 1279994
nc DEBUG: SSH: ssh_channel_read_timeout: Read (6) buffered : 1804 bytes. Window: 1279994
nc DEBUG: SSH: ssh_channel_read_timeout: Read (6) buffered : 1798 bytes. Window: 1279994
nc DEBUG: SSH: ssh_channel_read_timeout: Read (6) buffered : 1792 bytes. Window: 1279994
nc DEBUG: SSH: ssh_channel_read_timeout: Read (6) buffered : 1786 bytes. Window: 1279994
nc DEBUG: SSH: ssh_channel_read_timeout: Read (6) buffered : 1780 bytes. Window: 1279994
nc DEBUG: SSH: ssh_channel_read_timeout: Read (6) buffered : 1774 bytes. Window: 1279994
nc DEBUG: SSH: ssh_channel_read_timeout: Read (6) buffered : 1768 bytes. Window: 1279994
nc DEBUG: SSH: ssh_channel_read_timeout: Read (6) buffered : 1762 bytes. Window: 1279994
nc DEBUG: SSH: ssh_channel_read_timeout: Read (6) buffered : 1756 bytes. Window: 1279994
nc DEBUG: SSH: ssh_channel_read_timeout: Read (6) buffered : 1750 bytes. Window: 1279994
nc DEBUG: SSH: ssh_channel_read_timeout: Read (6) buffered : 1744 bytes. Window: 1279994
nc DEBUG: SSH: ssh_channel_read_timeout: Read (6) buffered : 1738 bytes. Window: 1279994
nc DEBUG: SSH: ssh_channel_read_timeout: Read (6) buffered : 1732 bytes. Window: 1279994
nc DEBUG: SSH: ssh_channel_read_timeout: Read (6) buffered : 1726 bytes. Window: 1279994
nc DEBUG: SSH: ssh_channel_read_timeout: Read (6) buffered : 1720 bytes. Window: 1279994
nc DEBUG: SSH: ssh_channel_read_timeout: Read (6) buffered : 1714 bytes. Window: 1279994
nc DEBUG: SSH: ssh_channel_read_timeout: Read (6) buffered : 1708 bytes. Window: 1279994
nc DEBUG: SSH: ssh_channel_read_timeout: Read (6) buffered : 1702 bytes. Window: 1279994
nc DEBUG: SSH: ssh_channel_read_timeout: Read (6) buffered : 1696 bytes. Window: 1279994
nc DEBUG: SSH: ssh_channel_read_timeout: Read (6) buffered : 1690 bytes. Window: 1279994
nc DEBUG: SSH: ssh_channel_read_timeout: Read (6) buffered : 1684 bytes. Window: 1279994
nc DEBUG: SSH: ssh_channel_read_timeout: Read (6) buffered : 1678 bytes. Window: 1279994
nc DEBUG: SSH: ssh_channel_read_timeout: Read (6) buffered : 1672 bytes. Window: 1279994
nc DEBUG: SSH: ssh_channel_read_timeout: Read (6) buffered : 1666 bytes. Window: 1279994
nc DEBUG: SSH: ssh_channel_read_timeout: Read (6) buffered : 1660 bytes. Window: 1279994
nc DEBUG: SSH: ssh_channel_read_timeout: Read (6) buffered : 1654 bytes. Window: 1279994
nc DEBUG: SSH: ssh_channel_read_timeout: Read (6) buffered : 1648 bytes. Window: 1279994
nc DEBUG: SSH: ssh_channel_read_timeout: Read (6) buffered : 1642 bytes. Window: 1279994
nc DEBUG: SSH: ssh_channel_read_timeout: Read (6) buffered : 1636 bytes. Window: 1279994
nc DEBUG: SSH: ssh_channel_read_timeout: Read (6) buffered : 1630 bytes. Window: 1279994
nc DEBUG: SSH: ssh_channel_read_timeout: Read (6) buffered : 1624 bytes. Window: 1279994
nc DEBUG: SSH: ssh_channel_read_timeout: Read (6) buffered : 1618 bytes. Window: 1279994
nc DEBUG: SSH: ssh_channel_read_timeout: Read (6) buffered : 1612 bytes. Window: 1279994
nc DEBUG: SSH: ssh_channel_read_timeout: Read (6) buffered : 1606 bytes. Window: 1279994
nc DEBUG: SSH: ssh_channel_read_timeout: Read (6) buffered : 1600 bytes. Window: 1279994
nc DEBUG: SSH: ssh_channel_read_timeout: Read (6) buffered : 1594 bytes. Window: 1279994
nc DEBUG: SSH: ssh_channel_read_timeout: Read (6) buffered : 1588 bytes. Window: 1279994
nc DEBUG: SSH: ssh_channel_read_timeout: Read (6) buffered : 1582 bytes. Window: 1279994
nc DEBUG: SSH: ssh_channel_read_timeout: Read (6) buffered : 1576 bytes. Window: 1279994
nc DEBUG: SSH: ssh_channel_read_timeout: Read (6) buffered : 1570 bytes. Window: 1279994
nc DEBUG: SSH: ssh_channel_read_timeout: Read (6) buffered : 1564 bytes. Window: 1279994
nc DEBUG: SSH: ssh_channel_read_timeout: Read (6) buffered : 1558 bytes. Window: 1279994
nc DEBUG: SSH: ssh_channel_read_timeout: Read (6) buffered : 1552 bytes. Window: 1279994
nc DEBUG: SSH: ssh_channel_read_timeout: Read (6) buffered : 1546 bytes. Window: 1279994
nc DEBUG: SSH: ssh_channel_read_timeout: Read (6) buffered : 1540 bytes. Window: 1279994
nc DEBUG: SSH: ssh_channel_read_timeout: Read (6) buffered : 1534 bytes. Window: 1279994
nc DEBUG: SSH: ssh_channel_read_timeout: Read (6) buffered : 1528 bytes. Window: 1279994
nc DEBUG: SSH: ssh_channel_read_timeout: Read (6) buffered : 1522 bytes. Window: 1279994
nc DEBUG: SSH: ssh_channel_read_timeout: Read (6) buffered : 1516 bytes. Window: 1279994
nc DEBUG: SSH: ssh_channel_read_timeout: Read (6) buffered : 1510 bytes. Window: 1279994
nc DEBUG: SSH: ssh_channel_read_timeout: Read (6) buffered : 1504 bytes. Window: 1279994
nc DEBUG: SSH: ssh_channel_read_timeout: Read (6) buffered : 1498 bytes. Window: 1279994
nc DEBUG: SSH: ssh_channel_read_timeout: Read (6) buffered : 1492 bytes. Window: 1279994
nc DEBUG: SSH: ssh_channel_read_timeout: Read (6) buffered : 1486 bytes. Window: 1279994
nc DEBUG: SSH: ssh_channel_read_timeout: Read (6) buffered : 1480 bytes. Window: 1279994
nc DEBUG: SSH: ssh_channel_read_timeout: Read (6) buffered : 1474 bytes. Window: 1279994
nc DEBUG: SSH: ssh_channel_read_timeout: Read (6) buffered : 1468 bytes. Window: 1279994
nc DEBUG: SSH: ssh_channel_read_timeout: Read (6) buffered : 1462 bytes. Window: 1279994
nc DEBUG: SSH: ssh_channel_read_timeout: Read (6) buffered : 1456 bytes. Window: 1279994
nc DEBUG: SSH: ssh_channel_read_timeout: Read (6) buffered : 1450 bytes. Window: 1279994
nc DEBUG: SSH: ssh_channel_read_timeout: Read (6) buffered : 1444 bytes. Window: 1279994
nc DEBUG: SSH: ssh_channel_read_timeout: Read (6) buffered : 1438 bytes. Window: 1279994
nc DEBUG: SSH: ssh_channel_read_timeout: Read (6) buffered : 1432 bytes. Window: 1279994
nc DEBUG: SSH: ssh_channel_read_timeout: Read (6) buffered : 1426 bytes. Window: 1279994
nc DEBUG: SSH: ssh_channel_read_timeout: Read (6) buffered : 1420 bytes. Window: 1279994
nc DEBUG: SSH: ssh_channel_read_timeout: Read (6) buffered : 1414 bytes. Window: 1279994
nc DEBUG: SSH: ssh_channel_read_timeout: Read (6) buffered : 1408 bytes. Window: 1279994
nc DEBUG: SSH: ssh_channel_read_timeout: Read (6) buffered : 1402 bytes. Window: 1279994
nc DEBUG: SSH: ssh_channel_read_timeout: Read (6) buffered : 1396 bytes. Window: 1279994
nc DEBUG: SSH: ssh_channel_read_timeout: Read (6) buffered : 1390 bytes. Window: 1279994
nc DEBUG: SSH: ssh_channel_read_timeout: Read (6) buffered : 1384 bytes. Window: 1279994
nc DEBUG: SSH: ssh_channel_read_timeout: Read (6) buffered : 1378 bytes. Window: 1279994
nc DEBUG: SSH: ssh_channel_read_timeout: Read (6) buffered : 1372 bytes. Window: 1279994
nc DEBUG: SSH: ssh_channel_read_timeout: Read (6) buffered : 1366 bytes. Window: 1279994
nc DEBUG: SSH: ssh_channel_read_timeout: Read (6) buffered : 1360 bytes. Window: 1279994
nc DEBUG: SSH: ssh_channel_read_timeout: Read (6) buffered : 1354 bytes. Window: 1279994
nc DEBUG: SSH: ssh_channel_read_timeout: Read (6) buffered : 1348 bytes. Window: 1279994
nc DEBUG: SSH: ssh_channel_read_timeout: Read (6) buffered : 1342 bytes. Window: 1279994
nc DEBUG: SSH: ssh_channel_read_timeout: Read (6) buffered : 1336 bytes. Window: 1279994
nc DEBUG: SSH: ssh_channel_read_timeout: Read (6) buffered : 1330 bytes. Window: 1279994
nc DEBUG: SSH: ssh_channel_read_timeout: Read (6) buffered : 1324 bytes. Window: 1279994
nc DEBUG: SSH: ssh_channel_read_timeout: Read (6) buffered : 1318 bytes. Window: 1279994
nc DEBUG: SSH: ssh_channel_read_timeout: Read (6) buffered : 1312 bytes. Window: 1279994
nc DEBUG: SSH: ssh_channel_read_timeout: Read (6) buffered : 1306 bytes. Window: 1279994
nc DEBUG: SSH: ssh_channel_read_timeout: Read (6) buffered : 1300 bytes. Window: 1279994
nc DEBUG: SSH: ssh_channel_read_timeout: Read (6) buffered : 1294 bytes. Window: 1279994
nc DEBUG: SSH: ssh_channel_read_timeout: Read (6) buffered : 1288 bytes. Window: 1279994
nc DEBUG: SSH: ssh_channel_read_timeout: Read (6) buffered : 1282 bytes. Window: 1279994
nc DEBUG: SSH: ssh_channel_read_timeout: Read (6) buffered : 1276 bytes. Window: 1279994
nc DEBUG: SSH: ssh_channel_read_timeout: Read (6) buffered : 1270 bytes. Window: 1279994
nc DEBUG: SSH: ssh_channel_read_timeout: Read (6) buffered : 1264 bytes. Window: 1279994
nc DEBUG: SSH: ssh_channel_read_timeout: Read (6) buffered : 1258 bytes. Window: 1279994
nc DEBUG: SSH: ssh_channel_read_timeout: Read (6) buffered : 1252 bytes. Window: 1279994
nc DEBUG: SSH: ssh_channel_read_timeout: Read (6) buffered : 1246 bytes. Window: 1279994
nc DEBUG: SSH: ssh_channel_read_timeout: Read (6) buffered : 1240 bytes. Window: 1279994
nc DEBUG: SSH: ssh_channel_read_timeout: Read (6) buffered : 1234 bytes. Window: 1279994
nc DEBUG: SSH: ssh_channel_read_timeout: Read (6) buffered : 1228 bytes. Window: 1279994
nc DEBUG: SSH: ssh_channel_read_timeout: Read (6) buffered : 1222 bytes. Window: 1279994
nc DEBUG: SSH: ssh_channel_read_timeout: Read (6) buffered : 1216 bytes. Window: 1279994
nc DEBUG: SSH: ssh_channel_read_timeout: Read (6) buffered : 1210 bytes. Window: 1279994
nc DEBUG: SSH: ssh_channel_read_timeout: Read (6) buffered : 1204 bytes. Window: 1279994
nc DEBUG: SSH: ssh_channel_read_timeout: Read (6) buffered : 1198 bytes. Window: 1279994
nc DEBUG: SSH: ssh_channel_read_timeout: Read (6) buffered : 1192 bytes. Window: 1279994
nc DEBUG: SSH: ssh_channel_read_timeout: Read (6) buffered : 1186 bytes. Window: 1279994
nc DEBUG: SSH: ssh_channel_read_timeout: Read (6) buffered : 1180 bytes. Window: 1279994
nc DEBUG: SSH: ssh_channel_read_timeout: Read (6) buffered : 1174 bytes. Window: 1279994
nc DEBUG: SSH: ssh_channel_read_timeout: Read (6) buffered : 1168 bytes. Window: 1279994
nc DEBUG: SSH: ssh_channel_read_timeout: Read (6) buffered : 1162 bytes. Window: 1279994
nc DEBUG: SSH: ssh_channel_read_timeout: Read (6) buffered : 1156 bytes. Window: 1279994
nc DEBUG: SSH: ssh_channel_read_timeout: Read (6) buffered : 1150 bytes. Window: 1279994
nc DEBUG: SSH: ssh_channel_read_timeout: Read (6) buffered : 1144 bytes. Window: 1279994
nc DEBUG: SSH: ssh_channel_read_timeout: Read (6) buffered : 1138 bytes. Window: 1279994
nc DEBUG: SSH: ssh_channel_read_timeout: Read (6) buffered : 1132 bytes. Window: 1279994
nc DEBUG: SSH: ssh_channel_read_timeout: Read (6) buffered : 1126 bytes. Window: 1279994
nc DEBUG: SSH: ssh_channel_read_timeout: Read (6) buffered : 1120 bytes. Window: 1279994
nc DEBUG: SSH: ssh_channel_read_timeout: Read (6) buffered : 1114 bytes. Window: 1279994
nc DEBUG: SSH: ssh_channel_read_timeout: Read (6) buffered : 1108 bytes. Window: 1279994
nc DEBUG: SSH: ssh_channel_read_timeout: Read (6) buffered : 1102 bytes. Window: 1279994
nc DEBUG: SSH: ssh_channel_read_timeout: Read (6) buffered : 1096 bytes. Window: 1279994
nc DEBUG: SSH: ssh_channel_read_timeout: Read (6) buffered : 1090 bytes. Window: 1279994
nc DEBUG: SSH: ssh_channel_read_timeout: Read (6) buffered : 1084 bytes. Window: 1279994
nc DEBUG: SSH: ssh_channel_read_timeout: Read (6) buffered : 1078 bytes. Window: 1279994
nc DEBUG: SSH: ssh_channel_read_timeout: Read (6) buffered : 1072 bytes. Window: 1279994
nc DEBUG: SSH: ssh_channel_read_timeout: Read (6) buffered : 1066 bytes. Window: 1279994
nc DEBUG: SSH: ssh_channel_read_timeout: Read (6) buffered : 1060 bytes. Window: 1279994
nc DEBUG: SSH: ssh_channel_read_timeout: Read (6) buffered : 1054 bytes. Window: 1279994
nc DEBUG: SSH: ssh_channel_read_timeout: Read (6) buffered : 1048 bytes. Window: 1279994
nc DEBUG: SSH: ssh_channel_read_timeout: Read (6) buffered : 1042 bytes. Window: 1279994
nc DEBUG: SSH: ssh_channel_read_timeout: Read (6) buffered : 1036 bytes. Window: 1279994
nc DEBUG: SSH: ssh_channel_read_timeout: Read (6) buffered : 1030 bytes. Window: 1279994
nc DEBUG: SSH: ssh_channel_read_timeout: Read (6) buffered : 1024 bytes. Window: 1279994
nc DEBUG: SSH: ssh_channel_read_timeout: Read (6) buffered : 1018 bytes. Window: 1279994
nc DEBUG: SSH: ssh_channel_read_timeout: Read (6) buffered : 1012 bytes. Window: 1279994
nc DEBUG: SSH: ssh_channel_read_timeout: Read (6) buffered : 1006 bytes. Window: 1279994
nc DEBUG: SSH: ssh_channel_read_timeout: Read (6) buffered : 1000 bytes. Window: 1279994
nc DEBUG: SSH: ssh_channel_read_timeout: Read (6) buffered : 994 bytes. Window: 1279994
nc DEBUG: SSH: ssh_channel_read_timeout: Read (6) buffered : 988 bytes. Window: 1279994
nc DEBUG: SSH: ssh_channel_read_timeout: Read (6) buffered : 982 bytes. Window: 1279994
nc DEBUG: SSH: ssh_channel_read_timeout: Read (6) buffered : 976 bytes. Window: 1279994
nc DEBUG: SSH: ssh_channel_read_timeout: Read (6) buffered : 970 bytes. Window: 1279994
nc DEBUG: SSH: ssh_channel_read_timeout: Read (6) buffered : 964 bytes. Window: 1279994
nc DEBUG: SSH: ssh_channel_read_timeout: Read (6) buffered : 958 bytes. Window: 1279994
nc DEBUG: SSH: ssh_channel_read_timeout: Read (6) buffered : 952 bytes. Window: 1279994
nc DEBUG: SSH: ssh_channel_read_timeout: Read (6) buffered : 946 bytes. Window: 1279994
nc DEBUG: SSH: ssh_channel_read_timeout: Read (6) buffered : 940 bytes. Window: 1279994
nc DEBUG: SSH: ssh_channel_read_timeout: Read (6) buffered : 934 bytes. Window: 1279994
nc DEBUG: SSH: ssh_channel_read_timeout: Read (6) buffered : 928 bytes. Window: 1279994
nc DEBUG: SSH: ssh_channel_read_timeout: Read (6) buffered : 922 bytes. Window: 1279994
nc DEBUG: SSH: ssh_channel_read_timeout: Read (6) buffered : 916 bytes. Window: 1279994
nc DEBUG: SSH: ssh_channel_read_timeout: Read (6) buffered : 910 bytes. Window: 1279994
nc DEBUG: SSH: ssh_channel_read_timeout: Read (6) buffered : 904 bytes. Window: 1279994
nc DEBUG: SSH: ssh_channel_read_timeout: Read (6) buffered : 898 bytes. Window: 1279994
nc DEBUG: SSH: ssh_channel_read_timeout: Read (6) buffered : 892 bytes. Window: 1279994
nc DEBUG: SSH: ssh_channel_read_timeout: Read (6) buffered : 886 bytes. Window: 1279994
nc DEBUG: SSH: ssh_channel_read_timeout: Read (6) buffered : 880 bytes. Window: 1279994
nc DEBUG: SSH: ssh_channel_read_timeout: Read (6) buffered : 874 bytes. Window: 1279994
nc DEBUG: SSH: ssh_channel_read_timeout: Read (6) buffered : 868 bytes. Window: 1279994
nc DEBUG: SSH: ssh_channel_read_timeout: Read (6) buffered : 862 bytes. Window: 1279994
nc DEBUG: SSH: ssh_channel_read_timeout: Read (6) buffered : 856 bytes. Window: 1279994
nc DEBUG: SSH: ssh_channel_read_timeout: Read (6) buffered : 850 bytes. Window: 1279994
nc DEBUG: SSH: ssh_channel_read_timeout: Read (6) buffered : 844 bytes. Window: 1279994
nc DEBUG: SSH: ssh_channel_read_timeout: Read (6) buffered : 838 bytes. Window: 1279994
nc DEBUG: SSH: ssh_channel_read_timeout: Read (6) buffered : 832 bytes. Window: 1279994
nc DEBUG: SSH: ssh_channel_read_timeout: Read (6) buffered : 826 bytes. Window: 1279994
nc DEBUG: SSH: ssh_channel_read_timeout: Read (6) buffered : 820 bytes. Window: 1279994
nc DEBUG: SSH: ssh_channel_read_timeout: Read (6) buffered : 814 bytes. Window: 1279994
nc DEBUG: SSH: ssh_channel_read_timeout: Read (6) buffered : 808 bytes. Window: 1279994
nc DEBUG: SSH: ssh_channel_read_timeout: Read (6) buffered : 802 bytes. Window: 1279994
nc DEBUG: SSH: ssh_channel_read_timeout: Read (6) buffered : 796 bytes. Window: 1279994
nc DEBUG: SSH: ssh_channel_read_timeout: Read (6) buffered : 790 bytes. Window: 1279994
nc DEBUG: SSH: ssh_channel_read_timeout: Read (6) buffered : 784 bytes. Window: 1279994
nc DEBUG: SSH: ssh_channel_read_timeout: Read (6) buffered : 778 bytes. Window: 1279994
nc DEBUG: SSH: ssh_channel_read_timeout: Read (6) buffered : 772 bytes. Window: 1279994
nc DEBUG: SSH: ssh_channel_read_timeout: Read (6) buffered : 766 bytes. Window: 1279994
nc DEBUG: SSH: ssh_channel_read_timeout: Read (6) buffered : 760 bytes. Window: 1279994
nc DEBUG: SSH: ssh_channel_read_timeout: Read (6) buffered : 754 bytes. Window: 1279994
nc DEBUG: SSH: ssh_channel_read_timeout: Read (6) buffered : 748 bytes. Window: 1279994
nc DEBUG: SSH: ssh_channel_read_timeout: Read (6) buffered : 742 bytes. Window: 1279994
nc DEBUG: SSH: ssh_channel_read_timeout: Read (6) buffered : 736 bytes. Window: 1279994
nc DEBUG: SSH: ssh_channel_read_timeout: Read (6) buffered : 730 bytes. Window: 1279994
nc DEBUG: SSH: ssh_channel_read_timeout: Read (6) buffered : 724 bytes. Window: 1279994
nc DEBUG: SSH: ssh_channel_read_timeout: Read (6) buffered : 718 bytes. Window: 1279994
nc DEBUG: SSH: ssh_channel_read_timeout: Read (6) buffered : 712 bytes. Window: 1279994
nc DEBUG: SSH: ssh_channel_read_timeout: Read (6) buffered : 706 bytes. Window: 1279994
nc DEBUG: SSH: ssh_channel_read_timeout: Read (6) buffered : 700 bytes. Window: 1279994
nc DEBUG: SSH: ssh_channel_read_timeout: Read (6) buffered : 694 bytes. Window: 1279994
nc DEBUG: SSH: ssh_channel_read_timeout: Read (6) buffered : 688 bytes. Window: 1279994
nc DEBUG: SSH: ssh_channel_read_timeout: Read (6) buffered : 682 bytes. Window: 1279994
nc DEBUG: SSH: ssh_channel_read_timeout: Read (6) buffered : 676 bytes. Window: 1279994
nc DEBUG: SSH: ssh_channel_read_timeout: Read (6) buffered : 670 bytes. Window: 1279994
nc DEBUG: SSH: ssh_channel_read_timeout: Read (6) buffered : 664 bytes. Window: 1279994
nc DEBUG: SSH: ssh_channel_read_timeout: Read (6) buffered : 658 bytes. Window: 1279994
nc DEBUG: SSH: ssh_channel_read_timeout: Read (6) buffered : 652 bytes. Window: 1279994
nc DEBUG: SSH: ssh_channel_read_timeout: Read (6) buffered : 646 bytes. Window: 1279994
nc DEBUG: SSH: ssh_channel_read_timeout: Read (6) buffered : 640 bytes. Window: 1279994
nc DEBUG: SSH: ssh_channel_read_timeout: Read (6) buffered : 634 bytes. Window: 1279994
nc DEBUG: SSH: ssh_channel_read_timeout: Read (6) buffered : 628 bytes. Window: 1279994
nc DEBUG: SSH: ssh_channel_read_timeout: Read (6) buffered : 622 bytes. Window: 1279994
nc DEBUG: SSH: ssh_channel_read_timeout: Read (6) buffered : 616 bytes. Window: 1279994
nc DEBUG: SSH: ssh_channel_read_timeout: Read (6) buffered : 610 bytes. Window: 1279994
nc DEBUG: SSH: ssh_channel_read_timeout: Read (6) buffered : 604 bytes. Window: 1279994
nc DEBUG: SSH: ssh_channel_read_timeout: Read (6) buffered : 598 bytes. Window: 1279994
nc DEBUG: SSH: ssh_channel_read_timeout: Read (6) buffered : 592 bytes. Window: 1279994
nc DEBUG: SSH: ssh_channel_read_timeout: Read (6) buffered : 586 bytes. Window: 1279994
nc DEBUG: SSH: ssh_channel_read_timeout: Read (6) buffered : 580 bytes. Window: 1279994
nc DEBUG: SSH: ssh_channel_read_timeout: Read (6) buffered : 574 bytes. Window: 1279994
nc DEBUG: SSH: ssh_channel_read_timeout: Read (6) buffered : 568 bytes. Window: 1279994
nc DEBUG: SSH: ssh_channel_read_timeout: Read (6) buffered : 562 bytes. Window: 1279994
nc DEBUG: SSH: ssh_channel_read_timeout: Read (6) buffered : 556 bytes. Window: 1279994
nc DEBUG: SSH: ssh_channel_read_timeout: Read (6) buffered : 550 bytes. Window: 1279994
nc DEBUG: SSH: ssh_channel_read_timeout: Read (6) buffered : 544 bytes. Window: 1279994
nc DEBUG: SSH: ssh_channel_read_timeout: Read (6) buffered : 538 bytes. Window: 1279994
nc DEBUG: SSH: ssh_channel_read_timeout: Read (6) buffered : 532 bytes. Window: 1279994
nc DEBUG: SSH: ssh_channel_read_timeout: Read (6) buffered : 526 bytes. Window: 1279994
nc DEBUG: SSH: ssh_channel_read_timeout: Read (6) buffered : 520 bytes. Window: 1279994
nc DEBUG: SSH: ssh_channel_read_timeout: Read (6) buffered : 514 bytes. Window: 1279994
nc DEBUG: SSH: ssh_channel_read_timeout: Read (6) buffered : 508 bytes. Window: 1279994
nc DEBUG: SSH: ssh_channel_read_timeout: Read (6) buffered : 502 bytes. Window: 1279994
nc DEBUG: SSH: ssh_channel_read_timeout: Read (6) buffered : 496 bytes. Window: 1279994
nc DEBUG: SSH: ssh_channel_read_timeout: Read (6) buffered : 490 bytes. Window: 1279994
nc DEBUG: SSH: ssh_channel_read_timeout: Read (6) buffered : 484 bytes. Window: 1279994
nc DEBUG: SSH: ssh_channel_read_timeout: Read (6) buffered : 478 bytes. Window: 1279994
nc DEBUG: SSH: ssh_channel_read_timeout: Read (6) buffered : 472 bytes. Window: 1279994
nc DEBUG: SSH: ssh_channel_read_timeout: Read (6) buffered : 466 bytes. Window: 1279994
nc DEBUG: SSH: ssh_channel_read_timeout: Read (6) buffered : 460 bytes. Window: 1279994
nc DEBUG: SSH: ssh_channel_read_timeout: Read (6) buffered : 454 bytes. Window: 1279994
nc DEBUG: SSH: ssh_channel_read_timeout: Read (6) buffered : 448 bytes. Window: 1279994
nc DEBUG: SSH: ssh_channel_read_timeout: Read (6) buffered : 442 bytes. Window: 1279994
nc DEBUG: SSH: ssh_channel_read_timeout: Read (6) buffered : 436 bytes. Window: 1279994
nc DEBUG: SSH: ssh_channel_read_timeout: Read (6) buffered : 430 bytes. Window: 1279994
nc DEBUG: SSH: ssh_channel_read_timeout: Read (6) buffered : 424 bytes. Window: 1279994
nc DEBUG: SSH: ssh_channel_read_timeout: Read (6) buffered : 418 bytes. Window: 1279994
nc DEBUG: SSH: ssh_channel_read_timeout: Read (6) buffered : 412 bytes. Window: 1279994
nc DEBUG: SSH: ssh_channel_read_timeout: Read (6) buffered : 406 bytes. Window: 1279994
nc DEBUG: SSH: ssh_channel_read_timeout: Read (6) buffered : 400 bytes. Window: 1279994
nc DEBUG: SSH: ssh_channel_read_timeout: Read (6) buffered : 394 bytes. Window: 1279994
nc DEBUG: SSH: ssh_channel_read_timeout: Read (6) buffered : 388 bytes. Window: 1279994
nc DEBUG: SSH: ssh_channel_read_timeout: Read (6) buffered : 382 bytes. Window: 1279994
nc DEBUG: SSH: ssh_channel_read_timeout: Read (6) buffered : 376 bytes. Window: 1279994
nc DEBUG: SSH: ssh_channel_read_timeout: Read (6) buffered : 370 bytes. Window: 1279994
nc DEBUG: SSH: ssh_channel_read_timeout: Read (6) buffered : 364 bytes. Window: 1279994
nc DEBUG: SSH: ssh_channel_read_timeout: Read (6) buffered : 358 bytes. Window: 1279994
nc DEBUG: SSH: ssh_channel_read_timeout: Read (6) buffered : 352 bytes. Window: 1279994
nc DEBUG: SSH: ssh_channel_read_timeout: Read (6) buffered : 346 bytes. Window: 1279994
nc DEBUG: SSH: ssh_channel_read_timeout: Read (6) buffered : 340 bytes. Window: 1279994
nc DEBUG: SSH: ssh_channel_read_timeout: Read (6) buffered : 334 bytes. Window: 1279994
nc DEBUG: SSH: ssh_channel_read_timeout: Read (6) buffered : 328 bytes. Window: 1279994
nc DEBUG: SSH: ssh_channel_read_timeout: Read (6) buffered : 322 bytes. Window: 1279994
nc DEBUG: SSH: ssh_channel_read_timeout: Read (6) buffered : 316 bytes. Window: 1279994
nc DEBUG: SSH: ssh_channel_read_timeout: Read (6) buffered : 310 bytes. Window: 1279994
nc DEBUG: SSH: ssh_channel_read_timeout: Read (6) buffered : 304 bytes. Window: 1279994
nc DEBUG: SSH: ssh_channel_read_timeout: Read (6) buffered : 298 bytes. Window: 1279994
nc DEBUG: SSH: ssh_channel_read_timeout: Read (6) buffered : 292 bytes. Window: 1279994
nc DEBUG: SSH: ssh_channel_read_timeout: Read (6) buffered : 286 bytes. Window: 1279994
nc DEBUG: SSH: ssh_channel_read_timeout: Read (6) buffered : 280 bytes. Window: 1279994
nc DEBUG: SSH: ssh_channel_read_timeout: Read (6) buffered : 274 bytes. Window: 1279994
nc DEBUG: SSH: ssh_channel_read_timeout: Read (6) buffered : 268 bytes. Window: 1279994
nc DEBUG: SSH: ssh_channel_read_timeout: Read (6) buffered : 262 bytes. Window: 1279994
nc DEBUG: SSH: ssh_channel_read_timeout: Read (6) buffered : 256 bytes. Window: 1279994
nc DEBUG: SSH: ssh_channel_read_timeout: Read (6) buffered : 250 bytes. Window: 1279994
nc DEBUG: SSH: ssh_channel_read_timeout: Read (6) buffered : 244 bytes. Window: 1279994
nc DEBUG: SSH: ssh_channel_read_timeout: Read (6) buffered : 238 bytes. Window: 1279994
nc DEBUG: SSH: ssh_channel_read_timeout: Read (6) buffered : 232 bytes. Window: 1279994
nc DEBUG: SSH: ssh_channel_read_timeout: Read (6) buffered : 226 bytes. Window: 1279994
nc DEBUG: SSH: ssh_channel_read_timeout: Read (6) buffered : 220 bytes. Window: 1279994
nc DEBUG: SSH: ssh_channel_read_timeout: Read (6) buffered : 214 bytes. Window: 1279994
nc DEBUG: SSH: ssh_channel_read_timeout: Read (6) buffered : 208 bytes. Window: 1279994
nc DEBUG: SSH: ssh_channel_read_timeout: Read (6) buffered : 202 bytes. Window: 1279994
nc DEBUG: SSH: ssh_channel_read_timeout: Read (6) buffered : 196 bytes. Window: 1279994
nc DEBUG: SSH: ssh_channel_read_timeout: Read (6) buffered : 190 bytes. Window: 1279994
nc DEBUG: SSH: ssh_channel_read_timeout: Read (6) buffered : 184 bytes. Window: 1279994
nc DEBUG: SSH: ssh_channel_read_timeout: Read (6) buffered : 178 bytes. Window: 1279994
nc DEBUG: SSH: ssh_channel_read_timeout: Read (6) buffered : 172 bytes. Window: 1279994
nc DEBUG: SSH: ssh_channel_read_timeout: Read (6) buffered : 166 bytes. Window: 1279994
nc DEBUG: SSH: ssh_channel_read_timeout: Read (6) buffered : 160 bytes. Window: 1279994
nc DEBUG: SSH: ssh_channel_read_timeout: Read (6) buffered : 154 bytes. Window: 1279994
nc DEBUG: SSH: ssh_channel_read_timeout: Read (6) buffered : 148 bytes. Window: 1279994
nc DEBUG: SSH: ssh_channel_read_timeout: Read (6) buffered : 142 bytes. Window: 1279994
nc DEBUG: SSH: ssh_channel_read_timeout: Read (6) buffered : 136 bytes. Window: 1279994
nc DEBUG: SSH: ssh_channel_read_timeout: Read (6) buffered : 130 bytes. Window: 1279994
nc DEBUG: SSH: ssh_channel_read_timeout: Read (6) buffered : 124 bytes. Window: 1279994
nc DEBUG: SSH: ssh_channel_read_timeout: Read (6) buffered : 118 bytes. Window: 1279994
nc DEBUG: SSH: ssh_channel_read_timeout: Read (6) buffered : 112 bytes. Window: 1279994
nc DEBUG: SSH: ssh_channel_read_timeout: Read (6) buffered : 106 bytes. Window: 1279994
nc DEBUG: SSH: ssh_channel_read_timeout: Read (6) buffered : 100 bytes. Window: 1279994
nc DEBUG: SSH: ssh_channel_read_timeout: Read (6) buffered : 94 bytes. Window: 1279994
nc DEBUG: SSH: ssh_channel_read_timeout: Read (6) buffered : 88 bytes. Window: 1279994
nc DEBUG: SSH: ssh_channel_read_timeout: Read (6) buffered : 82 bytes. Window: 1279994
nc DEBUG: SSH: ssh_channel_read_timeout: Read (6) buffered : 76 bytes. Window: 1279994
nc DEBUG: SSH: ssh_channel_read_timeout: Read (6) buffered : 70 bytes. Window: 1279994
nc DEBUG: SSH: ssh_channel_read_timeout: Read (6) buffered : 64 bytes. Window: 1279994
nc DEBUG: SSH: ssh_channel_read_timeout: Read (6) buffered : 58 bytes. Window: 1279994
nc DEBUG: SSH: ssh_channel_read_timeout: Read (6) buffered : 52 bytes. Window: 1279994
nc DEBUG: SSH: ssh_channel_read_timeout: Read (6) buffered : 46 bytes. Window: 1279994
nc DEBUG: SSH: ssh_channel_read_timeout: Read (6) buffered : 40 bytes. Window: 1279994
nc DEBUG: SSH: ssh_channel_read_timeout: Read (6) buffered : 34 bytes. Window: 1279994
nc DEBUG: SSH: ssh_channel_read_timeout: Read (6) buffered : 28 bytes. Window: 1279994
nc DEBUG: SSH: ssh_channel_read_timeout: Read (6) buffered : 22 bytes. Window: 1279994
nc DEBUG: SSH: ssh_channel_read_timeout: Read (6) buffered : 16 bytes. Window: 1279994
nc DEBUG: SSH: ssh_channel_read_timeout: Read (6) buffered : 10 bytes. Window: 1279994
nc DEBUG: SSH: ssh_channel_read_timeout: Read (4) buffered : 4 bytes. Window: 1279994
nc DEBUG: Received message:
<hello xmlns="urn:ietf:params:xml:ns:netconf:base:1.0"><capabilities><capability>urn:ietf:params:netconf:base:1.0</capability><capability>urn:ietf:params:netconf:base:1.1</capability><capability>urn:ietf:params:netconf:capability:writable-running:1.0</capability><capability>urn:ietf:params:netconf:capability:rollback-on-error:1.0</capability><capability>urn:ietf:params:netconf:capability:startup:1.0</capability><capability>urn:ietf:params:netconf:capability:url:1.0</capability><capability>urn:ietf:params:netconf:capability:xpath:1.0</capability><capability>urn:ietf:params:netconf:capability:with-defaults:1.0?basic-mode=explicit&amp;also-supported=report-all,report-all-tagged,trim,explicit</capability><capability>urn:ietf:params:netconf:capability:notification:1.0</capability><capability>urn:ietf:params:netconf:capability:interleave:1.0</capability><capability>urn:ietf:params:xml:ns:yang:ietf-yang-metadata?module=ietf-yang-metadata&amp;revision=2016-08-05</capability><capability>urn:ietf:params:xml:ns:yang:1?module=yang&amp;revision=2017-02-20</capability><capability>urn:ietf:params:xml:ns:yang:ietf-inet-types?module=ietf-inet-types&amp;revision=2013-07-15</capability><capability>urn:ietf:params:xml:ns:yang:ietf-yang-types?module=ietf-yang-types&amp;revision=2013-07-15</capability><capability>urn:ietf:params:netconf:capability:yang-library:1.0?revision=2019-01-04&amp;module-set-id=65</capability><capability>urn:ietf:params:xml:ns:yang:ietf-netconf-acm?module=ietf-netconf-acm&amp;revision=2018-02-14</capability><capability>urn:ietf:params:xml:ns:netconf:base:1.0?module=ietf-netconf&amp;revision=2011-06-01&amp;features=writable-running,rollback-on-error,startup,url,xpath</capability><capability>urn:ietf:params:xml:ns:yang:ietf-netconf-notifications?module=ietf-netconf-notifications&amp;revision=2012-02-06</capability><capability>urn:ietf:params:xml:ns:netconf:notification:1.0?module=notifications&amp;revision=2008-07-14</capability><capability>urn:ietf:params:xml:ns:netmod:notification?module=nc-notifications&amp;revision=2008-07-14</capability><capability>urn:ietf:params:xml:ns:yang:ietf-x509-cert-to-name?module=ietf-x509-cert-to-name&amp;revision=2014-12-10</capability><capability>urn:ietf:params:xml:ns:yang:ietf-netconf-with-defaults?module=ietf-netconf-with-defaults&amp;revision=2011-06-01</capability><capability>urn:ietf:params:xml:ns:yang:ietf-netconf-monitoring?module=ietf-netconf-monitoring&amp;revision=2010-10-04</capability><capability>urn:ietf:params:xml:ns:yang:iana-crypt-hash?module=iana-crypt-hash&amp;revision=2014-08-06</capability><capability>urn:ietf:params:xml:ns:yang:ietf-system?module=ietf-system&amp;revision=2014-08-06&amp;features=authentication,local-users</capability><capability>urn:ietf:params:xml:ns:yang:iana-if-type?module=iana-if-type&amp;revision=2017-01-19</capability><capability>urn:ieee:std:802.1Q:yang:ieee802-dot1q-types?module=ieee802-dot1q-types&amp;revision=2020-06-04</capability><capability>urn:ieee:std:802.1Q:yang:ieee802-types?module=ieee802-types&amp;revision=2020-06-04</capability><capability>urn:ieee:std:802.1X:yang:ieee802-dot1x-types?module=ieee802-dot1x-types&amp;revision=2020-02-18</capability><capability>urn:ieee:std:802.1X:yang:ieee802-dot1x?module=ieee802-dot1x&amp;revision=2020-02-18</capability></capabilities><session-id>24</session-id></hello>

nc VERBOSE: Capability for <get-schema> support found.
nc VERBOSE: Capability for yang-library support found.
nc VERBOSE: Capability for XPath filter support found.
nc VERBOSE: Reading module "ietf-netconf@<latest>" from local file "/usr/local/share/yang/modules/netopeer2/ietf-netconf@2013-09-29.yang".
nc VERBOSE: Reading module "ietf-netconf-acm@2018-02-14" from local file "/usr/local/share/yang/modules/netopeer2/ietf-netconf-acm@2018-02-14.yang".
nc VERBOSE: Reading module "ietf-yang-metadata@2016-08-05" from local file "/usr/local/share/yang/modules/libyang/ietf-yang-metadata@2016-08-05.yang".
nc VERBOSE: Reading module "ietf-yang-library@2019-01-04" from local file "/usr/local/share/yang/modules/netopeer2/ietf-yang-library@2019-01-04.yang".
nc VERBOSE: Unable to identify revision of the import module "ietf-datastores" from the available server side information.
nc VERBOSE: Reading module "ietf-datastores@<latest>" from server via get-schema.
nc DEBUG: Sending message:

#220


nc DEBUG: SSH: ssh_packet_need_rekey: rekey: [data_rekey_needed=0, out_blocks=48, in_blocks=446]
nc DEBUG: SSH: packet_send2: packet: wrote [type=94, len=24, padding_size=8, comp=15, payload=15]
nc DEBUG: SSH: channel_write_common: ssh_channel_write wrote 6 bytes
nc DEBUG: SSH: ssh_packet_socket_callback: packet: read type 93 [len=16,padding=6,comp=9,payload=9]
nc DEBUG: SSH: ssh_packet_process: Dispatching handler for packet type 93
nc VERBOSE: SSH: channel_rcv_change_window: Adding 1248206 bytes to channel (43:43) (from 31782 bytes)
nc DEBUG: SSH: ssh_packet_need_rekey: rekey: [data_rekey_needed=0, out_blocks=48, in_blocks=446]
nc DEBUG: SSH: ssh_socket_unbuffered_write: Enabling POLLOUT for socket
nc DEBUG: Sending message:
<rpc xmlns="urn:ietf:params:xml:ns:netconf:base:1.0" message-id="1"><get-schema xmlns="urn:ietf:params:xml:ns:yang:ietf-netconf-monitoring"><identifier>ietf-datastores</identifier><format>yang</format></get-schema></rpc>

nc DEBUG: SSH: ssh_packet_need_rekey: rekey: [data_rekey_needed=0, out_blocks=76, in_blocks=474]
nc DEBUG: SSH: packet_send2: packet: wrote [type=94, len=240, padding_size=10, comp=229, payload=229]
nc DEBUG: SSH: channel_write_common: ssh_channel_write wrote 220 bytes
nc DEBUG: SSH: ssh_socket_unbuffered_write: Enabling POLLOUT for socket
nc DEBUG: Sending message:

##


nc DEBUG: SSH: ssh_packet_need_rekey: rekey: [data_rekey_needed=0, out_blocks=77, in_blocks=447]
nc DEBUG: SSH: packet_send2: packet: wrote [type=94, len=24, padding_size=10, comp=13, payload=13]
nc DEBUG: SSH: channel_write_common: ssh_channel_write wrote 4 bytes
nc DEBUG: SSH: ssh_socket_unbuffered_write: Enabling POLLOUT for socket
nc DEBUG: SSH: ssh_packet_socket_callback: packet: read type 94 [len=24,padding=7,comp=16,payload=16]
nc DEBUG: SSH: ssh_packet_process: Dispatching handler for packet type 94
nc DEBUG: SSH: channel_rcv_data: Channel receiving 7 bytes data in 0 (local win=1279994 remote win=1279764)
nc DEBUG: SSH: channel_default_bufferize: placing 7 bytes into channel buffer (stdout)
nc DEBUG: SSH: channel_rcv_data: Channel windows are now (local win=1279987 remote win=1279764)
nc DEBUG: SSH: ssh_packet_need_rekey: rekey: [data_rekey_needed=0, out_blocks=77, in_blocks=448]
nc DEBUG: SSH: ssh_channel_read_timeout: Read (2) buffered : 7 bytes. Window: 1279987
nc DEBUG: SSH: ssh_channel_read_timeout: Read (1) buffered : 5 bytes. Window: 1279987
nc DEBUG: SSH: ssh_channel_read_timeout: Read (1) buffered : 4 bytes. Window: 1279987
nc DEBUG: SSH: ssh_channel_read_timeout: Read (1) buffered : 3 bytes. Window: 1279987
nc DEBUG: SSH: ssh_channel_read_timeout: Read (1) buffered : 2 bytes. Window: 1279987
nc DEBUG: SSH: ssh_channel_read_timeout: Read (1) buffered : 1 bytes. Window: 1279987
nc DEBUG: SSH: ssh_channel_read_timeout: Read (2816) buffered : 0 bytes. Window: 1279987
nc DEBUG: SSH: ssh_channel_read_timeout: Read (2816) buffered : 0 bytes. Window: 1279987
nc DEBUG: SSH: ssh_packet_socket_callback: packet: read type 94 [len=2832,padding=6,comp=2825,payload=2825]
nc DEBUG: SSH: ssh_packet_process: Dispatching handler for packet type 94
nc DEBUG: SSH: channel_rcv_data: Channel receiving 2816 bytes data in 0 (local win=1279987 remote win=1279764)
nc DEBUG: SSH: channel_default_bufferize: placing 2816 bytes into channel buffer (stdout)
nc DEBUG: SSH: channel_rcv_data: Channel windows are now (local win=1277171 remote win=1279764)
nc DEBUG: SSH: ssh_packet_socket_callback: Processing 44 bytes left in socket buffer
nc DEBUG: SSH: ssh_packet_socket_callback: packet: read type 94 [len=24,padding=10,comp=13,payload=13]
nc DEBUG: SSH: ssh_packet_process: Dispatching handler for packet type 94
nc DEBUG: SSH: channel_rcv_data: Channel receiving 4 bytes data in 0 (local win=1277171 remote win=1279764)
nc DEBUG: SSH: channel_default_bufferize: placing 4 bytes into channel buffer (stdout)
nc DEBUG: SSH: channel_rcv_data: Channel windows are now (local win=1277167 remote win=1279764)
nc DEBUG: SSH: ssh_packet_need_rekey: rekey: [data_rekey_needed=0, out_blocks=77, in_blocks=802]
nc DEBUG: SSH: ssh_packet_need_rekey: rekey: [data_rekey_needed=0, out_blocks=77, in_blocks=802]
nc DEBUG: SSH: ssh_channel_read_timeout: Read (2) buffered : 4 bytes. Window: 1277167
nc DEBUG: SSH: ssh_channel_read_timeout: Read (1) buffered : 2 bytes. Window: 1277167
nc DEBUG: SSH: ssh_channel_read_timeout: Read (1) buffered : 1 bytes. Window: 1277167
nc DEBUG: Received message:
<rpc-reply xmlns="urn:ietf:params:xml:ns:netconf:base:1.0" message-id="1"><data xmlns="urn:ietf:params:xml:ns:yang:ietf-netconf-monitoring">module ietf-datastores {
  yang-version 1.1;
  namespace "urn:ietf:params:xml:ns:yang:ietf-datastores";
  prefix ds;

  organization
    "IETF Network Modeling (NETMOD) Working Group";
  contact
    "WG Web:   &lt;https://datatracker.ietf.org/wg/netmod/&gt;

     WG List:  &lt;mailto:netmod@ietf.org&gt;

     Author:   Martin Bjorklund
               &lt;mailto:mbj@tail-f.com&gt;

     Author:   Juergen Schoenwaelder
               &lt;mailto:j.schoenwaelder@jacobs-university.de&gt;

     Author:   Phil Shafer
               &lt;mailto:phil@juniper.net&gt;

     Author:   Kent Watsen
               &lt;mailto:kwatsen@juniper.net&gt;

     Author:   Rob Wilton
               &lt;rwilton@cisco.com&gt;";
  description
    "This YANG module defines a set of identities for identifying
     datastores.

     Copyright (c) 2018 IETF Trust and the persons identified as
     authors of the code.  All rights reserved.

     Redistribution and use in source and binary forms, with or
     without modification, is permitted pursuant to, and subject to
     the license terms contained in, the Simplified BSD License set
     forth in Section 4.c of the IETF Trust's Legal Provisions
     Relating to IETF Documents
     (https://trustee.ietf.org/license-info).

     This version of this YANG module is part of RFC 8342
     (https://www.rfc-editor.org/info/rfc8342); see the RFC itself
     for full legal notices.";

  revision 2018-02-14 {
    description
      "Initial revision.";
    reference
      "RFC 8342: Network Management Datastore Architecture (NMDA)";
  }

  identity datastore {
    description
      "Abstract base identity for datastore identities.";
  }

  identity conventional {
    base datastore;
    description
      "Abstract base identity for conventional configuration
       datastores.";
  }

  identity running {
    base conventional;
    description
      "The running configuration datastore.";
  }

  identity candidate {
    base conventional;
    description
      "The candidate configuration datastore.";
  }

  identity startup {
    base conventional;
    description
      "The startup configuration datastore.";
  }

  identity intended {
    base conventional;
    description
      "The intended configuration datastore.";
  }

  identity dynamic {
    base datastore;
    description
      "Abstract base identity for dynamic configuration datastores.";
  }

  identity operational {
    base datastore;
    description
      "The operational state datastore.";
  }

  typedef datastore-ref {
    type identityref {
      base datastore;
    }
    description
      "A datastore identity reference.";
  }
}
</data></rpc-reply>

nc DEBUG: Sending message:

#237


nc DEBUG: SSH: ssh_packet_need_rekey: rekey: [data_rekey_needed=0, out_blocks=78, in_blocks=803]
nc DEBUG: SSH: ssh_socket_unbuffered_write: Enabling POLLOUT for socket
nc DEBUG: SSH: packet_send2: packet: wrote [type=94, len=24, padding_size=8, comp=15, payload=15]
nc DEBUG: SSH: channel_write_common: ssh_channel_write wrote 6 bytes
nc DEBUG: Sending message:
<rpc xmlns="urn:ietf:params:xml:ns:netconf:base:1.0" message-id="2"><get xmlns="urn:ietf:params:xml:ns:netconf:base:1.0"><filter type="xpath" xmlns:yanglib="urn:ietf:params:xml:ns:yang:ietf-yang-library" select="/yanglib:*"/></get></rpc>

nc DEBUG: SSH: ssh_packet_need_rekey: rekey: [data_rekey_needed=0, out_blocks=108, in_blocks=832]
nc DEBUG: SSH: packet_send2: packet: wrote [type=94, len=256, padding_size=9, comp=246, payload=246]
nc DEBUG: SSH: channel_write_common: ssh_channel_write wrote 237 bytes
nc DEBUG: SSH: ssh_socket_unbuffered_write: Enabling POLLOUT for socket
nc DEBUG: Sending message:

##


nc DEBUG: SSH: ssh_packet_need_rekey: rekey: [data_rekey_needed=0, out_blocks=109, in_blocks=803]
nc DEBUG: SSH: packet_send2: packet: wrote [type=94, len=24, padding_size=10, comp=13, payload=13]
nc DEBUG: SSH: channel_write_common: ssh_channel_write wrote 4 bytes
nc DEBUG: SSH: ssh_socket_unbuffered_write: Enabling POLLOUT for socket
nc DEBUG: SSH: ssh_packet_socket_callback: packet: read type 94 [len=24,padding=6,comp=17,payload=17]
nc DEBUG: SSH: ssh_packet_process: Dispatching handler for packet type 94
nc DEBUG: SSH: channel_rcv_data: Channel receiving 8 bytes data in 0 (local win=1277167 remote win=1279517)
nc DEBUG: SSH: channel_default_bufferize: placing 8 bytes into channel buffer (stdout)
nc DEBUG: SSH: channel_rcv_data: Channel windows are now (local win=1277159 remote win=1279517)
nc DEBUG: SSH: ssh_packet_need_rekey: rekey: [data_rekey_needed=0, out_blocks=109, in_blocks=804]
nc DEBUG: SSH: ssh_channel_read_timeout: Read (2) buffered : 8 bytes. Window: 1277159
nc DEBUG: SSH: ssh_channel_read_timeout: Read (1) buffered : 6 bytes. Window: 1277159
nc DEBUG: SSH: ssh_channel_read_timeout: Read (1) buffered : 5 bytes. Window: 1277159
nc DEBUG: SSH: ssh_channel_read_timeout: Read (1) buffered : 4 bytes. Window: 1277159
nc DEBUG: SSH: ssh_channel_read_timeout: Read (1) buffered : 3 bytes. Window: 1277159
nc DEBUG: SSH: ssh_channel_read_timeout: Read (1) buffered : 2 bytes. Window: 1277159
nc DEBUG: SSH: ssh_channel_read_timeout: Read (1) buffered : 1 bytes. Window: 1277159
nc DEBUG: SSH: ssh_channel_read_timeout: Read (12905) buffered : 0 bytes. Window: 1277159
nc DEBUG: SSH: ssh_channel_read_timeout: Read (12905) buffered : 0 bytes. Window: 1277159
nc DEBUG: SSH: ssh_packet_socket_callback: packet: partial packet (read len) [len=12920, receivedlen=4096, to_be_read=12940]
nc DEBUG: SSH: ssh_channel_read_timeout: Read (12905) buffered : 0 bytes. Window: 1277159
nc DEBUG: SSH: ssh_packet_socket_callback: packet: partial packet (read len) [len=12920, receivedlen=8192, to_be_read=12940]
nc DEBUG: SSH: ssh_channel_read_timeout: Read (12905) buffered : 0 bytes. Window: 1277159
nc DEBUG: SSH: ssh_packet_socket_callback: packet: partial packet (read len) [len=12920, receivedlen=12288, to_be_read=12940]
nc DEBUG: SSH: ssh_channel_read_timeout: Read (12905) buffered : 0 bytes. Window: 1277159
nc DEBUG: SSH: ssh_packet_socket_callback: packet: read type 94 [len=12920,padding=5,comp=12914,payload=12914]
nc DEBUG: SSH: ssh_packet_process: Dispatching handler for packet type 94
nc DEBUG: SSH: channel_rcv_data: Channel receiving 12905 bytes data in 0 (local win=1277159 remote win=1279517)
nc DEBUG: SSH: channel_default_bufferize: placing 12905 bytes into channel buffer (stdout)
nc DEBUG: SSH: channel_rcv_data: Channel windows are now (local win=1264254 remote win=1279517)
nc DEBUG: SSH: ssh_packet_socket_callback: Processing 44 bytes left in socket buffer
nc DEBUG: SSH: ssh_packet_socket_callback: packet: read type 94 [len=24,padding=10,comp=13,payload=13]
nc DEBUG: SSH: ssh_packet_process: Dispatching handler for packet type 94
nc DEBUG: SSH: channel_rcv_data: Channel receiving 4 bytes data in 0 (local win=1264254 remote win=1279517)
nc DEBUG: SSH: channel_default_bufferize: placing 4 bytes into channel buffer (stdout)
nc DEBUG: SSH: channel_rcv_data: Channel windows are now (local win=1264250 remote win=1279517)
nc DEBUG: SSH: ssh_packet_need_rekey: rekey: [data_rekey_needed=0, out_blocks=109, in_blocks=2419]
nc DEBUG: SSH: ssh_packet_need_rekey: rekey: [data_rekey_needed=0, out_blocks=109, in_blocks=2419]
nc DEBUG: SSH: ssh_channel_read_timeout: Read (2) buffered : 4 bytes. Window: 1264250
nc DEBUG: SSH: ssh_channel_read_timeout: Read (1) buffered : 2 bytes. Window: 1264250
nc DEBUG: SSH: ssh_channel_read_timeout: Read (1) buffered : 1 bytes. Window: 1264250
nc DEBUG: Received message:
<rpc-reply xmlns="urn:ietf:params:xml:ns:netconf:base:1.0" message-id="2"><data xmlns="urn:ietf:params:xml:ns:netconf:base:1.0"><yang-library xmlns="urn:ietf:params:xml:ns:yang:ietf-yang-library"><content-id>65</content-id><schema><name>complete</name><module-set>complete</module-set></schema></yang-library><modules-state xmlns="urn:ietf:params:xml:ns:yang:ietf-yang-library"><module-set-id>65</module-set-id><module><name>ietf-yang-metadata</name><revision>2016-08-05</revision><namespace>urn:ietf:params:xml:ns:yang:ietf-yang-metadata</namespace><conformance-type>import</conformance-type></module><module><name>yang</name><revision>2017-02-20</revision><namespace>urn:ietf:params:xml:ns:yang:1</namespace><conformance-type>implement</conformance-type></module><module><name>ietf-inet-types</name><revision>2013-07-15</revision><namespace>urn:ietf:params:xml:ns:yang:ietf-inet-types</namespace><conformance-type>import</conformance-type></module><module><name>ietf-yang-types</name><revision>2013-07-15</revision><namespace>urn:ietf:params:xml:ns:yang:ietf-yang-types</namespace><conformance-type>import</conformance-type></module><module><name>ietf-datastores</name><revision>2018-02-14</revision><namespace>urn:ietf:params:xml:ns:yang:ietf-datastores</namespace><conformance-type>import</conformance-type></module><module><name>ietf-yang-library</name><revision>2019-01-04</revision><namespace>urn:ietf:params:xml:ns:yang:ietf-yang-library</namespace><conformance-type>implement</conformance-type></module><module><name>ietf-netconf-acm</name><revision>2018-02-14</revision><namespace>urn:ietf:params:xml:ns:yang:ietf-netconf-acm</namespace><conformance-type>implement</conformance-type></module><module><name>ietf-netconf</name><revision>2011-06-01</revision><namespace>urn:ietf:params:xml:ns:netconf:base:1.0</namespace><feature>writable-running</feature><feature>rollback-on-error</feature><feature>startup</feature><feature>url</feature><feature>xpath</feature><conformance-type>implement</conformance-type></module><module><name>ietf-netconf-notifications</name><revision>2012-02-06</revision><namespace>urn:ietf:params:xml:ns:yang:ietf-netconf-notifications</namespace><conformance-type>implement</conformance-type></module><module><name>notifications</name><revision>2008-07-14</revision><namespace>urn:ietf:params:xml:ns:netconf:notification:1.0</namespace><conformance-type>implement</conformance-type></module><module><name>nc-notifications</name><revision>2008-07-14</revision><namespace>urn:ietf:params:xml:ns:netmod:notification</namespace><conformance-type>implement</conformance-type></module><module><name>ietf-x509-cert-to-name</name><revision>2014-12-10</revision><namespace>urn:ietf:params:xml:ns:yang:ietf-x509-cert-to-name</namespace><conformance-type>implement</conformance-type></module><module><name>ietf-keystore</name><revision>2016-10-31</revision><namespace>urn:ietf:params:xml:ns:yang:ietf-keystore</namespace><conformance-type>implement</conformance-type></module><module><name>ietf-netconf-with-defaults</name><revision>2011-06-01</revision><namespace>urn:ietf:params:xml:ns:yang:ietf-netconf-with-defaults</namespace><conformance-type>implement</conformance-type></module><module><name>ietf-netconf-monitoring</name><revision>2010-10-04</revision><namespace>urn:ietf:params:xml:ns:yang:ietf-netconf-monitoring</namespace><conformance-type>implement</conformance-type></module><module><name>ietf-datastores</name><revision>2017-08-17</revision><namespace>urn:ietf:params:xml:ns:yang:ietf-datastores</namespace><conformance-type>implement</conformance-type></module><module><name>ietf-ssh-server</name><revision>2016-11-02</revision><namespace>urn:ietf:params:xml:ns:yang:ietf-ssh-server</namespace><conformance-type>import</conformance-type></module><module><name>ietf-tls-server</name><revision>2016-11-02</revision><namespace>urn:ietf:params:xml:ns:yang:ietf-tls-server</namespace><conformance-type>import</conformance-type></module><module><name>ietf-netconf-server</name><revision>2016-11-02</revision><namespace>urn:ietf:params:xml:ns:yang:ietf-netconf-server</namespace><feature>listen</feature><feature>ssh-listen</feature><feature>tls-listen</feature><feature>call-home</feature><feature>ssh-call-home</feature><feature>tls-call-home</feature><conformance-type>implement</conformance-type></module><module><name>iana-crypt-hash</name><revision>2014-08-06</revision><namespace>urn:ietf:params:xml:ns:yang:iana-crypt-hash</namespace><conformance-type>import</conformance-type></module><module><name>ietf-system</name><revision>2014-08-06</revision><namespace>urn:ietf:params:xml:ns:yang:ietf-system</namespace><feature>authentication</feature><feature>local-users</feature><conformance-type>implement</conformance-type></module><module><name>ietf-crypto-types</name><revision>2022-12-12</revision><namespace>urn:ietf:params:xml:ns:yang:ietf-crypto-types</namespace><conformance-type>implement</conformance-type></module><module><name>ietf-interfaces</name><revision>2018-02-20</revision><namespace>urn:ietf:params:xml:ns:yang:ietf-interfaces</namespace><feature>if-mib</feature><conformance-type>implement</conformance-type></module><module><name>ietf-ip</name><revision>2018-02-22</revision><namespace>urn:ietf:params:xml:ns:yang:ietf-ip</namespace><conformance-type>implement</conformance-type></module><module><name>iana-hardware</name><revision>2018-03-13</revision><namespace>urn:ietf:params:xml:ns:yang:iana-hardware</namespace><conformance-type>implement</conformance-type></module><module><name>ietf-hardware</name><revision>2018-03-13</revision><namespace>urn:ietf:params:xml:ns:yang:ietf-hardware</namespace><feature>hardware-state</feature><feature>hardware-sensor</feature><conformance-type>implement</conformance-type></module><module><name>ietf-dhcpv6-types</name><revision>2018-09-04</revision><namespace>urn:ietf:params:xml:ns:yang:ietf-dhcpv6-types</namespace><conformance-type>implement</conformance-type></module><module><name>iana-if-type</name><revision>2017-01-19</revision><namespace>urn:ietf:params:xml:ns:yang:iana-if-type</namespace><conformance-type>implement</conformance-type></module><module><name>ietf-dhcpv6-common</name><revision>2021-01-29</revision><namespace>urn:ietf:params:xml:ns:yang:ietf-dhcpv6-common</namespace><conformance-type>implement</conformance-type></module><module><name>ieee802-dot1q-cfm-types</name><revision>2020-06-04</revision><namespace>urn:ieee:std:802.1Q:yang:ieee802-dot1q-cfm-types</namespace><conformance-type>implement</conformance-type></module><module><name>ieee802-dot1q-types</name><revision>2020-06-04</revision><namespace>urn:ieee:std:802.1Q:yang:ieee802-dot1q-types</namespace><conformance-type>implement</conformance-type></module><module><name>ieee802-types</name><revision>2020-06-04</revision><namespace>urn:ieee:std:802.1Q:yang:ieee802-types</namespace><conformance-type>implement</conformance-type></module><module><name>ieee802-dot1q-cfm</name><revision>2020-06-04</revision><namespace>urn:ieee:std:802.1Q:yang:ieee802-dot1q-cfm</namespace><conformance-type>implement</conformance-type></module><module><name>ieee802-dot1x-types</name><revision>2020-02-18</revision><namespace>urn:ieee:std:802.1X:yang:ieee802-dot1x-types</namespace><conformance-type>implement</conformance-type></module><module><name>ieee802-dot1x</name><revision>2020-02-18</revision><namespace>urn:ieee:std:802.1X:yang:ieee802-dot1x</namespace><conformance-type>implement</conformance-type></module><module><name>o-ran-common-yang-types</name><revision>2023-08-14</revision><namespace>urn:o-ran:common-yang-types:1.0</namespace><conformance-type>implement</conformance-type></module><module><name>o-ran-common-identity-refs</name><revision>2022-08-15</revision><namespace>urn:o-ran:wg1identityref:1.0</namespace><conformance-type>implement</conformance-type></module><module><name>o-ran-certificates</name><revision>2022-08-15</revision><namespace>urn:o-ran:certificates:1.0</namespace><conformance-type>implement</conformance-type></module><module><name>o-ran-wg4-features</name><revision>2024-04-15</revision><namespace>urn:o-ran:wg4feat:1.0</namespace><feature>EXT-ANT-DELAY-CONTROL</feature><feature>SUPERVISION-WITH-SESSION-ID</feature><conformance-type>implement</conformance-type></module><module><name>o-ran-usermgmt</name><revision>2023-12-11</revision><namespace>urn:o-ran:user-mgmt:1.0</namespace><conformance-type>implement</conformance-type></module><module><name>o-ran-supervision</name><revision>2022-12-05</revision><namespace>urn:o-ran:supervision:1.0</namespace><conformance-type>implement</conformance-type></module><module><name>o-ran-fm</name><revision>2024-04-15</revision><namespace>urn:o-ran:fm:1.0</namespace><feature>HISTORICAL-ALARM-LIST</feature><conformance-type>implement</conformance-type></module><module><name>o-ran-fan</name><revision>2021-12-01</revision><namespace>urn:o-ran:fan:1.0</namespace><conformance-type>implement</conformance-type></module><module><name>o-ran-hardware</name><revision>2024-04-15</revision><namespace>urn:o-ran:hardware:1.0</namespace><conformance-type>implement</conformance-type></module><module><name>o-ran-interfaces</name><revision>2024-04-15</revision><namespace>urn:o-ran:interfaces:1.0</namespace><conformance-type>implement</conformance-type></module><module><name>o-ran-ieee802-dot1q-cfm</name><revision>2023-04-10</revision><namespace>urn:o-ran:o-ran-ieee802-dot1q-cfm:1.0</namespace><conformance-type>implement</conformance-type></module><module><name>o-ran-mplane-int</name><revision>2021-12-01</revision><namespace>urn:o-ran:mplane-interfaces:1.0</namespace><conformance-type>implement</conformance-type></module><module><name>o-ran-dhcp</name><revision>2022-08-15</revision><namespace>urn:o-ran:dhcp:1.0</namespace><conformance-type>implement</conformance-type></module><module><name>o-ran-transceiver</name><revision>2023-04-10</revision><namespace>urn:o-ran:transceiver:1.0</namespace><conformance-type>implement</conformance-type></module><module><name>o-ran-trace</name><revision>2022-08-15</revision><namespace>urn:o-ran:trace:1.0</namespace><conformance-type>implement</conformance-type></module><module><name>o-ran-operations</name><revision>2024-04-15</revision><namespace>urn:o-ran:operations:1.0</namespace><conformance-type>implement</conformance-type></module><module><name>o-ran-troubleshooting</name><revision>2022-08-15</revision><namespace>urn:o-ran:troubleshooting:1.0</namespace><conformance-type>implement</conformance-type></module><module><name>o-ran-file-management</name><revision>2023-04-10</revision><namespace>urn:o-ran:file-management:1.0</namespace><conformance-type>implement</conformance-type></module><module><name>o-ran-software-management</name><revision>2024-04-15</revision><namespace>urn:o-ran:software-management:1.0</namespace><conformance-type>implement</conformance-type></module><module><name>o-ran-sync</name><revision>2024-04-15</revision><namespace>urn:o-ran:sync:1.0</namespace><conformance-type>implement</conformance-type></module><module><name>o-ran-compression-factors</name><revision>2023-08-14</revision><namespace>urn:o-ran:compression-factors:1.0</namespace><conformance-type>implement</conformance-type></module><module><name>o-ran-module-cap</name><revision>2024-04-15</revision><namespace>urn:o-ran:module-cap:1.0</namespace><feature>EAXC-ID-GROUP-SUPPORTED</feature><feature>CONFIGURABLE-TDD-PATTERN-SUPPORTED</feature><conformance-type>implement</conformance-type></module><module><name>o-ran-delay-management</name><revision>2024-04-15</revision><namespace>urn:o-ran:delay:1.0</namespace><conformance-type>implement</conformance-type></module><module><name>o-ran-processing-element</name><revision>2022-08-15</revision><namespace>urn:o-ran:processing-element:1.0</namespace><conformance-type>implement</conformance-type></module><module><name>o-ran-lbm</name><revision>2024-04-15</revision><namespace>urn:o-ran:lbm:1.0</namespace><conformance-type>implement</conformance-type></module><module><name>o-ran-uplane-conf</name><revision>2024-04-15</revision><namespace>urn:o-ran:uplane-conf:1.0</namespace><feature>EAXC-GAIN-CORRECTION</feature><conformance-type>implement</conformance-type></module><module><name>o-ran-performance-management</name><revision>2024-04-15</revision><namespace>urn:o-ran:performance-management:1.0</namespace><feature>GRANULARITY-TRANSPORT-MEASUREMENT</feature><feature>GRANULARITY-EAXC-ID-MEASUREMENT</feature><conformance-type>implement</conformance-type></module><module><name>o-ran-ethernet-forwarding</name><revision>2021-12-01</revision><namespace>urn:o-ran:ethernet-fwd:1.0</namespace><conformance-type>implement</conformance-type></module><module><name>o-ran-shared-cell</name><revision>2024-04-15</revision><namespace>urn:o-ran:shared-cell:1.0</namespace><conformance-type>implement</conformance-type></module></modules-state></data></rpc-reply>

nc WARNING: Server implements module "yang" in revision "2017-02-20" but revision "2025-01-29" is already implemented and will be used instead.
nc WARNING: Server implements module "ietf-netconf" in revision "2011-06-01" but revision "2013-09-29" is already implemented and will be used instead.
nc VERBOSE: Reading module "ietf-netconf-notifications@2012-02-06" from local file "/usr/local/share/yang/modules/netopeer2/ietf-netconf-notifications@2012-02-06.yang".
nc VERBOSE: Reading module "notifications@2008-07-14" from local file "/usr/local/share/yang/modules/netopeer2/notifications@2008-07-14.yang".
nc VERBOSE: Reading module "nc-notifications@2008-07-14" from local file "/usr/local/share/yang/modules/netopeer2/nc-notifications@2008-07-14.yang".
nc VERBOSE: Reading module "ietf-x509-cert-to-name@2014-12-10" from local file "/usr/local/share/yang/modules/netopeer2/ietf-x509-cert-to-name@2014-12-10.yang".
nc VERBOSE: Reading module "ietf-keystore@2016-10-31" from local file "/usr/local/share/yang/modules/netopeer2/ietf-keystore@2016-10-31.yang".
nc VERBOSE: Reading module "ietf-netconf-with-defaults@2011-06-01" from local file "/usr/local/share/yang/modules/netopeer2/ietf-netconf-with-defaults@2011-06-01.yang".
nc WARNING: Server implements module "ietf-datastores" in revision "2017-08-17" but revision "2018-02-14" is already implemented and will be used instead.
nc VERBOSE: Reading module "ietf-netconf-server@2016-11-02" from local file "/usr/local/share/yang/modules/netopeer2/ietf-netconf-server@2016-11-02.yang".
nc VERBOSE: Reading module "ietf-ssh-server@2016-11-02" from local file "/usr/local/share/yang/modules/netopeer2/ietf-ssh-server@2016-11-02.yang".
nc VERBOSE: Reading module "ietf-tls-server@2016-11-02" from local file "/usr/local/share/yang/modules/netopeer2/ietf-tls-server@2016-11-02.yang".
nc VERBOSE: Reading module "ietf-system@2014-08-06" from local file "/usr/local/share/yang/modules/netopeer2/ietf-system@2014-08-06.yang".
nc VERBOSE: Reading module "iana-crypt-hash@2014-08-06" from local file "/usr/local/share/yang/modules/netopeer2/iana-crypt-hash@2014-08-06.yang".
nc VERBOSE: Reading module "ietf-crypto-types@2022-12-12" from local file "/usr/local/share/yang/modules/netopeer2/ietf-crypto-types@2022-12-12.yang".
nc VERBOSE: Reading module "ietf-interfaces@2018-02-20" from local file "/usr/local/share/yang/modules/netopeer2/ietf-interfaces@2018-02-20.yang".
nc VERBOSE: Reading module "ietf-ip@2018-02-22" from local file "/usr/local/share/yang/modules/netopeer2/ietf-ip@2018-02-22.yang".
nc VERBOSE: Reading module "iana-hardware@2018-03-13" from local file "/usr/local/share/yang/modules/netopeer2/iana-hardware@2018-03-13.yang".
nc VERBOSE: Reading module "ietf-hardware@2018-03-13" from local file "/usr/local/share/yang/modules/netopeer2/ietf-hardware@2018-03-13.yang".
nc VERBOSE: Reading module "ietf-dhcpv6-types@2018-09-04" from local file "/usr/local/share/yang/modules/netopeer2/ietf-dhcpv6-types@2018-09-04.yang".
nc VERBOSE: Reading module "iana-if-type@2017-01-19" from local file "/usr/local/share/yang/modules/netopeer2/iana-if-type@2017-01-19.yang".
nc VERBOSE: Reading module "ietf-dhcpv6-common@2021-01-29" from local file "/usr/local/share/yang/modules/netopeer2/ietf-dhcpv6-common@2021-01-29.yang".
nc VERBOSE: Reading module "ieee802-dot1q-cfm-types@2020-06-04" from local file "/usr/local/share/yang/modules/netopeer2/ieee802-dot1q-cfm-types@2020-06-04.yang".
nc VERBOSE: Reading module "ieee802-dot1q-types@2020-06-04" from local file "/usr/local/share/yang/modules/netopeer2/ieee802-dot1q-types@2020-06-04.yang".
nc VERBOSE: Reading module "ieee802-types@2020-06-04" from local file "/usr/local/share/yang/modules/netopeer2/ieee802-types@2020-06-04.yang".
nc VERBOSE: Reading module "ieee802-dot1q-cfm@2020-06-04" from local file "/usr/local/share/yang/modules/netopeer2/ieee802-dot1q-cfm@2020-06-04.yang".
nc VERBOSE: Reading module "ieee802-dot1x-types@2020-02-18" from local file "/usr/local/share/yang/modules/netopeer2/ieee802-dot1x-types@2020-02-18.yang".
nc VERBOSE: Reading module "ieee802-dot1x@2020-02-18" from local file "/usr/local/share/yang/modules/netopeer2/ieee802-dot1x@2020-02-18.yang".
nc VERBOSE: Reading module "o-ran-common-yang-types@2023-08-14" from local file "/usr/local/share/yang/modules/netopeer2/o-ran-common-yang-types@2023-08-14.yang".
nc VERBOSE: Reading module "o-ran-common-identity-refs@2022-08-15" from local file "/usr/local/share/yang/modules/netopeer2/o-ran-common-identity-refs@2022-08-15.yang".
nc VERBOSE: Reading module "o-ran-certificates@2022-08-15" from local file "/usr/local/share/yang/modules/netopeer2/o-ran-certificates@2022-08-15.yang".
nc VERBOSE: Reading module "o-ran-wg4-features@2024-04-15" from local file "/usr/local/share/yang/modules/netopeer2/o-ran-wg4-features@2024-04-15.yang".
nc VERBOSE: Reading module "o-ran-usermgmt@2023-12-11" from local file "/usr/local/share/yang/modules/netopeer2/o-ran-usermgmt@2023-12-11.yang".
nc VERBOSE: Reading module "o-ran-supervision@2022-12-05" from local file "/usr/local/share/yang/modules/netopeer2/o-ran-supervision@2022-12-05.yang".
nc VERBOSE: Reading module "o-ran-fm@2024-04-15" from local file "/usr/local/share/yang/modules/netopeer2/o-ran-fm@2024-04-15.yang".
nc VERBOSE: Reading module "o-ran-fan@2021-12-01" from local file "/usr/local/share/yang/modules/netopeer2/o-ran-fan@2021-12-01.yang".
nc VERBOSE: Reading module "o-ran-hardware@2024-04-15" from local file "/usr/local/share/yang/modules/netopeer2/o-ran-hardware@2024-04-15.yang".
nc VERBOSE: Reading module "o-ran-interfaces@2024-04-15" from local file "/usr/local/share/yang/modules/netopeer2/o-ran-interfaces@2024-04-15.yang".
nc VERBOSE: Reading module "o-ran-ieee802-dot1q-cfm@2023-04-10" from local file "/usr/local/share/yang/modules/netopeer2/o-ran-ieee802-dot1q-cfm@2023-04-10.yang".
nc VERBOSE: Reading module "o-ran-mplane-int@2021-12-01" from local file "/usr/local/share/yang/modules/netopeer2/o-ran-mplane-int@2021-12-01.yang".
nc VERBOSE: Reading module "o-ran-dhcp@2022-08-15" from local file "/usr/local/share/yang/modules/netopeer2/o-ran-dhcp@2022-08-15.yang".
nc VERBOSE: Reading module "o-ran-transceiver@2023-04-10" from local file "/usr/local/share/yang/modules/netopeer2/o-ran-transceiver@2023-04-10.yang".
nc VERBOSE: Reading module "o-ran-trace@2022-08-15" from local file "/usr/local/share/yang/modules/netopeer2/o-ran-trace@2022-08-15.yang".
nc VERBOSE: Reading module "o-ran-operations@2024-04-15" from local file "/usr/local/share/yang/modules/netopeer2/o-ran-operations@2024-04-15.yang".
nc VERBOSE: Reading module "o-ran-troubleshooting@2022-08-15" from local file "/usr/local/share/yang/modules/netopeer2/o-ran-troubleshooting@2022-08-15.yang".
nc VERBOSE: Reading module "o-ran-file-management@2023-04-10" from local file "/usr/local/share/yang/modules/netopeer2/o-ran-file-management@2023-04-10.yang".
nc VERBOSE: Reading module "o-ran-software-management@2024-04-15" from local file "/usr/local/share/yang/modules/netopeer2/o-ran-software-management@2024-04-15.yang".
nc VERBOSE: Reading module "o-ran-sync@2024-04-15" from local file "/usr/local/share/yang/modules/netopeer2/o-ran-sync@2024-04-15.yang".
nc VERBOSE: Reading module "o-ran-compression-factors@2023-08-14" from local file "/usr/local/share/yang/modules/netopeer2/o-ran-compression-factors@2023-08-14.yang".
nc VERBOSE: Reading module "o-ran-module-cap@2024-04-15" from local file "/usr/local/share/yang/modules/netopeer2/o-ran-module-cap@2024-04-15.yang".
nc VERBOSE: Reading module "o-ran-delay-management@2024-04-15" from local file "/usr/local/share/yang/modules/netopeer2/o-ran-delay-management@2024-04-15.yang".
nc VERBOSE: Reading module "o-ran-processing-element@2022-08-15" from local file "/usr/local/share/yang/modules/netopeer2/o-ran-processing-element@2022-08-15.yang".
nc VERBOSE: Reading module "o-ran-lbm@2024-04-15" from local file "/usr/local/share/yang/modules/netopeer2/o-ran-lbm@2024-04-15.yang".
nc VERBOSE: Reading module "o-ran-uplane-conf@2024-04-15" from local file "/usr/local/share/yang/modules/netopeer2/o-ran-uplane-conf@2024-04-15.yang".
nc VERBOSE: Reading module "o-ran-performance-management@2024-04-15" from local file "/usr/local/share/yang/modules/netopeer2/o-ran-performance-management@2024-04-15.yang".
nc VERBOSE: Reading module "o-ran-ethernet-forwarding@2021-12-01" from local file "/usr/local/share/yang/modules/netopeer2/o-ran-ethernet-forwarding@2021-12-01.yang".
nc VERBOSE: Reading module "o-ran-shared-cell@2024-04-15" from local file "/usr/local/share/yang/modules/netopeer2/o-ran-shared-cell@2024-04-15.yang".
nc DEBUG: Sending message:

#317


nc DEBUG: SSH: ssh_packet_need_rekey: rekey: [data_rekey_needed=0, out_blocks=110, in_blocks=2420]
nc DEBUG: SSH: ssh_socket_unbuffered_write: Enabling POLLOUT for socket
nc DEBUG: SSH: packet_send2: packet: wrote [type=94, len=24, padding_size=8, comp=15, payload=15]
nc DEBUG: SSH: channel_write_common: ssh_channel_write wrote 6 bytes
nc DEBUG: Sending message:
<rpc xmlns="urn:ietf:params:xml:ns:netconf:base:1.0" message-id="3"><get xmlns="urn:ietf:params:xml:ns:netconf:base:1.0"><filter type="xpath" xmlns:yanglib="urn:ietf:params:xml:ns:yang:ietf-yang-library" xmlns:yangmnt="urn:ietf:params:xml:ns:yang:ietf-yang-schema-mount" select="/yanglib:* | /yangmnt:*"/></get></rpc>

nc DEBUG: SSH: ssh_packet_need_rekey: rekey: [data_rekey_needed=0, out_blocks=150, in_blocks=2459]
nc DEBUG: SSH: packet_send2: packet: wrote [type=94, len=336, padding_size=9, comp=326, payload=326]
nc DEBUG: SSH: channel_write_common: ssh_channel_write wrote 317 bytes
nc DEBUG: SSH: ssh_socket_unbuffered_write: Enabling POLLOUT for socket
nc DEBUG: Sending message:

##


nc DEBUG: SSH: ssh_packet_need_rekey: rekey: [data_rekey_needed=0, out_blocks=151, in_blocks=2420]
nc DEBUG: SSH: packet_send2: packet: wrote [type=94, len=24, padding_size=10, comp=13, payload=13]
nc DEBUG: SSH: channel_write_common: ssh_channel_write wrote 4 bytes
nc DEBUG: SSH: ssh_socket_unbuffered_write: Enabling POLLOUT for socket
nc DEBUG: SSH: ssh_packet_socket_callback: packet: read type 94 [len=24,padding=8,comp=15,payload=15]
nc DEBUG: SSH: ssh_packet_process: Dispatching handler for packet type 94
nc DEBUG: SSH: channel_rcv_data: Channel receiving 6 bytes data in 0 (local win=1264250 remote win=1279190)
nc DEBUG: SSH: channel_default_bufferize: placing 6 bytes into channel buffer (stdout)
nc DEBUG: SSH: channel_rcv_data: Channel windows are now (local win=1264244 remote win=1279190)
nc DEBUG: SSH: ssh_packet_need_rekey: rekey: [data_rekey_needed=0, out_blocks=151, in_blocks=2420]
nc DEBUG: SSH: ssh_channel_read_timeout: Read (2) buffered : 6 bytes. Window: 1264244
nc DEBUG: SSH: ssh_channel_read_timeout: Read (1) buffered : 4 bytes. Window: 1264244
nc DEBUG: SSH: ssh_channel_read_timeout: Read (1) buffered : 3 bytes. Window: 1264244
nc DEBUG: SSH: ssh_channel_read_timeout: Read (1) buffered : 2 bytes. Window: 1264244
nc DEBUG: SSH: ssh_channel_read_timeout: Read (1) buffered : 1 bytes. Window: 1264244
nc DEBUG: SSH: ssh_channel_read_timeout: Read (365) buffered : 0 bytes. Window: 1264244
nc DEBUG: SSH: ssh_channel_read_timeout: Read (365) buffered : 0 bytes. Window: 1264244
nc DEBUG: SSH: ssh_packet_socket_callback: packet: read type 94 [len=384,padding=9,comp=374,payload=374]
nc DEBUG: SSH: ssh_packet_process: Dispatching handler for packet type 94
nc DEBUG: SSH: channel_rcv_data: Channel receiving 365 bytes data in 0 (local win=1264244 remote win=1279190)
nc DEBUG: SSH: channel_default_bufferize: placing 365 bytes into channel buffer (stdout)
nc DEBUG: SSH: channel_rcv_data: Channel windows are now (local win=1263879 remote win=1279190)
nc DEBUG: SSH: ssh_packet_need_rekey: rekey: [data_rekey_needed=0, out_blocks=151, in_blocks=2466]
nc DEBUG: SSH: ssh_channel_read_timeout: Read (2) buffered : 0 bytes. Window: 1263879
nc DEBUG: SSH: ssh_channel_read_timeout: Read (2) buffered : 0 bytes. Window: 1263879
nc DEBUG: SSH: ssh_packet_socket_callback: packet: read type 94 [len=24,padding=10,comp=13,payload=13]
nc DEBUG: SSH: ssh_packet_process: Dispatching handler for packet type 94
nc DEBUG: SSH: channel_rcv_data: Channel receiving 4 bytes data in 0 (local win=1263879 remote win=1279190)
nc DEBUG: SSH: channel_default_bufferize: placing 4 bytes into channel buffer (stdout)
nc DEBUG: SSH: channel_rcv_data: Channel windows are now (local win=1263875 remote win=1279190)
nc DEBUG: SSH: ssh_packet_need_rekey: rekey: [data_rekey_needed=0, out_blocks=151, in_blocks=2467]
nc DEBUG: SSH: ssh_channel_read_timeout: Read (1) buffered : 2 bytes. Window: 1263875
nc DEBUG: SSH: ssh_channel_read_timeout: Read (1) buffered : 1 bytes. Window: 1263875
nc DEBUG: Received message:
<rpc-reply xmlns="urn:ietf:params:xml:ns:netconf:base:1.0" message-id="3"><rpc-error><error-type>application</error-type><error-tag>operation-failed</error-tag><error-severity>error</error-severity><error-message xml:lang="en">Module with the namespace "urn:ietf:params:xml:ns:yang:ietf-yang-schema-mount" could not be found.</error-message></rpc-error></rpc-reply>

nc WARNING: Unexpected reply without data to a <get> RPC.
Client SENT :  subscribe --stream NETCONF
nc DEBUG: Sending message:

#197


nc DEBUG: SSH: ssh_packet_need_rekey: rekey: [data_rekey_needed=0, out_blocks=152, in_blocks=2468]
nc DEBUG: SSH: ssh_socket_unbuffered_write: Enabling POLLOUT for socket
nc DEBUG: SSH: packet_send2: packet: wrote [type=94, len=24, padding_size=8, comp=15, payload=15]
nc DEBUG: SSH: channel_write_common: ssh_channel_write wrote 6 bytes
nc DEBUG: Sending message:
<rpc xmlns="urn:ietf:params:xml:ns:netconf:base:1.0" message-id="4"><create-subscription xmlns="urn:ietf:params:xml:ns:netconf:notification:1.0"><stream>NETCONF</stream></create-subscription></rpc>

nc DEBUG: SSH: ssh_packet_need_rekey: rekey: [data_rekey_needed=0, out_blocks=177, in_blocks=2492]
nc DEBUG: SSH: packet_send2: packet: wrote [type=94, len=216, padding_size=9, comp=206, payload=206]
nc DEBUG: SSH: channel_write_common: ssh_channel_write wrote 197 bytes
nc DEBUG: SSH: ssh_socket_unbuffered_write: Enabling POLLOUT for socket
nc DEBUG: Sending message:

##


nc DEBUG: SSH: ssh_packet_need_rekey: rekey: [data_rekey_needed=0, out_blocks=178, in_blocks=2468]
nc DEBUG: SSH: packet_send2: packet: wrote [type=94, len=24, padding_size=10, comp=13, payload=13]
nc DEBUG: SSH: channel_write_common: ssh_channel_write wrote 4 bytes
nc DEBUG: SSH: ssh_socket_unbuffered_write: Enabling POLLOUT for socket
Client SENT :  user-rpc --content /mplane_automation/miniDU/get/get_mp_version_org.xml --out /tmp/get_mp_version.xml
nc DEBUG: SSH: ssh_packet_socket_callback: packet: read type 94 [len=24,padding=9,comp=14,payload=14]
nc DEBUG: SSH: ssh_packet_process: Dispatching handler for packet type 94
nc DEBUG: SSH: channel_rcv_data: Channel receiving 5 bytes data in 0 (local win=1263875 remote win=1278983)
nc DEBUG: SSH: channel_default_bufferize: placing 5 bytes into channel buffer (stdout)
nc DEBUG: SSH: channel_rcv_data: Channel windows are now (local win=1263870 remote win=1278983)
nc DEBUG: SSH: ssh_packet_need_rekey: rekey: [data_rekey_needed=0, out_blocks=178, in_blocks=2468]
nc DEBUG: SSH: ssh_channel_read_timeout: Read (2) buffered : 5 bytes. Window: 1263870
nc DEBUG: SSH: ssh_channel_read_timeout: Read (1) buffered : 3 bytes. Window: 1263870
nc DEBUG: SSH: ssh_channel_read_timeout: Read (1) buffered : 2 bytes. Window: 1263870
nc DEBUG: SSH: ssh_channel_read_timeout: Read (1) buffered : 1 bytes. Window: 1263870
nc DEBUG: SSH: ssh_channel_read_timeout: Read (91) buffered : 0 bytes. Window: 1263870
nc DEBUG: SSH: ssh_packet_socket_callback: packet: read type 94 [len=112,padding=11,comp=100,payload=100]
nc DEBUG: SSH: ssh_packet_process: Dispatching handler for packet type 94
nc DEBUG: SSH: channel_rcv_data: Channel receiving 91 bytes data in 0 (local win=1263870 remote win=1278983)
nc DEBUG: SSH: channel_default_bufferize: placing 91 bytes into channel buffer (stdout)
nc DEBUG: SSH: channel_rcv_data: Channel windows are now (local win=1263779 remote win=1278983)
nc DEBUG: SSH: ssh_packet_socket_callback: Processing 44 bytes left in socket buffer
nc DEBUG: SSH: ssh_packet_socket_callback: packet: read type 94 [len=24,padding=10,comp=13,payload=13]
nc DEBUG: SSH: ssh_packet_process: Dispatching handler for packet type 94
nc DEBUG: SSH: channel_rcv_data: Channel receiving 4 bytes data in 0 (local win=1263779 remote win=1278983)
nc DEBUG: SSH: channel_default_bufferize: placing 4 bytes into channel buffer (stdout)
nc DEBUG: SSH: channel_rcv_data: Channel windows are now (local win=1263775 remote win=1278983)
nc DEBUG: SSH: ssh_packet_need_rekey: rekey: [data_rekey_needed=0, out_blocks=178, in_blocks=2481]
nc DEBUG: SSH: ssh_packet_need_rekey: rekey: [data_rekey_needed=0, out_blocks=178, in_blocks=2481]
nc DEBUG: SSH: ssh_channel_read_timeout: Read (2) buffered : 4 bytes. Window: 1263775
nc DEBUG: SSH: ssh_channel_read_timeout: Read (1) buffered : 2 bytes. Window: 1263775
nc DEBUG: SSH: ssh_channel_read_timeout: Read (1) buffered : 1 bytes. Window: 1263775
nc DEBUG: Received message:
<rpc-reply xmlns="urn:ietf:params:xml:ns:netconf:base:1.0" message-id="4"><ok/></rpc-reply>

OK
ly VERBOSE: Parsing opaque term node "supported-mplane-version" with invalid value "".
nc DEBUG: Sending message:

#291


nc DEBUG: SSH: ssh_packet_need_rekey: rekey: [data_rekey_needed=0, out_blocks=179, in_blocks=2482]
nc DEBUG: SSH: ssh_socket_unbuffered_write: Enabling POLLOUT for socket
nc DEBUG: SSH: packet_send2: packet: wrote [type=94, len=24, padding_size=8, comp=15, payload=15]
nc DEBUG: SSH: channel_write_common: ssh_channel_write wrote 6 bytes
nc DEBUG: Sending message:
<rpc xmlns="urn:ietf:params:xml:ns:netconf:base:1.0" message-id="5"><get xmlns="urn:ietf:params:xml:ns:netconf:base:1.0"><filter type="subtree"><operational-info xmlns="urn:o-ran:operations:1.0"><declarations><supported-mplane-version/></declarations></operational-info></filter></get></rpc>

nc DEBUG: SSH: ssh_packet_need_rekey: rekey: [data_rekey_needed=0, out_blocks=216, in_blocks=2518]
nc DEBUG: SSH: packet_send2: packet: wrote [type=94, len=312, padding_size=11, comp=300, payload=300]
nc DEBUG: SSH: channel_write_common: ssh_channel_write wrote 291 bytes
nc DEBUG: SSH: ssh_socket_unbuffered_write: Enabling POLLOUT for socket
nc DEBUG: Sending message:

##


nc DEBUG: SSH: ssh_packet_need_rekey: rekey: [data_rekey_needed=0, out_blocks=217, in_blocks=2482]
nc DEBUG: SSH: packet_send2: packet: wrote [type=94, len=24, padding_size=10, comp=13, payload=13]
nc DEBUG: SSH: channel_write_common: ssh_channel_write wrote 4 bytes
nc DEBUG: SSH: ssh_socket_unbuffered_write: Enabling POLLOUT for socket
ly VERBOSE: Parsing opaque term node "supported-mplane-version" with invalid value "".
nc DEBUG: SSH: ssh_packet_socket_callback: packet: read type 94 [len=24,padding=8,comp=15,payload=15]
nc DEBUG: SSH: ssh_packet_process: Dispatching handler for packet type 94
nc DEBUG: SSH: channel_rcv_data: Channel receiving 6 bytes data in 0 (local win=1263775 remote win=1278682)
nc DEBUG: SSH: channel_default_bufferize: placing 6 bytes into channel buffer (stdout)
nc DEBUG: SSH: channel_rcv_data: Channel windows are now (local win=1263769 remote win=1278682)
nc DEBUG: SSH: ssh_packet_need_rekey: rekey: [data_rekey_needed=0, out_blocks=217, in_blocks=2482]
nc DEBUG: SSH: ssh_channel_read_timeout: Read (2) buffered : 6 bytes. Window: 1263769
nc DEBUG: SSH: ssh_channel_read_timeout: Read (1) buffered : 4 bytes. Window: 1263769
nc DEBUG: SSH: ssh_channel_read_timeout: Read (1) buffered : 3 bytes. Window: 1263769
nc DEBUG: SSH: ssh_channel_read_timeout: Read (1) buffered : 2 bytes. Window: 1263769
nc DEBUG: SSH: ssh_channel_read_timeout: Read (1) buffered : 1 bytes. Window: 1263769
nc DEBUG: SSH: ssh_channel_read_timeout: Read (305) buffered : 0 bytes. Window: 1263769
nc DEBUG: SSH: ssh_packet_socket_callback: packet: read type 94 [len=320,padding=5,comp=314,payload=314]
nc DEBUG: SSH: ssh_packet_process: Dispatching handler for packet type 94
nc DEBUG: SSH: channel_rcv_data: Channel receiving 305 bytes data in 0 (local win=1263769 remote win=1278682)
nc DEBUG: SSH: channel_default_bufferize: placing 305 bytes into channel buffer (stdout)
nc DEBUG: SSH: channel_rcv_data: Channel windows are now (local win=1263464 remote win=1278682)
nc DEBUG: SSH: ssh_packet_need_rekey: rekey: [data_rekey_needed=0, out_blocks=217, in_blocks=2521]
nc DEBUG: SSH: ssh_channel_read_timeout: Read (2) buffered : 0 bytes. Window: 1263464
nc DEBUG: SSH: ssh_packet_socket_callback: packet: read type 94 [len=24,padding=10,comp=13,payload=13]
nc DEBUG: SSH: ssh_packet_process: Dispatching handler for packet type 94
nc DEBUG: SSH: channel_rcv_data: Channel receiving 4 bytes data in 0 (local win=1263464 remote win=1278682)
nc DEBUG: SSH: channel_default_bufferize: placing 4 bytes into channel buffer (stdout)
nc DEBUG: SSH: channel_rcv_data: Channel windows are now (local win=1263460 remote win=1278682)
nc DEBUG: SSH: ssh_packet_need_rekey: rekey: [data_rekey_needed=0, out_blocks=217, in_blocks=2522]
nc DEBUG: SSH: ssh_channel_read_timeout: Read (1) buffered : 2 bytes. Window: 1263460
nc DEBUG: SSH: ssh_channel_read_timeout: Read (1) buffered : 1 bytes. Window: 1263460
nc DEBUG: Received message:
<rpc-reply xmlns="urn:ietf:params:xml:ns:netconf:base:1.0" message-id="5"><data xmlns="urn:ietf:params:xml:ns:netconf:base:1.0"><operational-info xmlns="urn:o-ran:operations:1.0"><declarations><supported-mplane-version>15.0.0</supported-mplane-version></declarations></operational-info></data></rpc-reply>

nc DEBUG: Received message:
<notification xmlns="urn:ietf:params:xml:ns:netconf:notification:1.0"><eventTime>2026-04-14T10:58:59Z</eventTime><download-event xmlns="urn:o-ran:software-management:1.0"><file-name>ST-nDLPU-1DU-000004-00-00_20260312_151703.zip</file-name><status>COMPLETED</status></download-event></notification>

notification (2026-04-14T10:58:59Z)
<download-event xmlns="urn:o-ran:software-management:1.0">
  <file-name>ST-nDLPU-1DU-000004-00-00_20260312_151703.zip</file-name>
  <status>COMPLETED</status>
</download-event>

nc DEBUG: Received message:
<notification xmlns="urn:ietf:params:xml:ns:netconf:notification:1.0"><eventTime>2026-04-14T10:59:31Z</eventTime><supervision-notification xmlns="urn:o-ran:supervision:1.0"/></notification>

notification (2026-04-14T10:59:31Z)
<supervision-notification xmlns="urn:o-ran:supervision:1.0"/>

Client SENT :  user-rpc --content /mplane_automation/conformance_test/watchdog.xml
nc DEBUG: Sending message:

#285


nc DEBUG: SSH: ssh_packet_need_rekey: rekey: [data_rekey_needed=0, out_blocks=218, in_blocks=2589]
nc DEBUG: SSH: ssh_socket_unbuffered_write: Enabling POLLOUT for socket
nc DEBUG: SSH: packet_send2: packet: wrote [type=94, len=24, padding_size=8, comp=15, payload=15]
nc DEBUG: SSH: channel_write_common: ssh_channel_write wrote 6 bytes
nc DEBUG: Sending message:
<rpc xmlns="urn:ietf:params:xml:ns:netconf:base:1.0" message-id="6"><supervision-watchdog-reset xmlns="urn:o-ran:supervision:1.0"><supervision-notification-interval>10</supervision-notification-interval><guard-timer-overhead>10</guard-timer-overhead></supervision-watchdog-reset></rpc>

nc DEBUG: SSH: ssh_packet_need_rekey: rekey: [data_rekey_needed=0, out_blocks=254, in_blocks=2624]
nc DEBUG: SSH: packet_send2: packet: wrote [type=94, len=304, padding_size=9, comp=294, payload=294]
nc DEBUG: SSH: channel_write_common: ssh_channel_write wrote 285 bytes
nc DEBUG: SSH: ssh_socket_unbuffered_write: Enabling POLLOUT for socket
nc DEBUG: Sending message:

##


nc DEBUG: SSH: ssh_packet_need_rekey: rekey: [data_rekey_needed=0, out_blocks=255, in_blocks=2589]
nc DEBUG: SSH: packet_send2: packet: wrote [type=94, len=24, padding_size=10, comp=13, payload=13]
nc DEBUG: SSH: channel_write_common: ssh_channel_write wrote 4 bytes
nc DEBUG: SSH: ssh_socket_unbuffered_write: Enabling POLLOUT for socket
nc DEBUG: SSH: ssh_packet_socket_callback: packet: read type 94 [len=24,padding=8,comp=15,payload=15]
nc DEBUG: SSH: ssh_packet_process: Dispatching handler for packet type 94
nc DEBUG: SSH: channel_rcv_data: Channel receiving 6 bytes data in 0 (local win=1262954 remote win=1278387)
nc DEBUG: SSH: channel_default_bufferize: placing 6 bytes into channel buffer (stdout)
nc DEBUG: SSH: channel_rcv_data: Channel windows are now (local win=1262948 remote win=1278387)
nc DEBUG: SSH: ssh_packet_socket_callback: Processing 212 bytes left in socket buffer
nc DEBUG: SSH: ssh_packet_socket_callback: packet: read type 94 [len=192,padding=4,comp=187,payload=187]
nc DEBUG: SSH: ssh_packet_process: Dispatching handler for packet type 94
nc DEBUG: SSH: channel_rcv_data: Channel receiving 178 bytes data in 0 (local win=1262948 remote win=1278387)
nc DEBUG: SSH: channel_default_bufferize: placing 178 bytes into channel buffer (stdout)
nc DEBUG: SSH: channel_rcv_data: Channel windows are now (local win=1262770 remote win=1278387)
nc DEBUG: SSH: ssh_packet_need_rekey: rekey: [data_rekey_needed=0, out_blocks=255, in_blocks=2612]
nc DEBUG: SSH: ssh_packet_need_rekey: rekey: [data_rekey_needed=0, out_blocks=255, in_blocks=2612]
nc DEBUG: SSH: ssh_channel_read_timeout: Read (2) buffered : 184 bytes. Window: 1262770
nc DEBUG: SSH: ssh_channel_read_timeout: Read (1) buffered : 182 bytes. Window: 1262770
nc DEBUG: SSH: ssh_channel_read_timeout: Read (1) buffered : 181 bytes. Window: 1262770
nc DEBUG: SSH: ssh_channel_read_timeout: Read (1) buffered : 180 bytes. Window: 1262770
nc DEBUG: SSH: ssh_channel_read_timeout: Read (1) buffered : 179 bytes. Window: 1262770
nc DEBUG: SSH: ssh_channel_read_timeout: Read (178) buffered : 178 bytes. Window: 1262770
nc DEBUG: SSH: ssh_channel_read_timeout: Read (2) buffered : 0 bytes. Window: 1262770
nc DEBUG: SSH: ssh_packet_socket_callback: packet: read type 94 [len=24,padding=10,comp=13,payload=13]
nc DEBUG: SSH: ssh_packet_process: Dispatching handler for packet type 94
nc DEBUG: SSH: channel_rcv_data: Channel receiving 4 bytes data in 0 (local win=1262770 remote win=1278387)
nc DEBUG: SSH: channel_default_bufferize: placing 4 bytes into channel buffer (stdout)
nc DEBUG: SSH: channel_rcv_data: Channel windows are now (local win=1262766 remote win=1278387)
nc DEBUG: SSH: ssh_packet_need_rekey: rekey: [data_rekey_needed=0, out_blocks=255, in_blocks=2613]
nc DEBUG: SSH: ssh_channel_read_timeout: Read (1) buffered : 2 bytes. Window: 1262766
nc DEBUG: SSH: ssh_channel_read_timeout: Read (1) buffered : 1 bytes. Window: 1262766
nc DEBUG: Received message:
<rpc-reply xmlns="urn:ietf:params:xml:ns:netconf:base:1.0" message-id="6"><next-update-at xmlns="urn:o-ran:supervision:1.0">2026-04-14T10:59:41+00:00</next-update-at></rpc-reply>

DATA
<next-update-at xmlns="urn:o-ran:supervision:1.0">2026-04-14T19:59:41+09:00</next-update-at>

nc DEBUG: Received message:
<notification xmlns="urn:ietf:params:xml:ns:netconf:notification:1.0"><eventTime>2026-04-14T10:59:41Z</eventTime><supervision-notification xmlns="urn:o-ran:supervision:1.0"/></notification>

notification (2026-04-14T10:59:41Z)
<supervision-notification xmlns="urn:o-ran:supervision:1.0"/>

Client SENT :  user-rpc --content /mplane_automation/conformance_test/watchdog.xml
nc DEBUG: Sending message:

#285


nc DEBUG: SSH: ssh_packet_need_rekey: rekey: [data_rekey_needed=0, out_blocks=256, in_blocks=2640]
nc DEBUG: SSH: ssh_socket_unbuffered_write: Enabling POLLOUT for socket
nc DEBUG: SSH: packet_send2: packet: wrote [type=94, len=24, padding_size=8, comp=15, payload=15]
nc DEBUG: SSH: channel_write_common: ssh_channel_write wrote 6 bytes
nc DEBUG: Sending message:
<rpc xmlns="urn:ietf:params:xml:ns:netconf:base:1.0" message-id="7"><supervision-watchdog-reset xmlns="urn:o-ran:supervision:1.0"><supervision-notification-interval>10</supervision-notification-interval><guard-timer-overhead>10</guard-timer-overhead></supervision-watchdog-reset></rpc>

nc DEBUG: SSH: ssh_packet_need_rekey: rekey: [data_rekey_needed=0, out_blocks=292, in_blocks=2675]
nc DEBUG: SSH: packet_send2: packet: wrote [type=94, len=304, padding_size=9, comp=294, payload=294]
nc DEBUG: SSH: channel_write_common: ssh_channel_write wrote 285 bytes
nc DEBUG: SSH: ssh_socket_unbuffered_write: Enabling POLLOUT for socket
nc DEBUG: Sending message:

##


nc DEBUG: SSH: ssh_packet_need_rekey: rekey: [data_rekey_needed=0, out_blocks=293, in_blocks=2640]
nc DEBUG: SSH: packet_send2: packet: wrote [type=94, len=24, padding_size=10, comp=13, payload=13]
nc DEBUG: SSH: channel_write_common: ssh_channel_write wrote 4 bytes
nc DEBUG: SSH: ssh_socket_unbuffered_write: Enabling POLLOUT for socket
nc DEBUG: SSH: ssh_packet_socket_callback: packet: read type 94 [len=24,padding=8,comp=15,payload=15]
nc DEBUG: SSH: ssh_packet_process: Dispatching handler for packet type 94
nc DEBUG: SSH: channel_rcv_data: Channel receiving 6 bytes data in 0 (local win=1262567 remote win=1278092)
nc DEBUG: SSH: channel_default_bufferize: placing 6 bytes into channel buffer (stdout)
nc DEBUG: SSH: channel_rcv_data: Channel windows are now (local win=1262561 remote win=1278092)
nc DEBUG: SSH: ssh_packet_need_rekey: rekey: [data_rekey_needed=0, out_blocks=293, in_blocks=2640]
nc DEBUG: SSH: ssh_channel_read_timeout: Read (2) buffered : 6 bytes. Window: 1262561
nc DEBUG: SSH: ssh_channel_read_timeout: Read (1) buffered : 4 bytes. Window: 1262561
nc DEBUG: SSH: ssh_channel_read_timeout: Read (1) buffered : 3 bytes. Window: 1262561
nc DEBUG: SSH: ssh_channel_read_timeout: Read (1) buffered : 2 bytes. Window: 1262561
nc DEBUG: SSH: ssh_channel_read_timeout: Read (1) buffered : 1 bytes. Window: 1262561
nc DEBUG: SSH: ssh_channel_read_timeout: Read (178) buffered : 0 bytes. Window: 1262561
nc DEBUG: SSH: ssh_packet_socket_callback: packet: read type 94 [len=192,padding=4,comp=187,payload=187]
nc DEBUG: SSH: ssh_packet_process: Dispatching handler for packet type 94
nc DEBUG: SSH: channel_rcv_data: Channel receiving 178 bytes data in 0 (local win=1262561 remote win=1278092)
nc DEBUG: SSH: channel_default_bufferize: placing 178 bytes into channel buffer (stdout)
nc DEBUG: SSH: channel_rcv_data: Channel windows are now (local win=1262383 remote win=1278092)
nc DEBUG: SSH: ssh_packet_need_rekey: rekey: [data_rekey_needed=0, out_blocks=293, in_blocks=2663]
nc DEBUG: SSH: ssh_channel_read_timeout: Read (2) buffered : 0 bytes. Window: 1262383
nc DEBUG: SSH: ssh_packet_socket_callback: packet: read type 94 [len=24,padding=10,comp=13,payload=13]
nc DEBUG: SSH: ssh_packet_process: Dispatching handler for packet type 94
nc DEBUG: SSH: channel_rcv_data: Channel receiving 4 bytes data in 0 (local win=1262383 remote win=1278092)
nc DEBUG: SSH: channel_default_bufferize: placing 4 bytes into channel buffer (stdout)
nc DEBUG: SSH: channel_rcv_data: Channel windows are now (local win=1262379 remote win=1278092)
nc DEBUG: SSH: ssh_packet_need_rekey: rekey: [data_rekey_needed=0, out_blocks=293, in_blocks=2664]
nc DEBUG: SSH: ssh_channel_read_timeout: Read (1) buffered : 2 bytes. Window: 1262379
nc DEBUG: SSH: ssh_channel_read_timeout: Read (1) buffered : 1 bytes. Window: 1262379
nc DEBUG: Received message:
<rpc-reply xmlns="urn:ietf:params:xml:ns:netconf:base:1.0" message-id="7"><next-update-at xmlns="urn:o-ran:supervision:1.0">2026-04-14T10:59:51+00:00</next-update-at></rpc-reply>

DATA
<next-update-at xmlns="urn:o-ran:supervision:1.0">2026-04-14T19:59:51+09:00</next-update-at>

nc DEBUG: Received message:
<notification xmlns="urn:ietf:params:xml:ns:netconf:notification:1.0"><eventTime>2026-04-14T10:59:51Z</eventTime><supervision-notification xmlns="urn:o-ran:supervision:1.0"/></notification>

notification (2026-04-14T10:59:51Z)
<supervision-notification xmlns="urn:o-ran:supervision:1.0"/>

Client SENT :  user-rpc --content /mplane_automation/conformance_test/watchdog.xml
nc DEBUG: Sending message:

#285


nc DEBUG: SSH: ssh_packet_need_rekey: rekey: [data_rekey_needed=0, out_blocks=294, in_blocks=2691]
nc DEBUG: SSH: ssh_socket_unbuffered_write: Enabling POLLOUT for socket
nc DEBUG: SSH: packet_send2: packet: wrote [type=94, len=24, padding_size=8, comp=15, payload=15]
nc DEBUG: SSH: channel_write_common: ssh_channel_write wrote 6 bytes
nc DEBUG: Sending message:
<rpc xmlns="urn:ietf:params:xml:ns:netconf:base:1.0" message-id="8"><supervision-watchdog-reset xmlns="urn:o-ran:supervision:1.0"><supervision-notification-interval>10</supervision-notification-interval><guard-timer-overhead>10</guard-timer-overhead></supervision-watchdog-reset></rpc>

nc DEBUG: SSH: ssh_packet_need_rekey: rekey: [data_rekey_needed=0, out_blocks=330, in_blocks=2726]
nc DEBUG: SSH: packet_send2: packet: wrote [type=94, len=304, padding_size=9, comp=294, payload=294]
nc DEBUG: SSH: channel_write_common: ssh_channel_write wrote 285 bytes
nc DEBUG: SSH: ssh_socket_unbuffered_write: Enabling POLLOUT for socket
nc DEBUG: Sending message:

##


nc DEBUG: SSH: ssh_packet_need_rekey: rekey: [data_rekey_needed=0, out_blocks=331, in_blocks=2691]
nc DEBUG: SSH: packet_send2: packet: wrote [type=94, len=24, padding_size=10, comp=13, payload=13]
nc DEBUG: SSH: channel_write_common: ssh_channel_write wrote 4 bytes
nc DEBUG: SSH: ssh_socket_unbuffered_write: Enabling POLLOUT for socket
nc DEBUG: SSH: ssh_packet_socket_callback: packet: read type 94 [len=24,padding=8,comp=15,payload=15]
nc DEBUG: SSH: ssh_packet_process: Dispatching handler for packet type 94
nc DEBUG: SSH: channel_rcv_data: Channel receiving 6 bytes data in 0 (local win=1262180 remote win=1277797)
nc DEBUG: SSH: channel_default_bufferize: placing 6 bytes into channel buffer (stdout)
nc DEBUG: SSH: channel_rcv_data: Channel windows are now (local win=1262174 remote win=1277797)
nc DEBUG: SSH: ssh_packet_socket_callback: Processing 212 bytes left in socket buffer
nc DEBUG: SSH: ssh_packet_socket_callback: packet: read type 94 [len=192,padding=4,comp=187,payload=187]
nc DEBUG: SSH: ssh_packet_process: Dispatching handler for packet type 94
nc DEBUG: SSH: channel_rcv_data: Channel receiving 178 bytes data in 0 (local win=1262174 remote win=1277797)
nc DEBUG: SSH: channel_default_bufferize: placing 178 bytes into channel buffer (stdout)
nc DEBUG: SSH: channel_rcv_data: Channel windows are now (local win=1261996 remote win=1277797)
nc DEBUG: SSH: ssh_packet_need_rekey: rekey: [data_rekey_needed=0, out_blocks=331, in_blocks=2714]
nc DEBUG: SSH: ssh_packet_need_rekey: rekey: [data_rekey_needed=0, out_blocks=331, in_blocks=2714]
nc DEBUG: SSH: ssh_channel_read_timeout: Read (2) buffered : 184 bytes. Window: 1261996
nc DEBUG: SSH: ssh_channel_read_timeout: Read (1) buffered : 182 bytes. Window: 1261996
nc DEBUG: SSH: ssh_channel_read_timeout: Read (1) buffered : 181 bytes. Window: 1261996
nc DEBUG: SSH: ssh_channel_read_timeout: Read (1) buffered : 180 bytes. Window: 1261996
nc DEBUG: SSH: ssh_channel_read_timeout: Read (1) buffered : 179 bytes. Window: 1261996
nc DEBUG: SSH: ssh_channel_read_timeout: Read (178) buffered : 178 bytes. Window: 1261996
nc DEBUG: SSH: ssh_channel_read_timeout: Read (2) buffered : 0 bytes. Window: 1261996
nc DEBUG: SSH: ssh_packet_socket_callback: packet: read type 94 [len=24,padding=10,comp=13,payload=13]
nc DEBUG: SSH: ssh_packet_process: Dispatching handler for packet type 94
nc DEBUG: SSH: channel_rcv_data: Channel receiving 4 bytes data in 0 (local win=1261996 remote win=1277797)
nc DEBUG: SSH: channel_default_bufferize: placing 4 bytes into channel buffer (stdout)
nc DEBUG: SSH: channel_rcv_data: Channel windows are now (local win=1261992 remote win=1277797)
nc DEBUG: SSH: ssh_packet_need_rekey: rekey: [data_rekey_needed=0, out_blocks=331, in_blocks=2715]
nc DEBUG: SSH: ssh_channel_read_timeout: Read (1) buffered : 2 bytes. Window: 1261992
nc DEBUG: SSH: ssh_channel_read_timeout: Read (1) buffered : 1 bytes. Window: 1261992
nc DEBUG: Received message:
<rpc-reply xmlns="urn:ietf:params:xml:ns:netconf:base:1.0" message-id="8"><next-update-at xmlns="urn:o-ran:supervision:1.0">2026-04-14T11:00:02+00:00</next-update-at></rpc-reply>

DATA
<next-update-at xmlns="urn:o-ran:supervision:1.0">2026-04-14T20:00:02+09:00</next-update-at>

nc DEBUG: Received message:
<notification xmlns="urn:ietf:params:xml:ns:netconf:notification:1.0"><eventTime>2026-04-14T11:00:02Z</eventTime><supervision-notification xmlns="urn:o-ran:supervision:1.0"/></notification>

notification (2026-04-14T11:00:02Z)
<supervision-notification xmlns="urn:o-ran:supervision:1.0"/>

Client SENT :  user-rpc --content /mplane_automation/conformance_test/watchdog.xml
nc DEBUG: Sending message:

#285


nc DEBUG: SSH: ssh_packet_need_rekey: rekey: [data_rekey_needed=0, out_blocks=332, in_blocks=2742]
nc DEBUG: SSH: ssh_socket_unbuffered_write: Enabling POLLOUT for socket
nc DEBUG: SSH: packet_send2: packet: wrote [type=94, len=24, padding_size=8, comp=15, payload=15]
nc DEBUG: SSH: channel_write_common: ssh_channel_write wrote 6 bytes
nc DEBUG: Sending message:
<rpc xmlns="urn:ietf:params:xml:ns:netconf:base:1.0" message-id="9"><supervision-watchdog-reset xmlns="urn:o-ran:supervision:1.0"><supervision-notification-interval>10</supervision-notification-interval><guard-timer-overhead>10</guard-timer-overhead></supervision-watchdog-reset></rpc>

nc DEBUG: SSH: ssh_packet_need_rekey: rekey: [data_rekey_needed=0, out_blocks=368, in_blocks=2777]
nc DEBUG: SSH: packet_send2: packet: wrote [type=94, len=304, padding_size=9, comp=294, payload=294]
nc DEBUG: SSH: channel_write_common: ssh_channel_write wrote 285 bytes
nc DEBUG: SSH: ssh_socket_unbuffered_write: Enabling POLLOUT for socket
nc DEBUG: Sending message:

##


nc DEBUG: SSH: ssh_packet_need_rekey: rekey: [data_rekey_needed=0, out_blocks=369, in_blocks=2742]
nc DEBUG: SSH: packet_send2: packet: wrote [type=94, len=24, padding_size=10, comp=13, payload=13]
nc DEBUG: SSH: channel_write_common: ssh_channel_write wrote 4 bytes
nc DEBUG: SSH: ssh_socket_unbuffered_write: Enabling POLLOUT for socket
nc DEBUG: SSH: ssh_packet_socket_callback: packet: read type 94 [len=24,padding=8,comp=15,payload=15]
nc DEBUG: SSH: ssh_packet_process: Dispatching handler for packet type 94
nc DEBUG: SSH: channel_rcv_data: Channel receiving 6 bytes data in 0 (local win=1261793 remote win=1277502)
nc DEBUG: SSH: channel_default_bufferize: placing 6 bytes into channel buffer (stdout)
nc DEBUG: SSH: channel_rcv_data: Channel windows are now (local win=1261787 remote win=1277502)
nc DEBUG: SSH: ssh_packet_need_rekey: rekey: [data_rekey_needed=0, out_blocks=369, in_blocks=2742]
nc DEBUG: SSH: ssh_channel_read_timeout: Read (2) buffered : 6 bytes. Window: 1261787
nc DEBUG: SSH: ssh_channel_read_timeout: Read (1) buffered : 4 bytes. Window: 1261787
nc DEBUG: SSH: ssh_channel_read_timeout: Read (1) buffered : 3 bytes. Window: 1261787
nc DEBUG: SSH: ssh_channel_read_timeout: Read (1) buffered : 2 bytes. Window: 1261787
nc DEBUG: SSH: ssh_channel_read_timeout: Read (1) buffered : 1 bytes. Window: 1261787
nc DEBUG: SSH: ssh_channel_read_timeout: Read (178) buffered : 0 bytes. Window: 1261787
nc DEBUG: SSH: ssh_packet_socket_callback: packet: read type 94 [len=192,padding=4,comp=187,payload=187]
nc DEBUG: SSH: ssh_packet_process: Dispatching handler for packet type 94
nc DEBUG: SSH: channel_rcv_data: Channel receiving 178 bytes data in 0 (local win=1261787 remote win=1277502)
nc DEBUG: SSH: channel_default_bufferize: placing 178 bytes into channel buffer (stdout)
nc DEBUG: SSH: channel_rcv_data: Channel windows are now (local win=1261609 remote win=1277502)
nc DEBUG: SSH: ssh_packet_need_rekey: rekey: [data_rekey_needed=0, out_blocks=369, in_blocks=2765]
nc DEBUG: SSH: ssh_channel_read_timeout: Read (2) buffered : 0 bytes. Window: 1261609
nc DEBUG: SSH: ssh_channel_read_timeout: Read (2) buffered : 0 bytes. Window: 1261609
nc DEBUG: SSH: ssh_packet_socket_callback: packet: read type 94 [len=24,padding=10,comp=13,payload=13]
nc DEBUG: SSH: ssh_packet_process: Dispatching handler for packet type 94
nc DEBUG: SSH: channel_rcv_data: Channel receiving 4 bytes data in 0 (local win=1261609 remote win=1277502)
nc DEBUG: SSH: channel_default_bufferize: placing 4 bytes into channel buffer (stdout)
nc DEBUG: SSH: channel_rcv_data: Channel windows are now (local win=1261605 remote win=1277502)
nc DEBUG: SSH: ssh_packet_need_rekey: rekey: [data_rekey_needed=0, out_blocks=369, in_blocks=2766]
nc DEBUG: SSH: ssh_channel_read_timeout: Read (1) buffered : 2 bytes. Window: 1261605
nc DEBUG: SSH: ssh_channel_read_timeout: Read (1) buffered : 1 bytes. Window: 1261605
nc DEBUG: Received message:
<rpc-reply xmlns="urn:ietf:params:xml:ns:netconf:base:1.0" message-id="9"><next-update-at xmlns="urn:o-ran:supervision:1.0">2026-04-14T11:00:12+00:00</next-update-at></rpc-reply>

DATA
<next-update-at xmlns="urn:o-ran:supervision:1.0">2026-04-14T20:00:12+09:00</next-update-at>

nc DEBUG: Received message:
<notification xmlns="urn:ietf:params:xml:ns:netconf:notification:1.0"><eventTime>2026-04-14T11:00:12Z</eventTime><supervision-notification xmlns="urn:o-ran:supervision:1.0"/></notification>

notification (2026-04-14T11:00:12Z)
<supervision-notification xmlns="urn:o-ran:supervision:1.0"/>

Client SENT :  user-rpc --content /mplane_automation/conformance_test/watchdog.xml
nc DEBUG: Sending message:

#286


nc DEBUG: SSH: ssh_packet_need_rekey: rekey: [data_rekey_needed=0, out_blocks=370, in_blocks=2793]
nc DEBUG: SSH: ssh_socket_unbuffered_write: Enabling POLLOUT for socket
nc DEBUG: SSH: packet_send2: packet: wrote [type=94, len=24, padding_size=8, comp=15, payload=15]
nc DEBUG: SSH: channel_write_common: ssh_channel_write wrote 6 bytes
nc DEBUG: Sending message:
<rpc xmlns="urn:ietf:params:xml:ns:netconf:base:1.0" message-id="10"><supervision-watchdog-reset xmlns="urn:o-ran:supervision:1.0"><supervision-notification-interval>10</supervision-notification-interval><guard-timer-overhead>10</guard-timer-overhead></supervision-watchdog-reset></rpc>

nc DEBUG: SSH: ssh_packet_need_rekey: rekey: [data_rekey_needed=0, out_blocks=406, in_blocks=2828]
nc DEBUG: SSH: packet_send2: packet: wrote [type=94, len=304, padding_size=8, comp=295, payload=295]
nc DEBUG: SSH: channel_write_common: ssh_channel_write wrote 286 bytes
nc DEBUG: SSH: ssh_socket_unbuffered_write: Enabling POLLOUT for socket
nc DEBUG: Sending message:

##


nc DEBUG: SSH: ssh_packet_need_rekey: rekey: [data_rekey_needed=0, out_blocks=407, in_blocks=2793]
nc DEBUG: SSH: packet_send2: packet: wrote [type=94, len=24, padding_size=10, comp=13, payload=13]
nc DEBUG: SSH: channel_write_common: ssh_channel_write wrote 4 bytes
nc DEBUG: SSH: ssh_socket_unbuffered_write: Enabling POLLOUT for socket
nc DEBUG: SSH: ssh_packet_socket_callback: packet: read type 94 [len=24,padding=8,comp=15,payload=15]
nc DEBUG: SSH: ssh_packet_process: Dispatching handler for packet type 94
nc DEBUG: SSH: channel_rcv_data: Channel receiving 6 bytes data in 0 (local win=1261406 remote win=1277206)
nc DEBUG: SSH: channel_default_bufferize: placing 6 bytes into channel buffer (stdout)
nc DEBUG: SSH: channel_rcv_data: Channel windows are now (local win=1261400 remote win=1277206)
nc DEBUG: SSH: ssh_packet_need_rekey: rekey: [data_rekey_needed=0, out_blocks=407, in_blocks=2793]
nc DEBUG: SSH: ssh_channel_read_timeout: Read (2) buffered : 6 bytes. Window: 1261400
nc DEBUG: SSH: ssh_channel_read_timeout: Read (1) buffered : 4 bytes. Window: 1261400
nc DEBUG: SSH: ssh_channel_read_timeout: Read (1) buffered : 3 bytes. Window: 1261400
nc DEBUG: SSH: ssh_channel_read_timeout: Read (1) buffered : 2 bytes. Window: 1261400
nc DEBUG: SSH: ssh_channel_read_timeout: Read (1) buffered : 1 bytes. Window: 1261400
nc DEBUG: SSH: ssh_channel_read_timeout: Read (179) buffered : 0 bytes. Window: 1261400
nc DEBUG: SSH: ssh_packet_socket_callback: packet: read type 94 [len=200,padding=11,comp=188,payload=188]
nc DEBUG: SSH: ssh_packet_process: Dispatching handler for packet type 94
nc DEBUG: SSH: channel_rcv_data: Channel receiving 179 bytes data in 0 (local win=1261400 remote win=1277206)
nc DEBUG: SSH: channel_default_bufferize: placing 179 bytes into channel buffer (stdout)
nc DEBUG: SSH: channel_rcv_data: Channel windows are now (local win=1261221 remote win=1277206)
nc DEBUG: SSH: ssh_packet_need_rekey: rekey: [data_rekey_needed=0, out_blocks=407, in_blocks=2816]
nc DEBUG: SSH: ssh_channel_read_timeout: Read (2) buffered : 0 bytes. Window: 1261221
nc DEBUG: SSH: ssh_packet_socket_callback: packet: read type 94 [len=24,padding=10,comp=13,payload=13]
nc DEBUG: SSH: ssh_packet_process: Dispatching handler for packet type 94
nc DEBUG: SSH: channel_rcv_data: Channel receiving 4 bytes data in 0 (local win=1261221 remote win=1277206)
nc DEBUG: SSH: channel_default_bufferize: placing 4 bytes into channel buffer (stdout)
nc DEBUG: SSH: channel_rcv_data: Channel windows are now (local win=1261217 remote win=1277206)
nc DEBUG: SSH: ssh_packet_need_rekey: rekey: [data_rekey_needed=0, out_blocks=407, in_blocks=2817]
nc DEBUG: SSH: ssh_channel_read_timeout: Read (1) buffered : 2 bytes. Window: 1261217
nc DEBUG: SSH: ssh_channel_read_timeout: Read (1) buffered : 1 bytes. Window: 1261217
nc DEBUG: Received message:
<rpc-reply xmlns="urn:ietf:params:xml:ns:netconf:base:1.0" message-id="10"><next-update-at xmlns="urn:o-ran:supervision:1.0">2026-04-14T11:00:22+00:00</next-update-at></rpc-reply>

DATA
<next-update-at xmlns="urn:o-ran:supervision:1.0">2026-04-14T20:00:22+09:00</next-update-at>

nc DEBUG: Received message:
<notification xmlns="urn:ietf:params:xml:ns:netconf:notification:1.0"><eventTime>2026-04-14T11:00:22Z</eventTime><supervision-notification xmlns="urn:o-ran:supervision:1.0"/></notification>

notification (2026-04-14T11:00:22Z)
<supervision-notification xmlns="urn:o-ran:supervision:1.0"/>

Client SENT :  user-rpc --content /mplane_automation/conformance_test/watchdog.xml
nc DEBUG: Sending message:

#286


nc DEBUG: SSH: ssh_packet_need_rekey: rekey: [data_rekey_needed=0, out_blocks=408, in_blocks=2844]
nc DEBUG: SSH: ssh_socket_unbuffered_write: Enabling POLLOUT for socket
nc DEBUG: SSH: packet_send2: packet: wrote [type=94, len=24, padding_size=8, comp=15, payload=15]
nc DEBUG: SSH: channel_write_common: ssh_channel_write wrote 6 bytes
nc DEBUG: Sending message:
<rpc xmlns="urn:ietf:params:xml:ns:netconf:base:1.0" message-id="11"><supervision-watchdog-reset xmlns="urn:o-ran:supervision:1.0"><supervision-notification-interval>10</supervision-notification-interval><guard-timer-overhead>10</guard-timer-overhead></supervision-watchdog-reset></rpc>

nc DEBUG: SSH: ssh_packet_need_rekey: rekey: [data_rekey_needed=0, out_blocks=444, in_blocks=2879]
nc DEBUG: SSH: packet_send2: packet: wrote [type=94, len=304, padding_size=8, comp=295, payload=295]
nc DEBUG: SSH: channel_write_common: ssh_channel_write wrote 286 bytes
nc DEBUG: SSH: ssh_socket_unbuffered_write: Enabling POLLOUT for socket
nc DEBUG: Sending message:

##


nc DEBUG: SSH: ssh_packet_need_rekey: rekey: [data_rekey_needed=0, out_blocks=445, in_blocks=2844]
nc DEBUG: SSH: packet_send2: packet: wrote [type=94, len=24, padding_size=10, comp=13, payload=13]
nc DEBUG: SSH: channel_write_common: ssh_channel_write wrote 4 bytes
nc DEBUG: SSH: ssh_socket_unbuffered_write: Enabling POLLOUT for socket
nc DEBUG: SSH: ssh_packet_socket_callback: packet: read type 94 [len=24,padding=8,comp=15,payload=15]
nc DEBUG: SSH: ssh_packet_process: Dispatching handler for packet type 94
nc DEBUG: SSH: channel_rcv_data: Channel receiving 6 bytes data in 0 (local win=1261018 remote win=1276910)
nc DEBUG: SSH: channel_default_bufferize: placing 6 bytes into channel buffer (stdout)
nc DEBUG: SSH: channel_rcv_data: Channel windows are now (local win=1261012 remote win=1276910)
nc DEBUG: SSH: ssh_packet_need_rekey: rekey: [data_rekey_needed=0, out_blocks=445, in_blocks=2844]
nc DEBUG: SSH: ssh_channel_read_timeout: Read (2) buffered : 6 bytes. Window: 1261012
nc DEBUG: SSH: ssh_channel_read_timeout: Read (1) buffered : 4 bytes. Window: 1261012
nc DEBUG: SSH: ssh_channel_read_timeout: Read (1) buffered : 3 bytes. Window: 1261012
nc DEBUG: SSH: ssh_channel_read_timeout: Read (1) buffered : 2 bytes. Window: 1261012
nc DEBUG: SSH: ssh_channel_read_timeout: Read (1) buffered : 1 bytes. Window: 1261012
nc DEBUG: SSH: ssh_channel_read_timeout: Read (179) buffered : 0 bytes. Window: 1261012
nc DEBUG: SSH: ssh_packet_socket_callback: packet: read type 94 [len=200,padding=11,comp=188,payload=188]
nc DEBUG: SSH: ssh_packet_process: Dispatching handler for packet type 94
nc DEBUG: SSH: channel_rcv_data: Channel receiving 179 bytes data in 0 (local win=1261012 remote win=1276910)
nc DEBUG: SSH: channel_default_bufferize: placing 179 bytes into channel buffer (stdout)
nc DEBUG: SSH: channel_rcv_data: Channel windows are now (local win=1260833 remote win=1276910)
nc DEBUG: SSH: ssh_packet_socket_callback: Processing 44 bytes left in socket buffer
nc DEBUG: SSH: ssh_packet_socket_callback: packet: read type 94 [len=24,padding=10,comp=13,payload=13]
nc DEBUG: SSH: ssh_packet_process: Dispatching handler for packet type 94
nc DEBUG: SSH: channel_rcv_data: Channel receiving 4 bytes data in 0 (local win=1260833 remote win=1276910)
nc DEBUG: SSH: channel_default_bufferize: placing 4 bytes into channel buffer (stdout)
nc DEBUG: SSH: channel_rcv_data: Channel windows are now (local win=1260829 remote win=1276910)
nc DEBUG: SSH: ssh_packet_need_rekey: rekey: [data_rekey_needed=0, out_blocks=445, in_blocks=2868]
nc DEBUG: SSH: ssh_packet_need_rekey: rekey: [data_rekey_needed=0, out_blocks=445, in_blocks=2868]
nc DEBUG: SSH: ssh_channel_read_timeout: Read (2) buffered : 4 bytes. Window: 1260829
nc DEBUG: SSH: ssh_channel_read_timeout: Read (1) buffered : 2 bytes. Window: 1260829
nc DEBUG: SSH: ssh_channel_read_timeout: Read (1) buffered : 1 bytes. Window: 1260829
nc DEBUG: Received message:
<rpc-reply xmlns="urn:ietf:params:xml:ns:netconf:base:1.0" message-id="11"><next-update-at xmlns="urn:o-ran:supervision:1.0">2026-04-14T11:00:32+00:00</next-update-at></rpc-reply>

DATA
<next-update-at xmlns="urn:o-ran:supervision:1.0">2026-04-14T20:00:32+09:00</next-update-at>

nc DEBUG: Received message:
<notification xmlns="urn:ietf:params:xml:ns:netconf:notification:1.0"><eventTime>2026-04-14T11:00:32Z</eventTime><supervision-notification xmlns="urn:o-ran:supervision:1.0"/></notification>

notification (2026-04-14T11:00:32Z)
<supervision-notification xmlns="urn:o-ran:supervision:1.0"/>

Client SENT :  user-rpc --content /mplane_automation/conformance_test/watchdog.xml
nc DEBUG: Sending message:

#286


nc DEBUG: SSH: ssh_packet_need_rekey: rekey: [data_rekey_needed=0, out_blocks=446, in_blocks=2895]
nc DEBUG: SSH: ssh_socket_unbuffered_write: Enabling POLLOUT for socket
nc DEBUG: SSH: packet_send2: packet: wrote [type=94, len=24, padding_size=8, comp=15, payload=15]
nc DEBUG: SSH: channel_write_common: ssh_channel_write wrote 6 bytes
nc DEBUG: Sending message:
<rpc xmlns="urn:ietf:params:xml:ns:netconf:base:1.0" message-id="12"><supervision-watchdog-reset xmlns="urn:o-ran:supervision:1.0"><supervision-notification-interval>10</supervision-notification-interval><guard-timer-overhead>10</guard-timer-overhead></supervision-watchdog-reset></rpc>

nc DEBUG: SSH: ssh_packet_need_rekey: rekey: [data_rekey_needed=0, out_blocks=482, in_blocks=2930]
nc DEBUG: SSH: packet_send2: packet: wrote [type=94, len=304, padding_size=8, comp=295, payload=295]
nc DEBUG: SSH: channel_write_common: ssh_channel_write wrote 286 bytes
nc DEBUG: SSH: ssh_socket_unbuffered_write: Enabling POLLOUT for socket
nc DEBUG: Sending message:

##


nc DEBUG: SSH: ssh_packet_need_rekey: rekey: [data_rekey_needed=0, out_blocks=483, in_blocks=2895]
nc DEBUG: SSH: packet_send2: packet: wrote [type=94, len=24, padding_size=10, comp=13, payload=13]
nc DEBUG: SSH: channel_write_common: ssh_channel_write wrote 4 bytes
nc DEBUG: SSH: ssh_socket_unbuffered_write: Enabling POLLOUT for socket
nc DEBUG: SSH: ssh_packet_socket_callback: packet: read type 94 [len=24,padding=8,comp=15,payload=15]
nc DEBUG: SSH: ssh_packet_process: Dispatching handler for packet type 94
nc DEBUG: SSH: channel_rcv_data: Channel receiving 6 bytes data in 0 (local win=1260630 remote win=1276614)
nc DEBUG: SSH: channel_default_bufferize: placing 6 bytes into channel buffer (stdout)
nc DEBUG: SSH: channel_rcv_data: Channel windows are now (local win=1260624 remote win=1276614)
nc DEBUG: SSH: ssh_packet_socket_callback: Processing 220 bytes left in socket buffer
nc DEBUG: SSH: ssh_packet_socket_callback: packet: read type 94 [len=200,padding=11,comp=188,payload=188]
nc DEBUG: SSH: ssh_packet_process: Dispatching handler for packet type 94
nc DEBUG: SSH: channel_rcv_data: Channel receiving 179 bytes data in 0 (local win=1260624 remote win=1276614)
nc DEBUG: SSH: channel_default_bufferize: placing 179 bytes into channel buffer (stdout)
nc DEBUG: SSH: channel_rcv_data: Channel windows are now (local win=1260445 remote win=1276614)
nc DEBUG: SSH: ssh_packet_need_rekey: rekey: [data_rekey_needed=0, out_blocks=483, in_blocks=2918]
nc DEBUG: SSH: ssh_packet_need_rekey: rekey: [data_rekey_needed=0, out_blocks=483, in_blocks=2918]
nc DEBUG: SSH: ssh_channel_read_timeout: Read (2) buffered : 185 bytes. Window: 1260445
nc DEBUG: SSH: ssh_channel_read_timeout: Read (1) buffered : 183 bytes. Window: 1260445
nc DEBUG: SSH: ssh_channel_read_timeout: Read (1) buffered : 182 bytes. Window: 1260445
nc DEBUG: SSH: ssh_channel_read_timeout: Read (1) buffered : 181 bytes. Window: 1260445
nc DEBUG: SSH: ssh_channel_read_timeout: Read (1) buffered : 180 bytes. Window: 1260445
nc DEBUG: SSH: ssh_channel_read_timeout: Read (179) buffered : 179 bytes. Window: 1260445
nc DEBUG: SSH: ssh_channel_read_timeout: Read (2) buffered : 0 bytes. Window: 1260445
nc DEBUG: SSH: ssh_packet_socket_callback: packet: read type 94 [len=24,padding=10,comp=13,payload=13]
nc DEBUG: SSH: ssh_packet_process: Dispatching handler for packet type 94
nc DEBUG: SSH: channel_rcv_data: Channel receiving 4 bytes data in 0 (local win=1260445 remote win=1276614)
nc DEBUG: SSH: channel_default_bufferize: placing 4 bytes into channel buffer (stdout)
nc DEBUG: SSH: channel_rcv_data: Channel windows are now (local win=1260441 remote win=1276614)
nc DEBUG: SSH: ssh_packet_need_rekey: rekey: [data_rekey_needed=0, out_blocks=483, in_blocks=2919]
nc DEBUG: SSH: ssh_channel_read_timeout: Read (1) buffered : 2 bytes. Window: 1260441
nc DEBUG: SSH: ssh_channel_read_timeout: Read (1) buffered : 1 bytes. Window: 1260441
nc DEBUG: Received message:
<rpc-reply xmlns="urn:ietf:params:xml:ns:netconf:base:1.0" message-id="12"><next-update-at xmlns="urn:o-ran:supervision:1.0">2026-04-14T11:00:42+00:00</next-update-at></rpc-reply>

DATA
<next-update-at xmlns="urn:o-ran:supervision:1.0">2026-04-14T20:00:42+09:00</next-update-at>

nc DEBUG: Received message:
<notification xmlns="urn:ietf:params:xml:ns:netconf:notification:1.0"><eventTime>2026-04-14T11:00:42Z</eventTime><supervision-notification xmlns="urn:o-ran:supervision:1.0"/></notification>

notification (2026-04-14T11:00:42Z)
<supervision-notification xmlns="urn:o-ran:supervision:1.0"/>

Client SENT :  user-rpc --content /mplane_automation/conformance_test/watchdog.xml
nc DEBUG: Sending message:

#286


nc DEBUG: SSH: ssh_packet_need_rekey: rekey: [data_rekey_needed=0, out_blocks=484, in_blocks=2946]
nc DEBUG: SSH: ssh_socket_unbuffered_write: Enabling POLLOUT for socket
nc DEBUG: SSH: packet_send2: packet: wrote [type=94, len=24, padding_size=8, comp=15, payload=15]
nc DEBUG: SSH: channel_write_common: ssh_channel_write wrote 6 bytes
nc DEBUG: Sending message:
<rpc xmlns="urn:ietf:params:xml:ns:netconf:base:1.0" message-id="13"><supervision-watchdog-reset xmlns="urn:o-ran:supervision:1.0"><supervision-notification-interval>10</supervision-notification-interval><guard-timer-overhead>10</guard-timer-overhead></supervision-watchdog-reset></rpc>

nc DEBUG: SSH: ssh_packet_need_rekey: rekey: [data_rekey_needed=0, out_blocks=520, in_blocks=2981]
nc DEBUG: SSH: packet_send2: packet: wrote [type=94, len=304, padding_size=8, comp=295, payload=295]
nc DEBUG: SSH: channel_write_common: ssh_channel_write wrote 286 bytes
nc DEBUG: SSH: ssh_socket_unbuffered_write: Enabling POLLOUT for socket
nc DEBUG: Sending message:

##


nc DEBUG: SSH: ssh_packet_need_rekey: rekey: [data_rekey_needed=0, out_blocks=521, in_blocks=2946]
nc DEBUG: SSH: packet_send2: packet: wrote [type=94, len=24, padding_size=10, comp=13, payload=13]
nc DEBUG: SSH: channel_write_common: ssh_channel_write wrote 4 bytes
nc DEBUG: SSH: ssh_socket_unbuffered_write: Enabling POLLOUT for socket
nc DEBUG: SSH: ssh_packet_socket_callback: packet: read type 94 [len=24,padding=8,comp=15,payload=15]
nc DEBUG: SSH: ssh_packet_process: Dispatching handler for packet type 94
nc DEBUG: SSH: channel_rcv_data: Channel receiving 6 bytes data in 0 (local win=1260242 remote win=1276318)
nc DEBUG: SSH: channel_default_bufferize: placing 6 bytes into channel buffer (stdout)
nc DEBUG: SSH: channel_rcv_data: Channel windows are now (local win=1260236 remote win=1276318)
nc DEBUG: SSH: ssh_packet_need_rekey: rekey: [data_rekey_needed=0, out_blocks=521, in_blocks=2946]
nc DEBUG: SSH: ssh_channel_read_timeout: Read (2) buffered : 6 bytes. Window: 1260236
nc DEBUG: SSH: ssh_channel_read_timeout: Read (1) buffered : 4 bytes. Window: 1260236
nc DEBUG: SSH: ssh_channel_read_timeout: Read (1) buffered : 3 bytes. Window: 1260236
nc DEBUG: SSH: ssh_channel_read_timeout: Read (1) buffered : 2 bytes. Window: 1260236
nc DEBUG: SSH: ssh_channel_read_timeout: Read (1) buffered : 1 bytes. Window: 1260236
nc DEBUG: SSH: ssh_channel_read_timeout: Read (179) buffered : 0 bytes. Window: 1260236
nc DEBUG: SSH: ssh_packet_socket_callback: packet: read type 94 [len=200,padding=11,comp=188,payload=188]
nc DEBUG: SSH: ssh_packet_process: Dispatching handler for packet type 94
nc DEBUG: SSH: channel_rcv_data: Channel receiving 179 bytes data in 0 (local win=1260236 remote win=1276318)
nc DEBUG: SSH: channel_default_bufferize: placing 179 bytes into channel buffer (stdout)
nc DEBUG: SSH: channel_rcv_data: Channel windows are now (local win=1260057 remote win=1276318)
nc DEBUG: SSH: ssh_packet_socket_callback: Processing 44 bytes left in socket buffer
nc DEBUG: SSH: ssh_packet_socket_callback: packet: read type 94 [len=24,padding=10,comp=13,payload=13]
nc DEBUG: SSH: ssh_packet_process: Dispatching handler for packet type 94
nc DEBUG: SSH: channel_rcv_data: Channel receiving 4 bytes data in 0 (local win=1260057 remote win=1276318)
nc DEBUG: SSH: channel_default_bufferize: placing 4 bytes into channel buffer (stdout)
nc DEBUG: SSH: channel_rcv_data: Channel windows are now (local win=1260053 remote win=1276318)
nc DEBUG: SSH: ssh_packet_need_rekey: rekey: [data_rekey_needed=0, out_blocks=521, in_blocks=2970]
nc DEBUG: SSH: ssh_packet_need_rekey: rekey: [data_rekey_needed=0, out_blocks=521, in_blocks=2970]
nc DEBUG: SSH: ssh_channel_read_timeout: Read (2) buffered : 4 bytes. Window: 1260053
nc DEBUG: SSH: ssh_channel_read_timeout: Read (1) buffered : 2 bytes. Window: 1260053
nc DEBUG: SSH: ssh_channel_read_timeout: Read (1) buffered : 1 bytes. Window: 1260053
nc DEBUG: Received message:
<rpc-reply xmlns="urn:ietf:params:xml:ns:netconf:base:1.0" message-id="13"><next-update-at xmlns="urn:o-ran:supervision:1.0">2026-04-14T11:00:52+00:00</next-update-at></rpc-reply>

DATA
<next-update-at xmlns="urn:o-ran:supervision:1.0">2026-04-14T20:00:52+09:00</next-update-at>

nc DEBUG: Received message:
<notification xmlns="urn:ietf:params:xml:ns:netconf:notification:1.0"><eventTime>2026-04-14T11:00:52Z</eventTime><supervision-notification xmlns="urn:o-ran:supervision:1.0"/></notification>

notification (2026-04-14T11:00:52Z)
<supervision-notification xmlns="urn:o-ran:supervision:1.0"/>

Client SENT :  user-rpc --content /mplane_automation/conformance_test/watchdog.xml
nc DEBUG: Sending message:

#286


nc DEBUG: SSH: ssh_packet_need_rekey: rekey: [data_rekey_needed=0, out_blocks=522, in_blocks=2997]
nc DEBUG: SSH: ssh_socket_unbuffered_write: Enabling POLLOUT for socket
nc DEBUG: SSH: packet_send2: packet: wrote [type=94, len=24, padding_size=8, comp=15, payload=15]
nc DEBUG: SSH: channel_write_common: ssh_channel_write wrote 6 bytes
nc DEBUG: Sending message:
<rpc xmlns="urn:ietf:params:xml:ns:netconf:base:1.0" message-id="14"><supervision-watchdog-reset xmlns="urn:o-ran:supervision:1.0"><supervision-notification-interval>10</supervision-notification-interval><guard-timer-overhead>10</guard-timer-overhead></supervision-watchdog-reset></rpc>

nc DEBUG: SSH: ssh_packet_need_rekey: rekey: [data_rekey_needed=0, out_blocks=558, in_blocks=3032]
nc DEBUG: SSH: packet_send2: packet: wrote [type=94, len=304, padding_size=8, comp=295, payload=295]
nc DEBUG: SSH: channel_write_common: ssh_channel_write wrote 286 bytes
nc DEBUG: SSH: ssh_socket_unbuffered_write: Enabling POLLOUT for socket
nc DEBUG: Sending message:

##


nc DEBUG: SSH: ssh_packet_need_rekey: rekey: [data_rekey_needed=0, out_blocks=559, in_blocks=2997]
nc DEBUG: SSH: packet_send2: packet: wrote [type=94, len=24, padding_size=10, comp=13, payload=13]
nc DEBUG: SSH: channel_write_common: ssh_channel_write wrote 4 bytes
nc DEBUG: SSH: ssh_socket_unbuffered_write: Enabling POLLOUT for socket
nc DEBUG: SSH: ssh_packet_socket_callback: packet: read type 94 [len=24,padding=8,comp=15,payload=15]
nc DEBUG: SSH: ssh_packet_process: Dispatching handler for packet type 94
nc DEBUG: SSH: channel_rcv_data: Channel receiving 6 bytes data in 0 (local win=1259854 remote win=1276022)
nc DEBUG: SSH: channel_default_bufferize: placing 6 bytes into channel buffer (stdout)
nc DEBUG: SSH: channel_rcv_data: Channel windows are now (local win=1259848 remote win=1276022)
nc DEBUG: SSH: ssh_packet_need_rekey: rekey: [data_rekey_needed=0, out_blocks=559, in_blocks=2997]
nc DEBUG: SSH: ssh_channel_read_timeout: Read (2) buffered : 6 bytes. Window: 1259848
nc DEBUG: SSH: ssh_channel_read_timeout: Read (1) buffered : 4 bytes. Window: 1259848
nc DEBUG: SSH: ssh_channel_read_timeout: Read (1) buffered : 3 bytes. Window: 1259848
nc DEBUG: SSH: ssh_channel_read_timeout: Read (1) buffered : 2 bytes. Window: 1259848
nc DEBUG: SSH: ssh_channel_read_timeout: Read (1) buffered : 1 bytes. Window: 1259848
nc DEBUG: SSH: ssh_channel_read_timeout: Read (179) buffered : 0 bytes. Window: 1259848
nc DEBUG: SSH: ssh_packet_socket_callback: packet: read type 94 [len=200,padding=11,comp=188,payload=188]
nc DEBUG: SSH: ssh_packet_process: Dispatching handler for packet type 94
nc DEBUG: SSH: channel_rcv_data: Channel receiving 179 bytes data in 0 (local win=1259848 remote win=1276022)
nc DEBUG: SSH: channel_default_bufferize: placing 179 bytes into channel buffer (stdout)
nc DEBUG: SSH: channel_rcv_data: Channel windows are now (local win=1259669 remote win=1276022)
nc DEBUG: SSH: ssh_packet_socket_callback: Processing 44 bytes left in socket buffer
nc DEBUG: SSH: ssh_packet_socket_callback: packet: read type 94 [len=24,padding=10,comp=13,payload=13]
nc DEBUG: SSH: ssh_packet_process: Dispatching handler for packet type 94
nc DEBUG: SSH: channel_rcv_data: Channel receiving 4 bytes data in 0 (local win=1259669 remote win=1276022)
nc DEBUG: SSH: channel_default_bufferize: placing 4 bytes into channel buffer (stdout)
nc DEBUG: SSH: channel_rcv_data: Channel windows are now (local win=1259665 remote win=1276022)
nc DEBUG: SSH: ssh_packet_need_rekey: rekey: [data_rekey_needed=0, out_blocks=559, in_blocks=3021]
nc DEBUG: SSH: ssh_packet_need_rekey: rekey: [data_rekey_needed=0, out_blocks=559, in_blocks=3021]
nc DEBUG: SSH: ssh_channel_read_timeout: Read (2) buffered : 4 bytes. Window: 1259665
nc DEBUG: SSH: ssh_channel_read_timeout: Read (1) buffered : 2 bytes. Window: 1259665
nc DEBUG: SSH: ssh_channel_read_timeout: Read (1) buffered : 1 bytes. Window: 1259665
nc DEBUG: Received message:
<rpc-reply xmlns="urn:ietf:params:xml:ns:netconf:base:1.0" message-id="14"><next-update-at xmlns="urn:o-ran:supervision:1.0">2026-04-14T11:01:02+00:00</next-update-at></rpc-reply>

DATA
<next-update-at xmlns="urn:o-ran:supervision:1.0">2026-04-14T20:01:02+09:00</next-update-at>

nc DEBUG: Received message:
<notification xmlns="urn:ietf:params:xml:ns:netconf:notification:1.0"><eventTime>2026-04-14T11:01:02Z</eventTime><supervision-notification xmlns="urn:o-ran:supervision:1.0"/></notification>

notification (2026-04-14T11:01:02Z)
<supervision-notification xmlns="urn:o-ran:supervision:1.0"/>

Client SENT :  user-rpc --content /mplane_automation/conformance_test/watchdog.xml
nc DEBUG: Sending message:

#286


nc DEBUG: SSH: ssh_packet_need_rekey: rekey: [data_rekey_needed=0, out_blocks=560, in_blocks=3048]
nc DEBUG: SSH: ssh_socket_unbuffered_write: Enabling POLLOUT for socket
nc DEBUG: SSH: packet_send2: packet: wrote [type=94, len=24, padding_size=8, comp=15, payload=15]
nc DEBUG: SSH: channel_write_common: ssh_channel_write wrote 6 bytes
nc DEBUG: Sending message:
<rpc xmlns="urn:ietf:params:xml:ns:netconf:base:1.0" message-id="15"><supervision-watchdog-reset xmlns="urn:o-ran:supervision:1.0"><supervision-notification-interval>10</supervision-notification-interval><guard-timer-overhead>10</guard-timer-overhead></supervision-watchdog-reset></rpc>

nc DEBUG: SSH: ssh_packet_need_rekey: rekey: [data_rekey_needed=0, out_blocks=596, in_blocks=3083]
nc DEBUG: SSH: packet_send2: packet: wrote [type=94, len=304, padding_size=8, comp=295, payload=295]
nc DEBUG: SSH: channel_write_common: ssh_channel_write wrote 286 bytes
nc DEBUG: SSH: ssh_socket_unbuffered_write: Enabling POLLOUT for socket
nc DEBUG: Sending message:

##


nc DEBUG: SSH: ssh_packet_need_rekey: rekey: [data_rekey_needed=0, out_blocks=597, in_blocks=3048]
nc DEBUG: SSH: packet_send2: packet: wrote [type=94, len=24, padding_size=10, comp=13, payload=13]
nc DEBUG: SSH: channel_write_common: ssh_channel_write wrote 4 bytes
nc DEBUG: SSH: ssh_socket_unbuffered_write: Enabling POLLOUT for socket
nc DEBUG: SSH: ssh_packet_socket_callback: packet: read type 94 [len=24,padding=8,comp=15,payload=15]
nc DEBUG: SSH: ssh_packet_process: Dispatching handler for packet type 94
nc DEBUG: SSH: channel_rcv_data: Channel receiving 6 bytes data in 0 (local win=1259466 remote win=1275726)
nc DEBUG: SSH: channel_default_bufferize: placing 6 bytes into channel buffer (stdout)
nc DEBUG: SSH: channel_rcv_data: Channel windows are now (local win=1259460 remote win=1275726)
nc DEBUG: SSH: ssh_packet_need_rekey: rekey: [data_rekey_needed=0, out_blocks=597, in_blocks=3048]
nc DEBUG: SSH: ssh_channel_read_timeout: Read (2) buffered : 6 bytes. Window: 1259460
nc DEBUG: SSH: ssh_channel_read_timeout: Read (1) buffered : 4 bytes. Window: 1259460
nc DEBUG: SSH: ssh_channel_read_timeout: Read (1) buffered : 3 bytes. Window: 1259460
nc DEBUG: SSH: ssh_channel_read_timeout: Read (1) buffered : 2 bytes. Window: 1259460
nc DEBUG: SSH: ssh_channel_read_timeout: Read (1) buffered : 1 bytes. Window: 1259460
nc DEBUG: SSH: ssh_channel_read_timeout: Read (179) buffered : 0 bytes. Window: 1259460
nc DEBUG: SSH: ssh_packet_socket_callback: packet: read type 94 [len=200,padding=11,comp=188,payload=188]
nc DEBUG: SSH: ssh_packet_process: Dispatching handler for packet type 94
nc DEBUG: SSH: channel_rcv_data: Channel receiving 179 bytes data in 0 (local win=1259460 remote win=1275726)
nc DEBUG: SSH: channel_default_bufferize: placing 179 bytes into channel buffer (stdout)
nc DEBUG: SSH: channel_rcv_data: Channel windows are now (local win=1259281 remote win=1275726)
nc DEBUG: SSH: ssh_packet_need_rekey: rekey: [data_rekey_needed=0, out_blocks=597, in_blocks=3071]
nc DEBUG: SSH: ssh_channel_read_timeout: Read (2) buffered : 0 bytes. Window: 1259281
nc DEBUG: SSH: ssh_packet_socket_callback: packet: read type 94 [len=24,padding=10,comp=13,payload=13]
nc DEBUG: SSH: ssh_packet_process: Dispatching handler for packet type 94
nc DEBUG: SSH: channel_rcv_data: Channel receiving 4 bytes data in 0 (local win=1259281 remote win=1275726)
nc DEBUG: SSH: channel_default_bufferize: placing 4 bytes into channel buffer (stdout)
nc DEBUG: SSH: channel_rcv_data: Channel windows are now (local win=1259277 remote win=1275726)
nc DEBUG: SSH: ssh_packet_need_rekey: rekey: [data_rekey_needed=0, out_blocks=597, in_blocks=3072]
nc DEBUG: SSH: ssh_channel_read_timeout: Read (1) buffered : 2 bytes. Window: 1259277
nc DEBUG: SSH: ssh_channel_read_timeout: Read (1) buffered : 1 bytes. Window: 1259277
nc DEBUG: Received message:
<rpc-reply xmlns="urn:ietf:params:xml:ns:netconf:base:1.0" message-id="15"><next-update-at xmlns="urn:o-ran:supervision:1.0">2026-04-14T11:01:12+00:00</next-update-at></rpc-reply>

DATA
<next-update-at xmlns="urn:o-ran:supervision:1.0">2026-04-14T20:01:12+09:00</next-update-at>

nc DEBUG: Received message:
<notification xmlns="urn:ietf:params:xml:ns:netconf:notification:1.0"><eventTime>2026-04-14T11:01:12Z</eventTime><supervision-notification xmlns="urn:o-ran:supervision:1.0"/></notification>

notification (2026-04-14T11:01:12Z)
<supervision-notification xmlns="urn:o-ran:supervision:1.0"/>

Client SENT :  user-rpc --content /mplane_automation/conformance_test/watchdog.xml
nc DEBUG: Sending message:

#286


nc DEBUG: SSH: ssh_packet_need_rekey: rekey: [data_rekey_needed=0, out_blocks=598, in_blocks=3099]
nc DEBUG: SSH: ssh_socket_unbuffered_write: Enabling POLLOUT for socket
nc DEBUG: SSH: packet_send2: packet: wrote [type=94, len=24, padding_size=8, comp=15, payload=15]
nc DEBUG: SSH: channel_write_common: ssh_channel_write wrote 6 bytes
nc DEBUG: Sending message:
<rpc xmlns="urn:ietf:params:xml:ns:netconf:base:1.0" message-id="16"><supervision-watchdog-reset xmlns="urn:o-ran:supervision:1.0"><supervision-notification-interval>10</supervision-notification-interval><guard-timer-overhead>10</guard-timer-overhead></supervision-watchdog-reset></rpc>

nc DEBUG: SSH: ssh_packet_need_rekey: rekey: [data_rekey_needed=0, out_blocks=634, in_blocks=3134]
nc DEBUG: SSH: packet_send2: packet: wrote [type=94, len=304, padding_size=8, comp=295, payload=295]
nc DEBUG: SSH: channel_write_common: ssh_channel_write wrote 286 bytes
nc DEBUG: SSH: ssh_socket_unbuffered_write: Enabling POLLOUT for socket
nc DEBUG: Sending message:

##


nc DEBUG: SSH: ssh_packet_need_rekey: rekey: [data_rekey_needed=0, out_blocks=635, in_blocks=3099]
nc DEBUG: SSH: packet_send2: packet: wrote [type=94, len=24, padding_size=10, comp=13, payload=13]
nc DEBUG: SSH: channel_write_common: ssh_channel_write wrote 4 bytes
nc DEBUG: SSH: ssh_socket_unbuffered_write: Enabling POLLOUT for socket
nc DEBUG: SSH: ssh_packet_socket_callback: packet: read type 94 [len=24,padding=8,comp=15,payload=15]
nc DEBUG: SSH: ssh_packet_process: Dispatching handler for packet type 94
nc DEBUG: SSH: channel_rcv_data: Channel receiving 6 bytes data in 0 (local win=1259078 remote win=1275430)
nc DEBUG: SSH: channel_default_bufferize: placing 6 bytes into channel buffer (stdout)
nc DEBUG: SSH: channel_rcv_data: Channel windows are now (local win=1259072 remote win=1275430)
nc DEBUG: SSH: ssh_packet_need_rekey: rekey: [data_rekey_needed=0, out_blocks=635, in_blocks=3099]
nc DEBUG: SSH: ssh_channel_read_timeout: Read (2) buffered : 6 bytes. Window: 1259072
nc DEBUG: SSH: ssh_channel_read_timeout: Read (1) buffered : 4 bytes. Window: 1259072
nc DEBUG: SSH: ssh_channel_read_timeout: Read (1) buffered : 3 bytes. Window: 1259072
nc DEBUG: SSH: ssh_channel_read_timeout: Read (1) buffered : 2 bytes. Window: 1259072
nc DEBUG: SSH: ssh_channel_read_timeout: Read (1) buffered : 1 bytes. Window: 1259072
nc DEBUG: SSH: ssh_channel_read_timeout: Read (179) buffered : 0 bytes. Window: 1259072
nc DEBUG: SSH: ssh_packet_socket_callback: packet: read type 94 [len=200,padding=11,comp=188,payload=188]
nc DEBUG: SSH: ssh_packet_process: Dispatching handler for packet type 94
nc DEBUG: SSH: channel_rcv_data: Channel receiving 179 bytes data in 0 (local win=1259072 remote win=1275430)
nc DEBUG: SSH: channel_default_bufferize: placing 179 bytes into channel buffer (stdout)
nc DEBUG: SSH: channel_rcv_data: Channel windows are now (local win=1258893 remote win=1275430)
nc DEBUG: SSH: ssh_packet_need_rekey: rekey: [data_rekey_needed=0, out_blocks=635, in_blocks=3122]
nc DEBUG: SSH: ssh_channel_read_timeout: Read (2) buffered : 0 bytes. Window: 1258893
nc DEBUG: SSH: ssh_packet_socket_callback: packet: read type 94 [len=24,padding=10,comp=13,payload=13]
nc DEBUG: SSH: ssh_packet_process: Dispatching handler for packet type 94
nc DEBUG: SSH: channel_rcv_data: Channel receiving 4 bytes data in 0 (local win=1258893 remote win=1275430)
nc DEBUG: SSH: channel_default_bufferize: placing 4 bytes into channel buffer (stdout)
nc DEBUG: SSH: channel_rcv_data: Channel windows are now (local win=1258889 remote win=1275430)
nc DEBUG: SSH: ssh_packet_need_rekey: rekey: [data_rekey_needed=0, out_blocks=635, in_blocks=3123]
nc DEBUG: SSH: ssh_channel_read_timeout: Read (1) buffered : 2 bytes. Window: 1258889
nc DEBUG: SSH: ssh_channel_read_timeout: Read (1) buffered : 1 bytes. Window: 1258889
nc DEBUG: Received message:
<rpc-reply xmlns="urn:ietf:params:xml:ns:netconf:base:1.0" message-id="16"><next-update-at xmlns="urn:o-ran:supervision:1.0">2026-04-14T11:01:22+00:00</next-update-at></rpc-reply>

DATA
<next-update-at xmlns="urn:o-ran:supervision:1.0">2026-04-14T20:01:22+09:00</next-update-at>

nc DEBUG: Received message:
<notification xmlns="urn:ietf:params:xml:ns:netconf:notification:1.0"><eventTime>2026-04-14T11:01:22Z</eventTime><supervision-notification xmlns="urn:o-ran:supervision:1.0"/></notification>

notification (2026-04-14T11:01:22Z)
<supervision-notification xmlns="urn:o-ran:supervision:1.0"/>

Client SENT :  user-rpc --content /mplane_automation/conformance_test/watchdog.xml
nc DEBUG: Sending message:

#286


nc DEBUG: SSH: ssh_packet_need_rekey: rekey: [data_rekey_needed=0, out_blocks=636, in_blocks=3150]
nc DEBUG: SSH: ssh_socket_unbuffered_write: Enabling POLLOUT for socket
nc DEBUG: SSH: packet_send2: packet: wrote [type=94, len=24, padding_size=8, comp=15, payload=15]
nc DEBUG: SSH: channel_write_common: ssh_channel_write wrote 6 bytes
nc DEBUG: Sending message:
<rpc xmlns="urn:ietf:params:xml:ns:netconf:base:1.0" message-id="17"><supervision-watchdog-reset xmlns="urn:o-ran:supervision:1.0"><supervision-notification-interval>10</supervision-notification-interval><guard-timer-overhead>10</guard-timer-overhead></supervision-watchdog-reset></rpc>

nc DEBUG: SSH: ssh_packet_need_rekey: rekey: [data_rekey_needed=0, out_blocks=672, in_blocks=3185]
nc DEBUG: SSH: packet_send2: packet: wrote [type=94, len=304, padding_size=8, comp=295, payload=295]
nc DEBUG: SSH: channel_write_common: ssh_channel_write wrote 286 bytes
nc DEBUG: SSH: ssh_socket_unbuffered_write: Enabling POLLOUT for socket
nc DEBUG: Sending message:

##


nc DEBUG: SSH: ssh_packet_need_rekey: rekey: [data_rekey_needed=0, out_blocks=673, in_blocks=3150]
nc DEBUG: SSH: packet_send2: packet: wrote [type=94, len=24, padding_size=10, comp=13, payload=13]
nc DEBUG: SSH: channel_write_common: ssh_channel_write wrote 4 bytes
nc DEBUG: SSH: ssh_socket_unbuffered_write: Enabling POLLOUT for socket
nc DEBUG: SSH: ssh_packet_socket_callback: packet: read type 94 [len=24,padding=8,comp=15,payload=15]
nc DEBUG: SSH: ssh_packet_process: Dispatching handler for packet type 94
nc DEBUG: SSH: channel_rcv_data: Channel receiving 6 bytes data in 0 (local win=1258690 remote win=1275134)
nc DEBUG: SSH: channel_default_bufferize: placing 6 bytes into channel buffer (stdout)
nc DEBUG: SSH: channel_rcv_data: Channel windows are now (local win=1258684 remote win=1275134)
nc DEBUG: SSH: ssh_packet_need_rekey: rekey: [data_rekey_needed=0, out_blocks=673, in_blocks=3150]
nc DEBUG: SSH: ssh_channel_read_timeout: Read (2) buffered : 6 bytes. Window: 1258684
nc DEBUG: SSH: ssh_channel_read_timeout: Read (1) buffered : 4 bytes. Window: 1258684
nc DEBUG: SSH: ssh_channel_read_timeout: Read (1) buffered : 3 bytes. Window: 1258684
nc DEBUG: SSH: ssh_channel_read_timeout: Read (1) buffered : 2 bytes. Window: 1258684
nc DEBUG: SSH: ssh_channel_read_timeout: Read (1) buffered : 1 bytes. Window: 1258684
nc DEBUG: SSH: ssh_channel_read_timeout: Read (179) buffered : 0 bytes. Window: 1258684
nc DEBUG: SSH: ssh_packet_socket_callback: packet: read type 94 [len=200,padding=11,comp=188,payload=188]
nc DEBUG: SSH: ssh_packet_process: Dispatching handler for packet type 94
nc DEBUG: SSH: channel_rcv_data: Channel receiving 179 bytes data in 0 (local win=1258684 remote win=1275134)
nc DEBUG: SSH: channel_default_bufferize: placing 179 bytes into channel buffer (stdout)
nc DEBUG: SSH: channel_rcv_data: Channel windows are now (local win=1258505 remote win=1275134)
nc DEBUG: SSH: ssh_packet_socket_callback: Processing 44 bytes left in socket buffer
nc DEBUG: SSH: ssh_packet_socket_callback: packet: read type 94 [len=24,padding=10,comp=13,payload=13]
nc DEBUG: SSH: ssh_packet_process: Dispatching handler for packet type 94
nc DEBUG: SSH: channel_rcv_data: Channel receiving 4 bytes data in 0 (local win=1258505 remote win=1275134)
nc DEBUG: SSH: channel_default_bufferize: placing 4 bytes into channel buffer (stdout)
nc DEBUG: SSH: channel_rcv_data: Channel windows are now (local win=1258501 remote win=1275134)
nc DEBUG: SSH: ssh_packet_need_rekey: rekey: [data_rekey_needed=0, out_blocks=673, in_blocks=3174]
nc DEBUG: SSH: ssh_packet_need_rekey: rekey: [data_rekey_needed=0, out_blocks=673, in_blocks=3174]
nc DEBUG: SSH: ssh_channel_read_timeout: Read (2) buffered : 4 bytes. Window: 1258501
nc DEBUG: SSH: ssh_channel_read_timeout: Read (1) buffered : 2 bytes. Window: 1258501
nc DEBUG: SSH: ssh_channel_read_timeout: Read (1) buffered : 1 bytes. Window: 1258501
nc DEBUG: Received message:
<rpc-reply xmlns="urn:ietf:params:xml:ns:netconf:base:1.0" message-id="17"><next-update-at xmlns="urn:o-ran:supervision:1.0">2026-04-14T11:01:32+00:00</next-update-at></rpc-reply>

DATA
<next-update-at xmlns="urn:o-ran:supervision:1.0">2026-04-14T20:01:32+09:00</next-update-at>

nc DEBUG: Received message:
<notification xmlns="urn:ietf:params:xml:ns:netconf:notification:1.0"><eventTime>2026-04-14T11:01:32Z</eventTime><supervision-notification xmlns="urn:o-ran:supervision:1.0"/></notification>

notification (2026-04-14T11:01:32Z)
<supervision-notification xmlns="urn:o-ran:supervision:1.0"/>

Client SENT :  user-rpc --content /mplane_automation/conformance_test/watchdog.xml
nc DEBUG: Sending message:

#286


nc DEBUG: SSH: ssh_packet_need_rekey: rekey: [data_rekey_needed=0, out_blocks=674, in_blocks=3201]
nc DEBUG: SSH: ssh_socket_unbuffered_write: Enabling POLLOUT for socket
nc DEBUG: SSH: packet_send2: packet: wrote [type=94, len=24, padding_size=8, comp=15, payload=15]
nc DEBUG: SSH: channel_write_common: ssh_channel_write wrote 6 bytes
nc DEBUG: Sending message:
<rpc xmlns="urn:ietf:params:xml:ns:netconf:base:1.0" message-id="18"><supervision-watchdog-reset xmlns="urn:o-ran:supervision:1.0"><supervision-notification-interval>10</supervision-notification-interval><guard-timer-overhead>10</guard-timer-overhead></supervision-watchdog-reset></rpc>

nc DEBUG: SSH: ssh_packet_need_rekey: rekey: [data_rekey_needed=0, out_blocks=710, in_blocks=3236]
nc DEBUG: SSH: packet_send2: packet: wrote [type=94, len=304, padding_size=8, comp=295, payload=295]
nc DEBUG: SSH: channel_write_common: ssh_channel_write wrote 286 bytes
nc DEBUG: SSH: ssh_socket_unbuffered_write: Enabling POLLOUT for socket
nc DEBUG: Sending message:

##


nc DEBUG: SSH: ssh_packet_need_rekey: rekey: [data_rekey_needed=0, out_blocks=711, in_blocks=3201]
nc DEBUG: SSH: packet_send2: packet: wrote [type=94, len=24, padding_size=10, comp=13, payload=13]
nc DEBUG: SSH: channel_write_common: ssh_channel_write wrote 4 bytes
nc DEBUG: SSH: ssh_socket_unbuffered_write: Enabling POLLOUT for socket
nc DEBUG: SSH: ssh_packet_socket_callback: packet: read type 94 [len=24,padding=8,comp=15,payload=15]
nc DEBUG: SSH: ssh_packet_process: Dispatching handler for packet type 94
nc DEBUG: SSH: channel_rcv_data: Channel receiving 6 bytes data in 0 (local win=1258302 remote win=1274838)
nc DEBUG: SSH: channel_default_bufferize: placing 6 bytes into channel buffer (stdout)
nc DEBUG: SSH: channel_rcv_data: Channel windows are now (local win=1258296 remote win=1274838)
nc DEBUG: SSH: ssh_packet_need_rekey: rekey: [data_rekey_needed=0, out_blocks=711, in_blocks=3201]
nc DEBUG: SSH: ssh_channel_read_timeout: Read (2) buffered : 6 bytes. Window: 1258296
nc DEBUG: SSH: ssh_channel_read_timeout: Read (1) buffered : 4 bytes. Window: 1258296
nc DEBUG: SSH: ssh_channel_read_timeout: Read (1) buffered : 3 bytes. Window: 1258296
nc DEBUG: SSH: ssh_channel_read_timeout: Read (1) buffered : 2 bytes. Window: 1258296
nc DEBUG: SSH: ssh_channel_read_timeout: Read (1) buffered : 1 bytes. Window: 1258296
nc DEBUG: SSH: ssh_channel_read_timeout: Read (179) buffered : 0 bytes. Window: 1258296
nc DEBUG: SSH: ssh_packet_socket_callback: packet: read type 94 [len=200,padding=11,comp=188,payload=188]
nc DEBUG: SSH: ssh_packet_process: Dispatching handler for packet type 94
nc DEBUG: SSH: channel_rcv_data: Channel receiving 179 bytes data in 0 (local win=1258296 remote win=1274838)
nc DEBUG: SSH: channel_default_bufferize: placing 179 bytes into channel buffer (stdout)
nc DEBUG: SSH: channel_rcv_data: Channel windows are now (local win=1258117 remote win=1274838)
nc DEBUG: SSH: ssh_packet_need_rekey: rekey: [data_rekey_needed=0, out_blocks=711, in_blocks=3224]
nc DEBUG: SSH: ssh_channel_read_timeout: Read (2) buffered : 0 bytes. Window: 1258117
nc DEBUG: SSH: ssh_packet_socket_callback: packet: read type 94 [len=24,padding=10,comp=13,payload=13]
nc DEBUG: SSH: ssh_packet_process: Dispatching handler for packet type 94
nc DEBUG: SSH: channel_rcv_data: Channel receiving 4 bytes data in 0 (local win=1258117 remote win=1274838)
nc DEBUG: SSH: channel_default_bufferize: placing 4 bytes into channel buffer (stdout)
nc DEBUG: SSH: channel_rcv_data: Channel windows are now (local win=1258113 remote win=1274838)
nc DEBUG: SSH: ssh_packet_need_rekey: rekey: [data_rekey_needed=0, out_blocks=711, in_blocks=3225]
nc DEBUG: SSH: ssh_channel_read_timeout: Read (1) buffered : 2 bytes. Window: 1258113
nc DEBUG: SSH: ssh_channel_read_timeout: Read (1) buffered : 1 bytes. Window: 1258113
nc DEBUG: Received message:
<rpc-reply xmlns="urn:ietf:params:xml:ns:netconf:base:1.0" message-id="18"><next-update-at xmlns="urn:o-ran:supervision:1.0">2026-04-14T11:01:42+00:00</next-update-at></rpc-reply>

DATA
<next-update-at xmlns="urn:o-ran:supervision:1.0">2026-04-14T20:01:42+09:00</next-update-at>

nc DEBUG: Received message:
<notification xmlns="urn:ietf:params:xml:ns:netconf:notification:1.0"><eventTime>2026-04-14T11:01:42Z</eventTime><supervision-notification xmlns="urn:o-ran:supervision:1.0"/></notification>

notification (2026-04-14T11:01:42Z)
<supervision-notification xmlns="urn:o-ran:supervision:1.0"/>

Client SENT :  user-rpc --content /mplane_automation/conformance_test/watchdog.xml
nc DEBUG: Sending message:

#286


nc DEBUG: SSH: ssh_packet_need_rekey: rekey: [data_rekey_needed=0, out_blocks=712, in_blocks=3252]
nc DEBUG: SSH: ssh_socket_unbuffered_write: Enabling POLLOUT for socket
nc DEBUG: SSH: packet_send2: packet: wrote [type=94, len=24, padding_size=8, comp=15, payload=15]
nc DEBUG: SSH: channel_write_common: ssh_channel_write wrote 6 bytes
nc DEBUG: Sending message:
<rpc xmlns="urn:ietf:params:xml:ns:netconf:base:1.0" message-id="19"><supervision-watchdog-reset xmlns="urn:o-ran:supervision:1.0"><supervision-notification-interval>10</supervision-notification-interval><guard-timer-overhead>10</guard-timer-overhead></supervision-watchdog-reset></rpc>

nc DEBUG: SSH: ssh_packet_need_rekey: rekey: [data_rekey_needed=0, out_blocks=748, in_blocks=3287]
nc DEBUG: SSH: packet_send2: packet: wrote [type=94, len=304, padding_size=8, comp=295, payload=295]
nc DEBUG: SSH: channel_write_common: ssh_channel_write wrote 286 bytes
nc DEBUG: SSH: ssh_socket_unbuffered_write: Enabling POLLOUT for socket
nc DEBUG: Sending message:

##


nc DEBUG: SSH: ssh_packet_need_rekey: rekey: [data_rekey_needed=0, out_blocks=749, in_blocks=3252]
nc DEBUG: SSH: packet_send2: packet: wrote [type=94, len=24, padding_size=10, comp=13, payload=13]
nc DEBUG: SSH: channel_write_common: ssh_channel_write wrote 4 bytes
nc DEBUG: SSH: ssh_socket_unbuffered_write: Enabling POLLOUT for socket
nc DEBUG: SSH: ssh_packet_socket_callback: packet: read type 94 [len=24,padding=8,comp=15,payload=15]
nc DEBUG: SSH: ssh_packet_process: Dispatching handler for packet type 94
nc DEBUG: SSH: channel_rcv_data: Channel receiving 6 bytes data in 0 (local win=1257914 remote win=1274542)
nc DEBUG: SSH: channel_default_bufferize: placing 6 bytes into channel buffer (stdout)
nc DEBUG: SSH: channel_rcv_data: Channel windows are now (local win=1257908 remote win=1274542)
nc DEBUG: SSH: ssh_packet_need_rekey: rekey: [data_rekey_needed=0, out_blocks=749, in_blocks=3252]
nc DEBUG: SSH: ssh_channel_read_timeout: Read (2) buffered : 6 bytes. Window: 1257908
nc DEBUG: SSH: ssh_channel_read_timeout: Read (1) buffered : 4 bytes. Window: 1257908
nc DEBUG: SSH: ssh_channel_read_timeout: Read (1) buffered : 3 bytes. Window: 1257908
nc DEBUG: SSH: ssh_channel_read_timeout: Read (1) buffered : 2 bytes. Window: 1257908
nc DEBUG: SSH: ssh_channel_read_timeout: Read (1) buffered : 1 bytes. Window: 1257908
nc DEBUG: SSH: ssh_channel_read_timeout: Read (179) buffered : 0 bytes. Window: 1257908
nc DEBUG: SSH: ssh_packet_socket_callback: packet: read type 94 [len=200,padding=11,comp=188,payload=188]
nc DEBUG: SSH: ssh_packet_process: Dispatching handler for packet type 94
nc DEBUG: SSH: channel_rcv_data: Channel receiving 179 bytes data in 0 (local win=1257908 remote win=1274542)
nc DEBUG: SSH: channel_default_bufferize: placing 179 bytes into channel buffer (stdout)
nc DEBUG: SSH: channel_rcv_data: Channel windows are now (local win=1257729 remote win=1274542)
nc DEBUG: SSH: ssh_packet_need_rekey: rekey: [data_rekey_needed=0, out_blocks=749, in_blocks=3275]
nc DEBUG: SSH: ssh_channel_read_timeout: Read (2) buffered : 0 bytes. Window: 1257729
nc DEBUG: SSH: ssh_packet_socket_callback: packet: read type 94 [len=24,padding=10,comp=13,payload=13]
nc DEBUG: SSH: ssh_packet_process: Dispatching handler for packet type 94
nc DEBUG: SSH: channel_rcv_data: Channel receiving 4 bytes data in 0 (local win=1257729 remote win=1274542)
nc DEBUG: SSH: channel_default_bufferize: placing 4 bytes into channel buffer (stdout)
nc DEBUG: SSH: channel_rcv_data: Channel windows are now (local win=1257725 remote win=1274542)
nc DEBUG: SSH: ssh_packet_need_rekey: rekey: [data_rekey_needed=0, out_blocks=749, in_blocks=3276]
nc DEBUG: SSH: ssh_channel_read_timeout: Read (1) buffered : 2 bytes. Window: 1257725
nc DEBUG: SSH: ssh_channel_read_timeout: Read (1) buffered : 1 bytes. Window: 1257725
nc DEBUG: Received message:
<rpc-reply xmlns="urn:ietf:params:xml:ns:netconf:base:1.0" message-id="19"><next-update-at xmlns="urn:o-ran:supervision:1.0">2026-04-14T11:01:52+00:00</next-update-at></rpc-reply>

DATA
<next-update-at xmlns="urn:o-ran:supervision:1.0">2026-04-14T20:01:52+09:00</next-update-at>

nc DEBUG: Received message:
<notification xmlns="urn:ietf:params:xml:ns:netconf:notification:1.0"><eventTime>2026-04-14T11:01:52Z</eventTime><supervision-notification xmlns="urn:o-ran:supervision:1.0"/></notification>

notification (2026-04-14T11:01:52Z)
<supervision-notification xmlns="urn:o-ran:supervision:1.0"/>

Client SENT :  user-rpc --content /mplane_automation/conformance_test/watchdog.xml
nc DEBUG: Sending message:

#286


nc DEBUG: SSH: ssh_packet_need_rekey: rekey: [data_rekey_needed=0, out_blocks=750, in_blocks=3303]
nc DEBUG: SSH: ssh_socket_unbuffered_write: Enabling POLLOUT for socket
nc DEBUG: SSH: packet_send2: packet: wrote [type=94, len=24, padding_size=8, comp=15, payload=15]
nc DEBUG: SSH: channel_write_common: ssh_channel_write wrote 6 bytes
nc DEBUG: Sending message:
<rpc xmlns="urn:ietf:params:xml:ns:netconf:base:1.0" message-id="20"><supervision-watchdog-reset xmlns="urn:o-ran:supervision:1.0"><supervision-notification-interval>10</supervision-notification-interval><guard-timer-overhead>10</guard-timer-overhead></supervision-watchdog-reset></rpc>

nc DEBUG: SSH: ssh_packet_need_rekey: rekey: [data_rekey_needed=0, out_blocks=786, in_blocks=3338]
nc DEBUG: SSH: packet_send2: packet: wrote [type=94, len=304, padding_size=8, comp=295, payload=295]
nc DEBUG: SSH: channel_write_common: ssh_channel_write wrote 286 bytes
nc DEBUG: SSH: ssh_socket_unbuffered_write: Enabling POLLOUT for socket
nc DEBUG: Sending message:

##


nc DEBUG: SSH: ssh_packet_need_rekey: rekey: [data_rekey_needed=0, out_blocks=787, in_blocks=3303]
nc DEBUG: SSH: packet_send2: packet: wrote [type=94, len=24, padding_size=10, comp=13, payload=13]
nc DEBUG: SSH: channel_write_common: ssh_channel_write wrote 4 bytes
nc DEBUG: SSH: ssh_socket_unbuffered_write: Enabling POLLOUT for socket
nc DEBUG: SSH: ssh_packet_socket_callback: packet: read type 94 [len=24,padding=8,comp=15,payload=15]
nc DEBUG: SSH: ssh_packet_process: Dispatching handler for packet type 94
nc DEBUG: SSH: channel_rcv_data: Channel receiving 6 bytes data in 0 (local win=1257526 remote win=1274246)
nc DEBUG: SSH: channel_default_bufferize: placing 6 bytes into channel buffer (stdout)
nc DEBUG: SSH: channel_rcv_data: Channel windows are now (local win=1257520 remote win=1274246)
nc DEBUG: SSH: ssh_packet_need_rekey: rekey: [data_rekey_needed=0, out_blocks=787, in_blocks=3303]
nc DEBUG: SSH: ssh_channel_read_timeout: Read (2) buffered : 6 bytes. Window: 1257520
nc DEBUG: SSH: ssh_channel_read_timeout: Read (1) buffered : 4 bytes. Window: 1257520
nc DEBUG: SSH: ssh_channel_read_timeout: Read (1) buffered : 3 bytes. Window: 1257520
nc DEBUG: SSH: ssh_channel_read_timeout: Read (1) buffered : 2 bytes. Window: 1257520
nc DEBUG: SSH: ssh_channel_read_timeout: Read (1) buffered : 1 bytes. Window: 1257520
nc DEBUG: SSH: ssh_channel_read_timeout: Read (179) buffered : 0 bytes. Window: 1257520
nc DEBUG: SSH: ssh_packet_socket_callback: packet: read type 94 [len=200,padding=11,comp=188,payload=188]
nc DEBUG: SSH: ssh_packet_process: Dispatching handler for packet type 94
nc DEBUG: SSH: channel_rcv_data: Channel receiving 179 bytes data in 0 (local win=1257520 remote win=1274246)
nc DEBUG: SSH: channel_default_bufferize: placing 179 bytes into channel buffer (stdout)
nc DEBUG: SSH: channel_rcv_data: Channel windows are now (local win=1257341 remote win=1274246)
nc DEBUG: SSH: ssh_packet_need_rekey: rekey: [data_rekey_needed=0, out_blocks=787, in_blocks=3326]
nc DEBUG: SSH: ssh_channel_read_timeout: Read (2) buffered : 0 bytes. Window: 1257341
nc DEBUG: SSH: ssh_packet_socket_callback: packet: read type 94 [len=24,padding=10,comp=13,payload=13]
nc DEBUG: SSH: ssh_packet_process: Dispatching handler for packet type 94
nc DEBUG: SSH: channel_rcv_data: Channel receiving 4 bytes data in 0 (local win=1257341 remote win=1274246)
nc DEBUG: SSH: channel_default_bufferize: placing 4 bytes into channel buffer (stdout)
nc DEBUG: SSH: channel_rcv_data: Channel windows are now (local win=1257337 remote win=1274246)
nc DEBUG: SSH: ssh_packet_need_rekey: rekey: [data_rekey_needed=0, out_blocks=787, in_blocks=3327]
nc DEBUG: SSH: ssh_channel_read_timeout: Read (1) buffered : 2 bytes. Window: 1257337
nc DEBUG: SSH: ssh_channel_read_timeout: Read (1) buffered : 1 bytes. Window: 1257337
nc DEBUG: Received message:
<rpc-reply xmlns="urn:ietf:params:xml:ns:netconf:base:1.0" message-id="20"><next-update-at xmlns="urn:o-ran:supervision:1.0">2026-04-14T11:02:02+00:00</next-update-at></rpc-reply>

DATA
<next-update-at xmlns="urn:o-ran:supervision:1.0">2026-04-14T20:02:02+09:00</next-update-at>

nc DEBUG: Received message:
<notification xmlns="urn:ietf:params:xml:ns:netconf:notification:1.0"><eventTime>2026-04-14T11:02:02Z</eventTime><supervision-notification xmlns="urn:o-ran:supervision:1.0"/></notification>

notification (2026-04-14T11:02:02Z)
<supervision-notification xmlns="urn:o-ran:supervision:1.0"/>

Client SENT :  user-rpc --content /mplane_automation/conformance_test/watchdog.xml
nc DEBUG: Sending message:

#286


nc DEBUG: SSH: ssh_packet_need_rekey: rekey: [data_rekey_needed=0, out_blocks=788, in_blocks=3354]
nc DEBUG: SSH: ssh_socket_unbuffered_write: Enabling POLLOUT for socket
nc DEBUG: SSH: packet_send2: packet: wrote [type=94, len=24, padding_size=8, comp=15, payload=15]
nc DEBUG: SSH: channel_write_common: ssh_channel_write wrote 6 bytes
nc DEBUG: Sending message:
<rpc xmlns="urn:ietf:params:xml:ns:netconf:base:1.0" message-id="21"><supervision-watchdog-reset xmlns="urn:o-ran:supervision:1.0"><supervision-notification-interval>10</supervision-notification-interval><guard-timer-overhead>10</guard-timer-overhead></supervision-watchdog-reset></rpc>

nc DEBUG: SSH: ssh_packet_need_rekey: rekey: [data_rekey_needed=0, out_blocks=824, in_blocks=3389]
nc DEBUG: SSH: packet_send2: packet: wrote [type=94, len=304, padding_size=8, comp=295, payload=295]
nc DEBUG: SSH: channel_write_common: ssh_channel_write wrote 286 bytes
nc DEBUG: SSH: ssh_socket_unbuffered_write: Enabling POLLOUT for socket
nc DEBUG: Sending message:

##


nc DEBUG: SSH: ssh_packet_need_rekey: rekey: [data_rekey_needed=0, out_blocks=825, in_blocks=3354]
nc DEBUG: SSH: packet_send2: packet: wrote [type=94, len=24, padding_size=10, comp=13, payload=13]
nc DEBUG: SSH: channel_write_common: ssh_channel_write wrote 4 bytes
nc DEBUG: SSH: ssh_socket_unbuffered_write: Enabling POLLOUT for socket
nc DEBUG: SSH: ssh_packet_socket_callback: packet: read type 94 [len=24,padding=8,comp=15,payload=15]
nc DEBUG: SSH: ssh_packet_process: Dispatching handler for packet type 94
nc DEBUG: SSH: channel_rcv_data: Channel receiving 6 bytes data in 0 (local win=1257138 remote win=1273950)
nc DEBUG: SSH: channel_default_bufferize: placing 6 bytes into channel buffer (stdout)
nc DEBUG: SSH: channel_rcv_data: Channel windows are now (local win=1257132 remote win=1273950)
nc DEBUG: SSH: ssh_packet_need_rekey: rekey: [data_rekey_needed=0, out_blocks=825, in_blocks=3354]
nc DEBUG: SSH: ssh_channel_read_timeout: Read (2) buffered : 6 bytes. Window: 1257132
nc DEBUG: SSH: ssh_channel_read_timeout: Read (1) buffered : 4 bytes. Window: 1257132
nc DEBUG: SSH: ssh_channel_read_timeout: Read (1) buffered : 3 bytes. Window: 1257132
nc DEBUG: SSH: ssh_channel_read_timeout: Read (1) buffered : 2 bytes. Window: 1257132
nc DEBUG: SSH: ssh_channel_read_timeout: Read (1) buffered : 1 bytes. Window: 1257132
nc DEBUG: SSH: ssh_channel_read_timeout: Read (179) buffered : 0 bytes. Window: 1257132
nc DEBUG: SSH: ssh_packet_socket_callback: packet: read type 94 [len=200,padding=11,comp=188,payload=188]
nc DEBUG: SSH: ssh_packet_process: Dispatching handler for packet type 94
nc DEBUG: SSH: channel_rcv_data: Channel receiving 179 bytes data in 0 (local win=1257132 remote win=1273950)
nc DEBUG: SSH: channel_default_bufferize: placing 179 bytes into channel buffer (stdout)
nc DEBUG: SSH: channel_rcv_data: Channel windows are now (local win=1256953 remote win=1273950)
nc DEBUG: SSH: ssh_packet_socket_callback: Processing 44 bytes left in socket buffer
nc DEBUG: SSH: ssh_packet_socket_callback: packet: read type 94 [len=24,padding=10,comp=13,payload=13]
nc DEBUG: SSH: ssh_packet_process: Dispatching handler for packet type 94
nc DEBUG: SSH: channel_rcv_data: Channel receiving 4 bytes data in 0 (local win=1256953 remote win=1273950)
nc DEBUG: SSH: channel_default_bufferize: placing 4 bytes into channel buffer (stdout)
nc DEBUG: SSH: channel_rcv_data: Channel windows are now (local win=1256949 remote win=1273950)
nc DEBUG: SSH: ssh_packet_need_rekey: rekey: [data_rekey_needed=0, out_blocks=825, in_blocks=3378]
nc DEBUG: SSH: ssh_packet_need_rekey: rekey: [data_rekey_needed=0, out_blocks=825, in_blocks=3378]
nc DEBUG: SSH: ssh_channel_read_timeout: Read (2) buffered : 4 bytes. Window: 1256949
nc DEBUG: SSH: ssh_channel_read_timeout: Read (1) buffered : 2 bytes. Window: 1256949
nc DEBUG: SSH: ssh_channel_read_timeout: Read (1) buffered : 1 bytes. Window: 1256949
nc DEBUG: Received message:
<rpc-reply xmlns="urn:ietf:params:xml:ns:netconf:base:1.0" message-id="21"><next-update-at xmlns="urn:o-ran:supervision:1.0">2026-04-14T11:02:12+00:00</next-update-at></rpc-reply>

DATA
<next-update-at xmlns="urn:o-ran:supervision:1.0">2026-04-14T20:02:12+09:00</next-update-at>

nc DEBUG: Received message:
<notification xmlns="urn:ietf:params:xml:ns:netconf:notification:1.0"><eventTime>2026-04-14T11:02:12Z</eventTime><supervision-notification xmlns="urn:o-ran:supervision:1.0"/></notification>

notification (2026-04-14T11:02:12Z)
<supervision-notification xmlns="urn:o-ran:supervision:1.0"/>

Client SENT :  user-rpc --content /mplane_automation/conformance_test/watchdog.xml
nc DEBUG: Sending message:

#286


nc DEBUG: SSH: ssh_packet_need_rekey: rekey: [data_rekey_needed=0, out_blocks=826, in_blocks=3405]
nc DEBUG: SSH: ssh_socket_unbuffered_write: Enabling POLLOUT for socket
nc DEBUG: SSH: packet_send2: packet: wrote [type=94, len=24, padding_size=8, comp=15, payload=15]
nc DEBUG: SSH: channel_write_common: ssh_channel_write wrote 6 bytes
nc DEBUG: Sending message:
<rpc xmlns="urn:ietf:params:xml:ns:netconf:base:1.0" message-id="22"><supervision-watchdog-reset xmlns="urn:o-ran:supervision:1.0"><supervision-notification-interval>10</supervision-notification-interval><guard-timer-overhead>10</guard-timer-overhead></supervision-watchdog-reset></rpc>

nc DEBUG: SSH: ssh_packet_need_rekey: rekey: [data_rekey_needed=0, out_blocks=862, in_blocks=3440]
nc DEBUG: SSH: packet_send2: packet: wrote [type=94, len=304, padding_size=8, comp=295, payload=295]
nc DEBUG: SSH: channel_write_common: ssh_channel_write wrote 286 bytes
nc DEBUG: SSH: ssh_socket_unbuffered_write: Enabling POLLOUT for socket
nc DEBUG: Sending message:

##


nc DEBUG: SSH: ssh_packet_need_rekey: rekey: [data_rekey_needed=0, out_blocks=863, in_blocks=3405]
nc DEBUG: SSH: packet_send2: packet: wrote [type=94, len=24, padding_size=10, comp=13, payload=13]
nc DEBUG: SSH: channel_write_common: ssh_channel_write wrote 4 bytes
nc DEBUG: SSH: ssh_socket_unbuffered_write: Enabling POLLOUT for socket
nc DEBUG: SSH: ssh_packet_socket_callback: packet: read type 94 [len=24,padding=8,comp=15,payload=15]
nc DEBUG: SSH: ssh_packet_process: Dispatching handler for packet type 94
nc DEBUG: SSH: channel_rcv_data: Channel receiving 6 bytes data in 0 (local win=1256750 remote win=1273654)
nc DEBUG: SSH: channel_default_bufferize: placing 6 bytes into channel buffer (stdout)
nc DEBUG: SSH: channel_rcv_data: Channel windows are now (local win=1256744 remote win=1273654)
nc DEBUG: SSH: ssh_packet_need_rekey: rekey: [data_rekey_needed=0, out_blocks=863, in_blocks=3405]
nc DEBUG: SSH: ssh_channel_read_timeout: Read (2) buffered : 6 bytes. Window: 1256744
nc DEBUG: SSH: ssh_channel_read_timeout: Read (1) buffered : 4 bytes. Window: 1256744
nc DEBUG: SSH: ssh_channel_read_timeout: Read (1) buffered : 3 bytes. Window: 1256744
nc DEBUG: SSH: ssh_channel_read_timeout: Read (1) buffered : 2 bytes. Window: 1256744
nc DEBUG: SSH: ssh_channel_read_timeout: Read (1) buffered : 1 bytes. Window: 1256744
nc DEBUG: SSH: ssh_channel_read_timeout: Read (179) buffered : 0 bytes. Window: 1256744
nc DEBUG: SSH: ssh_packet_socket_callback: packet: read type 94 [len=200,padding=11,comp=188,payload=188]
nc DEBUG: SSH: ssh_packet_process: Dispatching handler for packet type 94
nc DEBUG: SSH: channel_rcv_data: Channel receiving 179 bytes data in 0 (local win=1256744 remote win=1273654)
nc DEBUG: SSH: channel_default_bufferize: placing 179 bytes into channel buffer (stdout)
nc DEBUG: SSH: channel_rcv_data: Channel windows are now (local win=1256565 remote win=1273654)
nc DEBUG: SSH: ssh_packet_need_rekey: rekey: [data_rekey_needed=0, out_blocks=863, in_blocks=3428]
nc DEBUG: SSH: ssh_channel_read_timeout: Read (2) buffered : 0 bytes. Window: 1256565
nc DEBUG: SSH: ssh_packet_socket_callback: packet: read type 94 [len=24,padding=10,comp=13,payload=13]
nc DEBUG: SSH: ssh_packet_process: Dispatching handler for packet type 94
nc DEBUG: SSH: channel_rcv_data: Channel receiving 4 bytes data in 0 (local win=1256565 remote win=1273654)
nc DEBUG: SSH: channel_default_bufferize: placing 4 bytes into channel buffer (stdout)
nc DEBUG: SSH: channel_rcv_data: Channel windows are now (local win=1256561 remote win=1273654)
nc DEBUG: SSH: ssh_packet_need_rekey: rekey: [data_rekey_needed=0, out_blocks=863, in_blocks=3429]
nc DEBUG: SSH: ssh_channel_read_timeout: Read (1) buffered : 2 bytes. Window: 1256561
nc DEBUG: SSH: ssh_channel_read_timeout: Read (1) buffered : 1 bytes. Window: 1256561
nc DEBUG: Received message:
<rpc-reply xmlns="urn:ietf:params:xml:ns:netconf:base:1.0" message-id="22"><next-update-at xmlns="urn:o-ran:supervision:1.0">2026-04-14T11:02:22+00:00</next-update-at></rpc-reply>

DATA
<next-update-at xmlns="urn:o-ran:supervision:1.0">2026-04-14T20:02:22+09:00</next-update-at>

nc DEBUG: Received message:
<notification xmlns="urn:ietf:params:xml:ns:netconf:notification:1.0"><eventTime>2026-04-14T11:02:22Z</eventTime><supervision-notification xmlns="urn:o-ran:supervision:1.0"/></notification>

notification (2026-04-14T11:02:22Z)
<supervision-notification xmlns="urn:o-ran:supervision:1.0"/>

Client SENT :  user-rpc --content /mplane_automation/conformance_test/watchdog.xml
nc DEBUG: Sending message:

#286


nc DEBUG: SSH: ssh_packet_need_rekey: rekey: [data_rekey_needed=0, out_blocks=864, in_blocks=3456]
nc DEBUG: SSH: ssh_socket_unbuffered_write: Enabling POLLOUT for socket
nc DEBUG: SSH: packet_send2: packet: wrote [type=94, len=24, padding_size=8, comp=15, payload=15]
nc DEBUG: SSH: channel_write_common: ssh_channel_write wrote 6 bytes
nc DEBUG: Sending message:
<rpc xmlns="urn:ietf:params:xml:ns:netconf:base:1.0" message-id="23"><supervision-watchdog-reset xmlns="urn:o-ran:supervision:1.0"><supervision-notification-interval>10</supervision-notification-interval><guard-timer-overhead>10</guard-timer-overhead></supervision-watchdog-reset></rpc>

nc DEBUG: SSH: ssh_packet_need_rekey: rekey: [data_rekey_needed=0, out_blocks=900, in_blocks=3491]
nc DEBUG: SSH: packet_send2: packet: wrote [type=94, len=304, padding_size=8, comp=295, payload=295]
nc DEBUG: SSH: channel_write_common: ssh_channel_write wrote 286 bytes
nc DEBUG: SSH: ssh_socket_unbuffered_write: Enabling POLLOUT for socket
nc DEBUG: Sending message:

##


nc DEBUG: SSH: ssh_packet_need_rekey: rekey: [data_rekey_needed=0, out_blocks=901, in_blocks=3456]
nc DEBUG: SSH: packet_send2: packet: wrote [type=94, len=24, padding_size=10, comp=13, payload=13]
nc DEBUG: SSH: channel_write_common: ssh_channel_write wrote 4 bytes
nc DEBUG: SSH: ssh_socket_unbuffered_write: Enabling POLLOUT for socket
nc DEBUG: SSH: ssh_packet_socket_callback: packet: read type 94 [len=24,padding=8,comp=15,payload=15]
nc DEBUG: SSH: ssh_packet_process: Dispatching handler for packet type 94
nc DEBUG: SSH: channel_rcv_data: Channel receiving 6 bytes data in 0 (local win=1256362 remote win=1273358)
nc DEBUG: SSH: channel_default_bufferize: placing 6 bytes into channel buffer (stdout)
nc DEBUG: SSH: channel_rcv_data: Channel windows are now (local win=1256356 remote win=1273358)
nc DEBUG: SSH: ssh_packet_need_rekey: rekey: [data_rekey_needed=0, out_blocks=901, in_blocks=3456]
nc DEBUG: SSH: ssh_channel_read_timeout: Read (2) buffered : 6 bytes. Window: 1256356
nc DEBUG: SSH: ssh_channel_read_timeout: Read (1) buffered : 4 bytes. Window: 1256356
nc DEBUG: SSH: ssh_channel_read_timeout: Read (1) buffered : 3 bytes. Window: 1256356
nc DEBUG: SSH: ssh_channel_read_timeout: Read (1) buffered : 2 bytes. Window: 1256356
nc DEBUG: SSH: ssh_channel_read_timeout: Read (1) buffered : 1 bytes. Window: 1256356
nc DEBUG: SSH: ssh_channel_read_timeout: Read (179) buffered : 0 bytes. Window: 1256356
nc DEBUG: SSH: ssh_packet_socket_callback: packet: read type 94 [len=200,padding=11,comp=188,payload=188]
nc DEBUG: SSH: ssh_packet_process: Dispatching handler for packet type 94
nc DEBUG: SSH: channel_rcv_data: Channel receiving 179 bytes data in 0 (local win=1256356 remote win=1273358)
nc DEBUG: SSH: channel_default_bufferize: placing 179 bytes into channel buffer (stdout)
nc DEBUG: SSH: channel_rcv_data: Channel windows are now (local win=1256177 remote win=1273358)
nc DEBUG: SSH: ssh_packet_need_rekey: rekey: [data_rekey_needed=0, out_blocks=901, in_blocks=3479]
nc DEBUG: SSH: ssh_channel_read_timeout: Read (2) buffered : 0 bytes. Window: 1256177
nc DEBUG: SSH: ssh_channel_read_timeout: Read (2) buffered : 0 bytes. Window: 1256177
nc DEBUG: SSH: ssh_packet_socket_callback: packet: read type 94 [len=24,padding=10,comp=13,payload=13]
nc DEBUG: SSH: ssh_packet_process: Dispatching handler for packet type 94
nc DEBUG: SSH: channel_rcv_data: Channel receiving 4 bytes data in 0 (local win=1256177 remote win=1273358)
nc DEBUG: SSH: channel_default_bufferize: placing 4 bytes into channel buffer (stdout)
nc DEBUG: SSH: channel_rcv_data: Channel windows are now (local win=1256173 remote win=1273358)
nc DEBUG: SSH: ssh_packet_need_rekey: rekey: [data_rekey_needed=0, out_blocks=901, in_blocks=3480]
nc DEBUG: SSH: ssh_channel_read_timeout: Read (1) buffered : 2 bytes. Window: 1256173
nc DEBUG: SSH: ssh_channel_read_timeout: Read (1) buffered : 1 bytes. Window: 1256173
nc DEBUG: Received message:
<rpc-reply xmlns="urn:ietf:params:xml:ns:netconf:base:1.0" message-id="23"><next-update-at xmlns="urn:o-ran:supervision:1.0">2026-04-14T11:02:32+00:00</next-update-at></rpc-reply>

DATA
<next-update-at xmlns="urn:o-ran:supervision:1.0">2026-04-14T20:02:32+09:00</next-update-at>

nc DEBUG: Received message:
<notification xmlns="urn:ietf:params:xml:ns:netconf:notification:1.0"><eventTime>2026-04-14T11:02:32Z</eventTime><supervision-notification xmlns="urn:o-ran:supervision:1.0"/></notification>

notification (2026-04-14T11:02:32Z)
<supervision-notification xmlns="urn:o-ran:supervision:1.0"/>

Client SENT :  user-rpc --content /mplane_automation/conformance_test/watchdog.xml
nc DEBUG: Sending message:

#286


nc DEBUG: SSH: ssh_packet_need_rekey: rekey: [data_rekey_needed=0, out_blocks=902, in_blocks=3507]
nc DEBUG: SSH: ssh_socket_unbuffered_write: Enabling POLLOUT for socket
nc DEBUG: SSH: packet_send2: packet: wrote [type=94, len=24, padding_size=8, comp=15, payload=15]
nc DEBUG: SSH: channel_write_common: ssh_channel_write wrote 6 bytes
nc DEBUG: Sending message:
<rpc xmlns="urn:ietf:params:xml:ns:netconf:base:1.0" message-id="24"><supervision-watchdog-reset xmlns="urn:o-ran:supervision:1.0"><supervision-notification-interval>10</supervision-notification-interval><guard-timer-overhead>10</guard-timer-overhead></supervision-watchdog-reset></rpc>

nc DEBUG: SSH: ssh_packet_need_rekey: rekey: [data_rekey_needed=0, out_blocks=938, in_blocks=3542]
nc DEBUG: SSH: packet_send2: packet: wrote [type=94, len=304, padding_size=8, comp=295, payload=295]
nc DEBUG: SSH: channel_write_common: ssh_channel_write wrote 286 bytes
nc DEBUG: SSH: ssh_socket_unbuffered_write: Enabling POLLOUT for socket
nc DEBUG: Sending message:

##


nc DEBUG: SSH: ssh_packet_need_rekey: rekey: [data_rekey_needed=0, out_blocks=939, in_blocks=3507]
nc DEBUG: SSH: packet_send2: packet: wrote [type=94, len=24, padding_size=10, comp=13, payload=13]
nc DEBUG: SSH: channel_write_common: ssh_channel_write wrote 4 bytes
nc DEBUG: SSH: ssh_socket_unbuffered_write: Enabling POLLOUT for socket
nc DEBUG: SSH: ssh_packet_socket_callback: packet: read type 94 [len=24,padding=8,comp=15,payload=15]
nc DEBUG: SSH: ssh_packet_process: Dispatching handler for packet type 94
nc DEBUG: SSH: channel_rcv_data: Channel receiving 6 bytes data in 0 (local win=1255974 remote win=1273062)
nc DEBUG: SSH: channel_default_bufferize: placing 6 bytes into channel buffer (stdout)
nc DEBUG: SSH: channel_rcv_data: Channel windows are now (local win=1255968 remote win=1273062)
nc DEBUG: SSH: ssh_packet_need_rekey: rekey: [data_rekey_needed=0, out_blocks=939, in_blocks=3507]
nc DEBUG: SSH: ssh_channel_read_timeout: Read (2) buffered : 6 bytes. Window: 1255968
nc DEBUG: SSH: ssh_channel_read_timeout: Read (1) buffered : 4 bytes. Window: 1255968
nc DEBUG: SSH: ssh_channel_read_timeout: Read (1) buffered : 3 bytes. Window: 1255968
nc DEBUG: SSH: ssh_channel_read_timeout: Read (1) buffered : 2 bytes. Window: 1255968
nc DEBUG: SSH: ssh_channel_read_timeout: Read (1) buffered : 1 bytes. Window: 1255968
nc DEBUG: SSH: ssh_channel_read_timeout: Read (179) buffered : 0 bytes. Window: 1255968
nc DEBUG: SSH: ssh_channel_read_timeout: Read (179) buffered : 0 bytes. Window: 1255968
nc DEBUG: SSH: ssh_packet_socket_callback: packet: read type 94 [len=200,padding=11,comp=188,payload=188]
nc DEBUG: SSH: ssh_packet_process: Dispatching handler for packet type 94
nc DEBUG: SSH: channel_rcv_data: Channel receiving 179 bytes data in 0 (local win=1255968 remote win=1273062)
nc DEBUG: SSH: channel_default_bufferize: placing 179 bytes into channel buffer (stdout)
nc DEBUG: SSH: channel_rcv_data: Channel windows are now (local win=1255789 remote win=1273062)
nc DEBUG: SSH: ssh_packet_need_rekey: rekey: [data_rekey_needed=0, out_blocks=939, in_blocks=3530]
nc DEBUG: SSH: ssh_channel_read_timeout: Read (2) buffered : 0 bytes. Window: 1255789
nc DEBUG: SSH: ssh_packet_socket_callback: packet: read type 94 [len=24,padding=10,comp=13,payload=13]
nc DEBUG: SSH: ssh_packet_process: Dispatching handler for packet type 94
nc DEBUG: SSH: channel_rcv_data: Channel receiving 4 bytes data in 0 (local win=1255789 remote win=1273062)
nc DEBUG: SSH: channel_default_bufferize: placing 4 bytes into channel buffer (stdout)
nc DEBUG: SSH: channel_rcv_data: Channel windows are now (local win=1255785 remote win=1273062)
nc DEBUG: SSH: ssh_packet_need_rekey: rekey: [data_rekey_needed=0, out_blocks=939, in_blocks=3531]
nc DEBUG: SSH: ssh_channel_read_timeout: Read (1) buffered : 2 bytes. Window: 1255785
nc DEBUG: SSH: ssh_channel_read_timeout: Read (1) buffered : 1 bytes. Window: 1255785
nc DEBUG: Received message:
<rpc-reply xmlns="urn:ietf:params:xml:ns:netconf:base:1.0" message-id="24"><next-update-at xmlns="urn:o-ran:supervision:1.0">2026-04-14T11:02:42+00:00</next-update-at></rpc-reply>

DATA
<next-update-at xmlns="urn:o-ran:supervision:1.0">2026-04-14T20:02:42+09:00</next-update-at>

nc DEBUG: Received message:
<notification xmlns="urn:ietf:params:xml:ns:netconf:notification:1.0"><eventTime>2026-04-14T11:02:42Z</eventTime><supervision-notification xmlns="urn:o-ran:supervision:1.0"/></notification>

notification (2026-04-14T11:02:42Z)
<supervision-notification xmlns="urn:o-ran:supervision:1.0"/>

Client SENT :  user-rpc --content /mplane_automation/conformance_test/watchdog.xml
nc DEBUG: Sending message:

#286


nc DEBUG: SSH: ssh_packet_need_rekey: rekey: [data_rekey_needed=0, out_blocks=940, in_blocks=3558]
nc DEBUG: SSH: ssh_socket_unbuffered_write: Enabling POLLOUT for socket
nc DEBUG: SSH: packet_send2: packet: wrote [type=94, len=24, padding_size=8, comp=15, payload=15]
nc DEBUG: SSH: channel_write_common: ssh_channel_write wrote 6 bytes
nc DEBUG: Sending message:
<rpc xmlns="urn:ietf:params:xml:ns:netconf:base:1.0" message-id="25"><supervision-watchdog-reset xmlns="urn:o-ran:supervision:1.0"><supervision-notification-interval>10</supervision-notification-interval><guard-timer-overhead>10</guard-timer-overhead></supervision-watchdog-reset></rpc>

nc DEBUG: SSH: ssh_packet_need_rekey: rekey: [data_rekey_needed=0, out_blocks=976, in_blocks=3593]
nc DEBUG: SSH: packet_send2: packet: wrote [type=94, len=304, padding_size=8, comp=295, payload=295]
nc DEBUG: SSH: channel_write_common: ssh_channel_write wrote 286 bytes
nc DEBUG: SSH: ssh_socket_unbuffered_write: Enabling POLLOUT for socket
nc DEBUG: Sending message:

##


nc DEBUG: SSH: ssh_packet_need_rekey: rekey: [data_rekey_needed=0, out_blocks=977, in_blocks=3558]
nc DEBUG: SSH: packet_send2: packet: wrote [type=94, len=24, padding_size=10, comp=13, payload=13]
nc DEBUG: SSH: channel_write_common: ssh_channel_write wrote 4 bytes
nc DEBUG: SSH: ssh_socket_unbuffered_write: Enabling POLLOUT for socket
nc DEBUG: SSH: ssh_packet_socket_callback: packet: read type 94 [len=24,padding=8,comp=15,payload=15]
nc DEBUG: SSH: ssh_packet_process: Dispatching handler for packet type 94
nc DEBUG: SSH: channel_rcv_data: Channel receiving 6 bytes data in 0 (local win=1255586 remote win=1272766)
nc DEBUG: SSH: channel_default_bufferize: placing 6 bytes into channel buffer (stdout)
nc DEBUG: SSH: channel_rcv_data: Channel windows are now (local win=1255580 remote win=1272766)
nc DEBUG: SSH: ssh_packet_need_rekey: rekey: [data_rekey_needed=0, out_blocks=977, in_blocks=3558]
nc DEBUG: SSH: ssh_channel_read_timeout: Read (2) buffered : 6 bytes. Window: 1255580
nc DEBUG: SSH: ssh_channel_read_timeout: Read (1) buffered : 4 bytes. Window: 1255580
nc DEBUG: SSH: ssh_channel_read_timeout: Read (1) buffered : 3 bytes. Window: 1255580
nc DEBUG: SSH: ssh_channel_read_timeout: Read (1) buffered : 2 bytes. Window: 1255580
nc DEBUG: SSH: ssh_channel_read_timeout: Read (1) buffered : 1 bytes. Window: 1255580
nc DEBUG: SSH: ssh_channel_read_timeout: Read (179) buffered : 0 bytes. Window: 1255580
nc DEBUG: SSH: ssh_packet_socket_callback: packet: read type 94 [len=200,padding=11,comp=188,payload=188]
nc DEBUG: SSH: ssh_packet_process: Dispatching handler for packet type 94
nc DEBUG: SSH: channel_rcv_data: Channel receiving 179 bytes data in 0 (local win=1255580 remote win=1272766)
nc DEBUG: SSH: channel_default_bufferize: placing 179 bytes into channel buffer (stdout)
nc DEBUG: SSH: channel_rcv_data: Channel windows are now (local win=1255401 remote win=1272766)
nc DEBUG: SSH: ssh_packet_socket_callback: Processing 44 bytes left in socket buffer
nc DEBUG: SSH: ssh_packet_socket_callback: packet: read type 94 [len=24,padding=10,comp=13,payload=13]
nc DEBUG: SSH: ssh_packet_process: Dispatching handler for packet type 94
nc DEBUG: SSH: channel_rcv_data: Channel receiving 4 bytes data in 0 (local win=1255401 remote win=1272766)
nc DEBUG: SSH: channel_default_bufferize: placing 4 bytes into channel buffer (stdout)
nc DEBUG: SSH: channel_rcv_data: Channel windows are now (local win=1255397 remote win=1272766)
nc DEBUG: SSH: ssh_packet_need_rekey: rekey: [data_rekey_needed=0, out_blocks=977, in_blocks=3582]
nc DEBUG: SSH: ssh_packet_need_rekey: rekey: [data_rekey_needed=0, out_blocks=977, in_blocks=3582]
nc DEBUG: SSH: ssh_channel_read_timeout: Read (2) buffered : 4 bytes. Window: 1255397
nc DEBUG: SSH: ssh_channel_read_timeout: Read (1) buffered : 2 bytes. Window: 1255397
nc DEBUG: SSH: ssh_channel_read_timeout: Read (1) buffered : 1 bytes. Window: 1255397
nc DEBUG: Received message:
<rpc-reply xmlns="urn:ietf:params:xml:ns:netconf:base:1.0" message-id="25"><next-update-at xmlns="urn:o-ran:supervision:1.0">2026-04-14T11:02:52+00:00</next-update-at></rpc-reply>

DATA
<next-update-at xmlns="urn:o-ran:supervision:1.0">2026-04-14T20:02:52+09:00</next-update-at>

nc DEBUG: Received message:
<notification xmlns="urn:ietf:params:xml:ns:netconf:notification:1.0"><eventTime>2026-04-14T11:02:52Z</eventTime><supervision-notification xmlns="urn:o-ran:supervision:1.0"/></notification>

notification (2026-04-14T11:02:52Z)
<supervision-notification xmlns="urn:o-ran:supervision:1.0"/>

Client SENT :  user-rpc --content /mplane_automation/conformance_test/watchdog.xml
nc DEBUG: Sending message:

#286


nc DEBUG: SSH: ssh_packet_need_rekey: rekey: [data_rekey_needed=0, out_blocks=978, in_blocks=3609]
nc DEBUG: SSH: ssh_socket_unbuffered_write: Enabling POLLOUT for socket
nc DEBUG: SSH: packet_send2: packet: wrote [type=94, len=24, padding_size=8, comp=15, payload=15]
nc DEBUG: SSH: channel_write_common: ssh_channel_write wrote 6 bytes
nc DEBUG: Sending message:
<rpc xmlns="urn:ietf:params:xml:ns:netconf:base:1.0" message-id="26"><supervision-watchdog-reset xmlns="urn:o-ran:supervision:1.0"><supervision-notification-interval>10</supervision-notification-interval><guard-timer-overhead>10</guard-timer-overhead></supervision-watchdog-reset></rpc>

nc DEBUG: SSH: ssh_packet_need_rekey: rekey: [data_rekey_needed=0, out_blocks=1014, in_blocks=3644]
nc DEBUG: SSH: packet_send2: packet: wrote [type=94, len=304, padding_size=8, comp=295, payload=295]
nc DEBUG: SSH: channel_write_common: ssh_channel_write wrote 286 bytes
nc DEBUG: SSH: ssh_socket_unbuffered_write: Enabling POLLOUT for socket
nc DEBUG: Sending message:

##


nc DEBUG: SSH: ssh_packet_need_rekey: rekey: [data_rekey_needed=0, out_blocks=1015, in_blocks=3609]
nc DEBUG: SSH: packet_send2: packet: wrote [type=94, len=24, padding_size=10, comp=13, payload=13]
nc DEBUG: SSH: channel_write_common: ssh_channel_write wrote 4 bytes
nc DEBUG: SSH: ssh_socket_unbuffered_write: Enabling POLLOUT for socket
nc DEBUG: SSH: ssh_packet_socket_callback: packet: read type 94 [len=24,padding=8,comp=15,payload=15]
nc DEBUG: SSH: ssh_packet_process: Dispatching handler for packet type 94
nc DEBUG: SSH: channel_rcv_data: Channel receiving 6 bytes data in 0 (local win=1255198 remote win=1272470)
nc DEBUG: SSH: channel_default_bufferize: placing 6 bytes into channel buffer (stdout)
nc DEBUG: SSH: channel_rcv_data: Channel windows are now (local win=1255192 remote win=1272470)
nc DEBUG: SSH: ssh_packet_socket_callback: Processing 220 bytes left in socket buffer
nc DEBUG: SSH: ssh_packet_socket_callback: packet: read type 94 [len=200,padding=11,comp=188,payload=188]
nc DEBUG: SSH: ssh_packet_process: Dispatching handler for packet type 94
nc DEBUG: SSH: channel_rcv_data: Channel receiving 179 bytes data in 0 (local win=1255192 remote win=1272470)
nc DEBUG: SSH: channel_default_bufferize: placing 179 bytes into channel buffer (stdout)
nc DEBUG: SSH: channel_rcv_data: Channel windows are now (local win=1255013 remote win=1272470)
nc DEBUG: SSH: ssh_packet_need_rekey: rekey: [data_rekey_needed=0, out_blocks=1015, in_blocks=3632]
nc DEBUG: SSH: ssh_packet_need_rekey: rekey: [data_rekey_needed=0, out_blocks=1015, in_blocks=3632]
nc DEBUG: SSH: ssh_channel_read_timeout: Read (2) buffered : 185 bytes. Window: 1255013
nc DEBUG: SSH: ssh_channel_read_timeout: Read (1) buffered : 183 bytes. Window: 1255013
nc DEBUG: SSH: ssh_channel_read_timeout: Read (1) buffered : 182 bytes. Window: 1255013
nc DEBUG: SSH: ssh_channel_read_timeout: Read (1) buffered : 181 bytes. Window: 1255013
nc DEBUG: SSH: ssh_channel_read_timeout: Read (1) buffered : 180 bytes. Window: 1255013
nc DEBUG: SSH: ssh_channel_read_timeout: Read (179) buffered : 179 bytes. Window: 1255013
nc DEBUG: SSH: ssh_channel_read_timeout: Read (2) buffered : 0 bytes. Window: 1255013
nc DEBUG: SSH: ssh_packet_socket_callback: packet: read type 94 [len=24,padding=10,comp=13,payload=13]
nc DEBUG: SSH: ssh_packet_process: Dispatching handler for packet type 94
nc DEBUG: SSH: channel_rcv_data: Channel receiving 4 bytes data in 0 (local win=1255013 remote win=1272470)
nc DEBUG: SSH: channel_default_bufferize: placing 4 bytes into channel buffer (stdout)
nc DEBUG: SSH: channel_rcv_data: Channel windows are now (local win=1255009 remote win=1272470)
nc DEBUG: SSH: ssh_packet_need_rekey: rekey: [data_rekey_needed=0, out_blocks=1015, in_blocks=3633]
nc DEBUG: SSH: ssh_channel_read_timeout: Read (1) buffered : 2 bytes. Window: 1255009
nc DEBUG: SSH: ssh_channel_read_timeout: Read (1) buffered : 1 bytes. Window: 1255009
nc DEBUG: Received message:
<rpc-reply xmlns="urn:ietf:params:xml:ns:netconf:base:1.0" message-id="26"><next-update-at xmlns="urn:o-ran:supervision:1.0">2026-04-14T11:03:02+00:00</next-update-at></rpc-reply>

DATA
<next-update-at xmlns="urn:o-ran:supervision:1.0">2026-04-14T20:03:02+09:00</next-update-at>

nc DEBUG: Received message:
<notification xmlns="urn:ietf:params:xml:ns:netconf:notification:1.0"><eventTime>2026-04-14T11:03:02Z</eventTime><supervision-notification xmlns="urn:o-ran:supervision:1.0"/></notification>

notification (2026-04-14T11:03:02Z)
<supervision-notification xmlns="urn:o-ran:supervision:1.0"/>

Client SENT :  user-rpc --content /mplane_automation/conformance_test/watchdog.xml
nc DEBUG: Sending message:

#286


nc DEBUG: SSH: ssh_packet_need_rekey: rekey: [data_rekey_needed=0, out_blocks=1016, in_blocks=3660]
nc DEBUG: SSH: ssh_socket_unbuffered_write: Enabling POLLOUT for socket
nc DEBUG: SSH: packet_send2: packet: wrote [type=94, len=24, padding_size=8, comp=15, payload=15]
nc DEBUG: SSH: channel_write_common: ssh_channel_write wrote 6 bytes
nc DEBUG: Sending message:
<rpc xmlns="urn:ietf:params:xml:ns:netconf:base:1.0" message-id="27"><supervision-watchdog-reset xmlns="urn:o-ran:supervision:1.0"><supervision-notification-interval>10</supervision-notification-interval><guard-timer-overhead>10</guard-timer-overhead></supervision-watchdog-reset></rpc>

nc DEBUG: SSH: ssh_packet_need_rekey: rekey: [data_rekey_needed=0, out_blocks=1052, in_blocks=3695]
nc DEBUG: SSH: packet_send2: packet: wrote [type=94, len=304, padding_size=8, comp=295, payload=295]
nc DEBUG: SSH: channel_write_common: ssh_channel_write wrote 286 bytes
nc DEBUG: SSH: ssh_socket_unbuffered_write: Enabling POLLOUT for socket
nc DEBUG: Sending message:

##


nc DEBUG: SSH: ssh_packet_need_rekey: rekey: [data_rekey_needed=0, out_blocks=1053, in_blocks=3660]
nc DEBUG: SSH: packet_send2: packet: wrote [type=94, len=24, padding_size=10, comp=13, payload=13]
nc DEBUG: SSH: channel_write_common: ssh_channel_write wrote 4 bytes
nc DEBUG: SSH: ssh_socket_unbuffered_write: Enabling POLLOUT for socket
nc DEBUG: SSH: ssh_packet_socket_callback: packet: read type 94 [len=24,padding=8,comp=15,payload=15]
nc DEBUG: SSH: ssh_packet_process: Dispatching handler for packet type 94
nc DEBUG: SSH: channel_rcv_data: Channel receiving 6 bytes data in 0 (local win=1254810 remote win=1272174)
nc DEBUG: SSH: channel_default_bufferize: placing 6 bytes into channel buffer (stdout)
nc DEBUG: SSH: channel_rcv_data: Channel windows are now (local win=1254804 remote win=1272174)
nc DEBUG: SSH: ssh_packet_socket_callback: Processing 220 bytes left in socket buffer
nc DEBUG: SSH: ssh_packet_socket_callback: packet: read type 94 [len=200,padding=11,comp=188,payload=188]
nc DEBUG: SSH: ssh_packet_process: Dispatching handler for packet type 94
nc DEBUG: SSH: channel_rcv_data: Channel receiving 179 bytes data in 0 (local win=1254804 remote win=1272174)
nc DEBUG: SSH: channel_default_bufferize: placing 179 bytes into channel buffer (stdout)
nc DEBUG: SSH: channel_rcv_data: Channel windows are now (local win=1254625 remote win=1272174)
nc DEBUG: SSH: ssh_packet_need_rekey: rekey: [data_rekey_needed=0, out_blocks=1053, in_blocks=3683]
nc DEBUG: SSH: ssh_packet_need_rekey: rekey: [data_rekey_needed=0, out_blocks=1053, in_blocks=3683]
nc DEBUG: SSH: ssh_channel_read_timeout: Read (2) buffered : 185 bytes. Window: 1254625
nc DEBUG: SSH: ssh_channel_read_timeout: Read (1) buffered : 183 bytes. Window: 1254625
nc DEBUG: SSH: ssh_channel_read_timeout: Read (1) buffered : 182 bytes. Window: 1254625
nc DEBUG: SSH: ssh_channel_read_timeout: Read (1) buffered : 181 bytes. Window: 1254625
nc DEBUG: SSH: ssh_channel_read_timeout: Read (1) buffered : 180 bytes. Window: 1254625
nc DEBUG: SSH: ssh_channel_read_timeout: Read (179) buffered : 179 bytes. Window: 1254625
nc DEBUG: SSH: ssh_channel_read_timeout: Read (2) buffered : 0 bytes. Window: 1254625
nc DEBUG: SSH: ssh_packet_socket_callback: packet: read type 94 [len=24,padding=10,comp=13,payload=13]
nc DEBUG: SSH: ssh_packet_process: Dispatching handler for packet type 94
nc DEBUG: SSH: channel_rcv_data: Channel receiving 4 bytes data in 0 (local win=1254625 remote win=1272174)
nc DEBUG: SSH: channel_default_bufferize: placing 4 bytes into channel buffer (stdout)
nc DEBUG: SSH: channel_rcv_data: Channel windows are now (local win=1254621 remote win=1272174)
nc DEBUG: SSH: ssh_packet_need_rekey: rekey: [data_rekey_needed=0, out_blocks=1053, in_blocks=3684]
nc DEBUG: SSH: ssh_channel_read_timeout: Read (1) buffered : 2 bytes. Window: 1254621
nc DEBUG: SSH: ssh_channel_read_timeout: Read (1) buffered : 1 bytes. Window: 1254621
nc DEBUG: Received message:
<rpc-reply xmlns="urn:ietf:params:xml:ns:netconf:base:1.0" message-id="27"><next-update-at xmlns="urn:o-ran:supervision:1.0">2026-04-14T11:03:12+00:00</next-update-at></rpc-reply>

DATA
<next-update-at xmlns="urn:o-ran:supervision:1.0">2026-04-14T20:03:12+09:00</next-update-at>

nc DEBUG: Received message:
<notification xmlns="urn:ietf:params:xml:ns:netconf:notification:1.0"><eventTime>2026-04-14T11:03:12Z</eventTime><supervision-notification xmlns="urn:o-ran:supervision:1.0"/></notification>

notification (2026-04-14T11:03:12Z)
<supervision-notification xmlns="urn:o-ran:supervision:1.0"/>

Client SENT :  user-rpc --content /mplane_automation/conformance_test/watchdog.xml
nc DEBUG: Sending message:

#286


nc DEBUG: SSH: ssh_packet_need_rekey: rekey: [data_rekey_needed=0, out_blocks=1054, in_blocks=3711]
nc DEBUG: SSH: ssh_socket_unbuffered_write: Enabling POLLOUT for socket
nc DEBUG: SSH: packet_send2: packet: wrote [type=94, len=24, padding_size=8, comp=15, payload=15]
nc DEBUG: SSH: channel_write_common: ssh_channel_write wrote 6 bytes
nc DEBUG: Sending message:
<rpc xmlns="urn:ietf:params:xml:ns:netconf:base:1.0" message-id="28"><supervision-watchdog-reset xmlns="urn:o-ran:supervision:1.0"><supervision-notification-interval>10</supervision-notification-interval><guard-timer-overhead>10</guard-timer-overhead></supervision-watchdog-reset></rpc>

nc DEBUG: SSH: ssh_packet_need_rekey: rekey: [data_rekey_needed=0, out_blocks=1090, in_blocks=3746]
nc DEBUG: SSH: packet_send2: packet: wrote [type=94, len=304, padding_size=8, comp=295, payload=295]
nc DEBUG: SSH: channel_write_common: ssh_channel_write wrote 286 bytes
nc DEBUG: SSH: ssh_socket_unbuffered_write: Enabling POLLOUT for socket
nc DEBUG: Sending message:

##


nc DEBUG: SSH: ssh_packet_need_rekey: rekey: [data_rekey_needed=0, out_blocks=1091, in_blocks=3711]
nc DEBUG: SSH: packet_send2: packet: wrote [type=94, len=24, padding_size=10, comp=13, payload=13]
nc DEBUG: SSH: channel_write_common: ssh_channel_write wrote 4 bytes
nc DEBUG: SSH: ssh_socket_unbuffered_write: Enabling POLLOUT for socket
nc DEBUG: SSH: ssh_packet_socket_callback: packet: read type 94 [len=24,padding=8,comp=15,payload=15]
nc DEBUG: SSH: ssh_packet_process: Dispatching handler for packet type 94
nc DEBUG: SSH: channel_rcv_data: Channel receiving 6 bytes data in 0 (local win=1254422 remote win=1271878)
nc DEBUG: SSH: channel_default_bufferize: placing 6 bytes into channel buffer (stdout)
nc DEBUG: SSH: channel_rcv_data: Channel windows are now (local win=1254416 remote win=1271878)
nc DEBUG: SSH: ssh_packet_socket_callback: Processing 220 bytes left in socket buffer
nc DEBUG: SSH: ssh_packet_socket_callback: packet: read type 94 [len=200,padding=11,comp=188,payload=188]
nc DEBUG: SSH: ssh_packet_process: Dispatching handler for packet type 94
nc DEBUG: SSH: channel_rcv_data: Channel receiving 179 bytes data in 0 (local win=1254416 remote win=1271878)
nc DEBUG: SSH: channel_default_bufferize: placing 179 bytes into channel buffer (stdout)
nc DEBUG: SSH: channel_rcv_data: Channel windows are now (local win=1254237 remote win=1271878)
nc DEBUG: SSH: ssh_packet_need_rekey: rekey: [data_rekey_needed=0, out_blocks=1091, in_blocks=3734]
nc DEBUG: SSH: ssh_packet_need_rekey: rekey: [data_rekey_needed=0, out_blocks=1091, in_blocks=3734]
nc DEBUG: SSH: ssh_channel_read_timeout: Read (2) buffered : 185 bytes. Window: 1254237
nc DEBUG: SSH: ssh_channel_read_timeout: Read (1) buffered : 183 bytes. Window: 1254237
nc DEBUG: SSH: ssh_channel_read_timeout: Read (1) buffered : 182 bytes. Window: 1254237
nc DEBUG: SSH: ssh_channel_read_timeout: Read (1) buffered : 181 bytes. Window: 1254237
nc DEBUG: SSH: ssh_channel_read_timeout: Read (1) buffered : 180 bytes. Window: 1254237
nc DEBUG: SSH: ssh_channel_read_timeout: Read (179) buffered : 179 bytes. Window: 1254237
nc DEBUG: SSH: ssh_channel_read_timeout: Read (2) buffered : 0 bytes. Window: 1254237
nc DEBUG: SSH: ssh_packet_socket_callback: packet: read type 94 [len=24,padding=10,comp=13,payload=13]
nc DEBUG: SSH: ssh_packet_process: Dispatching handler for packet type 94
nc DEBUG: SSH: channel_rcv_data: Channel receiving 4 bytes data in 0 (local win=1254237 remote win=1271878)
nc DEBUG: SSH: channel_default_bufferize: placing 4 bytes into channel buffer (stdout)
nc DEBUG: SSH: channel_rcv_data: Channel windows are now (local win=1254233 remote win=1271878)
nc DEBUG: SSH: ssh_packet_need_rekey: rekey: [data_rekey_needed=0, out_blocks=1091, in_blocks=3735]
nc DEBUG: SSH: ssh_channel_read_timeout: Read (1) buffered : 2 bytes. Window: 1254233
nc DEBUG: SSH: ssh_channel_read_timeout: Read (1) buffered : 1 bytes. Window: 1254233
nc DEBUG: Received message:
<rpc-reply xmlns="urn:ietf:params:xml:ns:netconf:base:1.0" message-id="28"><next-update-at xmlns="urn:o-ran:supervision:1.0">2026-04-14T11:03:22+00:00</next-update-at></rpc-reply>

DATA
<next-update-at xmlns="urn:o-ran:supervision:1.0">2026-04-14T20:03:22+09:00</next-update-at>

nc DEBUG: Received message:
<notification xmlns="urn:ietf:params:xml:ns:netconf:notification:1.0"><eventTime>2026-04-14T11:03:22Z</eventTime><supervision-notification xmlns="urn:o-ran:supervision:1.0"/></notification>

notification (2026-04-14T11:03:22Z)
<supervision-notification xmlns="urn:o-ran:supervision:1.0"/>

Client SENT :  user-rpc --content /mplane_automation/conformance_test/watchdog.xml
nc DEBUG: Sending message:

#286


nc DEBUG: SSH: ssh_packet_need_rekey: rekey: [data_rekey_needed=0, out_blocks=1092, in_blocks=3762]
nc DEBUG: SSH: ssh_socket_unbuffered_write: Enabling POLLOUT for socket
nc DEBUG: SSH: packet_send2: packet: wrote [type=94, len=24, padding_size=8, comp=15, payload=15]
nc DEBUG: SSH: channel_write_common: ssh_channel_write wrote 6 bytes
nc DEBUG: Sending message:
<rpc xmlns="urn:ietf:params:xml:ns:netconf:base:1.0" message-id="29"><supervision-watchdog-reset xmlns="urn:o-ran:supervision:1.0"><supervision-notification-interval>10</supervision-notification-interval><guard-timer-overhead>10</guard-timer-overhead></supervision-watchdog-reset></rpc>

nc DEBUG: SSH: ssh_packet_need_rekey: rekey: [data_rekey_needed=0, out_blocks=1128, in_blocks=3797]
nc DEBUG: SSH: packet_send2: packet: wrote [type=94, len=304, padding_size=8, comp=295, payload=295]
nc DEBUG: SSH: channel_write_common: ssh_channel_write wrote 286 bytes
nc DEBUG: SSH: ssh_socket_unbuffered_write: Enabling POLLOUT for socket
nc DEBUG: Sending message:

##


nc DEBUG: SSH: ssh_packet_need_rekey: rekey: [data_rekey_needed=0, out_blocks=1129, in_blocks=3762]
nc DEBUG: SSH: packet_send2: packet: wrote [type=94, len=24, padding_size=10, comp=13, payload=13]
nc DEBUG: SSH: channel_write_common: ssh_channel_write wrote 4 bytes
nc DEBUG: SSH: ssh_socket_unbuffered_write: Enabling POLLOUT for socket
nc DEBUG: SSH: ssh_packet_socket_callback: packet: read type 94 [len=24,padding=8,comp=15,payload=15]
nc DEBUG: SSH: ssh_packet_process: Dispatching handler for packet type 94
nc DEBUG: SSH: channel_rcv_data: Channel receiving 6 bytes data in 0 (local win=1254034 remote win=1271582)
nc DEBUG: SSH: channel_default_bufferize: placing 6 bytes into channel buffer (stdout)
nc DEBUG: SSH: channel_rcv_data: Channel windows are now (local win=1254028 remote win=1271582)
nc DEBUG: SSH: ssh_packet_socket_callback: Processing 220 bytes left in socket buffer
nc DEBUG: SSH: ssh_packet_socket_callback: packet: read type 94 [len=200,padding=11,comp=188,payload=188]
nc DEBUG: SSH: ssh_packet_process: Dispatching handler for packet type 94
nc DEBUG: SSH: channel_rcv_data: Channel receiving 179 bytes data in 0 (local win=1254028 remote win=1271582)
nc DEBUG: SSH: channel_default_bufferize: placing 179 bytes into channel buffer (stdout)
nc DEBUG: SSH: channel_rcv_data: Channel windows are now (local win=1253849 remote win=1271582)
nc DEBUG: SSH: ssh_packet_need_rekey: rekey: [data_rekey_needed=0, out_blocks=1129, in_blocks=3785]
nc DEBUG: SSH: ssh_packet_need_rekey: rekey: [data_rekey_needed=0, out_blocks=1129, in_blocks=3785]
nc DEBUG: SSH: ssh_channel_read_timeout: Read (2) buffered : 185 bytes. Window: 1253849
nc DEBUG: SSH: ssh_channel_read_timeout: Read (1) buffered : 183 bytes. Window: 1253849
nc DEBUG: SSH: ssh_channel_read_timeout: Read (1) buffered : 182 bytes. Window: 1253849
nc DEBUG: SSH: ssh_channel_read_timeout: Read (1) buffered : 181 bytes. Window: 1253849
nc DEBUG: SSH: ssh_channel_read_timeout: Read (1) buffered : 180 bytes. Window: 1253849
nc DEBUG: SSH: ssh_channel_read_timeout: Read (179) buffered : 179 bytes. Window: 1253849
nc DEBUG: SSH: ssh_channel_read_timeout: Read (2) buffered : 0 bytes. Window: 1253849
nc DEBUG: SSH: ssh_packet_socket_callback: packet: read type 94 [len=24,padding=10,comp=13,payload=13]
nc DEBUG: SSH: ssh_packet_process: Dispatching handler for packet type 94
nc DEBUG: SSH: channel_rcv_data: Channel receiving 4 bytes data in 0 (local win=1253849 remote win=1271582)
nc DEBUG: SSH: channel_default_bufferize: placing 4 bytes into channel buffer (stdout)
nc DEBUG: SSH: channel_rcv_data: Channel windows are now (local win=1253845 remote win=1271582)
nc DEBUG: SSH: ssh_packet_need_rekey: rekey: [data_rekey_needed=0, out_blocks=1129, in_blocks=3786]
nc DEBUG: SSH: ssh_channel_read_timeout: Read (1) buffered : 2 bytes. Window: 1253845
nc DEBUG: SSH: ssh_channel_read_timeout: Read (1) buffered : 1 bytes. Window: 1253845
nc DEBUG: Received message:
<rpc-reply xmlns="urn:ietf:params:xml:ns:netconf:base:1.0" message-id="29"><next-update-at xmlns="urn:o-ran:supervision:1.0">2026-04-14T11:03:32+00:00</next-update-at></rpc-reply>

DATA
<next-update-at xmlns="urn:o-ran:supervision:1.0">2026-04-14T20:03:32+09:00</next-update-at>

nc DEBUG: Received message:
<notification xmlns="urn:ietf:params:xml:ns:netconf:notification:1.0"><eventTime>2026-04-14T11:03:32Z</eventTime><supervision-notification xmlns="urn:o-ran:supervision:1.0"/></notification>

notification (2026-04-14T11:03:32Z)
<supervision-notification xmlns="urn:o-ran:supervision:1.0"/>

Client SENT :  user-rpc --content /mplane_automation/conformance_test/watchdog.xml
nc DEBUG: Sending message:

#286


nc DEBUG: SSH: ssh_packet_need_rekey: rekey: [data_rekey_needed=0, out_blocks=1130, in_blocks=3813]
nc DEBUG: SSH: ssh_socket_unbuffered_write: Enabling POLLOUT for socket
nc DEBUG: SSH: packet_send2: packet: wrote [type=94, len=24, padding_size=8, comp=15, payload=15]
nc DEBUG: SSH: channel_write_common: ssh_channel_write wrote 6 bytes
nc DEBUG: Sending message:
<rpc xmlns="urn:ietf:params:xml:ns:netconf:base:1.0" message-id="30"><supervision-watchdog-reset xmlns="urn:o-ran:supervision:1.0"><supervision-notification-interval>10</supervision-notification-interval><guard-timer-overhead>10</guard-timer-overhead></supervision-watchdog-reset></rpc>

nc DEBUG: SSH: ssh_packet_need_rekey: rekey: [data_rekey_needed=0, out_blocks=1166, in_blocks=3848]
nc DEBUG: SSH: packet_send2: packet: wrote [type=94, len=304, padding_size=8, comp=295, payload=295]
nc DEBUG: SSH: channel_write_common: ssh_channel_write wrote 286 bytes
nc DEBUG: SSH: ssh_socket_unbuffered_write: Enabling POLLOUT for socket
nc DEBUG: Sending message:

##


nc DEBUG: SSH: ssh_packet_need_rekey: rekey: [data_rekey_needed=0, out_blocks=1167, in_blocks=3813]
nc DEBUG: SSH: packet_send2: packet: wrote [type=94, len=24, padding_size=10, comp=13, payload=13]
nc DEBUG: SSH: channel_write_common: ssh_channel_write wrote 4 bytes
nc DEBUG: SSH: ssh_socket_unbuffered_write: Enabling POLLOUT for socket
nc DEBUG: SSH: ssh_packet_socket_callback: packet: read type 94 [len=24,padding=8,comp=15,payload=15]
nc DEBUG: SSH: ssh_packet_process: Dispatching handler for packet type 94
nc DEBUG: SSH: channel_rcv_data: Channel receiving 6 bytes data in 0 (local win=1253646 remote win=1271286)
nc DEBUG: SSH: channel_default_bufferize: placing 6 bytes into channel buffer (stdout)
nc DEBUG: SSH: channel_rcv_data: Channel windows are now (local win=1253640 remote win=1271286)
nc DEBUG: SSH: ssh_packet_need_rekey: rekey: [data_rekey_needed=0, out_blocks=1167, in_blocks=3813]
nc DEBUG: SSH: ssh_channel_read_timeout: Read (2) buffered : 6 bytes. Window: 1253640
nc DEBUG: SSH: ssh_channel_read_timeout: Read (1) buffered : 4 bytes. Window: 1253640
nc DEBUG: SSH: ssh_channel_read_timeout: Read (1) buffered : 3 bytes. Window: 1253640
nc DEBUG: SSH: ssh_channel_read_timeout: Read (1) buffered : 2 bytes. Window: 1253640
nc DEBUG: SSH: ssh_channel_read_timeout: Read (1) buffered : 1 bytes. Window: 1253640
nc DEBUG: SSH: ssh_channel_read_timeout: Read (179) buffered : 0 bytes. Window: 1253640
nc DEBUG: SSH: ssh_packet_socket_callback: packet: read type 94 [len=200,padding=11,comp=188,payload=188]
nc DEBUG: SSH: ssh_packet_process: Dispatching handler for packet type 94
nc DEBUG: SSH: channel_rcv_data: Channel receiving 179 bytes data in 0 (local win=1253640 remote win=1271286)
nc DEBUG: SSH: channel_default_bufferize: placing 179 bytes into channel buffer (stdout)
nc DEBUG: SSH: channel_rcv_data: Channel windows are now (local win=1253461 remote win=1271286)
nc DEBUG: SSH: ssh_packet_socket_callback: Processing 44 bytes left in socket buffer
nc DEBUG: SSH: ssh_packet_socket_callback: packet: read type 94 [len=24,padding=10,comp=13,payload=13]
nc DEBUG: SSH: ssh_packet_process: Dispatching handler for packet type 94
nc DEBUG: SSH: channel_rcv_data: Channel receiving 4 bytes data in 0 (local win=1253461 remote win=1271286)
nc DEBUG: SSH: channel_default_bufferize: placing 4 bytes into channel buffer (stdout)
nc DEBUG: SSH: channel_rcv_data: Channel windows are now (local win=1253457 remote win=1271286)
nc DEBUG: SSH: ssh_packet_need_rekey: rekey: [data_rekey_needed=0, out_blocks=1167, in_blocks=3837]
nc DEBUG: SSH: ssh_packet_need_rekey: rekey: [data_rekey_needed=0, out_blocks=1167, in_blocks=3837]
nc DEBUG: SSH: ssh_channel_read_timeout: Read (2) buffered : 4 bytes. Window: 1253457
nc DEBUG: SSH: ssh_channel_read_timeout: Read (1) buffered : 2 bytes. Window: 1253457
nc DEBUG: SSH: ssh_channel_read_timeout: Read (1) buffered : 1 bytes. Window: 1253457
nc DEBUG: Received message:
<rpc-reply xmlns="urn:ietf:params:xml:ns:netconf:base:1.0" message-id="30"><next-update-at xmlns="urn:o-ran:supervision:1.0">2026-04-14T11:03:42+00:00</next-update-at></rpc-reply>

DATA
<next-update-at xmlns="urn:o-ran:supervision:1.0">2026-04-14T20:03:42+09:00</next-update-at>

nc DEBUG: Received message:
<notification xmlns="urn:ietf:params:xml:ns:netconf:notification:1.0"><eventTime>2026-04-14T11:03:42Z</eventTime><supervision-notification xmlns="urn:o-ran:supervision:1.0"/></notification>

notification (2026-04-14T11:03:42Z)
<supervision-notification xmlns="urn:o-ran:supervision:1.0"/>

Client SENT :  user-rpc --content /mplane_automation/conformance_test/watchdog.xml
nc DEBUG: Sending message:

#286


nc DEBUG: SSH: ssh_packet_need_rekey: rekey: [data_rekey_needed=0, out_blocks=1168, in_blocks=3864]
nc DEBUG: SSH: ssh_socket_unbuffered_write: Enabling POLLOUT for socket
nc DEBUG: SSH: packet_send2: packet: wrote [type=94, len=24, padding_size=8, comp=15, payload=15]
nc DEBUG: SSH: channel_write_common: ssh_channel_write wrote 6 bytes
nc DEBUG: Sending message:
<rpc xmlns="urn:ietf:params:xml:ns:netconf:base:1.0" message-id="31"><supervision-watchdog-reset xmlns="urn:o-ran:supervision:1.0"><supervision-notification-interval>10</supervision-notification-interval><guard-timer-overhead>10</guard-timer-overhead></supervision-watchdog-reset></rpc>

nc DEBUG: SSH: ssh_packet_need_rekey: rekey: [data_rekey_needed=0, out_blocks=1204, in_blocks=3899]
nc DEBUG: SSH: packet_send2: packet: wrote [type=94, len=304, padding_size=8, comp=295, payload=295]
nc DEBUG: SSH: channel_write_common: ssh_channel_write wrote 286 bytes
nc DEBUG: SSH: ssh_socket_unbuffered_write: Enabling POLLOUT for socket
nc DEBUG: Sending message:

##


nc DEBUG: SSH: ssh_packet_need_rekey: rekey: [data_rekey_needed=0, out_blocks=1205, in_blocks=3864]
nc DEBUG: SSH: packet_send2: packet: wrote [type=94, len=24, padding_size=10, comp=13, payload=13]
nc DEBUG: SSH: channel_write_common: ssh_channel_write wrote 4 bytes
nc DEBUG: SSH: ssh_socket_unbuffered_write: Enabling POLLOUT for socket
nc DEBUG: SSH: ssh_packet_socket_callback: packet: read type 94 [len=24,padding=8,comp=15,payload=15]
nc DEBUG: SSH: ssh_packet_process: Dispatching handler for packet type 94
nc DEBUG: SSH: channel_rcv_data: Channel receiving 6 bytes data in 0 (local win=1253258 remote win=1270990)
nc DEBUG: SSH: channel_default_bufferize: placing 6 bytes into channel buffer (stdout)
nc DEBUG: SSH: channel_rcv_data: Channel windows are now (local win=1253252 remote win=1270990)
nc DEBUG: SSH: ssh_packet_socket_callback: Processing 220 bytes left in socket buffer
nc DEBUG: SSH: ssh_packet_socket_callback: packet: read type 94 [len=200,padding=11,comp=188,payload=188]
nc DEBUG: SSH: ssh_packet_process: Dispatching handler for packet type 94
nc DEBUG: SSH: channel_rcv_data: Channel receiving 179 bytes data in 0 (local win=1253252 remote win=1270990)
nc DEBUG: SSH: channel_default_bufferize: placing 179 bytes into channel buffer (stdout)
nc DEBUG: SSH: channel_rcv_data: Channel windows are now (local win=1253073 remote win=1270990)
nc DEBUG: SSH: ssh_packet_need_rekey: rekey: [data_rekey_needed=0, out_blocks=1205, in_blocks=3887]
nc DEBUG: SSH: ssh_packet_need_rekey: rekey: [data_rekey_needed=0, out_blocks=1205, in_blocks=3887]
nc DEBUG: SSH: ssh_channel_read_timeout: Read (2) buffered : 185 bytes. Window: 1253073
nc DEBUG: SSH: ssh_channel_read_timeout: Read (1) buffered : 183 bytes. Window: 1253073
nc DEBUG: SSH: ssh_channel_read_timeout: Read (1) buffered : 182 bytes. Window: 1253073
nc DEBUG: SSH: ssh_channel_read_timeout: Read (1) buffered : 181 bytes. Window: 1253073
nc DEBUG: SSH: ssh_channel_read_timeout: Read (1) buffered : 180 bytes. Window: 1253073
nc DEBUG: SSH: ssh_channel_read_timeout: Read (179) buffered : 179 bytes. Window: 1253073
nc DEBUG: SSH: ssh_channel_read_timeout: Read (2) buffered : 0 bytes. Window: 1253073
nc DEBUG: SSH: ssh_packet_socket_callback: packet: read type 94 [len=24,padding=10,comp=13,payload=13]
nc DEBUG: SSH: ssh_packet_process: Dispatching handler for packet type 94
nc DEBUG: SSH: channel_rcv_data: Channel receiving 4 bytes data in 0 (local win=1253073 remote win=1270990)
nc DEBUG: SSH: channel_default_bufferize: placing 4 bytes into channel buffer (stdout)
nc DEBUG: SSH: channel_rcv_data: Channel windows are now (local win=1253069 remote win=1270990)
nc DEBUG: SSH: ssh_packet_need_rekey: rekey: [data_rekey_needed=0, out_blocks=1205, in_blocks=3888]
nc DEBUG: SSH: ssh_channel_read_timeout: Read (1) buffered : 2 bytes. Window: 1253069
nc DEBUG: SSH: ssh_channel_read_timeout: Read (1) buffered : 1 bytes. Window: 1253069
nc DEBUG: Received message:
<rpc-reply xmlns="urn:ietf:params:xml:ns:netconf:base:1.0" message-id="31"><next-update-at xmlns="urn:o-ran:supervision:1.0">2026-04-14T11:03:52+00:00</next-update-at></rpc-reply>

DATA
<next-update-at xmlns="urn:o-ran:supervision:1.0">2026-04-14T20:03:52+09:00</next-update-at>

nc DEBUG: Received message:
<notification xmlns="urn:ietf:params:xml:ns:netconf:notification:1.0"><eventTime>2026-04-14T11:03:52Z</eventTime><supervision-notification xmlns="urn:o-ran:supervision:1.0"/></notification>

notification (2026-04-14T11:03:52Z)
<supervision-notification xmlns="urn:o-ran:supervision:1.0"/>

Client SENT :  user-rpc --content /mplane_automation/conformance_test/watchdog.xml
nc DEBUG: Sending message:

#286


nc DEBUG: SSH: ssh_packet_need_rekey: rekey: [data_rekey_needed=0, out_blocks=1206, in_blocks=3915]
nc DEBUG: SSH: ssh_socket_unbuffered_write: Enabling POLLOUT for socket
nc DEBUG: SSH: packet_send2: packet: wrote [type=94, len=24, padding_size=8, comp=15, payload=15]
nc DEBUG: SSH: channel_write_common: ssh_channel_write wrote 6 bytes
nc DEBUG: Sending message:
<rpc xmlns="urn:ietf:params:xml:ns:netconf:base:1.0" message-id="32"><supervision-watchdog-reset xmlns="urn:o-ran:supervision:1.0"><supervision-notification-interval>10</supervision-notification-interval><guard-timer-overhead>10</guard-timer-overhead></supervision-watchdog-reset></rpc>

nc DEBUG: SSH: ssh_packet_need_rekey: rekey: [data_rekey_needed=0, out_blocks=1242, in_blocks=3950]
nc DEBUG: SSH: packet_send2: packet: wrote [type=94, len=304, padding_size=8, comp=295, payload=295]
nc DEBUG: SSH: channel_write_common: ssh_channel_write wrote 286 bytes
nc DEBUG: SSH: ssh_socket_unbuffered_write: Enabling POLLOUT for socket
nc DEBUG: Sending message:

##


nc DEBUG: SSH: ssh_packet_need_rekey: rekey: [data_rekey_needed=0, out_blocks=1243, in_blocks=3915]
nc DEBUG: SSH: packet_send2: packet: wrote [type=94, len=24, padding_size=10, comp=13, payload=13]
nc DEBUG: SSH: channel_write_common: ssh_channel_write wrote 4 bytes
nc DEBUG: SSH: ssh_socket_unbuffered_write: Enabling POLLOUT for socket
nc DEBUG: SSH: ssh_packet_socket_callback: packet: read type 94 [len=24,padding=8,comp=15,payload=15]
nc DEBUG: SSH: ssh_packet_process: Dispatching handler for packet type 94
nc DEBUG: SSH: channel_rcv_data: Channel receiving 6 bytes data in 0 (local win=1252870 remote win=1270694)
nc DEBUG: SSH: channel_default_bufferize: placing 6 bytes into channel buffer (stdout)
nc DEBUG: SSH: channel_rcv_data: Channel windows are now (local win=1252864 remote win=1270694)
nc DEBUG: SSH: ssh_packet_socket_callback: Processing 220 bytes left in socket buffer
nc DEBUG: SSH: ssh_packet_socket_callback: packet: read type 94 [len=200,padding=11,comp=188,payload=188]
nc DEBUG: SSH: ssh_packet_process: Dispatching handler for packet type 94
nc DEBUG: SSH: channel_rcv_data: Channel receiving 179 bytes data in 0 (local win=1252864 remote win=1270694)
nc DEBUG: SSH: channel_default_bufferize: placing 179 bytes into channel buffer (stdout)
nc DEBUG: SSH: channel_rcv_data: Channel windows are now (local win=1252685 remote win=1270694)
nc DEBUG: SSH: ssh_packet_need_rekey: rekey: [data_rekey_needed=0, out_blocks=1243, in_blocks=3938]
nc DEBUG: SSH: ssh_packet_need_rekey: rekey: [data_rekey_needed=0, out_blocks=1243, in_blocks=3938]
nc DEBUG: SSH: ssh_channel_read_timeout: Read (2) buffered : 185 bytes. Window: 1252685
nc DEBUG: SSH: ssh_channel_read_timeout: Read (1) buffered : 183 bytes. Window: 1252685
nc DEBUG: SSH: ssh_channel_read_timeout: Read (1) buffered : 182 bytes. Window: 1252685
nc DEBUG: SSH: ssh_channel_read_timeout: Read (1) buffered : 181 bytes. Window: 1252685
nc DEBUG: SSH: ssh_channel_read_timeout: Read (1) buffered : 180 bytes. Window: 1252685
nc DEBUG: SSH: ssh_channel_read_timeout: Read (179) buffered : 179 bytes. Window: 1252685
nc DEBUG: SSH: ssh_channel_read_timeout: Read (2) buffered : 0 bytes. Window: 1252685
nc DEBUG: SSH: ssh_packet_socket_callback: packet: read type 94 [len=24,padding=10,comp=13,payload=13]
nc DEBUG: SSH: ssh_packet_process: Dispatching handler for packet type 94
nc DEBUG: SSH: channel_rcv_data: Channel receiving 4 bytes data in 0 (local win=1252685 remote win=1270694)
nc DEBUG: SSH: channel_default_bufferize: placing 4 bytes into channel buffer (stdout)
nc DEBUG: SSH: channel_rcv_data: Channel windows are now (local win=1252681 remote win=1270694)
nc DEBUG: SSH: ssh_packet_need_rekey: rekey: [data_rekey_needed=0, out_blocks=1243, in_blocks=3939]
nc DEBUG: SSH: ssh_channel_read_timeout: Read (1) buffered : 2 bytes. Window: 1252681
nc DEBUG: SSH: ssh_channel_read_timeout: Read (1) buffered : 1 bytes. Window: 1252681
nc DEBUG: Received message:
<rpc-reply xmlns="urn:ietf:params:xml:ns:netconf:base:1.0" message-id="32"><next-update-at xmlns="urn:o-ran:supervision:1.0">2026-04-14T11:04:02+00:00</next-update-at></rpc-reply>

DATA
<next-update-at xmlns="urn:o-ran:supervision:1.0">2026-04-14T20:04:02+09:00</next-update-at>

nc DEBUG: Received message:
<notification xmlns="urn:ietf:params:xml:ns:netconf:notification:1.0"><eventTime>2026-04-14T11:04:02Z</eventTime><supervision-notification xmlns="urn:o-ran:supervision:1.0"/></notification>

notification (2026-04-14T11:04:02Z)
<supervision-notification xmlns="urn:o-ran:supervision:1.0"/>

Client SENT :  user-rpc --content /mplane_automation/conformance_test/watchdog.xml
nc DEBUG: Sending message:

#286


nc DEBUG: SSH: ssh_packet_need_rekey: rekey: [data_rekey_needed=0, out_blocks=1244, in_blocks=3966]
nc DEBUG: SSH: ssh_socket_unbuffered_write: Enabling POLLOUT for socket
nc DEBUG: SSH: packet_send2: packet: wrote [type=94, len=24, padding_size=8, comp=15, payload=15]
nc DEBUG: SSH: channel_write_common: ssh_channel_write wrote 6 bytes
nc DEBUG: Sending message:
<rpc xmlns="urn:ietf:params:xml:ns:netconf:base:1.0" message-id="33"><supervision-watchdog-reset xmlns="urn:o-ran:supervision:1.0"><supervision-notification-interval>10</supervision-notification-interval><guard-timer-overhead>10</guard-timer-overhead></supervision-watchdog-reset></rpc>

nc DEBUG: SSH: ssh_packet_need_rekey: rekey: [data_rekey_needed=0, out_blocks=1280, in_blocks=4001]
nc DEBUG: SSH: packet_send2: packet: wrote [type=94, len=304, padding_size=8, comp=295, payload=295]
nc DEBUG: SSH: channel_write_common: ssh_channel_write wrote 286 bytes
nc DEBUG: SSH: ssh_socket_unbuffered_write: Enabling POLLOUT for socket
nc DEBUG: Sending message:

##


nc DEBUG: SSH: ssh_packet_need_rekey: rekey: [data_rekey_needed=0, out_blocks=1281, in_blocks=3966]
nc DEBUG: SSH: packet_send2: packet: wrote [type=94, len=24, padding_size=10, comp=13, payload=13]
nc DEBUG: SSH: channel_write_common: ssh_channel_write wrote 4 bytes
nc DEBUG: SSH: ssh_socket_unbuffered_write: Enabling POLLOUT for socket
nc DEBUG: SSH: ssh_packet_socket_callback: packet: read type 94 [len=24,padding=8,comp=15,payload=15]
nc DEBUG: SSH: ssh_packet_process: Dispatching handler for packet type 94
nc DEBUG: SSH: channel_rcv_data: Channel receiving 6 bytes data in 0 (local win=1252482 remote win=1270398)
nc DEBUG: SSH: channel_default_bufferize: placing 6 bytes into channel buffer (stdout)
nc DEBUG: SSH: channel_rcv_data: Channel windows are now (local win=1252476 remote win=1270398)
nc DEBUG: SSH: ssh_packet_need_rekey: rekey: [data_rekey_needed=0, out_blocks=1281, in_blocks=3966]
nc DEBUG: SSH: ssh_channel_read_timeout: Read (2) buffered : 6 bytes. Window: 1252476
nc DEBUG: SSH: ssh_channel_read_timeout: Read (1) buffered : 4 bytes. Window: 1252476
nc DEBUG: SSH: ssh_channel_read_timeout: Read (1) buffered : 3 bytes. Window: 1252476
nc DEBUG: SSH: ssh_channel_read_timeout: Read (1) buffered : 2 bytes. Window: 1252476
nc DEBUG: SSH: ssh_channel_read_timeout: Read (1) buffered : 1 bytes. Window: 1252476
nc DEBUG: SSH: ssh_channel_read_timeout: Read (179) buffered : 0 bytes. Window: 1252476
nc DEBUG: SSH: ssh_packet_socket_callback: packet: read type 94 [len=200,padding=11,comp=188,payload=188]
nc DEBUG: SSH: ssh_packet_process: Dispatching handler for packet type 94
nc DEBUG: SSH: channel_rcv_data: Channel receiving 179 bytes data in 0 (local win=1252476 remote win=1270398)
nc DEBUG: SSH: channel_default_bufferize: placing 179 bytes into channel buffer (stdout)
nc DEBUG: SSH: channel_rcv_data: Channel windows are now (local win=1252297 remote win=1270398)
nc DEBUG: SSH: ssh_packet_need_rekey: rekey: [data_rekey_needed=0, out_blocks=1281, in_blocks=3989]
nc DEBUG: SSH: ssh_channel_read_timeout: Read (2) buffered : 0 bytes. Window: 1252297
nc DEBUG: SSH: ssh_packet_socket_callback: packet: read type 94 [len=24,padding=10,comp=13,payload=13]
nc DEBUG: SSH: ssh_packet_process: Dispatching handler for packet type 94
nc DEBUG: SSH: channel_rcv_data: Channel receiving 4 bytes data in 0 (local win=1252297 remote win=1270398)
nc DEBUG: SSH: channel_default_bufferize: placing 4 bytes into channel buffer (stdout)
nc DEBUG: SSH: channel_rcv_data: Channel windows are now (local win=1252293 remote win=1270398)
nc DEBUG: SSH: ssh_packet_need_rekey: rekey: [data_rekey_needed=0, out_blocks=1281, in_blocks=3990]
nc DEBUG: SSH: ssh_channel_read_timeout: Read (1) buffered : 2 bytes. Window: 1252293
nc DEBUG: SSH: ssh_channel_read_timeout: Read (1) buffered : 1 bytes. Window: 1252293
nc DEBUG: Received message:
<rpc-reply xmlns="urn:ietf:params:xml:ns:netconf:base:1.0" message-id="33"><next-update-at xmlns="urn:o-ran:supervision:1.0">2026-04-14T11:04:12+00:00</next-update-at></rpc-reply>

DATA
<next-update-at xmlns="urn:o-ran:supervision:1.0">2026-04-14T20:04:12+09:00</next-update-at>

nc DEBUG: Received message:
<notification xmlns="urn:ietf:params:xml:ns:netconf:notification:1.0"><eventTime>2026-04-14T11:04:12Z</eventTime><supervision-notification xmlns="urn:o-ran:supervision:1.0"/></notification>

notification (2026-04-14T11:04:12Z)
<supervision-notification xmlns="urn:o-ran:supervision:1.0"/>

Client SENT :  user-rpc --content /mplane_automation/conformance_test/watchdog.xml
nc DEBUG: Sending message:

#286


nc DEBUG: SSH: ssh_packet_need_rekey: rekey: [data_rekey_needed=0, out_blocks=1282, in_blocks=4017]
nc DEBUG: SSH: ssh_socket_unbuffered_write: Enabling POLLOUT for socket
nc DEBUG: SSH: packet_send2: packet: wrote [type=94, len=24, padding_size=8, comp=15, payload=15]
nc DEBUG: SSH: channel_write_common: ssh_channel_write wrote 6 bytes
nc DEBUG: Sending message:
<rpc xmlns="urn:ietf:params:xml:ns:netconf:base:1.0" message-id="34"><supervision-watchdog-reset xmlns="urn:o-ran:supervision:1.0"><supervision-notification-interval>10</supervision-notification-interval><guard-timer-overhead>10</guard-timer-overhead></supervision-watchdog-reset></rpc>

nc DEBUG: SSH: ssh_packet_need_rekey: rekey: [data_rekey_needed=0, out_blocks=1318, in_blocks=4052]
nc DEBUG: SSH: packet_send2: packet: wrote [type=94, len=304, padding_size=8, comp=295, payload=295]
nc DEBUG: SSH: channel_write_common: ssh_channel_write wrote 286 bytes
nc DEBUG: SSH: ssh_socket_unbuffered_write: Enabling POLLOUT for socket
nc DEBUG: Sending message:

##


nc DEBUG: SSH: ssh_packet_need_rekey: rekey: [data_rekey_needed=0, out_blocks=1319, in_blocks=4017]
nc DEBUG: SSH: packet_send2: packet: wrote [type=94, len=24, padding_size=10, comp=13, payload=13]
nc DEBUG: SSH: channel_write_common: ssh_channel_write wrote 4 bytes
nc DEBUG: SSH: ssh_socket_unbuffered_write: Enabling POLLOUT for socket
nc DEBUG: SSH: ssh_packet_socket_callback: packet: read type 94 [len=24,padding=8,comp=15,payload=15]
nc DEBUG: SSH: ssh_packet_process: Dispatching handler for packet type 94
nc DEBUG: SSH: channel_rcv_data: Channel receiving 6 bytes data in 0 (local win=1252094 remote win=1270102)
nc DEBUG: SSH: channel_default_bufferize: placing 6 bytes into channel buffer (stdout)
nc DEBUG: SSH: channel_rcv_data: Channel windows are now (local win=1252088 remote win=1270102)
nc DEBUG: SSH: ssh_packet_socket_callback: Processing 220 bytes left in socket buffer
nc DEBUG: SSH: ssh_packet_socket_callback: packet: read type 94 [len=200,padding=11,comp=188,payload=188]
nc DEBUG: SSH: ssh_packet_process: Dispatching handler for packet type 94
nc DEBUG: SSH: channel_rcv_data: Channel receiving 179 bytes data in 0 (local win=1252088 remote win=1270102)
nc DEBUG: SSH: channel_default_bufferize: placing 179 bytes into channel buffer (stdout)
nc DEBUG: SSH: channel_rcv_data: Channel windows are now (local win=1251909 remote win=1270102)
nc DEBUG: SSH: ssh_packet_need_rekey: rekey: [data_rekey_needed=0, out_blocks=1319, in_blocks=4040]
nc DEBUG: SSH: ssh_packet_need_rekey: rekey: [data_rekey_needed=0, out_blocks=1319, in_blocks=4040]
nc DEBUG: SSH: ssh_channel_read_timeout: Read (2) buffered : 185 bytes. Window: 1251909
nc DEBUG: SSH: ssh_channel_read_timeout: Read (1) buffered : 183 bytes. Window: 1251909
nc DEBUG: SSH: ssh_channel_read_timeout: Read (1) buffered : 182 bytes. Window: 1251909
nc DEBUG: SSH: ssh_channel_read_timeout: Read (1) buffered : 181 bytes. Window: 1251909
nc DEBUG: SSH: ssh_channel_read_timeout: Read (1) buffered : 180 bytes. Window: 1251909
nc DEBUG: SSH: ssh_channel_read_timeout: Read (179) buffered : 179 bytes. Window: 1251909
nc DEBUG: SSH: ssh_channel_read_timeout: Read (2) buffered : 0 bytes. Window: 1251909
nc DEBUG: SSH: ssh_packet_socket_callback: packet: read type 94 [len=24,padding=10,comp=13,payload=13]
nc DEBUG: SSH: ssh_packet_process: Dispatching handler for packet type 94
nc DEBUG: SSH: channel_rcv_data: Channel receiving 4 bytes data in 0 (local win=1251909 remote win=1270102)
nc DEBUG: SSH: channel_default_bufferize: placing 4 bytes into channel buffer (stdout)
nc DEBUG: SSH: channel_rcv_data: Channel windows are now (local win=1251905 remote win=1270102)
nc DEBUG: SSH: ssh_packet_need_rekey: rekey: [data_rekey_needed=0, out_blocks=1319, in_blocks=4041]
nc DEBUG: SSH: ssh_channel_read_timeout: Read (1) buffered : 2 bytes. Window: 1251905
nc DEBUG: SSH: ssh_channel_read_timeout: Read (1) buffered : 1 bytes. Window: 1251905
nc DEBUG: Received message:
<rpc-reply xmlns="urn:ietf:params:xml:ns:netconf:base:1.0" message-id="34"><next-update-at xmlns="urn:o-ran:supervision:1.0">2026-04-14T11:04:22+00:00</next-update-at></rpc-reply>

DATA
<next-update-at xmlns="urn:o-ran:supervision:1.0">2026-04-14T20:04:22+09:00</next-update-at>

nc DEBUG: Received message:
<notification xmlns="urn:ietf:params:xml:ns:netconf:notification:1.0"><eventTime>2026-04-14T11:04:22Z</eventTime><supervision-notification xmlns="urn:o-ran:supervision:1.0"/></notification>

notification (2026-04-14T11:04:22Z)
<supervision-notification xmlns="urn:o-ran:supervision:1.0"/>

Client SENT :  user-rpc --content /mplane_automation/conformance_test/watchdog.xml
nc DEBUG: Sending message:

#286


nc DEBUG: SSH: ssh_packet_need_rekey: rekey: [data_rekey_needed=0, out_blocks=1320, in_blocks=4068]
nc DEBUG: SSH: ssh_socket_unbuffered_write: Enabling POLLOUT for socket
nc DEBUG: SSH: packet_send2: packet: wrote [type=94, len=24, padding_size=8, comp=15, payload=15]
nc DEBUG: SSH: channel_write_common: ssh_channel_write wrote 6 bytes
nc DEBUG: Sending message:
<rpc xmlns="urn:ietf:params:xml:ns:netconf:base:1.0" message-id="35"><supervision-watchdog-reset xmlns="urn:o-ran:supervision:1.0"><supervision-notification-interval>10</supervision-notification-interval><guard-timer-overhead>10</guard-timer-overhead></supervision-watchdog-reset></rpc>

nc DEBUG: SSH: ssh_packet_need_rekey: rekey: [data_rekey_needed=0, out_blocks=1356, in_blocks=4103]
nc DEBUG: SSH: packet_send2: packet: wrote [type=94, len=304, padding_size=8, comp=295, payload=295]
nc DEBUG: SSH: channel_write_common: ssh_channel_write wrote 286 bytes
nc DEBUG: SSH: ssh_socket_unbuffered_write: Enabling POLLOUT for socket
nc DEBUG: Sending message:

##


nc DEBUG: SSH: ssh_packet_need_rekey: rekey: [data_rekey_needed=0, out_blocks=1357, in_blocks=4068]
nc DEBUG: SSH: packet_send2: packet: wrote [type=94, len=24, padding_size=10, comp=13, payload=13]
nc DEBUG: SSH: channel_write_common: ssh_channel_write wrote 4 bytes
nc DEBUG: SSH: ssh_socket_unbuffered_write: Enabling POLLOUT for socket
nc DEBUG: SSH: ssh_packet_socket_callback: packet: read type 94 [len=24,padding=8,comp=15,payload=15]
nc DEBUG: SSH: ssh_packet_process: Dispatching handler for packet type 94
nc DEBUG: SSH: channel_rcv_data: Channel receiving 6 bytes data in 0 (local win=1251706 remote win=1269806)
nc DEBUG: SSH: channel_default_bufferize: placing 6 bytes into channel buffer (stdout)
nc DEBUG: SSH: channel_rcv_data: Channel windows are now (local win=1251700 remote win=1269806)
nc DEBUG: SSH: ssh_packet_socket_callback: Processing 220 bytes left in socket buffer
nc DEBUG: SSH: ssh_packet_socket_callback: packet: read type 94 [len=200,padding=11,comp=188,payload=188]
nc DEBUG: SSH: ssh_packet_process: Dispatching handler for packet type 94
nc DEBUG: SSH: channel_rcv_data: Channel receiving 179 bytes data in 0 (local win=1251700 remote win=1269806)
nc DEBUG: SSH: channel_default_bufferize: placing 179 bytes into channel buffer (stdout)
nc DEBUG: SSH: channel_rcv_data: Channel windows are now (local win=1251521 remote win=1269806)
nc DEBUG: SSH: ssh_packet_need_rekey: rekey: [data_rekey_needed=0, out_blocks=1357, in_blocks=4091]
nc DEBUG: SSH: ssh_packet_need_rekey: rekey: [data_rekey_needed=0, out_blocks=1357, in_blocks=4091]
nc DEBUG: SSH: ssh_channel_read_timeout: Read (2) buffered : 185 bytes. Window: 1251521
nc DEBUG: SSH: ssh_channel_read_timeout: Read (1) buffered : 183 bytes. Window: 1251521
nc DEBUG: SSH: ssh_channel_read_timeout: Read (1) buffered : 182 bytes. Window: 1251521
nc DEBUG: SSH: ssh_channel_read_timeout: Read (1) buffered : 181 bytes. Window: 1251521
nc DEBUG: SSH: ssh_channel_read_timeout: Read (1) buffered : 180 bytes. Window: 1251521
nc DEBUG: SSH: ssh_channel_read_timeout: Read (179) buffered : 179 bytes. Window: 1251521
nc DEBUG: SSH: ssh_channel_read_timeout: Read (2) buffered : 0 bytes. Window: 1251521
nc DEBUG: SSH: ssh_packet_socket_callback: packet: read type 94 [len=24,padding=10,comp=13,payload=13]
nc DEBUG: SSH: ssh_packet_process: Dispatching handler for packet type 94
nc DEBUG: SSH: channel_rcv_data: Channel receiving 4 bytes data in 0 (local win=1251521 remote win=1269806)
nc DEBUG: SSH: channel_default_bufferize: placing 4 bytes into channel buffer (stdout)
nc DEBUG: SSH: channel_rcv_data: Channel windows are now (local win=1251517 remote win=1269806)
nc DEBUG: SSH: ssh_packet_need_rekey: rekey: [data_rekey_needed=0, out_blocks=1357, in_blocks=4092]
nc DEBUG: SSH: ssh_channel_read_timeout: Read (1) buffered : 2 bytes. Window: 1251517
nc DEBUG: SSH: ssh_channel_read_timeout: Read (1) buffered : 1 bytes. Window: 1251517
nc DEBUG: Received message:
<rpc-reply xmlns="urn:ietf:params:xml:ns:netconf:base:1.0" message-id="35"><next-update-at xmlns="urn:o-ran:supervision:1.0">2026-04-14T11:04:32+00:00</next-update-at></rpc-reply>

DATA
<next-update-at xmlns="urn:o-ran:supervision:1.0">2026-04-14T20:04:32+09:00</next-update-at>

nc DEBUG: Received message:
<notification xmlns="urn:ietf:params:xml:ns:netconf:notification:1.0"><eventTime>2026-04-14T11:04:32Z</eventTime><supervision-notification xmlns="urn:o-ran:supervision:1.0"/></notification>

notification (2026-04-14T11:04:32Z)
<supervision-notification xmlns="urn:o-ran:supervision:1.0"/>

Client SENT :  user-rpc --content /mplane_automation/conformance_test/watchdog.xml
nc DEBUG: Sending message:

#286


nc DEBUG: SSH: ssh_packet_need_rekey: rekey: [data_rekey_needed=0, out_blocks=1358, in_blocks=4119]
nc DEBUG: SSH: ssh_socket_unbuffered_write: Enabling POLLOUT for socket
nc DEBUG: SSH: packet_send2: packet: wrote [type=94, len=24, padding_size=8, comp=15, payload=15]
nc DEBUG: SSH: channel_write_common: ssh_channel_write wrote 6 bytes
nc DEBUG: Sending message:
<rpc xmlns="urn:ietf:params:xml:ns:netconf:base:1.0" message-id="36"><supervision-watchdog-reset xmlns="urn:o-ran:supervision:1.0"><supervision-notification-interval>10</supervision-notification-interval><guard-timer-overhead>10</guard-timer-overhead></supervision-watchdog-reset></rpc>

nc DEBUG: SSH: ssh_packet_need_rekey: rekey: [data_rekey_needed=0, out_blocks=1394, in_blocks=4154]
nc DEBUG: SSH: packet_send2: packet: wrote [type=94, len=304, padding_size=8, comp=295, payload=295]
nc DEBUG: SSH: channel_write_common: ssh_channel_write wrote 286 bytes
nc DEBUG: SSH: ssh_socket_unbuffered_write: Enabling POLLOUT for socket
nc DEBUG: Sending message:

##


nc DEBUG: SSH: ssh_packet_need_rekey: rekey: [data_rekey_needed=0, out_blocks=1395, in_blocks=4119]
nc DEBUG: SSH: packet_send2: packet: wrote [type=94, len=24, padding_size=10, comp=13, payload=13]
nc DEBUG: SSH: channel_write_common: ssh_channel_write wrote 4 bytes
nc DEBUG: SSH: ssh_socket_unbuffered_write: Enabling POLLOUT for socket
nc DEBUG: SSH: ssh_packet_socket_callback: packet: read type 94 [len=24,padding=8,comp=15,payload=15]
nc DEBUG: SSH: ssh_packet_process: Dispatching handler for packet type 94
nc DEBUG: SSH: channel_rcv_data: Channel receiving 6 bytes data in 0 (local win=1251318 remote win=1269510)
nc DEBUG: SSH: channel_default_bufferize: placing 6 bytes into channel buffer (stdout)
nc DEBUG: SSH: channel_rcv_data: Channel windows are now (local win=1251312 remote win=1269510)
nc DEBUG: SSH: ssh_packet_socket_callback: Processing 220 bytes left in socket buffer
nc DEBUG: SSH: ssh_packet_socket_callback: packet: read type 94 [len=200,padding=11,comp=188,payload=188]
nc DEBUG: SSH: ssh_packet_process: Dispatching handler for packet type 94
nc DEBUG: SSH: channel_rcv_data: Channel receiving 179 bytes data in 0 (local win=1251312 remote win=1269510)
nc DEBUG: SSH: channel_default_bufferize: placing 179 bytes into channel buffer (stdout)
nc DEBUG: SSH: channel_rcv_data: Channel windows are now (local win=1251133 remote win=1269510)
nc DEBUG: SSH: ssh_packet_need_rekey: rekey: [data_rekey_needed=0, out_blocks=1395, in_blocks=4142]
nc DEBUG: SSH: ssh_packet_need_rekey: rekey: [data_rekey_needed=0, out_blocks=1395, in_blocks=4142]
nc DEBUG: SSH: ssh_channel_read_timeout: Read (2) buffered : 185 bytes. Window: 1251133
nc DEBUG: SSH: ssh_channel_read_timeout: Read (1) buffered : 183 bytes. Window: 1251133
nc DEBUG: SSH: ssh_channel_read_timeout: Read (1) buffered : 182 bytes. Window: 1251133
nc DEBUG: SSH: ssh_channel_read_timeout: Read (1) buffered : 181 bytes. Window: 1251133
nc DEBUG: SSH: ssh_channel_read_timeout: Read (1) buffered : 180 bytes. Window: 1251133
nc DEBUG: SSH: ssh_channel_read_timeout: Read (179) buffered : 179 bytes. Window: 1251133
nc DEBUG: SSH: ssh_channel_read_timeout: Read (2) buffered : 0 bytes. Window: 1251133
nc DEBUG: SSH: ssh_packet_socket_callback: packet: read type 94 [len=24,padding=10,comp=13,payload=13]
nc DEBUG: SSH: ssh_packet_process: Dispatching handler for packet type 94
nc DEBUG: SSH: channel_rcv_data: Channel receiving 4 bytes data in 0 (local win=1251133 remote win=1269510)
nc DEBUG: SSH: channel_default_bufferize: placing 4 bytes into channel buffer (stdout)
nc DEBUG: SSH: channel_rcv_data: Channel windows are now (local win=1251129 remote win=1269510)
nc DEBUG: SSH: ssh_packet_need_rekey: rekey: [data_rekey_needed=0, out_blocks=1395, in_blocks=4143]
nc DEBUG: SSH: ssh_channel_read_timeout: Read (1) buffered : 2 bytes. Window: 1251129
nc DEBUG: SSH: ssh_channel_read_timeout: Read (1) buffered : 1 bytes. Window: 1251129
nc DEBUG: Received message:
<rpc-reply xmlns="urn:ietf:params:xml:ns:netconf:base:1.0" message-id="36"><next-update-at xmlns="urn:o-ran:supervision:1.0">2026-04-14T11:04:42+00:00</next-update-at></rpc-reply>

DATA
<next-update-at xmlns="urn:o-ran:supervision:1.0">2026-04-14T20:04:42+09:00</next-update-at>

nc DEBUG: Received message:
<notification xmlns="urn:ietf:params:xml:ns:netconf:notification:1.0"><eventTime>2026-04-14T11:04:42Z</eventTime><supervision-notification xmlns="urn:o-ran:supervision:1.0"/></notification>

notification (2026-04-14T11:04:42Z)
<supervision-notification xmlns="urn:o-ran:supervision:1.0"/>

Client SENT :  user-rpc --content /mplane_automation/conformance_test/watchdog.xml
nc DEBUG: Sending message:

#286


nc DEBUG: SSH: ssh_packet_need_rekey: rekey: [data_rekey_needed=0, out_blocks=1396, in_blocks=4170]
nc DEBUG: SSH: ssh_socket_unbuffered_write: Enabling POLLOUT for socket
nc DEBUG: SSH: packet_send2: packet: wrote [type=94, len=24, padding_size=8, comp=15, payload=15]
nc DEBUG: SSH: channel_write_common: ssh_channel_write wrote 6 bytes
nc DEBUG: Sending message:
<rpc xmlns="urn:ietf:params:xml:ns:netconf:base:1.0" message-id="37"><supervision-watchdog-reset xmlns="urn:o-ran:supervision:1.0"><supervision-notification-interval>10</supervision-notification-interval><guard-timer-overhead>10</guard-timer-overhead></supervision-watchdog-reset></rpc>

nc DEBUG: SSH: ssh_packet_need_rekey: rekey: [data_rekey_needed=0, out_blocks=1432, in_blocks=4205]
nc DEBUG: SSH: packet_send2: packet: wrote [type=94, len=304, padding_size=8, comp=295, payload=295]
nc DEBUG: SSH: channel_write_common: ssh_channel_write wrote 286 bytes
nc DEBUG: SSH: ssh_socket_unbuffered_write: Enabling POLLOUT for socket
nc DEBUG: Sending message:

##


nc DEBUG: SSH: ssh_packet_need_rekey: rekey: [data_rekey_needed=0, out_blocks=1433, in_blocks=4170]
nc DEBUG: SSH: packet_send2: packet: wrote [type=94, len=24, padding_size=10, comp=13, payload=13]
nc DEBUG: SSH: channel_write_common: ssh_channel_write wrote 4 bytes
nc DEBUG: SSH: ssh_socket_unbuffered_write: Enabling POLLOUT for socket
nc DEBUG: SSH: ssh_packet_socket_callback: packet: read type 94 [len=24,padding=8,comp=15,payload=15]
nc DEBUG: SSH: ssh_packet_process: Dispatching handler for packet type 94
nc DEBUG: SSH: channel_rcv_data: Channel receiving 6 bytes data in 0 (local win=1250930 remote win=1269214)
nc DEBUG: SSH: channel_default_bufferize: placing 6 bytes into channel buffer (stdout)
nc DEBUG: SSH: channel_rcv_data: Channel windows are now (local win=1250924 remote win=1269214)
nc DEBUG: SSH: ssh_packet_need_rekey: rekey: [data_rekey_needed=0, out_blocks=1433, in_blocks=4170]
nc DEBUG: SSH: ssh_channel_read_timeout: Read (2) buffered : 6 bytes. Window: 1250924
nc DEBUG: SSH: ssh_channel_read_timeout: Read (1) buffered : 4 bytes. Window: 1250924
nc DEBUG: SSH: ssh_channel_read_timeout: Read (1) buffered : 3 bytes. Window: 1250924
nc DEBUG: SSH: ssh_channel_read_timeout: Read (1) buffered : 2 bytes. Window: 1250924
nc DEBUG: SSH: ssh_channel_read_timeout: Read (1) buffered : 1 bytes. Window: 1250924
nc DEBUG: SSH: ssh_channel_read_timeout: Read (179) buffered : 0 bytes. Window: 1250924
nc DEBUG: SSH: ssh_packet_socket_callback: packet: read type 94 [len=200,padding=11,comp=188,payload=188]
nc DEBUG: SSH: ssh_packet_process: Dispatching handler for packet type 94
nc DEBUG: SSH: channel_rcv_data: Channel receiving 179 bytes data in 0 (local win=1250924 remote win=1269214)
nc DEBUG: SSH: channel_default_bufferize: placing 179 bytes into channel buffer (stdout)
nc DEBUG: SSH: channel_rcv_data: Channel windows are now (local win=1250745 remote win=1269214)
nc DEBUG: SSH: ssh_packet_need_rekey: rekey: [data_rekey_needed=0, out_blocks=1433, in_blocks=4193]
nc DEBUG: SSH: ssh_channel_read_timeout: Read (2) buffered : 0 bytes. Window: 1250745
nc DEBUG: SSH: ssh_packet_socket_callback: packet: read type 94 [len=24,padding=10,comp=13,payload=13]
nc DEBUG: SSH: ssh_packet_process: Dispatching handler for packet type 94
nc DEBUG: SSH: channel_rcv_data: Channel receiving 4 bytes data in 0 (local win=1250745 remote win=1269214)
nc DEBUG: SSH: channel_default_bufferize: placing 4 bytes into channel buffer (stdout)
nc DEBUG: SSH: channel_rcv_data: Channel windows are now (local win=1250741 remote win=1269214)
nc DEBUG: SSH: ssh_packet_need_rekey: rekey: [data_rekey_needed=0, out_blocks=1433, in_blocks=4194]
nc DEBUG: SSH: ssh_channel_read_timeout: Read (1) buffered : 2 bytes. Window: 1250741
nc DEBUG: SSH: ssh_channel_read_timeout: Read (1) buffered : 1 bytes. Window: 1250741
nc DEBUG: Received message:
<rpc-reply xmlns="urn:ietf:params:xml:ns:netconf:base:1.0" message-id="37"><next-update-at xmlns="urn:o-ran:supervision:1.0">2026-04-14T11:04:52+00:00</next-update-at></rpc-reply>

DATA
<next-update-at xmlns="urn:o-ran:supervision:1.0">2026-04-14T20:04:52+09:00</next-update-at>

nc DEBUG: Received message:
<notification xmlns="urn:ietf:params:xml:ns:netconf:notification:1.0"><eventTime>2026-04-14T11:04:52Z</eventTime><supervision-notification xmlns="urn:o-ran:supervision:1.0"/></notification>

notification (2026-04-14T11:04:52Z)
<supervision-notification xmlns="urn:o-ran:supervision:1.0"/>

Client SENT :  user-rpc --content /mplane_automation/conformance_test/watchdog.xml
nc DEBUG: Sending message:

#286


nc DEBUG: SSH: ssh_packet_need_rekey: rekey: [data_rekey_needed=0, out_blocks=1434, in_blocks=4221]
nc DEBUG: SSH: ssh_socket_unbuffered_write: Enabling POLLOUT for socket
nc DEBUG: SSH: packet_send2: packet: wrote [type=94, len=24, padding_size=8, comp=15, payload=15]
nc DEBUG: SSH: channel_write_common: ssh_channel_write wrote 6 bytes
nc DEBUG: Sending message:
<rpc xmlns="urn:ietf:params:xml:ns:netconf:base:1.0" message-id="38"><supervision-watchdog-reset xmlns="urn:o-ran:supervision:1.0"><supervision-notification-interval>10</supervision-notification-interval><guard-timer-overhead>10</guard-timer-overhead></supervision-watchdog-reset></rpc>

nc DEBUG: SSH: ssh_packet_need_rekey: rekey: [data_rekey_needed=0, out_blocks=1470, in_blocks=4256]
nc DEBUG: SSH: packet_send2: packet: wrote [type=94, len=304, padding_size=8, comp=295, payload=295]
nc DEBUG: SSH: channel_write_common: ssh_channel_write wrote 286 bytes
nc DEBUG: SSH: ssh_socket_unbuffered_write: Enabling POLLOUT for socket
nc DEBUG: Sending message:

##


nc DEBUG: SSH: ssh_packet_need_rekey: rekey: [data_rekey_needed=0, out_blocks=1471, in_blocks=4221]
nc DEBUG: SSH: packet_send2: packet: wrote [type=94, len=24, padding_size=10, comp=13, payload=13]
nc DEBUG: SSH: channel_write_common: ssh_channel_write wrote 4 bytes
nc DEBUG: SSH: ssh_socket_unbuffered_write: Enabling POLLOUT for socket
nc DEBUG: SSH: ssh_packet_socket_callback: packet: read type 94 [len=24,padding=8,comp=15,payload=15]
nc DEBUG: SSH: ssh_packet_process: Dispatching handler for packet type 94
nc DEBUG: SSH: channel_rcv_data: Channel receiving 6 bytes data in 0 (local win=1250542 remote win=1268918)
nc DEBUG: SSH: channel_default_bufferize: placing 6 bytes into channel buffer (stdout)
nc DEBUG: SSH: channel_rcv_data: Channel windows are now (local win=1250536 remote win=1268918)
nc DEBUG: SSH: ssh_packet_need_rekey: rekey: [data_rekey_needed=0, out_blocks=1471, in_blocks=4221]
nc DEBUG: SSH: ssh_channel_read_timeout: Read (2) buffered : 6 bytes. Window: 1250536
nc DEBUG: SSH: ssh_channel_read_timeout: Read (1) buffered : 4 bytes. Window: 1250536
nc DEBUG: SSH: ssh_channel_read_timeout: Read (1) buffered : 3 bytes. Window: 1250536
nc DEBUG: SSH: ssh_channel_read_timeout: Read (1) buffered : 2 bytes. Window: 1250536
nc DEBUG: SSH: ssh_channel_read_timeout: Read (1) buffered : 1 bytes. Window: 1250536
nc DEBUG: SSH: ssh_channel_read_timeout: Read (179) buffered : 0 bytes. Window: 1250536
nc DEBUG: SSH: ssh_packet_socket_callback: packet: read type 94 [len=200,padding=11,comp=188,payload=188]
nc DEBUG: SSH: ssh_packet_process: Dispatching handler for packet type 94
nc DEBUG: SSH: channel_rcv_data: Channel receiving 179 bytes data in 0 (local win=1250536 remote win=1268918)
nc DEBUG: SSH: channel_default_bufferize: placing 179 bytes into channel buffer (stdout)
nc DEBUG: SSH: channel_rcv_data: Channel windows are now (local win=1250357 remote win=1268918)
nc DEBUG: SSH: ssh_packet_socket_callback: Processing 44 bytes left in socket buffer
nc DEBUG: SSH: ssh_packet_socket_callback: packet: read type 94 [len=24,padding=10,comp=13,payload=13]
nc DEBUG: SSH: ssh_packet_process: Dispatching handler for packet type 94
nc DEBUG: SSH: channel_rcv_data: Channel receiving 4 bytes data in 0 (local win=1250357 remote win=1268918)
nc DEBUG: SSH: channel_default_bufferize: placing 4 bytes into channel buffer (stdout)
nc DEBUG: SSH: channel_rcv_data: Channel windows are now (local win=1250353 remote win=1268918)
nc DEBUG: SSH: ssh_packet_need_rekey: rekey: [data_rekey_needed=0, out_blocks=1471, in_blocks=4245]
nc DEBUG: SSH: ssh_packet_need_rekey: rekey: [data_rekey_needed=0, out_blocks=1471, in_blocks=4245]
nc DEBUG: SSH: ssh_channel_read_timeout: Read (2) buffered : 4 bytes. Window: 1250353
nc DEBUG: SSH: ssh_channel_read_timeout: Read (1) buffered : 2 bytes. Window: 1250353
nc DEBUG: SSH: ssh_channel_read_timeout: Read (1) buffered : 1 bytes. Window: 1250353
nc DEBUG: Received message:
<rpc-reply xmlns="urn:ietf:params:xml:ns:netconf:base:1.0" message-id="38"><next-update-at xmlns="urn:o-ran:supervision:1.0">2026-04-14T11:05:02+00:00</next-update-at></rpc-reply>

DATA
<next-update-at xmlns="urn:o-ran:supervision:1.0">2026-04-14T20:05:02+09:00</next-update-at>

nc DEBUG: Received message:
<notification xmlns="urn:ietf:params:xml:ns:netconf:notification:1.0"><eventTime>2026-04-14T11:05:02Z</eventTime><supervision-notification xmlns="urn:o-ran:supervision:1.0"/></notification>

notification (2026-04-14T11:05:02Z)
<supervision-notification xmlns="urn:o-ran:supervision:1.0"/>

Client SENT :  user-rpc --content /mplane_automation/conformance_test/watchdog.xml
nc DEBUG: Sending message:

#286


nc DEBUG: SSH: ssh_packet_need_rekey: rekey: [data_rekey_needed=0, out_blocks=1472, in_blocks=4272]
nc DEBUG: SSH: ssh_socket_unbuffered_write: Enabling POLLOUT for socket
nc DEBUG: SSH: packet_send2: packet: wrote [type=94, len=24, padding_size=8, comp=15, payload=15]
nc DEBUG: SSH: channel_write_common: ssh_channel_write wrote 6 bytes
nc DEBUG: Sending message:
<rpc xmlns="urn:ietf:params:xml:ns:netconf:base:1.0" message-id="39"><supervision-watchdog-reset xmlns="urn:o-ran:supervision:1.0"><supervision-notification-interval>10</supervision-notification-interval><guard-timer-overhead>10</guard-timer-overhead></supervision-watchdog-reset></rpc>

nc DEBUG: SSH: ssh_packet_need_rekey: rekey: [data_rekey_needed=0, out_blocks=1508, in_blocks=4307]
nc DEBUG: SSH: packet_send2: packet: wrote [type=94, len=304, padding_size=8, comp=295, payload=295]
nc DEBUG: SSH: channel_write_common: ssh_channel_write wrote 286 bytes
nc DEBUG: SSH: ssh_socket_unbuffered_write: Enabling POLLOUT for socket
nc DEBUG: Sending message:

##


nc DEBUG: SSH: ssh_packet_need_rekey: rekey: [data_rekey_needed=0, out_blocks=1509, in_blocks=4272]
nc DEBUG: SSH: packet_send2: packet: wrote [type=94, len=24, padding_size=10, comp=13, payload=13]
nc DEBUG: SSH: channel_write_common: ssh_channel_write wrote 4 bytes
nc DEBUG: SSH: ssh_socket_unbuffered_write: Enabling POLLOUT for socket
nc DEBUG: SSH: ssh_packet_socket_callback: packet: read type 94 [len=24,padding=8,comp=15,payload=15]
nc DEBUG: SSH: ssh_packet_process: Dispatching handler for packet type 94
nc DEBUG: SSH: channel_rcv_data: Channel receiving 6 bytes data in 0 (local win=1250154 remote win=1268622)
nc DEBUG: SSH: channel_default_bufferize: placing 6 bytes into channel buffer (stdout)
nc DEBUG: SSH: channel_rcv_data: Channel windows are now (local win=1250148 remote win=1268622)
nc DEBUG: SSH: ssh_packet_socket_callback: Processing 220 bytes left in socket buffer
nc DEBUG: SSH: ssh_packet_socket_callback: packet: read type 94 [len=200,padding=11,comp=188,payload=188]
nc DEBUG: SSH: ssh_packet_process: Dispatching handler for packet type 94
nc DEBUG: SSH: channel_rcv_data: Channel receiving 179 bytes data in 0 (local win=1250148 remote win=1268622)
nc DEBUG: SSH: channel_default_bufferize: placing 179 bytes into channel buffer (stdout)
nc DEBUG: SSH: channel_rcv_data: Channel windows are now (local win=1249969 remote win=1268622)
nc DEBUG: SSH: ssh_packet_need_rekey: rekey: [data_rekey_needed=0, out_blocks=1509, in_blocks=4295]
nc DEBUG: SSH: ssh_packet_need_rekey: rekey: [data_rekey_needed=0, out_blocks=1509, in_blocks=4295]
nc DEBUG: SSH: ssh_channel_read_timeout: Read (2) buffered : 185 bytes. Window: 1249969
nc DEBUG: SSH: ssh_channel_read_timeout: Read (1) buffered : 183 bytes. Window: 1249969
nc DEBUG: SSH: ssh_channel_read_timeout: Read (1) buffered : 182 bytes. Window: 1249969
nc DEBUG: SSH: ssh_channel_read_timeout: Read (1) buffered : 181 bytes. Window: 1249969
nc DEBUG: SSH: ssh_channel_read_timeout: Read (1) buffered : 180 bytes. Window: 1249969
nc DEBUG: SSH: ssh_channel_read_timeout: Read (179) buffered : 179 bytes. Window: 1249969
nc DEBUG: SSH: ssh_channel_read_timeout: Read (2) buffered : 0 bytes. Window: 1249969
nc DEBUG: SSH: ssh_packet_socket_callback: packet: read type 94 [len=24,padding=10,comp=13,payload=13]
nc DEBUG: SSH: ssh_packet_process: Dispatching handler for packet type 94
nc DEBUG: SSH: channel_rcv_data: Channel receiving 4 bytes data in 0 (local win=1249969 remote win=1268622)
nc DEBUG: SSH: channel_default_bufferize: placing 4 bytes into channel buffer (stdout)
nc DEBUG: SSH: channel_rcv_data: Channel windows are now (local win=1249965 remote win=1268622)
nc DEBUG: SSH: ssh_packet_need_rekey: rekey: [data_rekey_needed=0, out_blocks=1509, in_blocks=4296]
nc DEBUG: SSH: ssh_channel_read_timeout: Read (1) buffered : 2 bytes. Window: 1249965
nc DEBUG: SSH: ssh_channel_read_timeout: Read (1) buffered : 1 bytes. Window: 1249965
nc DEBUG: Received message:
<rpc-reply xmlns="urn:ietf:params:xml:ns:netconf:base:1.0" message-id="39"><next-update-at xmlns="urn:o-ran:supervision:1.0">2026-04-14T11:05:12+00:00</next-update-at></rpc-reply>

DATA
<next-update-at xmlns="urn:o-ran:supervision:1.0">2026-04-14T20:05:12+09:00</next-update-at>

nc DEBUG: Received message:
<notification xmlns="urn:ietf:params:xml:ns:netconf:notification:1.0"><eventTime>2026-04-14T11:05:12Z</eventTime><supervision-notification xmlns="urn:o-ran:supervision:1.0"/></notification>

notification (2026-04-14T11:05:12Z)
<supervision-notification xmlns="urn:o-ran:supervision:1.0"/>

Client SENT :  user-rpc --content /mplane_automation/conformance_test/watchdog.xml
nc DEBUG: Sending message:

#286


nc DEBUG: SSH: ssh_packet_need_rekey: rekey: [data_rekey_needed=0, out_blocks=1510, in_blocks=4323]
nc DEBUG: SSH: ssh_socket_unbuffered_write: Enabling POLLOUT for socket
nc DEBUG: SSH: packet_send2: packet: wrote [type=94, len=24, padding_size=8, comp=15, payload=15]
nc DEBUG: SSH: channel_write_common: ssh_channel_write wrote 6 bytes
nc DEBUG: Sending message:
<rpc xmlns="urn:ietf:params:xml:ns:netconf:base:1.0" message-id="40"><supervision-watchdog-reset xmlns="urn:o-ran:supervision:1.0"><supervision-notification-interval>10</supervision-notification-interval><guard-timer-overhead>10</guard-timer-overhead></supervision-watchdog-reset></rpc>

nc DEBUG: SSH: ssh_packet_need_rekey: rekey: [data_rekey_needed=0, out_blocks=1546, in_blocks=4358]
nc DEBUG: SSH: packet_send2: packet: wrote [type=94, len=304, padding_size=8, comp=295, payload=295]
nc DEBUG: SSH: channel_write_common: ssh_channel_write wrote 286 bytes
nc DEBUG: SSH: ssh_socket_unbuffered_write: Enabling POLLOUT for socket
nc DEBUG: Sending message:

##


nc DEBUG: SSH: ssh_packet_need_rekey: rekey: [data_rekey_needed=0, out_blocks=1547, in_blocks=4323]
nc DEBUG: SSH: packet_send2: packet: wrote [type=94, len=24, padding_size=10, comp=13, payload=13]
nc DEBUG: SSH: channel_write_common: ssh_channel_write wrote 4 bytes
nc DEBUG: SSH: ssh_socket_unbuffered_write: Enabling POLLOUT for socket
nc DEBUG: SSH: ssh_packet_socket_callback: packet: read type 94 [len=24,padding=8,comp=15,payload=15]
nc DEBUG: SSH: ssh_packet_process: Dispatching handler for packet type 94
nc DEBUG: SSH: channel_rcv_data: Channel receiving 6 bytes data in 0 (local win=1249766 remote win=1268326)
nc DEBUG: SSH: channel_default_bufferize: placing 6 bytes into channel buffer (stdout)
nc DEBUG: SSH: channel_rcv_data: Channel windows are now (local win=1249760 remote win=1268326)
nc DEBUG: SSH: ssh_packet_need_rekey: rekey: [data_rekey_needed=0, out_blocks=1547, in_blocks=4323]
nc DEBUG: SSH: ssh_channel_read_timeout: Read (2) buffered : 6 bytes. Window: 1249760
nc DEBUG: SSH: ssh_channel_read_timeout: Read (1) buffered : 4 bytes. Window: 1249760
nc DEBUG: SSH: ssh_channel_read_timeout: Read (1) buffered : 3 bytes. Window: 1249760
nc DEBUG: SSH: ssh_channel_read_timeout: Read (1) buffered : 2 bytes. Window: 1249760
nc DEBUG: SSH: ssh_channel_read_timeout: Read (1) buffered : 1 bytes. Window: 1249760
nc DEBUG: SSH: ssh_channel_read_timeout: Read (179) buffered : 0 bytes. Window: 1249760
nc DEBUG: SSH: ssh_packet_socket_callback: packet: read type 94 [len=200,padding=11,comp=188,payload=188]
nc DEBUG: SSH: ssh_packet_process: Dispatching handler for packet type 94
nc DEBUG: SSH: channel_rcv_data: Channel receiving 179 bytes data in 0 (local win=1249760 remote win=1268326)
nc DEBUG: SSH: channel_default_bufferize: placing 179 bytes into channel buffer (stdout)
nc DEBUG: SSH: channel_rcv_data: Channel windows are now (local win=1249581 remote win=1268326)
nc DEBUG: SSH: ssh_packet_need_rekey: rekey: [data_rekey_needed=0, out_blocks=1547, in_blocks=4346]
nc DEBUG: SSH: ssh_channel_read_timeout: Read (2) buffered : 0 bytes. Window: 1249581
nc DEBUG: SSH: ssh_channel_read_timeout: Read (2) buffered : 0 bytes. Window: 1249581
nc DEBUG: SSH: ssh_packet_socket_callback: packet: read type 94 [len=24,padding=10,comp=13,payload=13]
nc DEBUG: SSH: ssh_packet_process: Dispatching handler for packet type 94
nc DEBUG: SSH: channel_rcv_data: Channel receiving 4 bytes data in 0 (local win=1249581 remote win=1268326)
nc DEBUG: SSH: channel_default_bufferize: placing 4 bytes into channel buffer (stdout)
nc DEBUG: SSH: channel_rcv_data: Channel windows are now (local win=1249577 remote win=1268326)
nc DEBUG: SSH: ssh_packet_need_rekey: rekey: [data_rekey_needed=0, out_blocks=1547, in_blocks=4347]
nc DEBUG: SSH: ssh_channel_read_timeout: Read (1) buffered : 2 bytes. Window: 1249577
nc DEBUG: SSH: ssh_channel_read_timeout: Read (1) buffered : 1 bytes. Window: 1249577
nc DEBUG: Received message:
<rpc-reply xmlns="urn:ietf:params:xml:ns:netconf:base:1.0" message-id="40"><next-update-at xmlns="urn:o-ran:supervision:1.0">2026-04-14T11:05:22+00:00</next-update-at></rpc-reply>

DATA
<next-update-at xmlns="urn:o-ran:supervision:1.0">2026-04-14T20:05:22+09:00</next-update-at>

nc DEBUG: Received message:
<notification xmlns="urn:ietf:params:xml:ns:netconf:notification:1.0"><eventTime>2026-04-14T11:05:22Z</eventTime><supervision-notification xmlns="urn:o-ran:supervision:1.0"/></notification>

notification (2026-04-14T11:05:22Z)
<supervision-notification xmlns="urn:o-ran:supervision:1.0"/>

Client SENT :  user-rpc --content /mplane_automation/conformance_test/watchdog.xml
nc DEBUG: Sending message:

#286


nc DEBUG: SSH: ssh_packet_need_rekey: rekey: [data_rekey_needed=0, out_blocks=1548, in_blocks=4374]
nc DEBUG: SSH: ssh_socket_unbuffered_write: Enabling POLLOUT for socket
nc DEBUG: SSH: packet_send2: packet: wrote [type=94, len=24, padding_size=8, comp=15, payload=15]
nc DEBUG: SSH: channel_write_common: ssh_channel_write wrote 6 bytes
nc DEBUG: Sending message:
<rpc xmlns="urn:ietf:params:xml:ns:netconf:base:1.0" message-id="41"><supervision-watchdog-reset xmlns="urn:o-ran:supervision:1.0"><supervision-notification-interval>10</supervision-notification-interval><guard-timer-overhead>10</guard-timer-overhead></supervision-watchdog-reset></rpc>

nc DEBUG: SSH: ssh_packet_need_rekey: rekey: [data_rekey_needed=0, out_blocks=1584, in_blocks=4409]
nc DEBUG: SSH: packet_send2: packet: wrote [type=94, len=304, padding_size=8, comp=295, payload=295]
nc DEBUG: SSH: channel_write_common: ssh_channel_write wrote 286 bytes
nc DEBUG: SSH: ssh_socket_unbuffered_write: Enabling POLLOUT for socket
nc DEBUG: Sending message:

##


nc DEBUG: SSH: ssh_packet_need_rekey: rekey: [data_rekey_needed=0, out_blocks=1585, in_blocks=4374]
nc DEBUG: SSH: packet_send2: packet: wrote [type=94, len=24, padding_size=10, comp=13, payload=13]
nc DEBUG: SSH: channel_write_common: ssh_channel_write wrote 4 bytes
nc DEBUG: SSH: ssh_socket_unbuffered_write: Enabling POLLOUT for socket
nc DEBUG: SSH: ssh_packet_socket_callback: packet: read type 94 [len=24,padding=8,comp=15,payload=15]
nc DEBUG: SSH: ssh_packet_process: Dispatching handler for packet type 94
nc DEBUG: SSH: channel_rcv_data: Channel receiving 6 bytes data in 0 (local win=1249378 remote win=1268030)
nc DEBUG: SSH: channel_default_bufferize: placing 6 bytes into channel buffer (stdout)
nc DEBUG: SSH: channel_rcv_data: Channel windows are now (local win=1249372 remote win=1268030)
nc DEBUG: SSH: ssh_packet_need_rekey: rekey: [data_rekey_needed=0, out_blocks=1585, in_blocks=4374]
nc DEBUG: SSH: ssh_channel_read_timeout: Read (2) buffered : 6 bytes. Window: 1249372
nc DEBUG: SSH: ssh_channel_read_timeout: Read (1) buffered : 4 bytes. Window: 1249372
nc DEBUG: SSH: ssh_channel_read_timeout: Read (1) buffered : 3 bytes. Window: 1249372
nc DEBUG: SSH: ssh_channel_read_timeout: Read (1) buffered : 2 bytes. Window: 1249372
nc DEBUG: SSH: ssh_channel_read_timeout: Read (1) buffered : 1 bytes. Window: 1249372
nc DEBUG: SSH: ssh_channel_read_timeout: Read (179) buffered : 0 bytes. Window: 1249372
nc DEBUG: SSH: ssh_packet_socket_callback: packet: read type 94 [len=200,padding=11,comp=188,payload=188]
nc DEBUG: SSH: ssh_packet_process: Dispatching handler for packet type 94
nc DEBUG: SSH: channel_rcv_data: Channel receiving 179 bytes data in 0 (local win=1249372 remote win=1268030)
nc DEBUG: SSH: channel_default_bufferize: placing 179 bytes into channel buffer (stdout)
nc DEBUG: SSH: channel_rcv_data: Channel windows are now (local win=1249193 remote win=1268030)
nc DEBUG: SSH: ssh_packet_socket_callback: Processing 44 bytes left in socket buffer
nc DEBUG: SSH: ssh_packet_socket_callback: packet: read type 94 [len=24,padding=10,comp=13,payload=13]
nc DEBUG: SSH: ssh_packet_process: Dispatching handler for packet type 94
nc DEBUG: SSH: channel_rcv_data: Channel receiving 4 bytes data in 0 (local win=1249193 remote win=1268030)
nc DEBUG: SSH: channel_default_bufferize: placing 4 bytes into channel buffer (stdout)
nc DEBUG: SSH: channel_rcv_data: Channel windows are now (local win=1249189 remote win=1268030)
nc DEBUG: SSH: ssh_packet_need_rekey: rekey: [data_rekey_needed=0, out_blocks=1585, in_blocks=4398]
nc DEBUG: SSH: ssh_packet_need_rekey: rekey: [data_rekey_needed=0, out_blocks=1585, in_blocks=4398]
nc DEBUG: SSH: ssh_channel_read_timeout: Read (2) buffered : 4 bytes. Window: 1249189
nc DEBUG: SSH: ssh_channel_read_timeout: Read (1) buffered : 2 bytes. Window: 1249189
nc DEBUG: SSH: ssh_channel_read_timeout: Read (1) buffered : 1 bytes. Window: 1249189
nc DEBUG: Received message:
<rpc-reply xmlns="urn:ietf:params:xml:ns:netconf:base:1.0" message-id="41"><next-update-at xmlns="urn:o-ran:supervision:1.0">2026-04-14T11:05:32+00:00</next-update-at></rpc-reply>

DATA
<next-update-at xmlns="urn:o-ran:supervision:1.0">2026-04-14T20:05:32+09:00</next-update-at>

nc DEBUG: Received message:
<notification xmlns="urn:ietf:params:xml:ns:netconf:notification:1.0"><eventTime>2026-04-14T11:05:32Z</eventTime><supervision-notification xmlns="urn:o-ran:supervision:1.0"/></notification>

notification (2026-04-14T11:05:32Z)
<supervision-notification xmlns="urn:o-ran:supervision:1.0"/>

Client SENT :  user-rpc --content /mplane_automation/conformance_test/watchdog.xml
nc DEBUG: Sending message:

#286


nc DEBUG: SSH: ssh_packet_need_rekey: rekey: [data_rekey_needed=0, out_blocks=1586, in_blocks=4425]
nc DEBUG: SSH: ssh_socket_unbuffered_write: Enabling POLLOUT for socket
nc DEBUG: SSH: packet_send2: packet: wrote [type=94, len=24, padding_size=8, comp=15, payload=15]
nc DEBUG: SSH: channel_write_common: ssh_channel_write wrote 6 bytes
nc DEBUG: Sending message:
<rpc xmlns="urn:ietf:params:xml:ns:netconf:base:1.0" message-id="42"><supervision-watchdog-reset xmlns="urn:o-ran:supervision:1.0"><supervision-notification-interval>10</supervision-notification-interval><guard-timer-overhead>10</guard-timer-overhead></supervision-watchdog-reset></rpc>

nc DEBUG: SSH: ssh_packet_need_rekey: rekey: [data_rekey_needed=0, out_blocks=1622, in_blocks=4460]
nc DEBUG: SSH: packet_send2: packet: wrote [type=94, len=304, padding_size=8, comp=295, payload=295]
nc DEBUG: SSH: channel_write_common: ssh_channel_write wrote 286 bytes
nc DEBUG: SSH: ssh_socket_unbuffered_write: Enabling POLLOUT for socket
nc DEBUG: Sending message:

##


nc DEBUG: SSH: ssh_packet_need_rekey: rekey: [data_rekey_needed=0, out_blocks=1623, in_blocks=4425]
nc DEBUG: SSH: packet_send2: packet: wrote [type=94, len=24, padding_size=10, comp=13, payload=13]
nc DEBUG: SSH: channel_write_common: ssh_channel_write wrote 4 bytes
nc DEBUG: SSH: ssh_socket_unbuffered_write: Enabling POLLOUT for socket
nc DEBUG: SSH: ssh_packet_socket_callback: packet: read type 94 [len=24,padding=8,comp=15,payload=15]
nc DEBUG: SSH: ssh_packet_process: Dispatching handler for packet type 94
nc DEBUG: SSH: channel_rcv_data: Channel receiving 6 bytes data in 0 (local win=1248990 remote win=1267734)
nc DEBUG: SSH: channel_default_bufferize: placing 6 bytes into channel buffer (stdout)
nc DEBUG: SSH: channel_rcv_data: Channel windows are now (local win=1248984 remote win=1267734)
nc DEBUG: SSH: ssh_packet_socket_callback: Processing 220 bytes left in socket buffer
nc DEBUG: SSH: ssh_packet_socket_callback: packet: read type 94 [len=200,padding=11,comp=188,payload=188]
nc DEBUG: SSH: ssh_packet_process: Dispatching handler for packet type 94
nc DEBUG: SSH: channel_rcv_data: Channel receiving 179 bytes data in 0 (local win=1248984 remote win=1267734)
nc DEBUG: SSH: channel_default_bufferize: placing 179 bytes into channel buffer (stdout)
nc DEBUG: SSH: channel_rcv_data: Channel windows are now (local win=1248805 remote win=1267734)
nc DEBUG: SSH: ssh_packet_need_rekey: rekey: [data_rekey_needed=0, out_blocks=1623, in_blocks=4448]
nc DEBUG: SSH: ssh_packet_need_rekey: rekey: [data_rekey_needed=0, out_blocks=1623, in_blocks=4448]
nc DEBUG: SSH: ssh_channel_read_timeout: Read (2) buffered : 185 bytes. Window: 1248805
nc DEBUG: SSH: ssh_channel_read_timeout: Read (1) buffered : 183 bytes. Window: 1248805
nc DEBUG: SSH: ssh_channel_read_timeout: Read (1) buffered : 182 bytes. Window: 1248805
nc DEBUG: SSH: ssh_channel_read_timeout: Read (1) buffered : 181 bytes. Window: 1248805
nc DEBUG: SSH: ssh_channel_read_timeout: Read (1) buffered : 180 bytes. Window: 1248805
nc DEBUG: SSH: ssh_channel_read_timeout: Read (179) buffered : 179 bytes. Window: 1248805
nc DEBUG: SSH: ssh_channel_read_timeout: Read (2) buffered : 0 bytes. Window: 1248805
nc DEBUG: SSH: ssh_packet_socket_callback: packet: read type 94 [len=24,padding=10,comp=13,payload=13]
nc DEBUG: SSH: ssh_packet_process: Dispatching handler for packet type 94
nc DEBUG: SSH: channel_rcv_data: Channel receiving 4 bytes data in 0 (local win=1248805 remote win=1267734)
nc DEBUG: SSH: channel_default_bufferize: placing 4 bytes into channel buffer (stdout)
nc DEBUG: SSH: channel_rcv_data: Channel windows are now (local win=1248801 remote win=1267734)
nc DEBUG: SSH: ssh_packet_need_rekey: rekey: [data_rekey_needed=0, out_blocks=1623, in_blocks=4449]
nc DEBUG: SSH: ssh_channel_read_timeout: Read (1) buffered : 2 bytes. Window: 1248801
nc DEBUG: SSH: ssh_channel_read_timeout: Read (1) buffered : 1 bytes. Window: 1248801
nc DEBUG: Received message:
<rpc-reply xmlns="urn:ietf:params:xml:ns:netconf:base:1.0" message-id="42"><next-update-at xmlns="urn:o-ran:supervision:1.0">2026-04-14T11:05:42+00:00</next-update-at></rpc-reply>

DATA
<next-update-at xmlns="urn:o-ran:supervision:1.0">2026-04-14T20:05:42+09:00</next-update-at>

nc DEBUG: Received message:
<notification xmlns="urn:ietf:params:xml:ns:netconf:notification:1.0"><eventTime>2026-04-14T11:05:42Z</eventTime><supervision-notification xmlns="urn:o-ran:supervision:1.0"/></notification>

notification (2026-04-14T11:05:42Z)
<supervision-notification xmlns="urn:o-ran:supervision:1.0"/>

Client SENT :  user-rpc --content /mplane_automation/conformance_test/watchdog.xml
nc DEBUG: Sending message:

#286


nc DEBUG: SSH: ssh_packet_need_rekey: rekey: [data_rekey_needed=0, out_blocks=1624, in_blocks=4476]
nc DEBUG: SSH: ssh_socket_unbuffered_write: Enabling POLLOUT for socket
nc DEBUG: SSH: packet_send2: packet: wrote [type=94, len=24, padding_size=8, comp=15, payload=15]
nc DEBUG: SSH: channel_write_common: ssh_channel_write wrote 6 bytes
nc DEBUG: Sending message:
<rpc xmlns="urn:ietf:params:xml:ns:netconf:base:1.0" message-id="43"><supervision-watchdog-reset xmlns="urn:o-ran:supervision:1.0"><supervision-notification-interval>10</supervision-notification-interval><guard-timer-overhead>10</guard-timer-overhead></supervision-watchdog-reset></rpc>

nc DEBUG: SSH: ssh_packet_need_rekey: rekey: [data_rekey_needed=0, out_blocks=1660, in_blocks=4511]
nc DEBUG: SSH: packet_send2: packet: wrote [type=94, len=304, padding_size=8, comp=295, payload=295]
nc DEBUG: SSH: channel_write_common: ssh_channel_write wrote 286 bytes
nc DEBUG: SSH: ssh_socket_unbuffered_write: Enabling POLLOUT for socket
nc DEBUG: Sending message:

##


nc DEBUG: SSH: ssh_packet_need_rekey: rekey: [data_rekey_needed=0, out_blocks=1661, in_blocks=4476]
nc DEBUG: SSH: packet_send2: packet: wrote [type=94, len=24, padding_size=10, comp=13, payload=13]
nc DEBUG: SSH: channel_write_common: ssh_channel_write wrote 4 bytes
nc DEBUG: SSH: ssh_socket_unbuffered_write: Enabling POLLOUT for socket
nc DEBUG: SSH: ssh_packet_socket_callback: packet: read type 94 [len=24,padding=8,comp=15,payload=15]
nc DEBUG: SSH: ssh_packet_process: Dispatching handler for packet type 94
nc DEBUG: SSH: channel_rcv_data: Channel receiving 6 bytes data in 0 (local win=1248602 remote win=1267438)
nc DEBUG: SSH: channel_default_bufferize: placing 6 bytes into channel buffer (stdout)
nc DEBUG: SSH: channel_rcv_data: Channel windows are now (local win=1248596 remote win=1267438)
nc DEBUG: SSH: ssh_packet_socket_callback: Processing 220 bytes left in socket buffer
nc DEBUG: SSH: ssh_packet_socket_callback: packet: read type 94 [len=200,padding=11,comp=188,payload=188]
nc DEBUG: SSH: ssh_packet_process: Dispatching handler for packet type 94
nc DEBUG: SSH: channel_rcv_data: Channel receiving 179 bytes data in 0 (local win=1248596 remote win=1267438)
nc DEBUG: SSH: channel_default_bufferize: placing 179 bytes into channel buffer (stdout)
nc DEBUG: SSH: channel_rcv_data: Channel windows are now (local win=1248417 remote win=1267438)
nc DEBUG: SSH: ssh_packet_need_rekey: rekey: [data_rekey_needed=0, out_blocks=1661, in_blocks=4499]
nc DEBUG: SSH: ssh_packet_need_rekey: rekey: [data_rekey_needed=0, out_blocks=1661, in_blocks=4499]
nc DEBUG: SSH: ssh_channel_read_timeout: Read (2) buffered : 185 bytes. Window: 1248417
nc DEBUG: SSH: ssh_channel_read_timeout: Read (1) buffered : 183 bytes. Window: 1248417
nc DEBUG: SSH: ssh_channel_read_timeout: Read (1) buffered : 182 bytes. Window: 1248417
nc DEBUG: SSH: ssh_channel_read_timeout: Read (1) buffered : 181 bytes. Window: 1248417
nc DEBUG: SSH: ssh_channel_read_timeout: Read (1) buffered : 180 bytes. Window: 1248417
nc DEBUG: SSH: ssh_channel_read_timeout: Read (179) buffered : 179 bytes. Window: 1248417
nc DEBUG: SSH: ssh_channel_read_timeout: Read (2) buffered : 0 bytes. Window: 1248417
nc DEBUG: SSH: ssh_packet_socket_callback: packet: read type 94 [len=24,padding=10,comp=13,payload=13]
nc DEBUG: SSH: ssh_packet_process: Dispatching handler for packet type 94
nc DEBUG: SSH: channel_rcv_data: Channel receiving 4 bytes data in 0 (local win=1248417 remote win=1267438)
nc DEBUG: SSH: channel_default_bufferize: placing 4 bytes into channel buffer (stdout)
nc DEBUG: SSH: channel_rcv_data: Channel windows are now (local win=1248413 remote win=1267438)
nc DEBUG: SSH: ssh_packet_need_rekey: rekey: [data_rekey_needed=0, out_blocks=1661, in_blocks=4500]
nc DEBUG: SSH: ssh_channel_read_timeout: Read (1) buffered : 2 bytes. Window: 1248413
nc DEBUG: SSH: ssh_channel_read_timeout: Read (1) buffered : 1 bytes. Window: 1248413
nc DEBUG: Received message:
<rpc-reply xmlns="urn:ietf:params:xml:ns:netconf:base:1.0" message-id="43"><next-update-at xmlns="urn:o-ran:supervision:1.0">2026-04-14T11:05:52+00:00</next-update-at></rpc-reply>

DATA
<next-update-at xmlns="urn:o-ran:supervision:1.0">2026-04-14T20:05:52+09:00</next-update-at>

nc DEBUG: Received message:
<notification xmlns="urn:ietf:params:xml:ns:netconf:notification:1.0"><eventTime>2026-04-14T11:05:52Z</eventTime><supervision-notification xmlns="urn:o-ran:supervision:1.0"/></notification>

notification (2026-04-14T11:05:52Z)
<supervision-notification xmlns="urn:o-ran:supervision:1.0"/>

Client SENT :  user-rpc --content /mplane_automation/conformance_test/watchdog.xml
nc DEBUG: Sending message:

#286


nc DEBUG: SSH: ssh_packet_need_rekey: rekey: [data_rekey_needed=0, out_blocks=1662, in_blocks=4527]
nc DEBUG: SSH: ssh_socket_unbuffered_write: Enabling POLLOUT for socket
nc DEBUG: SSH: packet_send2: packet: wrote [type=94, len=24, padding_size=8, comp=15, payload=15]
nc DEBUG: SSH: channel_write_common: ssh_channel_write wrote 6 bytes
nc DEBUG: Sending message:
<rpc xmlns="urn:ietf:params:xml:ns:netconf:base:1.0" message-id="44"><supervision-watchdog-reset xmlns="urn:o-ran:supervision:1.0"><supervision-notification-interval>10</supervision-notification-interval><guard-timer-overhead>10</guard-timer-overhead></supervision-watchdog-reset></rpc>

nc DEBUG: SSH: ssh_packet_need_rekey: rekey: [data_rekey_needed=0, out_blocks=1698, in_blocks=4562]
nc DEBUG: SSH: packet_send2: packet: wrote [type=94, len=304, padding_size=8, comp=295, payload=295]
nc DEBUG: SSH: channel_write_common: ssh_channel_write wrote 286 bytes
nc DEBUG: SSH: ssh_socket_unbuffered_write: Enabling POLLOUT for socket
nc DEBUG: Sending message:

##


nc DEBUG: SSH: ssh_packet_need_rekey: rekey: [data_rekey_needed=0, out_blocks=1699, in_blocks=4527]
nc DEBUG: SSH: packet_send2: packet: wrote [type=94, len=24, padding_size=10, comp=13, payload=13]
nc DEBUG: SSH: channel_write_common: ssh_channel_write wrote 4 bytes
nc DEBUG: SSH: ssh_socket_unbuffered_write: Enabling POLLOUT for socket
nc DEBUG: SSH: ssh_packet_socket_callback: packet: read type 94 [len=24,padding=8,comp=15,payload=15]
nc DEBUG: SSH: ssh_packet_process: Dispatching handler for packet type 94
nc DEBUG: SSH: channel_rcv_data: Channel receiving 6 bytes data in 0 (local win=1248214 remote win=1267142)
nc DEBUG: SSH: channel_default_bufferize: placing 6 bytes into channel buffer (stdout)
nc DEBUG: SSH: channel_rcv_data: Channel windows are now (local win=1248208 remote win=1267142)
nc DEBUG: SSH: ssh_packet_socket_callback: Processing 220 bytes left in socket buffer
nc DEBUG: SSH: ssh_packet_socket_callback: packet: read type 94 [len=200,padding=11,comp=188,payload=188]
nc DEBUG: SSH: ssh_packet_process: Dispatching handler for packet type 94
nc DEBUG: SSH: channel_rcv_data: Channel receiving 179 bytes data in 0 (local win=1248208 remote win=1267142)
nc DEBUG: SSH: channel_default_bufferize: placing 179 bytes into channel buffer (stdout)
nc DEBUG: SSH: channel_rcv_data: Channel windows are now (local win=1248029 remote win=1267142)
nc DEBUG: SSH: ssh_packet_need_rekey: rekey: [data_rekey_needed=0, out_blocks=1699, in_blocks=4550]
nc DEBUG: SSH: ssh_packet_need_rekey: rekey: [data_rekey_needed=0, out_blocks=1699, in_blocks=4550]
nc DEBUG: SSH: ssh_channel_read_timeout: Read (2) buffered : 185 bytes. Window: 1248029
nc DEBUG: SSH: ssh_channel_read_timeout: Read (1) buffered : 183 bytes. Window: 1248029
nc DEBUG: SSH: ssh_channel_read_timeout: Read (1) buffered : 182 bytes. Window: 1248029
nc DEBUG: SSH: ssh_channel_read_timeout: Read (1) buffered : 181 bytes. Window: 1248029
nc DEBUG: SSH: ssh_channel_read_timeout: Read (1) buffered : 180 bytes. Window: 1248029
nc DEBUG: SSH: ssh_channel_read_timeout: Read (179) buffered : 179 bytes. Window: 1248029
nc DEBUG: SSH: ssh_channel_read_timeout: Read (2) buffered : 0 bytes. Window: 1248029
nc DEBUG: SSH: ssh_packet_socket_callback: packet: read type 94 [len=24,padding=10,comp=13,payload=13]
nc DEBUG: SSH: ssh_packet_process: Dispatching handler for packet type 94
nc DEBUG: SSH: channel_rcv_data: Channel receiving 4 bytes data in 0 (local win=1248029 remote win=1267142)
nc DEBUG: SSH: channel_default_bufferize: placing 4 bytes into channel buffer (stdout)
nc DEBUG: SSH: channel_rcv_data: Channel windows are now (local win=1248025 remote win=1267142)
nc DEBUG: SSH: ssh_packet_need_rekey: rekey: [data_rekey_needed=0, out_blocks=1699, in_blocks=4551]
nc DEBUG: SSH: ssh_channel_read_timeout: Read (1) buffered : 2 bytes. Window: 1248025
nc DEBUG: SSH: ssh_channel_read_timeout: Read (1) buffered : 1 bytes. Window: 1248025
nc DEBUG: Received message:
<rpc-reply xmlns="urn:ietf:params:xml:ns:netconf:base:1.0" message-id="44"><next-update-at xmlns="urn:o-ran:supervision:1.0">2026-04-14T11:06:02+00:00</next-update-at></rpc-reply>

DATA
<next-update-at xmlns="urn:o-ran:supervision:1.0">2026-04-14T20:06:02+09:00</next-update-at>

nc DEBUG: Received message:
<notification xmlns="urn:ietf:params:xml:ns:netconf:notification:1.0"><eventTime>2026-04-14T11:06:02Z</eventTime><supervision-notification xmlns="urn:o-ran:supervision:1.0"/></notification>

notification (2026-04-14T11:06:02Z)
<supervision-notification xmlns="urn:o-ran:supervision:1.0"/>

Client SENT :  user-rpc --content /mplane_automation/conformance_test/watchdog.xml
nc DEBUG: Sending message:

#286


nc DEBUG: SSH: ssh_packet_need_rekey: rekey: [data_rekey_needed=0, out_blocks=1700, in_blocks=4578]
nc DEBUG: SSH: ssh_socket_unbuffered_write: Enabling POLLOUT for socket
nc DEBUG: SSH: packet_send2: packet: wrote [type=94, len=24, padding_size=8, comp=15, payload=15]
nc DEBUG: SSH: channel_write_common: ssh_channel_write wrote 6 bytes
nc DEBUG: Sending message:
<rpc xmlns="urn:ietf:params:xml:ns:netconf:base:1.0" message-id="45"><supervision-watchdog-reset xmlns="urn:o-ran:supervision:1.0"><supervision-notification-interval>10</supervision-notification-interval><guard-timer-overhead>10</guard-timer-overhead></supervision-watchdog-reset></rpc>

nc DEBUG: SSH: ssh_packet_need_rekey: rekey: [data_rekey_needed=0, out_blocks=1736, in_blocks=4613]
nc DEBUG: SSH: packet_send2: packet: wrote [type=94, len=304, padding_size=8, comp=295, payload=295]
nc DEBUG: SSH: channel_write_common: ssh_channel_write wrote 286 bytes
nc DEBUG: SSH: ssh_socket_unbuffered_write: Enabling POLLOUT for socket
nc DEBUG: Sending message:

##


nc DEBUG: SSH: ssh_packet_need_rekey: rekey: [data_rekey_needed=0, out_blocks=1737, in_blocks=4578]
nc DEBUG: SSH: packet_send2: packet: wrote [type=94, len=24, padding_size=10, comp=13, payload=13]
nc DEBUG: SSH: channel_write_common: ssh_channel_write wrote 4 bytes
nc DEBUG: SSH: ssh_socket_unbuffered_write: Enabling POLLOUT for socket
nc DEBUG: SSH: ssh_packet_socket_callback: packet: read type 94 [len=24,padding=8,comp=15,payload=15]
nc DEBUG: SSH: ssh_packet_process: Dispatching handler for packet type 94
nc DEBUG: SSH: channel_rcv_data: Channel receiving 6 bytes data in 0 (local win=1247826 remote win=1266846)
nc DEBUG: SSH: channel_default_bufferize: placing 6 bytes into channel buffer (stdout)
nc DEBUG: SSH: channel_rcv_data: Channel windows are now (local win=1247820 remote win=1266846)
nc DEBUG: SSH: ssh_packet_socket_callback: Processing 220 bytes left in socket buffer
nc DEBUG: SSH: ssh_packet_socket_callback: packet: read type 94 [len=200,padding=11,comp=188,payload=188]
nc DEBUG: SSH: ssh_packet_process: Dispatching handler for packet type 94
nc DEBUG: SSH: channel_rcv_data: Channel receiving 179 bytes data in 0 (local win=1247820 remote win=1266846)
nc DEBUG: SSH: channel_default_bufferize: placing 179 bytes into channel buffer (stdout)
nc DEBUG: SSH: channel_rcv_data: Channel windows are now (local win=1247641 remote win=1266846)
nc DEBUG: SSH: ssh_packet_need_rekey: rekey: [data_rekey_needed=0, out_blocks=1737, in_blocks=4601]
nc DEBUG: SSH: ssh_packet_need_rekey: rekey: [data_rekey_needed=0, out_blocks=1737, in_blocks=4601]
nc DEBUG: SSH: ssh_channel_read_timeout: Read (2) buffered : 185 bytes. Window: 1247641
nc DEBUG: SSH: ssh_channel_read_timeout: Read (1) buffered : 183 bytes. Window: 1247641
nc DEBUG: SSH: ssh_channel_read_timeout: Read (1) buffered : 182 bytes. Window: 1247641
nc DEBUG: SSH: ssh_channel_read_timeout: Read (1) buffered : 181 bytes. Window: 1247641
nc DEBUG: SSH: ssh_channel_read_timeout: Read (1) buffered : 180 bytes. Window: 1247641
nc DEBUG: SSH: ssh_channel_read_timeout: Read (179) buffered : 179 bytes. Window: 1247641
nc DEBUG: SSH: ssh_channel_read_timeout: Read (2) buffered : 0 bytes. Window: 1247641
nc DEBUG: SSH: ssh_packet_socket_callback: packet: read type 94 [len=24,padding=10,comp=13,payload=13]
nc DEBUG: SSH: ssh_packet_process: Dispatching handler for packet type 94
nc DEBUG: SSH: channel_rcv_data: Channel receiving 4 bytes data in 0 (local win=1247641 remote win=1266846)
nc DEBUG: SSH: channel_default_bufferize: placing 4 bytes into channel buffer (stdout)
nc DEBUG: SSH: channel_rcv_data: Channel windows are now (local win=1247637 remote win=1266846)
nc DEBUG: SSH: ssh_packet_need_rekey: rekey: [data_rekey_needed=0, out_blocks=1737, in_blocks=4602]
nc DEBUG: SSH: ssh_channel_read_timeout: Read (1) buffered : 2 bytes. Window: 1247637
nc DEBUG: SSH: ssh_channel_read_timeout: Read (1) buffered : 1 bytes. Window: 1247637
nc DEBUG: Received message:
<rpc-reply xmlns="urn:ietf:params:xml:ns:netconf:base:1.0" message-id="45"><next-update-at xmlns="urn:o-ran:supervision:1.0">2026-04-14T11:06:12+00:00</next-update-at></rpc-reply>

DATA
<next-update-at xmlns="urn:o-ran:supervision:1.0">2026-04-14T20:06:12+09:00</next-update-at>

nc DEBUG: Received message:
<notification xmlns="urn:ietf:params:xml:ns:netconf:notification:1.0"><eventTime>2026-04-14T11:06:12Z</eventTime><supervision-notification xmlns="urn:o-ran:supervision:1.0"/></notification>

notification (2026-04-14T11:06:12Z)
<supervision-notification xmlns="urn:o-ran:supervision:1.0"/>

Client SENT :  user-rpc --content /mplane_automation/conformance_test/watchdog.xml
nc DEBUG: Sending message:

#286


nc DEBUG: SSH: ssh_packet_need_rekey: rekey: [data_rekey_needed=0, out_blocks=1738, in_blocks=4629]
nc DEBUG: SSH: ssh_socket_unbuffered_write: Enabling POLLOUT for socket
nc DEBUG: SSH: packet_send2: packet: wrote [type=94, len=24, padding_size=8, comp=15, payload=15]
nc DEBUG: SSH: channel_write_common: ssh_channel_write wrote 6 bytes
nc DEBUG: Sending message:
<rpc xmlns="urn:ietf:params:xml:ns:netconf:base:1.0" message-id="46"><supervision-watchdog-reset xmlns="urn:o-ran:supervision:1.0"><supervision-notification-interval>10</supervision-notification-interval><guard-timer-overhead>10</guard-timer-overhead></supervision-watchdog-reset></rpc>

nc DEBUG: SSH: ssh_packet_need_rekey: rekey: [data_rekey_needed=0, out_blocks=1774, in_blocks=4664]
nc DEBUG: SSH: packet_send2: packet: wrote [type=94, len=304, padding_size=8, comp=295, payload=295]
nc DEBUG: SSH: channel_write_common: ssh_channel_write wrote 286 bytes
nc DEBUG: SSH: ssh_socket_unbuffered_write: Enabling POLLOUT for socket
nc DEBUG: Sending message:

##


nc DEBUG: SSH: ssh_packet_need_rekey: rekey: [data_rekey_needed=0, out_blocks=1775, in_blocks=4629]
nc DEBUG: SSH: packet_send2: packet: wrote [type=94, len=24, padding_size=10, comp=13, payload=13]
nc DEBUG: SSH: channel_write_common: ssh_channel_write wrote 4 bytes
nc DEBUG: SSH: ssh_socket_unbuffered_write: Enabling POLLOUT for socket
nc DEBUG: SSH: ssh_packet_socket_callback: packet: read type 94 [len=24,padding=8,comp=15,payload=15]
nc DEBUG: SSH: ssh_packet_process: Dispatching handler for packet type 94
nc DEBUG: SSH: channel_rcv_data: Channel receiving 6 bytes data in 0 (local win=1247438 remote win=1266550)
nc DEBUG: SSH: channel_default_bufferize: placing 6 bytes into channel buffer (stdout)
nc DEBUG: SSH: channel_rcv_data: Channel windows are now (local win=1247432 remote win=1266550)
nc DEBUG: SSH: ssh_packet_socket_callback: Processing 220 bytes left in socket buffer
nc DEBUG: SSH: ssh_packet_socket_callback: packet: read type 94 [len=200,padding=11,comp=188,payload=188]
nc DEBUG: SSH: ssh_packet_process: Dispatching handler for packet type 94
nc DEBUG: SSH: channel_rcv_data: Channel receiving 179 bytes data in 0 (local win=1247432 remote win=1266550)
nc DEBUG: SSH: channel_default_bufferize: placing 179 bytes into channel buffer (stdout)
nc DEBUG: SSH: channel_rcv_data: Channel windows are now (local win=1247253 remote win=1266550)
nc DEBUG: SSH: ssh_packet_need_rekey: rekey: [data_rekey_needed=0, out_blocks=1775, in_blocks=4652]
nc DEBUG: SSH: ssh_packet_need_rekey: rekey: [data_rekey_needed=0, out_blocks=1775, in_blocks=4652]
nc DEBUG: SSH: ssh_channel_read_timeout: Read (2) buffered : 185 bytes. Window: 1247253
nc DEBUG: SSH: ssh_channel_read_timeout: Read (1) buffered : 183 bytes. Window: 1247253
nc DEBUG: SSH: ssh_channel_read_timeout: Read (1) buffered : 182 bytes. Window: 1247253
nc DEBUG: SSH: ssh_channel_read_timeout: Read (1) buffered : 181 bytes. Window: 1247253
nc DEBUG: SSH: ssh_channel_read_timeout: Read (1) buffered : 180 bytes. Window: 1247253
nc DEBUG: SSH: ssh_channel_read_timeout: Read (179) buffered : 179 bytes. Window: 1247253
nc DEBUG: SSH: ssh_channel_read_timeout: Read (2) buffered : 0 bytes. Window: 1247253
nc DEBUG: SSH: ssh_packet_socket_callback: packet: read type 94 [len=24,padding=10,comp=13,payload=13]
nc DEBUG: SSH: ssh_packet_process: Dispatching handler for packet type 94
nc DEBUG: SSH: channel_rcv_data: Channel receiving 4 bytes data in 0 (local win=1247253 remote win=1266550)
nc DEBUG: SSH: channel_default_bufferize: placing 4 bytes into channel buffer (stdout)
nc DEBUG: SSH: channel_rcv_data: Channel windows are now (local win=1247249 remote win=1266550)
nc DEBUG: SSH: ssh_packet_need_rekey: rekey: [data_rekey_needed=0, out_blocks=1775, in_blocks=4653]
nc DEBUG: SSH: ssh_channel_read_timeout: Read (1) buffered : 2 bytes. Window: 1247249
nc DEBUG: SSH: ssh_channel_read_timeout: Read (1) buffered : 1 bytes. Window: 1247249
nc DEBUG: Received message:
<rpc-reply xmlns="urn:ietf:params:xml:ns:netconf:base:1.0" message-id="46"><next-update-at xmlns="urn:o-ran:supervision:1.0">2026-04-14T11:06:22+00:00</next-update-at></rpc-reply>

DATA
<next-update-at xmlns="urn:o-ran:supervision:1.0">2026-04-14T20:06:22+09:00</next-update-at>

nc DEBUG: Received message:
<notification xmlns="urn:ietf:params:xml:ns:netconf:notification:1.0"><eventTime>2026-04-14T11:06:22Z</eventTime><supervision-notification xmlns="urn:o-ran:supervision:1.0"/></notification>

notification (2026-04-14T11:06:22Z)
<supervision-notification xmlns="urn:o-ran:supervision:1.0"/>

Client SENT :  user-rpc --content /mplane_automation/conformance_test/watchdog.xml
nc DEBUG: Sending message:

#286


nc DEBUG: SSH: ssh_packet_need_rekey: rekey: [data_rekey_needed=0, out_blocks=1776, in_blocks=4680]
nc DEBUG: SSH: ssh_socket_unbuffered_write: Enabling POLLOUT for socket
nc DEBUG: SSH: packet_send2: packet: wrote [type=94, len=24, padding_size=8, comp=15, payload=15]
nc DEBUG: SSH: channel_write_common: ssh_channel_write wrote 6 bytes
nc DEBUG: Sending message:
<rpc xmlns="urn:ietf:params:xml:ns:netconf:base:1.0" message-id="47"><supervision-watchdog-reset xmlns="urn:o-ran:supervision:1.0"><supervision-notification-interval>10</supervision-notification-interval><guard-timer-overhead>10</guard-timer-overhead></supervision-watchdog-reset></rpc>

nc DEBUG: SSH: ssh_packet_need_rekey: rekey: [data_rekey_needed=0, out_blocks=1812, in_blocks=4715]
nc DEBUG: SSH: packet_send2: packet: wrote [type=94, len=304, padding_size=8, comp=295, payload=295]
nc DEBUG: SSH: channel_write_common: ssh_channel_write wrote 286 bytes
nc DEBUG: SSH: ssh_socket_unbuffered_write: Enabling POLLOUT for socket
nc DEBUG: Sending message:

##


nc DEBUG: SSH: ssh_packet_need_rekey: rekey: [data_rekey_needed=0, out_blocks=1813, in_blocks=4680]
nc DEBUG: SSH: packet_send2: packet: wrote [type=94, len=24, padding_size=10, comp=13, payload=13]
nc DEBUG: SSH: channel_write_common: ssh_channel_write wrote 4 bytes
nc DEBUG: SSH: ssh_socket_unbuffered_write: Enabling POLLOUT for socket
nc DEBUG: SSH: ssh_packet_socket_callback: packet: read type 94 [len=24,padding=8,comp=15,payload=15]
nc DEBUG: SSH: ssh_packet_process: Dispatching handler for packet type 94
nc DEBUG: SSH: channel_rcv_data: Channel receiving 6 bytes data in 0 (local win=1247050 remote win=1266254)
nc DEBUG: SSH: channel_default_bufferize: placing 6 bytes into channel buffer (stdout)
nc DEBUG: SSH: channel_rcv_data: Channel windows are now (local win=1247044 remote win=1266254)
nc DEBUG: SSH: ssh_packet_socket_callback: Processing 220 bytes left in socket buffer
nc DEBUG: SSH: ssh_packet_socket_callback: packet: read type 94 [len=200,padding=11,comp=188,payload=188]
nc DEBUG: SSH: ssh_packet_process: Dispatching handler for packet type 94
nc DEBUG: SSH: channel_rcv_data: Channel receiving 179 bytes data in 0 (local win=1247044 remote win=1266254)
nc DEBUG: SSH: channel_default_bufferize: placing 179 bytes into channel buffer (stdout)
nc DEBUG: SSH: channel_rcv_data: Channel windows are now (local win=1246865 remote win=1266254)
nc DEBUG: SSH: ssh_packet_need_rekey: rekey: [data_rekey_needed=0, out_blocks=1813, in_blocks=4703]
nc DEBUG: SSH: ssh_packet_need_rekey: rekey: [data_rekey_needed=0, out_blocks=1813, in_blocks=4703]
nc DEBUG: SSH: ssh_channel_read_timeout: Read (2) buffered : 185 bytes. Window: 1246865
nc DEBUG: SSH: ssh_channel_read_timeout: Read (1) buffered : 183 bytes. Window: 1246865
nc DEBUG: SSH: ssh_channel_read_timeout: Read (1) buffered : 182 bytes. Window: 1246865
nc DEBUG: SSH: ssh_channel_read_timeout: Read (1) buffered : 181 bytes. Window: 1246865
nc DEBUG: SSH: ssh_channel_read_timeout: Read (1) buffered : 180 bytes. Window: 1246865
nc DEBUG: SSH: ssh_channel_read_timeout: Read (179) buffered : 179 bytes. Window: 1246865
nc DEBUG: SSH: ssh_channel_read_timeout: Read (2) buffered : 0 bytes. Window: 1246865
nc DEBUG: SSH: ssh_packet_socket_callback: packet: read type 94 [len=24,padding=10,comp=13,payload=13]
nc DEBUG: SSH: ssh_packet_process: Dispatching handler for packet type 94
nc DEBUG: SSH: channel_rcv_data: Channel receiving 4 bytes data in 0 (local win=1246865 remote win=1266254)
nc DEBUG: SSH: channel_default_bufferize: placing 4 bytes into channel buffer (stdout)
nc DEBUG: SSH: channel_rcv_data: Channel windows are now (local win=1246861 remote win=1266254)
nc DEBUG: SSH: ssh_packet_need_rekey: rekey: [data_rekey_needed=0, out_blocks=1813, in_blocks=4704]
nc DEBUG: SSH: ssh_channel_read_timeout: Read (1) buffered : 2 bytes. Window: 1246861
nc DEBUG: SSH: ssh_channel_read_timeout: Read (1) buffered : 1 bytes. Window: 1246861
nc DEBUG: Received message:
<rpc-reply xmlns="urn:ietf:params:xml:ns:netconf:base:1.0" message-id="47"><next-update-at xmlns="urn:o-ran:supervision:1.0">2026-04-14T11:06:32+00:00</next-update-at></rpc-reply>

DATA
<next-update-at xmlns="urn:o-ran:supervision:1.0">2026-04-14T20:06:32+09:00</next-update-at>

nc DEBUG: Received message:
<notification xmlns="urn:ietf:params:xml:ns:netconf:notification:1.0"><eventTime>2026-04-14T11:06:32Z</eventTime><supervision-notification xmlns="urn:o-ran:supervision:1.0"/></notification>

notification (2026-04-14T11:06:32Z)
<supervision-notification xmlns="urn:o-ran:supervision:1.0"/>

Client SENT :  user-rpc --content /mplane_automation/conformance_test/watchdog.xml
nc DEBUG: Sending message:

#286


nc DEBUG: SSH: ssh_packet_need_rekey: rekey: [data_rekey_needed=0, out_blocks=1814, in_blocks=4731]
nc DEBUG: SSH: ssh_socket_unbuffered_write: Enabling POLLOUT for socket
nc DEBUG: SSH: packet_send2: packet: wrote [type=94, len=24, padding_size=8, comp=15, payload=15]
nc DEBUG: SSH: channel_write_common: ssh_channel_write wrote 6 bytes
nc DEBUG: Sending message:
<rpc xmlns="urn:ietf:params:xml:ns:netconf:base:1.0" message-id="48"><supervision-watchdog-reset xmlns="urn:o-ran:supervision:1.0"><supervision-notification-interval>10</supervision-notification-interval><guard-timer-overhead>10</guard-timer-overhead></supervision-watchdog-reset></rpc>

nc DEBUG: SSH: ssh_packet_need_rekey: rekey: [data_rekey_needed=0, out_blocks=1850, in_blocks=4766]
nc DEBUG: SSH: packet_send2: packet: wrote [type=94, len=304, padding_size=8, comp=295, payload=295]
nc DEBUG: SSH: channel_write_common: ssh_channel_write wrote 286 bytes
nc DEBUG: SSH: ssh_socket_unbuffered_write: Enabling POLLOUT for socket
nc DEBUG: Sending message:

##


nc DEBUG: SSH: ssh_packet_need_rekey: rekey: [data_rekey_needed=0, out_blocks=1851, in_blocks=4731]
nc DEBUG: SSH: packet_send2: packet: wrote [type=94, len=24, padding_size=10, comp=13, payload=13]
nc DEBUG: SSH: channel_write_common: ssh_channel_write wrote 4 bytes
nc DEBUG: SSH: ssh_socket_unbuffered_write: Enabling POLLOUT for socket
nc DEBUG: SSH: ssh_packet_socket_callback: packet: read type 94 [len=24,padding=8,comp=15,payload=15]
nc DEBUG: SSH: ssh_packet_process: Dispatching handler for packet type 94
nc DEBUG: SSH: channel_rcv_data: Channel receiving 6 bytes data in 0 (local win=1246662 remote win=1265958)
nc DEBUG: SSH: channel_default_bufferize: placing 6 bytes into channel buffer (stdout)
nc DEBUG: SSH: channel_rcv_data: Channel windows are now (local win=1246656 remote win=1265958)
nc DEBUG: SSH: ssh_packet_socket_callback: Processing 220 bytes left in socket buffer
nc DEBUG: SSH: ssh_packet_socket_callback: packet: read type 94 [len=200,padding=11,comp=188,payload=188]
nc DEBUG: SSH: ssh_packet_process: Dispatching handler for packet type 94
nc DEBUG: SSH: channel_rcv_data: Channel receiving 179 bytes data in 0 (local win=1246656 remote win=1265958)
nc DEBUG: SSH: channel_default_bufferize: placing 179 bytes into channel buffer (stdout)
nc DEBUG: SSH: channel_rcv_data: Channel windows are now (local win=1246477 remote win=1265958)
nc DEBUG: SSH: ssh_packet_need_rekey: rekey: [data_rekey_needed=0, out_blocks=1851, in_blocks=4754]
nc DEBUG: SSH: ssh_packet_need_rekey: rekey: [data_rekey_needed=0, out_blocks=1851, in_blocks=4754]
nc DEBUG: SSH: ssh_channel_read_timeout: Read (2) buffered : 185 bytes. Window: 1246477
nc DEBUG: SSH: ssh_channel_read_timeout: Read (1) buffered : 183 bytes. Window: 1246477
nc DEBUG: SSH: ssh_channel_read_timeout: Read (1) buffered : 182 bytes. Window: 1246477
nc DEBUG: SSH: ssh_channel_read_timeout: Read (1) buffered : 181 bytes. Window: 1246477
nc DEBUG: SSH: ssh_channel_read_timeout: Read (1) buffered : 180 bytes. Window: 1246477
nc DEBUG: SSH: ssh_channel_read_timeout: Read (179) buffered : 179 bytes. Window: 1246477
nc DEBUG: SSH: ssh_channel_read_timeout: Read (2) buffered : 0 bytes. Window: 1246477
nc DEBUG: SSH: ssh_packet_socket_callback: packet: read type 94 [len=24,padding=10,comp=13,payload=13]
nc DEBUG: SSH: ssh_packet_process: Dispatching handler for packet type 94
nc DEBUG: SSH: channel_rcv_data: Channel receiving 4 bytes data in 0 (local win=1246477 remote win=1265958)
nc DEBUG: SSH: channel_default_bufferize: placing 4 bytes into channel buffer (stdout)
nc DEBUG: SSH: channel_rcv_data: Channel windows are now (local win=1246473 remote win=1265958)
nc DEBUG: SSH: ssh_packet_need_rekey: rekey: [data_rekey_needed=0, out_blocks=1851, in_blocks=4755]
nc DEBUG: SSH: ssh_channel_read_timeout: Read (1) buffered : 2 bytes. Window: 1246473
nc DEBUG: SSH: ssh_channel_read_timeout: Read (1) buffered : 1 bytes. Window: 1246473
nc DEBUG: Received message:
<rpc-reply xmlns="urn:ietf:params:xml:ns:netconf:base:1.0" message-id="48"><next-update-at xmlns="urn:o-ran:supervision:1.0">2026-04-14T11:06:42+00:00</next-update-at></rpc-reply>

DATA
<next-update-at xmlns="urn:o-ran:supervision:1.0">2026-04-14T20:06:42+09:00</next-update-at>

nc DEBUG: Received message:
<notification xmlns="urn:ietf:params:xml:ns:netconf:notification:1.0"><eventTime>2026-04-14T11:06:42Z</eventTime><supervision-notification xmlns="urn:o-ran:supervision:1.0"/></notification>

notification (2026-04-14T11:06:42Z)
<supervision-notification xmlns="urn:o-ran:supervision:1.0"/>

Client SENT :  user-rpc --content /mplane_automation/conformance_test/watchdog.xml
nc DEBUG: Sending message:

#286


nc DEBUG: SSH: ssh_packet_need_rekey: rekey: [data_rekey_needed=0, out_blocks=1852, in_blocks=4782]
nc DEBUG: SSH: ssh_socket_unbuffered_write: Enabling POLLOUT for socket
nc DEBUG: SSH: packet_send2: packet: wrote [type=94, len=24, padding_size=8, comp=15, payload=15]
nc DEBUG: SSH: channel_write_common: ssh_channel_write wrote 6 bytes
nc DEBUG: Sending message:
<rpc xmlns="urn:ietf:params:xml:ns:netconf:base:1.0" message-id="49"><supervision-watchdog-reset xmlns="urn:o-ran:supervision:1.0"><supervision-notification-interval>10</supervision-notification-interval><guard-timer-overhead>10</guard-timer-overhead></supervision-watchdog-reset></rpc>

nc DEBUG: SSH: ssh_packet_need_rekey: rekey: [data_rekey_needed=0, out_blocks=1888, in_blocks=4817]
nc DEBUG: SSH: packet_send2: packet: wrote [type=94, len=304, padding_size=8, comp=295, payload=295]
nc DEBUG: SSH: channel_write_common: ssh_channel_write wrote 286 bytes
nc DEBUG: SSH: ssh_socket_unbuffered_write: Enabling POLLOUT for socket
nc DEBUG: Sending message:

##


nc DEBUG: SSH: ssh_packet_need_rekey: rekey: [data_rekey_needed=0, out_blocks=1889, in_blocks=4782]
nc DEBUG: SSH: packet_send2: packet: wrote [type=94, len=24, padding_size=10, comp=13, payload=13]
nc DEBUG: SSH: channel_write_common: ssh_channel_write wrote 4 bytes
nc DEBUG: SSH: ssh_socket_unbuffered_write: Enabling POLLOUT for socket
nc DEBUG: SSH: ssh_packet_socket_callback: packet: read type 94 [len=24,padding=8,comp=15,payload=15]
nc DEBUG: SSH: ssh_packet_process: Dispatching handler for packet type 94
nc DEBUG: SSH: channel_rcv_data: Channel receiving 6 bytes data in 0 (local win=1246274 remote win=1265662)
nc DEBUG: SSH: channel_default_bufferize: placing 6 bytes into channel buffer (stdout)
nc DEBUG: SSH: channel_rcv_data: Channel windows are now (local win=1246268 remote win=1265662)
nc DEBUG: SSH: ssh_packet_socket_callback: Processing 220 bytes left in socket buffer
nc DEBUG: SSH: ssh_packet_socket_callback: packet: read type 94 [len=200,padding=11,comp=188,payload=188]
nc DEBUG: SSH: ssh_packet_process: Dispatching handler for packet type 94
nc DEBUG: SSH: channel_rcv_data: Channel receiving 179 bytes data in 0 (local win=1246268 remote win=1265662)
nc DEBUG: SSH: channel_default_bufferize: placing 179 bytes into channel buffer (stdout)
nc DEBUG: SSH: channel_rcv_data: Channel windows are now (local win=1246089 remote win=1265662)
nc DEBUG: SSH: ssh_packet_need_rekey: rekey: [data_rekey_needed=0, out_blocks=1889, in_blocks=4805]
nc DEBUG: SSH: ssh_packet_need_rekey: rekey: [data_rekey_needed=0, out_blocks=1889, in_blocks=4805]
nc DEBUG: SSH: ssh_channel_read_timeout: Read (2) buffered : 185 bytes. Window: 1246089
nc DEBUG: SSH: ssh_channel_read_timeout: Read (1) buffered : 183 bytes. Window: 1246089
nc DEBUG: SSH: ssh_channel_read_timeout: Read (1) buffered : 182 bytes. Window: 1246089
nc DEBUG: SSH: ssh_channel_read_timeout: Read (1) buffered : 181 bytes. Window: 1246089
nc DEBUG: SSH: ssh_channel_read_timeout: Read (1) buffered : 180 bytes. Window: 1246089
nc DEBUG: SSH: ssh_channel_read_timeout: Read (179) buffered : 179 bytes. Window: 1246089
nc DEBUG: SSH: ssh_channel_read_timeout: Read (2) buffered : 0 bytes. Window: 1246089
nc DEBUG: SSH: ssh_packet_socket_callback: packet: read type 94 [len=24,padding=10,comp=13,payload=13]
nc DEBUG: SSH: ssh_packet_process: Dispatching handler for packet type 94
nc DEBUG: SSH: channel_rcv_data: Channel receiving 4 bytes data in 0 (local win=1246089 remote win=1265662)
nc DEBUG: SSH: channel_default_bufferize: placing 4 bytes into channel buffer (stdout)
nc DEBUG: SSH: channel_rcv_data: Channel windows are now (local win=1246085 remote win=1265662)
nc DEBUG: SSH: ssh_packet_need_rekey: rekey: [data_rekey_needed=0, out_blocks=1889, in_blocks=4806]
nc DEBUG: SSH: ssh_channel_read_timeout: Read (1) buffered : 2 bytes. Window: 1246085
nc DEBUG: SSH: ssh_channel_read_timeout: Read (1) buffered : 1 bytes. Window: 1246085
nc DEBUG: Received message:
<rpc-reply xmlns="urn:ietf:params:xml:ns:netconf:base:1.0" message-id="49"><next-update-at xmlns="urn:o-ran:supervision:1.0">2026-04-14T11:06:52+00:00</next-update-at></rpc-reply>

DATA
<next-update-at xmlns="urn:o-ran:supervision:1.0">2026-04-14T20:06:52+09:00</next-update-at>

nc DEBUG: Received message:
<notification xmlns="urn:ietf:params:xml:ns:netconf:notification:1.0"><eventTime>2026-04-14T11:06:52Z</eventTime><supervision-notification xmlns="urn:o-ran:supervision:1.0"/></notification>

notification (2026-04-14T11:06:52Z)
<supervision-notification xmlns="urn:o-ran:supervision:1.0"/>

Client SENT :  user-rpc --content /mplane_automation/conformance_test/watchdog.xml
nc DEBUG: Sending message:

#286


nc DEBUG: SSH: ssh_packet_need_rekey: rekey: [data_rekey_needed=0, out_blocks=1890, in_blocks=4833]
nc DEBUG: SSH: ssh_socket_unbuffered_write: Enabling POLLOUT for socket
nc DEBUG: SSH: packet_send2: packet: wrote [type=94, len=24, padding_size=8, comp=15, payload=15]
nc DEBUG: SSH: channel_write_common: ssh_channel_write wrote 6 bytes
nc DEBUG: Sending message:
<rpc xmlns="urn:ietf:params:xml:ns:netconf:base:1.0" message-id="50"><supervision-watchdog-reset xmlns="urn:o-ran:supervision:1.0"><supervision-notification-interval>10</supervision-notification-interval><guard-timer-overhead>10</guard-timer-overhead></supervision-watchdog-reset></rpc>

nc DEBUG: SSH: ssh_packet_need_rekey: rekey: [data_rekey_needed=0, out_blocks=1926, in_blocks=4868]
nc DEBUG: SSH: packet_send2: packet: wrote [type=94, len=304, padding_size=8, comp=295, payload=295]
nc DEBUG: SSH: channel_write_common: ssh_channel_write wrote 286 bytes
nc DEBUG: SSH: ssh_socket_unbuffered_write: Enabling POLLOUT for socket
nc DEBUG: Sending message:

##


nc DEBUG: SSH: ssh_packet_need_rekey: rekey: [data_rekey_needed=0, out_blocks=1927, in_blocks=4833]
nc DEBUG: SSH: packet_send2: packet: wrote [type=94, len=24, padding_size=10, comp=13, payload=13]
nc DEBUG: SSH: channel_write_common: ssh_channel_write wrote 4 bytes
nc DEBUG: SSH: ssh_socket_unbuffered_write: Enabling POLLOUT for socket
nc DEBUG: SSH: ssh_packet_socket_callback: packet: read type 94 [len=24,padding=8,comp=15,payload=15]
nc DEBUG: SSH: ssh_packet_process: Dispatching handler for packet type 94
nc DEBUG: SSH: channel_rcv_data: Channel receiving 6 bytes data in 0 (local win=1245886 remote win=1265366)
nc DEBUG: SSH: channel_default_bufferize: placing 6 bytes into channel buffer (stdout)
nc DEBUG: SSH: channel_rcv_data: Channel windows are now (local win=1245880 remote win=1265366)
nc DEBUG: SSH: ssh_packet_socket_callback: Processing 220 bytes left in socket buffer
nc DEBUG: SSH: ssh_packet_socket_callback: packet: read type 94 [len=200,padding=11,comp=188,payload=188]
nc DEBUG: SSH: ssh_packet_process: Dispatching handler for packet type 94
nc DEBUG: SSH: channel_rcv_data: Channel receiving 179 bytes data in 0 (local win=1245880 remote win=1265366)
nc DEBUG: SSH: channel_default_bufferize: placing 179 bytes into channel buffer (stdout)
nc DEBUG: SSH: channel_rcv_data: Channel windows are now (local win=1245701 remote win=1265366)
nc DEBUG: SSH: ssh_packet_need_rekey: rekey: [data_rekey_needed=0, out_blocks=1927, in_blocks=4856]
nc DEBUG: SSH: ssh_packet_need_rekey: rekey: [data_rekey_needed=0, out_blocks=1927, in_blocks=4856]
nc DEBUG: SSH: ssh_channel_read_timeout: Read (2) buffered : 185 bytes. Window: 1245701
nc DEBUG: SSH: ssh_channel_read_timeout: Read (1) buffered : 183 bytes. Window: 1245701
nc DEBUG: SSH: ssh_channel_read_timeout: Read (1) buffered : 182 bytes. Window: 1245701
nc DEBUG: SSH: ssh_channel_read_timeout: Read (1) buffered : 181 bytes. Window: 1245701
nc DEBUG: SSH: ssh_channel_read_timeout: Read (1) buffered : 180 bytes. Window: 1245701
nc DEBUG: SSH: ssh_channel_read_timeout: Read (179) buffered : 179 bytes. Window: 1245701
nc DEBUG: SSH: ssh_channel_read_timeout: Read (2) buffered : 0 bytes. Window: 1245701
nc DEBUG: SSH: ssh_packet_socket_callback: packet: read type 94 [len=24,padding=10,comp=13,payload=13]
nc DEBUG: SSH: ssh_packet_process: Dispatching handler for packet type 94
nc DEBUG: SSH: channel_rcv_data: Channel receiving 4 bytes data in 0 (local win=1245701 remote win=1265366)
nc DEBUG: SSH: channel_default_bufferize: placing 4 bytes into channel buffer (stdout)
nc DEBUG: SSH: channel_rcv_data: Channel windows are now (local win=1245697 remote win=1265366)
nc DEBUG: SSH: ssh_packet_need_rekey: rekey: [data_rekey_needed=0, out_blocks=1927, in_blocks=4857]
nc DEBUG: SSH: ssh_channel_read_timeout: Read (1) buffered : 2 bytes. Window: 1245697
nc DEBUG: SSH: ssh_channel_read_timeout: Read (1) buffered : 1 bytes. Window: 1245697
nc DEBUG: Received message:
<rpc-reply xmlns="urn:ietf:params:xml:ns:netconf:base:1.0" message-id="50"><next-update-at xmlns="urn:o-ran:supervision:1.0">2026-04-14T11:07:02+00:00</next-update-at></rpc-reply>

DATA
<next-update-at xmlns="urn:o-ran:supervision:1.0">2026-04-14T20:07:02+09:00</next-update-at>

nc DEBUG: Received message:
<notification xmlns="urn:ietf:params:xml:ns:netconf:notification:1.0"><eventTime>2026-04-14T11:07:02Z</eventTime><supervision-notification xmlns="urn:o-ran:supervision:1.0"/></notification>

notification (2026-04-14T11:07:02Z)
<supervision-notification xmlns="urn:o-ran:supervision:1.0"/>

Client SENT :  user-rpc --content /mplane_automation/conformance_test/watchdog.xml
nc DEBUG: Sending message:

#286


nc DEBUG: SSH: ssh_packet_need_rekey: rekey: [data_rekey_needed=0, out_blocks=1928, in_blocks=4884]
nc DEBUG: SSH: ssh_socket_unbuffered_write: Enabling POLLOUT for socket
nc DEBUG: SSH: packet_send2: packet: wrote [type=94, len=24, padding_size=8, comp=15, payload=15]
nc DEBUG: SSH: channel_write_common: ssh_channel_write wrote 6 bytes
nc DEBUG: Sending message:
<rpc xmlns="urn:ietf:params:xml:ns:netconf:base:1.0" message-id="51"><supervision-watchdog-reset xmlns="urn:o-ran:supervision:1.0"><supervision-notification-interval>10</supervision-notification-interval><guard-timer-overhead>10</guard-timer-overhead></supervision-watchdog-reset></rpc>

nc DEBUG: SSH: ssh_packet_need_rekey: rekey: [data_rekey_needed=0, out_blocks=1964, in_blocks=4919]
nc DEBUG: SSH: packet_send2: packet: wrote [type=94, len=304, padding_size=8, comp=295, payload=295]
nc DEBUG: SSH: channel_write_common: ssh_channel_write wrote 286 bytes
nc DEBUG: SSH: ssh_socket_unbuffered_write: Enabling POLLOUT for socket
nc DEBUG: Sending message:

##


nc DEBUG: SSH: ssh_packet_need_rekey: rekey: [data_rekey_needed=0, out_blocks=1965, in_blocks=4884]
nc DEBUG: SSH: packet_send2: packet: wrote [type=94, len=24, padding_size=10, comp=13, payload=13]
nc DEBUG: SSH: channel_write_common: ssh_channel_write wrote 4 bytes
nc DEBUG: SSH: ssh_socket_unbuffered_write: Enabling POLLOUT for socket
nc DEBUG: SSH: ssh_packet_socket_callback: packet: read type 94 [len=24,padding=8,comp=15,payload=15]
nc DEBUG: SSH: ssh_packet_process: Dispatching handler for packet type 94
nc DEBUG: SSH: channel_rcv_data: Channel receiving 6 bytes data in 0 (local win=1245498 remote win=1265070)
nc DEBUG: SSH: channel_default_bufferize: placing 6 bytes into channel buffer (stdout)
nc DEBUG: SSH: channel_rcv_data: Channel windows are now (local win=1245492 remote win=1265070)
nc DEBUG: SSH: ssh_packet_need_rekey: rekey: [data_rekey_needed=0, out_blocks=1965, in_blocks=4884]
nc DEBUG: SSH: ssh_channel_read_timeout: Read (2) buffered : 6 bytes. Window: 1245492
nc DEBUG: SSH: ssh_channel_read_timeout: Read (1) buffered : 4 bytes. Window: 1245492
nc DEBUG: SSH: ssh_channel_read_timeout: Read (1) buffered : 3 bytes. Window: 1245492
nc DEBUG: SSH: ssh_channel_read_timeout: Read (1) buffered : 2 bytes. Window: 1245492
nc DEBUG: SSH: ssh_channel_read_timeout: Read (1) buffered : 1 bytes. Window: 1245492
nc DEBUG: SSH: ssh_channel_read_timeout: Read (179) buffered : 0 bytes. Window: 1245492
nc DEBUG: SSH: ssh_packet_socket_callback: packet: read type 94 [len=200,padding=11,comp=188,payload=188]
nc DEBUG: SSH: ssh_packet_process: Dispatching handler for packet type 94
nc DEBUG: SSH: channel_rcv_data: Channel receiving 179 bytes data in 0 (local win=1245492 remote win=1265070)
nc DEBUG: SSH: channel_default_bufferize: placing 179 bytes into channel buffer (stdout)
nc DEBUG: SSH: channel_rcv_data: Channel windows are now (local win=1245313 remote win=1265070)
nc DEBUG: SSH: ssh_packet_socket_callback: Processing 44 bytes left in socket buffer
nc DEBUG: SSH: ssh_packet_socket_callback: packet: read type 94 [len=24,padding=10,comp=13,payload=13]
nc DEBUG: SSH: ssh_packet_process: Dispatching handler for packet type 94
nc DEBUG: SSH: channel_rcv_data: Channel receiving 4 bytes data in 0 (local win=1245313 remote win=1265070)
nc DEBUG: SSH: channel_default_bufferize: placing 4 bytes into channel buffer (stdout)
nc DEBUG: SSH: channel_rcv_data: Channel windows are now (local win=1245309 remote win=1265070)
nc DEBUG: SSH: ssh_packet_need_rekey: rekey: [data_rekey_needed=0, out_blocks=1965, in_blocks=4908]
nc DEBUG: SSH: ssh_packet_need_rekey: rekey: [data_rekey_needed=0, out_blocks=1965, in_blocks=4908]
nc DEBUG: SSH: ssh_channel_read_timeout: Read (2) buffered : 4 bytes. Window: 1245309
nc DEBUG: SSH: ssh_channel_read_timeout: Read (1) buffered : 2 bytes. Window: 1245309
nc DEBUG: SSH: ssh_channel_read_timeout: Read (1) buffered : 1 bytes. Window: 1245309
nc DEBUG: Received message:
<rpc-reply xmlns="urn:ietf:params:xml:ns:netconf:base:1.0" message-id="51"><next-update-at xmlns="urn:o-ran:supervision:1.0">2026-04-14T11:07:12+00:00</next-update-at></rpc-reply>

DATA
<next-update-at xmlns="urn:o-ran:supervision:1.0">2026-04-14T20:07:12+09:00</next-update-at>

nc DEBUG: Received message:
<notification xmlns="urn:ietf:params:xml:ns:netconf:notification:1.0"><eventTime>2026-04-14T11:07:12Z</eventTime><supervision-notification xmlns="urn:o-ran:supervision:1.0"/></notification>

notification (2026-04-14T11:07:12Z)
<supervision-notification xmlns="urn:o-ran:supervision:1.0"/>

Client SENT :  user-rpc --content /mplane_automation/conformance_test/watchdog.xml
nc DEBUG: Sending message:

#286


nc DEBUG: SSH: ssh_packet_need_rekey: rekey: [data_rekey_needed=0, out_blocks=1966, in_blocks=4935]
nc DEBUG: SSH: ssh_socket_unbuffered_write: Enabling POLLOUT for socket
nc DEBUG: SSH: packet_send2: packet: wrote [type=94, len=24, padding_size=8, comp=15, payload=15]
nc DEBUG: SSH: channel_write_common: ssh_channel_write wrote 6 bytes
nc DEBUG: Sending message:
<rpc xmlns="urn:ietf:params:xml:ns:netconf:base:1.0" message-id="52"><supervision-watchdog-reset xmlns="urn:o-ran:supervision:1.0"><supervision-notification-interval>10</supervision-notification-interval><guard-timer-overhead>10</guard-timer-overhead></supervision-watchdog-reset></rpc>

nc DEBUG: SSH: ssh_packet_need_rekey: rekey: [data_rekey_needed=0, out_blocks=2002, in_blocks=4970]
nc DEBUG: SSH: packet_send2: packet: wrote [type=94, len=304, padding_size=8, comp=295, payload=295]
nc DEBUG: SSH: channel_write_common: ssh_channel_write wrote 286 bytes
nc DEBUG: SSH: ssh_socket_unbuffered_write: Enabling POLLOUT for socket
nc DEBUG: Sending message:

##


nc DEBUG: SSH: ssh_packet_need_rekey: rekey: [data_rekey_needed=0, out_blocks=2003, in_blocks=4935]
nc DEBUG: SSH: packet_send2: packet: wrote [type=94, len=24, padding_size=10, comp=13, payload=13]
nc DEBUG: SSH: channel_write_common: ssh_channel_write wrote 4 bytes
nc DEBUG: SSH: ssh_socket_unbuffered_write: Enabling POLLOUT for socket
nc DEBUG: SSH: ssh_packet_socket_callback: packet: read type 94 [len=24,padding=8,comp=15,payload=15]
nc DEBUG: SSH: ssh_packet_process: Dispatching handler for packet type 94
nc DEBUG: SSH: channel_rcv_data: Channel receiving 6 bytes data in 0 (local win=1245110 remote win=1264774)
nc DEBUG: SSH: channel_default_bufferize: placing 6 bytes into channel buffer (stdout)
nc DEBUG: SSH: channel_rcv_data: Channel windows are now (local win=1245104 remote win=1264774)
nc DEBUG: SSH: ssh_packet_socket_callback: Processing 220 bytes left in socket buffer
nc DEBUG: SSH: ssh_packet_socket_callback: packet: read type 94 [len=200,padding=11,comp=188,payload=188]
nc DEBUG: SSH: ssh_packet_process: Dispatching handler for packet type 94
nc DEBUG: SSH: channel_rcv_data: Channel receiving 179 bytes data in 0 (local win=1245104 remote win=1264774)
nc DEBUG: SSH: channel_default_bufferize: placing 179 bytes into channel buffer (stdout)
nc DEBUG: SSH: channel_rcv_data: Channel windows are now (local win=1244925 remote win=1264774)
nc DEBUG: SSH: ssh_packet_need_rekey: rekey: [data_rekey_needed=0, out_blocks=2003, in_blocks=4958]
nc DEBUG: SSH: ssh_packet_need_rekey: rekey: [data_rekey_needed=0, out_blocks=2003, in_blocks=4958]
nc DEBUG: SSH: ssh_channel_read_timeout: Read (2) buffered : 185 bytes. Window: 1244925
nc DEBUG: SSH: ssh_channel_read_timeout: Read (1) buffered : 183 bytes. Window: 1244925
nc DEBUG: SSH: ssh_channel_read_timeout: Read (1) buffered : 182 bytes. Window: 1244925
nc DEBUG: SSH: ssh_channel_read_timeout: Read (1) buffered : 181 bytes. Window: 1244925
nc DEBUG: SSH: ssh_channel_read_timeout: Read (1) buffered : 180 bytes. Window: 1244925
nc DEBUG: SSH: ssh_channel_read_timeout: Read (179) buffered : 179 bytes. Window: 1244925
nc DEBUG: SSH: ssh_channel_read_timeout: Read (2) buffered : 0 bytes. Window: 1244925
nc DEBUG: SSH: ssh_packet_socket_callback: packet: read type 94 [len=24,padding=10,comp=13,payload=13]
nc DEBUG: SSH: ssh_packet_process: Dispatching handler for packet type 94
nc DEBUG: SSH: channel_rcv_data: Channel receiving 4 bytes data in 0 (local win=1244925 remote win=1264774)
nc DEBUG: SSH: channel_default_bufferize: placing 4 bytes into channel buffer (stdout)
nc DEBUG: SSH: channel_rcv_data: Channel windows are now (local win=1244921 remote win=1264774)
nc DEBUG: SSH: ssh_packet_need_rekey: rekey: [data_rekey_needed=0, out_blocks=2003, in_blocks=4959]
nc DEBUG: SSH: ssh_channel_read_timeout: Read (1) buffered : 2 bytes. Window: 1244921
nc DEBUG: SSH: ssh_channel_read_timeout: Read (1) buffered : 1 bytes. Window: 1244921
nc DEBUG: Received message:
<rpc-reply xmlns="urn:ietf:params:xml:ns:netconf:base:1.0" message-id="52"><next-update-at xmlns="urn:o-ran:supervision:1.0">2026-04-14T11:07:22+00:00</next-update-at></rpc-reply>

DATA
<next-update-at xmlns="urn:o-ran:supervision:1.0">2026-04-14T20:07:22+09:00</next-update-at>

nc DEBUG: Received message:
<notification xmlns="urn:ietf:params:xml:ns:netconf:notification:1.0"><eventTime>2026-04-14T11:07:22Z</eventTime><supervision-notification xmlns="urn:o-ran:supervision:1.0"/></notification>

notification (2026-04-14T11:07:22Z)
<supervision-notification xmlns="urn:o-ran:supervision:1.0"/>

Client SENT :  user-rpc --content /mplane_automation/conformance_test/watchdog.xml
nc DEBUG: Sending message:

#286


nc DEBUG: SSH: ssh_packet_need_rekey: rekey: [data_rekey_needed=0, out_blocks=2004, in_blocks=4986]
nc DEBUG: SSH: ssh_socket_unbuffered_write: Enabling POLLOUT for socket
nc DEBUG: SSH: packet_send2: packet: wrote [type=94, len=24, padding_size=8, comp=15, payload=15]
nc DEBUG: SSH: channel_write_common: ssh_channel_write wrote 6 bytes
nc DEBUG: Sending message:
<rpc xmlns="urn:ietf:params:xml:ns:netconf:base:1.0" message-id="53"><supervision-watchdog-reset xmlns="urn:o-ran:supervision:1.0"><supervision-notification-interval>10</supervision-notification-interval><guard-timer-overhead>10</guard-timer-overhead></supervision-watchdog-reset></rpc>

nc DEBUG: SSH: ssh_packet_need_rekey: rekey: [data_rekey_needed=0, out_blocks=2040, in_blocks=5021]
nc DEBUG: SSH: packet_send2: packet: wrote [type=94, len=304, padding_size=8, comp=295, payload=295]
nc DEBUG: SSH: channel_write_common: ssh_channel_write wrote 286 bytes
nc DEBUG: SSH: ssh_socket_unbuffered_write: Enabling POLLOUT for socket
nc DEBUG: Sending message:

##


nc DEBUG: SSH: ssh_packet_need_rekey: rekey: [data_rekey_needed=0, out_blocks=2041, in_blocks=4986]
nc DEBUG: SSH: packet_send2: packet: wrote [type=94, len=24, padding_size=10, comp=13, payload=13]
nc DEBUG: SSH: channel_write_common: ssh_channel_write wrote 4 bytes
nc DEBUG: SSH: ssh_socket_unbuffered_write: Enabling POLLOUT for socket
nc DEBUG: SSH: ssh_packet_socket_callback: packet: read type 94 [len=24,padding=8,comp=15,payload=15]
nc DEBUG: SSH: ssh_packet_process: Dispatching handler for packet type 94
nc DEBUG: SSH: channel_rcv_data: Channel receiving 6 bytes data in 0 (local win=1244722 remote win=1264478)
nc DEBUG: SSH: channel_default_bufferize: placing 6 bytes into channel buffer (stdout)
nc DEBUG: SSH: channel_rcv_data: Channel windows are now (local win=1244716 remote win=1264478)
nc DEBUG: SSH: ssh_packet_socket_callback: Processing 220 bytes left in socket buffer
nc DEBUG: SSH: ssh_packet_socket_callback: packet: read type 94 [len=200,padding=11,comp=188,payload=188]
nc DEBUG: SSH: ssh_packet_process: Dispatching handler for packet type 94
nc DEBUG: SSH: channel_rcv_data: Channel receiving 179 bytes data in 0 (local win=1244716 remote win=1264478)
nc DEBUG: SSH: channel_default_bufferize: placing 179 bytes into channel buffer (stdout)
nc DEBUG: SSH: channel_rcv_data: Channel windows are now (local win=1244537 remote win=1264478)
nc DEBUG: SSH: ssh_packet_need_rekey: rekey: [data_rekey_needed=0, out_blocks=2041, in_blocks=5009]
nc DEBUG: SSH: ssh_packet_need_rekey: rekey: [data_rekey_needed=0, out_blocks=2041, in_blocks=5009]
nc DEBUG: SSH: ssh_channel_read_timeout: Read (2) buffered : 185 bytes. Window: 1244537
nc DEBUG: SSH: ssh_channel_read_timeout: Read (1) buffered : 183 bytes. Window: 1244537
nc DEBUG: SSH: ssh_channel_read_timeout: Read (1) buffered : 182 bytes. Window: 1244537
nc DEBUG: SSH: ssh_channel_read_timeout: Read (1) buffered : 181 bytes. Window: 1244537
nc DEBUG: SSH: ssh_channel_read_timeout: Read (1) buffered : 180 bytes. Window: 1244537
nc DEBUG: SSH: ssh_channel_read_timeout: Read (179) buffered : 179 bytes. Window: 1244537
nc DEBUG: SSH: ssh_channel_read_timeout: Read (2) buffered : 0 bytes. Window: 1244537
nc DEBUG: SSH: ssh_packet_socket_callback: packet: read type 94 [len=24,padding=10,comp=13,payload=13]
nc DEBUG: SSH: ssh_packet_process: Dispatching handler for packet type 94
nc DEBUG: SSH: channel_rcv_data: Channel receiving 4 bytes data in 0 (local win=1244537 remote win=1264478)
nc DEBUG: SSH: channel_default_bufferize: placing 4 bytes into channel buffer (stdout)
nc DEBUG: SSH: channel_rcv_data: Channel windows are now (local win=1244533 remote win=1264478)
nc DEBUG: SSH: ssh_packet_need_rekey: rekey: [data_rekey_needed=0, out_blocks=2041, in_blocks=5010]
nc DEBUG: SSH: ssh_channel_read_timeout: Read (1) buffered : 2 bytes. Window: 1244533
nc DEBUG: SSH: ssh_channel_read_timeout: Read (1) buffered : 1 bytes. Window: 1244533
nc DEBUG: Received message:
<rpc-reply xmlns="urn:ietf:params:xml:ns:netconf:base:1.0" message-id="53"><next-update-at xmlns="urn:o-ran:supervision:1.0">2026-04-14T11:07:32+00:00</next-update-at></rpc-reply>

DATA
<next-update-at xmlns="urn:o-ran:supervision:1.0">2026-04-14T20:07:32+09:00</next-update-at>

nc DEBUG: Received message:
<notification xmlns="urn:ietf:params:xml:ns:netconf:notification:1.0"><eventTime>2026-04-14T11:07:32Z</eventTime><supervision-notification xmlns="urn:o-ran:supervision:1.0"/></notification>

notification (2026-04-14T11:07:32Z)
<supervision-notification xmlns="urn:o-ran:supervision:1.0"/>

Client SENT :  user-rpc --content /mplane_automation/conformance_test/watchdog.xml
nc DEBUG: Sending message:

#286


nc DEBUG: SSH: ssh_packet_need_rekey: rekey: [data_rekey_needed=0, out_blocks=2042, in_blocks=5037]
nc DEBUG: SSH: ssh_socket_unbuffered_write: Enabling POLLOUT for socket
nc DEBUG: SSH: packet_send2: packet: wrote [type=94, len=24, padding_size=8, comp=15, payload=15]
nc DEBUG: SSH: channel_write_common: ssh_channel_write wrote 6 bytes
nc DEBUG: Sending message:
<rpc xmlns="urn:ietf:params:xml:ns:netconf:base:1.0" message-id="54"><supervision-watchdog-reset xmlns="urn:o-ran:supervision:1.0"><supervision-notification-interval>10</supervision-notification-interval><guard-timer-overhead>10</guard-timer-overhead></supervision-watchdog-reset></rpc>

nc DEBUG: SSH: ssh_packet_need_rekey: rekey: [data_rekey_needed=0, out_blocks=2078, in_blocks=5072]
nc DEBUG: SSH: packet_send2: packet: wrote [type=94, len=304, padding_size=8, comp=295, payload=295]
nc DEBUG: SSH: channel_write_common: ssh_channel_write wrote 286 bytes
nc DEBUG: SSH: ssh_socket_unbuffered_write: Enabling POLLOUT for socket
nc DEBUG: Sending message:

##


nc DEBUG: SSH: ssh_packet_need_rekey: rekey: [data_rekey_needed=0, out_blocks=2079, in_blocks=5037]
nc DEBUG: SSH: packet_send2: packet: wrote [type=94, len=24, padding_size=10, comp=13, payload=13]
nc DEBUG: SSH: channel_write_common: ssh_channel_write wrote 4 bytes
nc DEBUG: SSH: ssh_socket_unbuffered_write: Enabling POLLOUT for socket
nc DEBUG: SSH: ssh_packet_socket_callback: packet: read type 94 [len=24,padding=8,comp=15,payload=15]
nc DEBUG: SSH: ssh_packet_process: Dispatching handler for packet type 94
nc DEBUG: SSH: channel_rcv_data: Channel receiving 6 bytes data in 0 (local win=1244334 remote win=1264182)
nc DEBUG: SSH: channel_default_bufferize: placing 6 bytes into channel buffer (stdout)
nc DEBUG: SSH: channel_rcv_data: Channel windows are now (local win=1244328 remote win=1264182)
nc DEBUG: SSH: ssh_packet_socket_callback: Processing 220 bytes left in socket buffer
nc DEBUG: SSH: ssh_packet_socket_callback: packet: read type 94 [len=200,padding=11,comp=188,payload=188]
nc DEBUG: SSH: ssh_packet_process: Dispatching handler for packet type 94
nc DEBUG: SSH: channel_rcv_data: Channel receiving 179 bytes data in 0 (local win=1244328 remote win=1264182)
nc DEBUG: SSH: channel_default_bufferize: placing 179 bytes into channel buffer (stdout)
nc DEBUG: SSH: channel_rcv_data: Channel windows are now (local win=1244149 remote win=1264182)
nc DEBUG: SSH: ssh_packet_need_rekey: rekey: [data_rekey_needed=0, out_blocks=2079, in_blocks=5060]
nc DEBUG: SSH: ssh_packet_need_rekey: rekey: [data_rekey_needed=0, out_blocks=2079, in_blocks=5060]
nc DEBUG: SSH: ssh_channel_read_timeout: Read (2) buffered : 185 bytes. Window: 1244149
nc DEBUG: SSH: ssh_channel_read_timeout: Read (1) buffered : 183 bytes. Window: 1244149
nc DEBUG: SSH: ssh_channel_read_timeout: Read (1) buffered : 182 bytes. Window: 1244149
nc DEBUG: SSH: ssh_channel_read_timeout: Read (1) buffered : 181 bytes. Window: 1244149
nc DEBUG: SSH: ssh_channel_read_timeout: Read (1) buffered : 180 bytes. Window: 1244149
nc DEBUG: SSH: ssh_channel_read_timeout: Read (179) buffered : 179 bytes. Window: 1244149
nc DEBUG: SSH: ssh_channel_read_timeout: Read (2) buffered : 0 bytes. Window: 1244149
nc DEBUG: SSH: ssh_packet_socket_callback: packet: read type 94 [len=24,padding=10,comp=13,payload=13]
nc DEBUG: SSH: ssh_packet_process: Dispatching handler for packet type 94
nc DEBUG: SSH: channel_rcv_data: Channel receiving 4 bytes data in 0 (local win=1244149 remote win=1264182)
nc DEBUG: SSH: channel_default_bufferize: placing 4 bytes into channel buffer (stdout)
nc DEBUG: SSH: channel_rcv_data: Channel windows are now (local win=1244145 remote win=1264182)
nc DEBUG: SSH: ssh_packet_need_rekey: rekey: [data_rekey_needed=0, out_blocks=2079, in_blocks=5061]
nc DEBUG: SSH: ssh_channel_read_timeout: Read (1) buffered : 2 bytes. Window: 1244145
nc DEBUG: SSH: ssh_channel_read_timeout: Read (1) buffered : 1 bytes. Window: 1244145
nc DEBUG: Received message:
<rpc-reply xmlns="urn:ietf:params:xml:ns:netconf:base:1.0" message-id="54"><next-update-at xmlns="urn:o-ran:supervision:1.0">2026-04-14T11:07:42+00:00</next-update-at></rpc-reply>

DATA
<next-update-at xmlns="urn:o-ran:supervision:1.0">2026-04-14T20:07:42+09:00</next-update-at>

nc DEBUG: Received message:
<notification xmlns="urn:ietf:params:xml:ns:netconf:notification:1.0"><eventTime>2026-04-14T11:07:42Z</eventTime><supervision-notification xmlns="urn:o-ran:supervision:1.0"/></notification>

notification (2026-04-14T11:07:42Z)
<supervision-notification xmlns="urn:o-ran:supervision:1.0"/>

Client SENT :  user-rpc --content /mplane_automation/conformance_test/watchdog.xml
nc DEBUG: Sending message:

#286


nc DEBUG: SSH: ssh_packet_need_rekey: rekey: [data_rekey_needed=0, out_blocks=2080, in_blocks=5088]
nc DEBUG: SSH: ssh_socket_unbuffered_write: Enabling POLLOUT for socket
nc DEBUG: SSH: packet_send2: packet: wrote [type=94, len=24, padding_size=8, comp=15, payload=15]
nc DEBUG: SSH: channel_write_common: ssh_channel_write wrote 6 bytes
nc DEBUG: Sending message:
<rpc xmlns="urn:ietf:params:xml:ns:netconf:base:1.0" message-id="55"><supervision-watchdog-reset xmlns="urn:o-ran:supervision:1.0"><supervision-notification-interval>10</supervision-notification-interval><guard-timer-overhead>10</guard-timer-overhead></supervision-watchdog-reset></rpc>

nc DEBUG: SSH: ssh_packet_need_rekey: rekey: [data_rekey_needed=0, out_blocks=2116, in_blocks=5123]
nc DEBUG: SSH: packet_send2: packet: wrote [type=94, len=304, padding_size=8, comp=295, payload=295]
nc DEBUG: SSH: channel_write_common: ssh_channel_write wrote 286 bytes
nc DEBUG: SSH: ssh_socket_unbuffered_write: Enabling POLLOUT for socket
nc DEBUG: Sending message:

##


nc DEBUG: SSH: ssh_packet_need_rekey: rekey: [data_rekey_needed=0, out_blocks=2117, in_blocks=5088]
nc DEBUG: SSH: packet_send2: packet: wrote [type=94, len=24, padding_size=10, comp=13, payload=13]
nc DEBUG: SSH: channel_write_common: ssh_channel_write wrote 4 bytes
nc DEBUG: SSH: ssh_socket_unbuffered_write: Enabling POLLOUT for socket
nc DEBUG: SSH: ssh_packet_socket_callback: packet: read type 94 [len=24,padding=8,comp=15,payload=15]
nc DEBUG: SSH: ssh_packet_process: Dispatching handler for packet type 94
nc DEBUG: SSH: channel_rcv_data: Channel receiving 6 bytes data in 0 (local win=1243946 remote win=1263886)
nc DEBUG: SSH: channel_default_bufferize: placing 6 bytes into channel buffer (stdout)
nc DEBUG: SSH: channel_rcv_data: Channel windows are now (local win=1243940 remote win=1263886)
nc DEBUG: SSH: ssh_packet_socket_callback: Processing 220 bytes left in socket buffer
nc DEBUG: SSH: ssh_packet_socket_callback: packet: read type 94 [len=200,padding=11,comp=188,payload=188]
nc DEBUG: SSH: ssh_packet_process: Dispatching handler for packet type 94
nc DEBUG: SSH: channel_rcv_data: Channel receiving 179 bytes data in 0 (local win=1243940 remote win=1263886)
nc DEBUG: SSH: channel_default_bufferize: placing 179 bytes into channel buffer (stdout)
nc DEBUG: SSH: channel_rcv_data: Channel windows are now (local win=1243761 remote win=1263886)
nc DEBUG: SSH: ssh_packet_need_rekey: rekey: [data_rekey_needed=0, out_blocks=2117, in_blocks=5111]
nc DEBUG: SSH: ssh_packet_need_rekey: rekey: [data_rekey_needed=0, out_blocks=2117, in_blocks=5111]
nc DEBUG: SSH: ssh_channel_read_timeout: Read (2) buffered : 185 bytes. Window: 1243761
nc DEBUG: SSH: ssh_channel_read_timeout: Read (1) buffered : 183 bytes. Window: 1243761
nc DEBUG: SSH: ssh_channel_read_timeout: Read (1) buffered : 182 bytes. Window: 1243761
nc DEBUG: SSH: ssh_channel_read_timeout: Read (1) buffered : 181 bytes. Window: 1243761
nc DEBUG: SSH: ssh_channel_read_timeout: Read (1) buffered : 180 bytes. Window: 1243761
nc DEBUG: SSH: ssh_channel_read_timeout: Read (179) buffered : 179 bytes. Window: 1243761
nc DEBUG: SSH: ssh_channel_read_timeout: Read (2) buffered : 0 bytes. Window: 1243761
nc DEBUG: SSH: ssh_packet_socket_callback: packet: read type 94 [len=24,padding=10,comp=13,payload=13]
nc DEBUG: SSH: ssh_packet_process: Dispatching handler for packet type 94
nc DEBUG: SSH: channel_rcv_data: Channel receiving 4 bytes data in 0 (local win=1243761 remote win=1263886)
nc DEBUG: SSH: channel_default_bufferize: placing 4 bytes into channel buffer (stdout)
nc DEBUG: SSH: channel_rcv_data: Channel windows are now (local win=1243757 remote win=1263886)
nc DEBUG: SSH: ssh_packet_need_rekey: rekey: [data_rekey_needed=0, out_blocks=2117, in_blocks=5112]
nc DEBUG: SSH: ssh_channel_read_timeout: Read (1) buffered : 2 bytes. Window: 1243757
nc DEBUG: SSH: ssh_channel_read_timeout: Read (1) buffered : 1 bytes. Window: 1243757
nc DEBUG: Received message:
<rpc-reply xmlns="urn:ietf:params:xml:ns:netconf:base:1.0" message-id="55"><next-update-at xmlns="urn:o-ran:supervision:1.0">2026-04-14T11:07:52+00:00</next-update-at></rpc-reply>

DATA
<next-update-at xmlns="urn:o-ran:supervision:1.0">2026-04-14T20:07:52+09:00</next-update-at>

nc DEBUG: Received message:
<notification xmlns="urn:ietf:params:xml:ns:netconf:notification:1.0"><eventTime>2026-04-14T11:07:52Z</eventTime><supervision-notification xmlns="urn:o-ran:supervision:1.0"/></notification>

notification (2026-04-14T11:07:52Z)
<supervision-notification xmlns="urn:o-ran:supervision:1.0"/>

Client SENT :  user-rpc --content /mplane_automation/conformance_test/watchdog.xml
nc DEBUG: Sending message:

#286


nc DEBUG: SSH: ssh_packet_need_rekey: rekey: [data_rekey_needed=0, out_blocks=2118, in_blocks=5139]
nc DEBUG: SSH: ssh_socket_unbuffered_write: Enabling POLLOUT for socket
nc DEBUG: SSH: packet_send2: packet: wrote [type=94, len=24, padding_size=8, comp=15, payload=15]
nc DEBUG: SSH: channel_write_common: ssh_channel_write wrote 6 bytes
nc DEBUG: Sending message:
<rpc xmlns="urn:ietf:params:xml:ns:netconf:base:1.0" message-id="56"><supervision-watchdog-reset xmlns="urn:o-ran:supervision:1.0"><supervision-notification-interval>10</supervision-notification-interval><guard-timer-overhead>10</guard-timer-overhead></supervision-watchdog-reset></rpc>

nc DEBUG: SSH: ssh_packet_need_rekey: rekey: [data_rekey_needed=0, out_blocks=2154, in_blocks=5174]
nc DEBUG: SSH: packet_send2: packet: wrote [type=94, len=304, padding_size=8, comp=295, payload=295]
nc DEBUG: SSH: channel_write_common: ssh_channel_write wrote 286 bytes
nc DEBUG: SSH: ssh_socket_unbuffered_write: Enabling POLLOUT for socket
nc DEBUG: Sending message:

##


nc DEBUG: SSH: ssh_packet_need_rekey: rekey: [data_rekey_needed=0, out_blocks=2155, in_blocks=5139]
nc DEBUG: SSH: packet_send2: packet: wrote [type=94, len=24, padding_size=10, comp=13, payload=13]
nc DEBUG: SSH: channel_write_common: ssh_channel_write wrote 4 bytes
nc DEBUG: SSH: ssh_socket_unbuffered_write: Enabling POLLOUT for socket
nc DEBUG: SSH: ssh_packet_socket_callback: packet: read type 94 [len=24,padding=8,comp=15,payload=15]
nc DEBUG: SSH: ssh_packet_process: Dispatching handler for packet type 94
nc DEBUG: SSH: channel_rcv_data: Channel receiving 6 bytes data in 0 (local win=1243558 remote win=1263590)
nc DEBUG: SSH: channel_default_bufferize: placing 6 bytes into channel buffer (stdout)
nc DEBUG: SSH: channel_rcv_data: Channel windows are now (local win=1243552 remote win=1263590)
nc DEBUG: SSH: ssh_packet_socket_callback: Processing 220 bytes left in socket buffer
nc DEBUG: SSH: ssh_packet_socket_callback: packet: read type 94 [len=200,padding=11,comp=188,payload=188]
nc DEBUG: SSH: ssh_packet_process: Dispatching handler for packet type 94
nc DEBUG: SSH: channel_rcv_data: Channel receiving 179 bytes data in 0 (local win=1243552 remote win=1263590)
nc DEBUG: SSH: channel_default_bufferize: placing 179 bytes into channel buffer (stdout)
nc DEBUG: SSH: channel_rcv_data: Channel windows are now (local win=1243373 remote win=1263590)
nc DEBUG: SSH: ssh_packet_need_rekey: rekey: [data_rekey_needed=0, out_blocks=2155, in_blocks=5162]
nc DEBUG: SSH: ssh_packet_need_rekey: rekey: [data_rekey_needed=0, out_blocks=2155, in_blocks=5162]
nc DEBUG: SSH: ssh_channel_read_timeout: Read (2) buffered : 185 bytes. Window: 1243373
nc DEBUG: SSH: ssh_channel_read_timeout: Read (1) buffered : 183 bytes. Window: 1243373
nc DEBUG: SSH: ssh_channel_read_timeout: Read (1) buffered : 182 bytes. Window: 1243373
nc DEBUG: SSH: ssh_channel_read_timeout: Read (1) buffered : 181 bytes. Window: 1243373
nc DEBUG: SSH: ssh_channel_read_timeout: Read (1) buffered : 180 bytes. Window: 1243373
nc DEBUG: SSH: ssh_channel_read_timeout: Read (179) buffered : 179 bytes. Window: 1243373
nc DEBUG: SSH: ssh_channel_read_timeout: Read (2) buffered : 0 bytes. Window: 1243373
nc DEBUG: SSH: ssh_packet_socket_callback: packet: read type 94 [len=24,padding=10,comp=13,payload=13]
nc DEBUG: SSH: ssh_packet_process: Dispatching handler for packet type 94
nc DEBUG: SSH: channel_rcv_data: Channel receiving 4 bytes data in 0 (local win=1243373 remote win=1263590)
nc DEBUG: SSH: channel_default_bufferize: placing 4 bytes into channel buffer (stdout)
nc DEBUG: SSH: channel_rcv_data: Channel windows are now (local win=1243369 remote win=1263590)
nc DEBUG: SSH: ssh_packet_need_rekey: rekey: [data_rekey_needed=0, out_blocks=2155, in_blocks=5163]
nc DEBUG: SSH: ssh_channel_read_timeout: Read (1) buffered : 2 bytes. Window: 1243369
nc DEBUG: SSH: ssh_channel_read_timeout: Read (1) buffered : 1 bytes. Window: 1243369
nc DEBUG: Received message:
<rpc-reply xmlns="urn:ietf:params:xml:ns:netconf:base:1.0" message-id="56"><next-update-at xmlns="urn:o-ran:supervision:1.0">2026-04-14T11:08:02+00:00</next-update-at></rpc-reply>

DATA
<next-update-at xmlns="urn:o-ran:supervision:1.0">2026-04-14T20:08:02+09:00</next-update-at>

nc DEBUG: Received message:
<notification xmlns="urn:ietf:params:xml:ns:netconf:notification:1.0"><eventTime>2026-04-14T11:08:02Z</eventTime><supervision-notification xmlns="urn:o-ran:supervision:1.0"/></notification>

notification (2026-04-14T11:08:02Z)
<supervision-notification xmlns="urn:o-ran:supervision:1.0"/>

Client SENT :  user-rpc --content /mplane_automation/conformance_test/watchdog.xml
nc DEBUG: Sending message:

#286


nc DEBUG: SSH: ssh_packet_need_rekey: rekey: [data_rekey_needed=0, out_blocks=2156, in_blocks=5190]
nc DEBUG: SSH: ssh_socket_unbuffered_write: Enabling POLLOUT for socket
nc DEBUG: SSH: packet_send2: packet: wrote [type=94, len=24, padding_size=8, comp=15, payload=15]
nc DEBUG: SSH: channel_write_common: ssh_channel_write wrote 6 bytes
nc DEBUG: Sending message:
<rpc xmlns="urn:ietf:params:xml:ns:netconf:base:1.0" message-id="57"><supervision-watchdog-reset xmlns="urn:o-ran:supervision:1.0"><supervision-notification-interval>10</supervision-notification-interval><guard-timer-overhead>10</guard-timer-overhead></supervision-watchdog-reset></rpc>

nc DEBUG: SSH: ssh_packet_need_rekey: rekey: [data_rekey_needed=0, out_blocks=2192, in_blocks=5225]
nc DEBUG: SSH: packet_send2: packet: wrote [type=94, len=304, padding_size=8, comp=295, payload=295]
nc DEBUG: SSH: channel_write_common: ssh_channel_write wrote 286 bytes
nc DEBUG: SSH: ssh_socket_unbuffered_write: Enabling POLLOUT for socket
nc DEBUG: Sending message:

##


nc DEBUG: SSH: ssh_packet_need_rekey: rekey: [data_rekey_needed=0, out_blocks=2193, in_blocks=5190]
nc DEBUG: SSH: packet_send2: packet: wrote [type=94, len=24, padding_size=10, comp=13, payload=13]
nc DEBUG: SSH: channel_write_common: ssh_channel_write wrote 4 bytes
nc DEBUG: SSH: ssh_socket_unbuffered_write: Enabling POLLOUT for socket
nc DEBUG: SSH: ssh_packet_socket_callback: packet: read type 94 [len=24,padding=8,comp=15,payload=15]
nc DEBUG: SSH: ssh_packet_process: Dispatching handler for packet type 94
nc DEBUG: SSH: channel_rcv_data: Channel receiving 6 bytes data in 0 (local win=1243170 remote win=1263294)
nc DEBUG: SSH: channel_default_bufferize: placing 6 bytes into channel buffer (stdout)
nc DEBUG: SSH: channel_rcv_data: Channel windows are now (local win=1243164 remote win=1263294)
nc DEBUG: SSH: ssh_packet_socket_callback: Processing 220 bytes left in socket buffer
nc DEBUG: SSH: ssh_packet_socket_callback: packet: read type 94 [len=200,padding=11,comp=188,payload=188]
nc DEBUG: SSH: ssh_packet_process: Dispatching handler for packet type 94
nc DEBUG: SSH: channel_rcv_data: Channel receiving 179 bytes data in 0 (local win=1243164 remote win=1263294)
nc DEBUG: SSH: channel_default_bufferize: placing 179 bytes into channel buffer (stdout)
nc DEBUG: SSH: channel_rcv_data: Channel windows are now (local win=1242985 remote win=1263294)
nc DEBUG: SSH: ssh_packet_need_rekey: rekey: [data_rekey_needed=0, out_blocks=2193, in_blocks=5213]
nc DEBUG: SSH: ssh_packet_need_rekey: rekey: [data_rekey_needed=0, out_blocks=2193, in_blocks=5213]
nc DEBUG: SSH: ssh_channel_read_timeout: Read (2) buffered : 185 bytes. Window: 1242985
nc DEBUG: SSH: ssh_channel_read_timeout: Read (1) buffered : 183 bytes. Window: 1242985
nc DEBUG: SSH: ssh_channel_read_timeout: Read (1) buffered : 182 bytes. Window: 1242985
nc DEBUG: SSH: ssh_channel_read_timeout: Read (1) buffered : 181 bytes. Window: 1242985
nc DEBUG: SSH: ssh_channel_read_timeout: Read (1) buffered : 180 bytes. Window: 1242985
nc DEBUG: SSH: ssh_channel_read_timeout: Read (179) buffered : 179 bytes. Window: 1242985
nc DEBUG: SSH: ssh_channel_read_timeout: Read (2) buffered : 0 bytes. Window: 1242985
nc DEBUG: SSH: ssh_packet_socket_callback: packet: read type 94 [len=24,padding=10,comp=13,payload=13]
nc DEBUG: SSH: ssh_packet_process: Dispatching handler for packet type 94
nc DEBUG: SSH: channel_rcv_data: Channel receiving 4 bytes data in 0 (local win=1242985 remote win=1263294)
nc DEBUG: SSH: channel_default_bufferize: placing 4 bytes into channel buffer (stdout)
nc DEBUG: SSH: channel_rcv_data: Channel windows are now (local win=1242981 remote win=1263294)
nc DEBUG: SSH: ssh_packet_need_rekey: rekey: [data_rekey_needed=0, out_blocks=2193, in_blocks=5214]
nc DEBUG: SSH: ssh_channel_read_timeout: Read (1) buffered : 2 bytes. Window: 1242981
nc DEBUG: SSH: ssh_channel_read_timeout: Read (1) buffered : 1 bytes. Window: 1242981
nc DEBUG: Received message:
<rpc-reply xmlns="urn:ietf:params:xml:ns:netconf:base:1.0" message-id="57"><next-update-at xmlns="urn:o-ran:supervision:1.0">2026-04-14T11:08:13+00:00</next-update-at></rpc-reply>

DATA
<next-update-at xmlns="urn:o-ran:supervision:1.0">2026-04-14T20:08:13+09:00</next-update-at>

nc DEBUG: Received message:
<notification xmlns="urn:ietf:params:xml:ns:netconf:notification:1.0"><eventTime>2026-04-14T11:08:13Z</eventTime><supervision-notification xmlns="urn:o-ran:supervision:1.0"/></notification>

notification (2026-04-14T11:08:13Z)
<supervision-notification xmlns="urn:o-ran:supervision:1.0"/>

Client SENT :  user-rpc --content /mplane_automation/conformance_test/watchdog.xml
nc DEBUG: Sending message:

#286


nc DEBUG: SSH: ssh_packet_need_rekey: rekey: [data_rekey_needed=0, out_blocks=2194, in_blocks=5241]
nc DEBUG: SSH: ssh_socket_unbuffered_write: Enabling POLLOUT for socket
nc DEBUG: SSH: packet_send2: packet: wrote [type=94, len=24, padding_size=8, comp=15, payload=15]
nc DEBUG: SSH: channel_write_common: ssh_channel_write wrote 6 bytes
nc DEBUG: Sending message:
<rpc xmlns="urn:ietf:params:xml:ns:netconf:base:1.0" message-id="58"><supervision-watchdog-reset xmlns="urn:o-ran:supervision:1.0"><supervision-notification-interval>10</supervision-notification-interval><guard-timer-overhead>10</guard-timer-overhead></supervision-watchdog-reset></rpc>

nc DEBUG: SSH: ssh_packet_need_rekey: rekey: [data_rekey_needed=0, out_blocks=2230, in_blocks=5276]
nc DEBUG: SSH: packet_send2: packet: wrote [type=94, len=304, padding_size=8, comp=295, payload=295]
nc DEBUG: SSH: channel_write_common: ssh_channel_write wrote 286 bytes
nc DEBUG: SSH: ssh_socket_unbuffered_write: Enabling POLLOUT for socket
nc DEBUG: Sending message:

##


nc DEBUG: SSH: ssh_packet_need_rekey: rekey: [data_rekey_needed=0, out_blocks=2231, in_blocks=5241]
nc DEBUG: SSH: packet_send2: packet: wrote [type=94, len=24, padding_size=10, comp=13, payload=13]
nc DEBUG: SSH: channel_write_common: ssh_channel_write wrote 4 bytes
nc DEBUG: SSH: ssh_socket_unbuffered_write: Enabling POLLOUT for socket
nc DEBUG: SSH: ssh_packet_socket_callback: packet: read type 94 [len=24,padding=8,comp=15,payload=15]
nc DEBUG: SSH: ssh_packet_process: Dispatching handler for packet type 94
nc DEBUG: SSH: channel_rcv_data: Channel receiving 6 bytes data in 0 (local win=1242782 remote win=1262998)
nc DEBUG: SSH: channel_default_bufferize: placing 6 bytes into channel buffer (stdout)
nc DEBUG: SSH: channel_rcv_data: Channel windows are now (local win=1242776 remote win=1262998)
nc DEBUG: SSH: ssh_packet_socket_callback: Processing 220 bytes left in socket buffer
nc DEBUG: SSH: ssh_packet_socket_callback: packet: read type 94 [len=200,padding=11,comp=188,payload=188]
nc DEBUG: SSH: ssh_packet_process: Dispatching handler for packet type 94
nc DEBUG: SSH: channel_rcv_data: Channel receiving 179 bytes data in 0 (local win=1242776 remote win=1262998)
nc DEBUG: SSH: channel_default_bufferize: placing 179 bytes into channel buffer (stdout)
nc DEBUG: SSH: channel_rcv_data: Channel windows are now (local win=1242597 remote win=1262998)
nc DEBUG: SSH: ssh_packet_need_rekey: rekey: [data_rekey_needed=0, out_blocks=2231, in_blocks=5264]
nc DEBUG: SSH: ssh_packet_need_rekey: rekey: [data_rekey_needed=0, out_blocks=2231, in_blocks=5264]
nc DEBUG: SSH: ssh_channel_read_timeout: Read (2) buffered : 185 bytes. Window: 1242597
nc DEBUG: SSH: ssh_channel_read_timeout: Read (1) buffered : 183 bytes. Window: 1242597
nc DEBUG: SSH: ssh_channel_read_timeout: Read (1) buffered : 182 bytes. Window: 1242597
nc DEBUG: SSH: ssh_channel_read_timeout: Read (1) buffered : 181 bytes. Window: 1242597
nc DEBUG: SSH: ssh_channel_read_timeout: Read (1) buffered : 180 bytes. Window: 1242597
nc DEBUG: SSH: ssh_channel_read_timeout: Read (179) buffered : 179 bytes. Window: 1242597
nc DEBUG: SSH: ssh_channel_read_timeout: Read (2) buffered : 0 bytes. Window: 1242597
nc DEBUG: SSH: ssh_packet_socket_callback: packet: read type 94 [len=24,padding=10,comp=13,payload=13]
nc DEBUG: SSH: ssh_packet_process: Dispatching handler for packet type 94
nc DEBUG: SSH: channel_rcv_data: Channel receiving 4 bytes data in 0 (local win=1242597 remote win=1262998)
nc DEBUG: SSH: channel_default_bufferize: placing 4 bytes into channel buffer (stdout)
nc DEBUG: SSH: channel_rcv_data: Channel windows are now (local win=1242593 remote win=1262998)
nc DEBUG: SSH: ssh_packet_need_rekey: rekey: [data_rekey_needed=0, out_blocks=2231, in_blocks=5265]
nc DEBUG: SSH: ssh_channel_read_timeout: Read (1) buffered : 2 bytes. Window: 1242593
nc DEBUG: SSH: ssh_channel_read_timeout: Read (1) buffered : 1 bytes. Window: 1242593
nc DEBUG: Received message:
<rpc-reply xmlns="urn:ietf:params:xml:ns:netconf:base:1.0" message-id="58"><next-update-at xmlns="urn:o-ran:supervision:1.0">2026-04-14T11:08:23+00:00</next-update-at></rpc-reply>

DATA
<next-update-at xmlns="urn:o-ran:supervision:1.0">2026-04-14T20:08:23+09:00</next-update-at>

nc DEBUG: Received message:
<notification xmlns="urn:ietf:params:xml:ns:netconf:notification:1.0"><eventTime>2026-04-14T11:08:23Z</eventTime><supervision-notification xmlns="urn:o-ran:supervision:1.0"/></notification>

notification (2026-04-14T11:08:23Z)
<supervision-notification xmlns="urn:o-ran:supervision:1.0"/>

Client SENT :  user-rpc --content /mplane_automation/conformance_test/watchdog.xml
nc DEBUG: Sending message:

#286


nc DEBUG: SSH: ssh_packet_need_rekey: rekey: [data_rekey_needed=0, out_blocks=2232, in_blocks=5292]
nc DEBUG: SSH: ssh_socket_unbuffered_write: Enabling POLLOUT for socket
nc DEBUG: SSH: packet_send2: packet: wrote [type=94, len=24, padding_size=8, comp=15, payload=15]
nc DEBUG: SSH: channel_write_common: ssh_channel_write wrote 6 bytes
nc DEBUG: Sending message:
<rpc xmlns="urn:ietf:params:xml:ns:netconf:base:1.0" message-id="59"><supervision-watchdog-reset xmlns="urn:o-ran:supervision:1.0"><supervision-notification-interval>10</supervision-notification-interval><guard-timer-overhead>10</guard-timer-overhead></supervision-watchdog-reset></rpc>

nc DEBUG: SSH: ssh_packet_need_rekey: rekey: [data_rekey_needed=0, out_blocks=2268, in_blocks=5327]
nc DEBUG: SSH: packet_send2: packet: wrote [type=94, len=304, padding_size=8, comp=295, payload=295]
nc DEBUG: SSH: channel_write_common: ssh_channel_write wrote 286 bytes
nc DEBUG: SSH: ssh_socket_unbuffered_write: Enabling POLLOUT for socket
nc DEBUG: Sending message:

##


nc DEBUG: SSH: ssh_packet_need_rekey: rekey: [data_rekey_needed=0, out_blocks=2269, in_blocks=5292]
nc DEBUG: SSH: packet_send2: packet: wrote [type=94, len=24, padding_size=10, comp=13, payload=13]
nc DEBUG: SSH: channel_write_common: ssh_channel_write wrote 4 bytes
nc DEBUG: SSH: ssh_socket_unbuffered_write: Enabling POLLOUT for socket
nc DEBUG: SSH: ssh_packet_socket_callback: packet: read type 94 [len=24,padding=8,comp=15,payload=15]
nc DEBUG: SSH: ssh_packet_process: Dispatching handler for packet type 94
nc DEBUG: SSH: channel_rcv_data: Channel receiving 6 bytes data in 0 (local win=1242394 remote win=1262702)
nc DEBUG: SSH: channel_default_bufferize: placing 6 bytes into channel buffer (stdout)
nc DEBUG: SSH: channel_rcv_data: Channel windows are now (local win=1242388 remote win=1262702)
nc DEBUG: SSH: ssh_packet_need_rekey: rekey: [data_rekey_needed=0, out_blocks=2269, in_blocks=5292]
nc DEBUG: SSH: ssh_channel_read_timeout: Read (2) buffered : 6 bytes. Window: 1242388
nc DEBUG: SSH: ssh_channel_read_timeout: Read (1) buffered : 4 bytes. Window: 1242388
nc DEBUG: SSH: ssh_channel_read_timeout: Read (1) buffered : 3 bytes. Window: 1242388
nc DEBUG: SSH: ssh_channel_read_timeout: Read (1) buffered : 2 bytes. Window: 1242388
nc DEBUG: SSH: ssh_channel_read_timeout: Read (1) buffered : 1 bytes. Window: 1242388
nc DEBUG: SSH: ssh_channel_read_timeout: Read (179) buffered : 0 bytes. Window: 1242388
nc DEBUG: SSH: ssh_packet_socket_callback: packet: read type 94 [len=200,padding=11,comp=188,payload=188]
nc DEBUG: SSH: ssh_packet_process: Dispatching handler for packet type 94
nc DEBUG: SSH: channel_rcv_data: Channel receiving 179 bytes data in 0 (local win=1242388 remote win=1262702)
nc DEBUG: SSH: channel_default_bufferize: placing 179 bytes into channel buffer (stdout)
nc DEBUG: SSH: channel_rcv_data: Channel windows are now (local win=1242209 remote win=1262702)
nc DEBUG: SSH: ssh_packet_socket_callback: Processing 44 bytes left in socket buffer
nc DEBUG: SSH: ssh_packet_socket_callback: packet: read type 94 [len=24,padding=10,comp=13,payload=13]
nc DEBUG: SSH: ssh_packet_process: Dispatching handler for packet type 94
nc DEBUG: SSH: channel_rcv_data: Channel receiving 4 bytes data in 0 (local win=1242209 remote win=1262702)
nc DEBUG: SSH: channel_default_bufferize: placing 4 bytes into channel buffer (stdout)
nc DEBUG: SSH: channel_rcv_data: Channel windows are now (local win=1242205 remote win=1262702)
nc DEBUG: SSH: ssh_packet_need_rekey: rekey: [data_rekey_needed=0, out_blocks=2269, in_blocks=5316]
nc DEBUG: SSH: ssh_packet_need_rekey: rekey: [data_rekey_needed=0, out_blocks=2269, in_blocks=5316]
nc DEBUG: SSH: ssh_channel_read_timeout: Read (2) buffered : 4 bytes. Window: 1242205
nc DEBUG: SSH: ssh_channel_read_timeout: Read (1) buffered : 2 bytes. Window: 1242205
nc DEBUG: SSH: ssh_channel_read_timeout: Read (1) buffered : 1 bytes. Window: 1242205
nc DEBUG: Received message:
<rpc-reply xmlns="urn:ietf:params:xml:ns:netconf:base:1.0" message-id="59"><next-update-at xmlns="urn:o-ran:supervision:1.0">2026-04-14T11:08:33+00:00</next-update-at></rpc-reply>

DATA
<next-update-at xmlns="urn:o-ran:supervision:1.0">2026-04-14T20:08:33+09:00</next-update-at>

nc DEBUG: Received message:
<notification xmlns="urn:ietf:params:xml:ns:netconf:notification:1.0"><eventTime>2026-04-14T11:08:33Z</eventTime><supervision-notification xmlns="urn:o-ran:supervision:1.0"/></notification>

notification (2026-04-14T11:08:33Z)
<supervision-notification xmlns="urn:o-ran:supervision:1.0"/>

Client SENT :  user-rpc --content /mplane_automation/conformance_test/watchdog.xml
nc DEBUG: Sending message:

#286


nc DEBUG: SSH: ssh_packet_need_rekey: rekey: [data_rekey_needed=0, out_blocks=2270, in_blocks=5343]
nc DEBUG: SSH: ssh_socket_unbuffered_write: Enabling POLLOUT for socket
nc DEBUG: SSH: packet_send2: packet: wrote [type=94, len=24, padding_size=8, comp=15, payload=15]
nc DEBUG: SSH: channel_write_common: ssh_channel_write wrote 6 bytes
nc DEBUG: Sending message:
<rpc xmlns="urn:ietf:params:xml:ns:netconf:base:1.0" message-id="60"><supervision-watchdog-reset xmlns="urn:o-ran:supervision:1.0"><supervision-notification-interval>10</supervision-notification-interval><guard-timer-overhead>10</guard-timer-overhead></supervision-watchdog-reset></rpc>

nc DEBUG: SSH: ssh_packet_need_rekey: rekey: [data_rekey_needed=0, out_blocks=2306, in_blocks=5378]
nc DEBUG: SSH: packet_send2: packet: wrote [type=94, len=304, padding_size=8, comp=295, payload=295]
nc DEBUG: SSH: channel_write_common: ssh_channel_write wrote 286 bytes
nc DEBUG: SSH: ssh_socket_unbuffered_write: Enabling POLLOUT for socket
nc DEBUG: Sending message:

##


nc DEBUG: SSH: ssh_packet_need_rekey: rekey: [data_rekey_needed=0, out_blocks=2307, in_blocks=5343]
nc DEBUG: SSH: packet_send2: packet: wrote [type=94, len=24, padding_size=10, comp=13, payload=13]
nc DEBUG: SSH: channel_write_common: ssh_channel_write wrote 4 bytes
nc DEBUG: SSH: ssh_socket_unbuffered_write: Enabling POLLOUT for socket
nc DEBUG: SSH: ssh_packet_socket_callback: packet: read type 94 [len=24,padding=8,comp=15,payload=15]
nc DEBUG: SSH: ssh_packet_process: Dispatching handler for packet type 94
nc DEBUG: SSH: channel_rcv_data: Channel receiving 6 bytes data in 0 (local win=1242006 remote win=1262406)
nc DEBUG: SSH: channel_default_bufferize: placing 6 bytes into channel buffer (stdout)
nc DEBUG: SSH: channel_rcv_data: Channel windows are now (local win=1242000 remote win=1262406)
nc DEBUG: SSH: ssh_packet_socket_callback: Processing 220 bytes left in socket buffer
nc DEBUG: SSH: ssh_packet_socket_callback: packet: read type 94 [len=200,padding=11,comp=188,payload=188]
nc DEBUG: SSH: ssh_packet_process: Dispatching handler for packet type 94
nc DEBUG: SSH: channel_rcv_data: Channel receiving 179 bytes data in 0 (local win=1242000 remote win=1262406)
nc DEBUG: SSH: channel_default_bufferize: placing 179 bytes into channel buffer (stdout)
nc DEBUG: SSH: channel_rcv_data: Channel windows are now (local win=1241821 remote win=1262406)
nc DEBUG: SSH: ssh_packet_need_rekey: rekey: [data_rekey_needed=0, out_blocks=2307, in_blocks=5366]
nc DEBUG: SSH: ssh_packet_need_rekey: rekey: [data_rekey_needed=0, out_blocks=2307, in_blocks=5366]
nc DEBUG: SSH: ssh_channel_read_timeout: Read (2) buffered : 185 bytes. Window: 1241821
nc DEBUG: SSH: ssh_channel_read_timeout: Read (1) buffered : 183 bytes. Window: 1241821
nc DEBUG: SSH: ssh_channel_read_timeout: Read (1) buffered : 182 bytes. Window: 1241821
nc DEBUG: SSH: ssh_channel_read_timeout: Read (1) buffered : 181 bytes. Window: 1241821
nc DEBUG: SSH: ssh_channel_read_timeout: Read (1) buffered : 180 bytes. Window: 1241821
nc DEBUG: SSH: ssh_channel_read_timeout: Read (179) buffered : 179 bytes. Window: 1241821
nc DEBUG: SSH: ssh_channel_read_timeout: Read (2) buffered : 0 bytes. Window: 1241821
nc DEBUG: SSH: ssh_packet_socket_callback: packet: read type 94 [len=24,padding=10,comp=13,payload=13]
nc DEBUG: SSH: ssh_packet_process: Dispatching handler for packet type 94
nc DEBUG: SSH: channel_rcv_data: Channel receiving 4 bytes data in 0 (local win=1241821 remote win=1262406)
nc DEBUG: SSH: channel_default_bufferize: placing 4 bytes into channel buffer (stdout)
nc DEBUG: SSH: channel_rcv_data: Channel windows are now (local win=1241817 remote win=1262406)
nc DEBUG: SSH: ssh_packet_need_rekey: rekey: [data_rekey_needed=0, out_blocks=2307, in_blocks=5367]
nc DEBUG: SSH: ssh_channel_read_timeout: Read (1) buffered : 2 bytes. Window: 1241817
nc DEBUG: SSH: ssh_channel_read_timeout: Read (1) buffered : 1 bytes. Window: 1241817
nc DEBUG: Received message:
<rpc-reply xmlns="urn:ietf:params:xml:ns:netconf:base:1.0" message-id="60"><next-update-at xmlns="urn:o-ran:supervision:1.0">2026-04-14T11:08:43+00:00</next-update-at></rpc-reply>

DATA
<next-update-at xmlns="urn:o-ran:supervision:1.0">2026-04-14T20:08:43+09:00</next-update-at>

nc DEBUG: Received message:
<notification xmlns="urn:ietf:params:xml:ns:netconf:notification:1.0"><eventTime>2026-04-14T11:08:43Z</eventTime><supervision-notification xmlns="urn:o-ran:supervision:1.0"/></notification>

notification (2026-04-14T11:08:43Z)
<supervision-notification xmlns="urn:o-ran:supervision:1.0"/>

Client SENT :  user-rpc --content /mplane_automation/conformance_test/watchdog.xml
nc DEBUG: Sending message:

#286


nc DEBUG: SSH: ssh_packet_need_rekey: rekey: [data_rekey_needed=0, out_blocks=2308, in_blocks=5394]
nc DEBUG: SSH: ssh_socket_unbuffered_write: Enabling POLLOUT for socket
nc DEBUG: SSH: packet_send2: packet: wrote [type=94, len=24, padding_size=8, comp=15, payload=15]
nc DEBUG: SSH: channel_write_common: ssh_channel_write wrote 6 bytes
nc DEBUG: Sending message:
<rpc xmlns="urn:ietf:params:xml:ns:netconf:base:1.0" message-id="61"><supervision-watchdog-reset xmlns="urn:o-ran:supervision:1.0"><supervision-notification-interval>10</supervision-notification-interval><guard-timer-overhead>10</guard-timer-overhead></supervision-watchdog-reset></rpc>

nc DEBUG: SSH: ssh_packet_need_rekey: rekey: [data_rekey_needed=0, out_blocks=2344, in_blocks=5429]
nc DEBUG: SSH: packet_send2: packet: wrote [type=94, len=304, padding_size=8, comp=295, payload=295]
nc DEBUG: SSH: channel_write_common: ssh_channel_write wrote 286 bytes
nc DEBUG: SSH: ssh_socket_unbuffered_write: Enabling POLLOUT for socket
nc DEBUG: Sending message:

##


nc DEBUG: SSH: ssh_packet_need_rekey: rekey: [data_rekey_needed=0, out_blocks=2345, in_blocks=5394]
nc DEBUG: SSH: packet_send2: packet: wrote [type=94, len=24, padding_size=10, comp=13, payload=13]
nc DEBUG: SSH: channel_write_common: ssh_channel_write wrote 4 bytes
nc DEBUG: SSH: ssh_socket_unbuffered_write: Enabling POLLOUT for socket
nc DEBUG: SSH: ssh_packet_socket_callback: packet: read type 94 [len=24,padding=8,comp=15,payload=15]
nc DEBUG: SSH: ssh_packet_process: Dispatching handler for packet type 94
nc DEBUG: SSH: channel_rcv_data: Channel receiving 6 bytes data in 0 (local win=1241618 remote win=1262110)
nc DEBUG: SSH: channel_default_bufferize: placing 6 bytes into channel buffer (stdout)
nc DEBUG: SSH: channel_rcv_data: Channel windows are now (local win=1241612 remote win=1262110)
nc DEBUG: SSH: ssh_packet_socket_callback: Processing 220 bytes left in socket buffer
nc DEBUG: SSH: ssh_packet_socket_callback: packet: read type 94 [len=200,padding=11,comp=188,payload=188]
nc DEBUG: SSH: ssh_packet_process: Dispatching handler for packet type 94
nc DEBUG: SSH: channel_rcv_data: Channel receiving 179 bytes data in 0 (local win=1241612 remote win=1262110)
nc DEBUG: SSH: channel_default_bufferize: placing 179 bytes into channel buffer (stdout)
nc DEBUG: SSH: channel_rcv_data: Channel windows are now (local win=1241433 remote win=1262110)
nc DEBUG: SSH: ssh_packet_need_rekey: rekey: [data_rekey_needed=0, out_blocks=2345, in_blocks=5417]
nc DEBUG: SSH: ssh_packet_need_rekey: rekey: [data_rekey_needed=0, out_blocks=2345, in_blocks=5417]
nc DEBUG: SSH: ssh_channel_read_timeout: Read (2) buffered : 185 bytes. Window: 1241433
nc DEBUG: SSH: ssh_channel_read_timeout: Read (1) buffered : 183 bytes. Window: 1241433
nc DEBUG: SSH: ssh_channel_read_timeout: Read (1) buffered : 182 bytes. Window: 1241433
nc DEBUG: SSH: ssh_channel_read_timeout: Read (1) buffered : 181 bytes. Window: 1241433
nc DEBUG: SSH: ssh_channel_read_timeout: Read (1) buffered : 180 bytes. Window: 1241433
nc DEBUG: SSH: ssh_channel_read_timeout: Read (179) buffered : 179 bytes. Window: 1241433
nc DEBUG: SSH: ssh_channel_read_timeout: Read (2) buffered : 0 bytes. Window: 1241433
nc DEBUG: SSH: ssh_packet_socket_callback: packet: read type 94 [len=24,padding=10,comp=13,payload=13]
nc DEBUG: SSH: ssh_packet_process: Dispatching handler for packet type 94
nc DEBUG: SSH: channel_rcv_data: Channel receiving 4 bytes data in 0 (local win=1241433 remote win=1262110)
nc DEBUG: SSH: channel_default_bufferize: placing 4 bytes into channel buffer (stdout)
nc DEBUG: SSH: channel_rcv_data: Channel windows are now (local win=1241429 remote win=1262110)
nc DEBUG: SSH: ssh_packet_need_rekey: rekey: [data_rekey_needed=0, out_blocks=2345, in_blocks=5418]
nc DEBUG: SSH: ssh_channel_read_timeout: Read (1) buffered : 2 bytes. Window: 1241429
nc DEBUG: SSH: ssh_channel_read_timeout: Read (1) buffered : 1 bytes. Window: 1241429
nc DEBUG: Received message:
<rpc-reply xmlns="urn:ietf:params:xml:ns:netconf:base:1.0" message-id="61"><next-update-at xmlns="urn:o-ran:supervision:1.0">2026-04-14T11:08:53+00:00</next-update-at></rpc-reply>

DATA
<next-update-at xmlns="urn:o-ran:supervision:1.0">2026-04-14T20:08:53+09:00</next-update-at>

nc DEBUG: Received message:
<notification xmlns="urn:ietf:params:xml:ns:netconf:notification:1.0"><eventTime>2026-04-14T11:08:53Z</eventTime><supervision-notification xmlns="urn:o-ran:supervision:1.0"/></notification>

notification (2026-04-14T11:08:53Z)
<supervision-notification xmlns="urn:o-ran:supervision:1.0"/>

Client SENT :  user-rpc --content /mplane_automation/conformance_test/watchdog.xml
nc DEBUG: Sending message:

#286


nc DEBUG: SSH: ssh_packet_need_rekey: rekey: [data_rekey_needed=0, out_blocks=2346, in_blocks=5445]
nc DEBUG: SSH: ssh_socket_unbuffered_write: Enabling POLLOUT for socket
nc DEBUG: SSH: packet_send2: packet: wrote [type=94, len=24, padding_size=8, comp=15, payload=15]
nc DEBUG: SSH: channel_write_common: ssh_channel_write wrote 6 bytes
nc DEBUG: Sending message:
<rpc xmlns="urn:ietf:params:xml:ns:netconf:base:1.0" message-id="62"><supervision-watchdog-reset xmlns="urn:o-ran:supervision:1.0"><supervision-notification-interval>10</supervision-notification-interval><guard-timer-overhead>10</guard-timer-overhead></supervision-watchdog-reset></rpc>

nc DEBUG: SSH: ssh_packet_need_rekey: rekey: [data_rekey_needed=0, out_blocks=2382, in_blocks=5480]
nc DEBUG: SSH: packet_send2: packet: wrote [type=94, len=304, padding_size=8, comp=295, payload=295]
nc DEBUG: SSH: channel_write_common: ssh_channel_write wrote 286 bytes
nc DEBUG: SSH: ssh_socket_unbuffered_write: Enabling POLLOUT for socket
nc DEBUG: Sending message:

##


nc DEBUG: SSH: ssh_packet_need_rekey: rekey: [data_rekey_needed=0, out_blocks=2383, in_blocks=5445]
nc DEBUG: SSH: packet_send2: packet: wrote [type=94, len=24, padding_size=10, comp=13, payload=13]
nc DEBUG: SSH: channel_write_common: ssh_channel_write wrote 4 bytes
nc DEBUG: SSH: ssh_socket_unbuffered_write: Enabling POLLOUT for socket
nc DEBUG: SSH: ssh_packet_socket_callback: packet: read type 94 [len=24,padding=8,comp=15,payload=15]
nc DEBUG: SSH: ssh_packet_process: Dispatching handler for packet type 94
nc DEBUG: SSH: channel_rcv_data: Channel receiving 6 bytes data in 0 (local win=1241230 remote win=1261814)
nc DEBUG: SSH: channel_default_bufferize: placing 6 bytes into channel buffer (stdout)
nc DEBUG: SSH: channel_rcv_data: Channel windows are now (local win=1241224 remote win=1261814)
nc DEBUG: SSH: ssh_packet_socket_callback: Processing 220 bytes left in socket buffer
nc DEBUG: SSH: ssh_packet_socket_callback: packet: read type 94 [len=200,padding=11,comp=188,payload=188]
nc DEBUG: SSH: ssh_packet_process: Dispatching handler for packet type 94
nc DEBUG: SSH: channel_rcv_data: Channel receiving 179 bytes data in 0 (local win=1241224 remote win=1261814)
nc DEBUG: SSH: channel_default_bufferize: placing 179 bytes into channel buffer (stdout)
nc DEBUG: SSH: channel_rcv_data: Channel windows are now (local win=1241045 remote win=1261814)
nc DEBUG: SSH: ssh_packet_need_rekey: rekey: [data_rekey_needed=0, out_blocks=2383, in_blocks=5468]
nc DEBUG: SSH: ssh_packet_need_rekey: rekey: [data_rekey_needed=0, out_blocks=2383, in_blocks=5468]
nc DEBUG: SSH: ssh_channel_read_timeout: Read (2) buffered : 185 bytes. Window: 1241045
nc DEBUG: SSH: ssh_channel_read_timeout: Read (1) buffered : 183 bytes. Window: 1241045
nc DEBUG: SSH: ssh_channel_read_timeout: Read (1) buffered : 182 bytes. Window: 1241045
nc DEBUG: SSH: ssh_channel_read_timeout: Read (1) buffered : 181 bytes. Window: 1241045
nc DEBUG: SSH: ssh_channel_read_timeout: Read (1) buffered : 180 bytes. Window: 1241045
nc DEBUG: SSH: ssh_channel_read_timeout: Read (179) buffered : 179 bytes. Window: 1241045
nc DEBUG: SSH: ssh_channel_read_timeout: Read (2) buffered : 0 bytes. Window: 1241045
nc DEBUG: SSH: ssh_packet_socket_callback: packet: read type 94 [len=24,padding=10,comp=13,payload=13]
nc DEBUG: SSH: ssh_packet_process: Dispatching handler for packet type 94
nc DEBUG: SSH: channel_rcv_data: Channel receiving 4 bytes data in 0 (local win=1241045 remote win=1261814)
nc DEBUG: SSH: channel_default_bufferize: placing 4 bytes into channel buffer (stdout)
nc DEBUG: SSH: channel_rcv_data: Channel windows are now (local win=1241041 remote win=1261814)
nc DEBUG: SSH: ssh_packet_need_rekey: rekey: [data_rekey_needed=0, out_blocks=2383, in_blocks=5469]
nc DEBUG: SSH: ssh_channel_read_timeout: Read (1) buffered : 2 bytes. Window: 1241041
nc DEBUG: SSH: ssh_channel_read_timeout: Read (1) buffered : 1 bytes. Window: 1241041
nc DEBUG: Received message:
<rpc-reply xmlns="urn:ietf:params:xml:ns:netconf:base:1.0" message-id="62"><next-update-at xmlns="urn:o-ran:supervision:1.0">2026-04-14T11:09:03+00:00</next-update-at></rpc-reply>

DATA
<next-update-at xmlns="urn:o-ran:supervision:1.0">2026-04-14T20:09:03+09:00</next-update-at>

nc DEBUG: Received message:
<notification xmlns="urn:ietf:params:xml:ns:netconf:notification:1.0"><eventTime>2026-04-14T11:09:03Z</eventTime><supervision-notification xmlns="urn:o-ran:supervision:1.0"/></notification>

notification (2026-04-14T11:09:03Z)
<supervision-notification xmlns="urn:o-ran:supervision:1.0"/>

Client SENT :  user-rpc --content /mplane_automation/conformance_test/watchdog.xml
nc DEBUG: Sending message:

#286


nc DEBUG: SSH: ssh_packet_need_rekey: rekey: [data_rekey_needed=0, out_blocks=2384, in_blocks=5496]
nc DEBUG: SSH: ssh_socket_unbuffered_write: Enabling POLLOUT for socket
nc DEBUG: SSH: packet_send2: packet: wrote [type=94, len=24, padding_size=8, comp=15, payload=15]
nc DEBUG: SSH: channel_write_common: ssh_channel_write wrote 6 bytes
nc DEBUG: Sending message:
<rpc xmlns="urn:ietf:params:xml:ns:netconf:base:1.0" message-id="63"><supervision-watchdog-reset xmlns="urn:o-ran:supervision:1.0"><supervision-notification-interval>10</supervision-notification-interval><guard-timer-overhead>10</guard-timer-overhead></supervision-watchdog-reset></rpc>

nc DEBUG: SSH: ssh_packet_need_rekey: rekey: [data_rekey_needed=0, out_blocks=2420, in_blocks=5531]
nc DEBUG: SSH: packet_send2: packet: wrote [type=94, len=304, padding_size=8, comp=295, payload=295]
nc DEBUG: SSH: channel_write_common: ssh_channel_write wrote 286 bytes
nc DEBUG: SSH: ssh_socket_unbuffered_write: Enabling POLLOUT for socket
nc DEBUG: Sending message:

##


nc DEBUG: SSH: ssh_packet_need_rekey: rekey: [data_rekey_needed=0, out_blocks=2421, in_blocks=5496]
nc DEBUG: SSH: packet_send2: packet: wrote [type=94, len=24, padding_size=10, comp=13, payload=13]
nc DEBUG: SSH: channel_write_common: ssh_channel_write wrote 4 bytes
nc DEBUG: SSH: ssh_socket_unbuffered_write: Enabling POLLOUT for socket
nc DEBUG: SSH: ssh_packet_socket_callback: packet: read type 94 [len=24,padding=8,comp=15,payload=15]
nc DEBUG: SSH: ssh_packet_process: Dispatching handler for packet type 94
nc DEBUG: SSH: channel_rcv_data: Channel receiving 6 bytes data in 0 (local win=1240842 remote win=1261518)
nc DEBUG: SSH: channel_default_bufferize: placing 6 bytes into channel buffer (stdout)
nc DEBUG: SSH: channel_rcv_data: Channel windows are now (local win=1240836 remote win=1261518)
nc DEBUG: SSH: ssh_packet_socket_callback: Processing 220 bytes left in socket buffer
nc DEBUG: SSH: ssh_packet_socket_callback: packet: read type 94 [len=200,padding=11,comp=188,payload=188]
nc DEBUG: SSH: ssh_packet_process: Dispatching handler for packet type 94
nc DEBUG: SSH: channel_rcv_data: Channel receiving 179 bytes data in 0 (local win=1240836 remote win=1261518)
nc DEBUG: SSH: channel_default_bufferize: placing 179 bytes into channel buffer (stdout)
nc DEBUG: SSH: channel_rcv_data: Channel windows are now (local win=1240657 remote win=1261518)
nc DEBUG: SSH: ssh_packet_need_rekey: rekey: [data_rekey_needed=0, out_blocks=2421, in_blocks=5519]
nc DEBUG: SSH: ssh_packet_need_rekey: rekey: [data_rekey_needed=0, out_blocks=2421, in_blocks=5519]
nc DEBUG: SSH: ssh_channel_read_timeout: Read (2) buffered : 185 bytes. Window: 1240657
nc DEBUG: SSH: ssh_channel_read_timeout: Read (1) buffered : 183 bytes. Window: 1240657
nc DEBUG: SSH: ssh_channel_read_timeout: Read (1) buffered : 182 bytes. Window: 1240657
nc DEBUG: SSH: ssh_channel_read_timeout: Read (1) buffered : 181 bytes. Window: 1240657
nc DEBUG: SSH: ssh_channel_read_timeout: Read (1) buffered : 180 bytes. Window: 1240657
nc DEBUG: SSH: ssh_channel_read_timeout: Read (179) buffered : 179 bytes. Window: 1240657
nc DEBUG: SSH: ssh_channel_read_timeout: Read (2) buffered : 0 bytes. Window: 1240657
nc DEBUG: SSH: ssh_packet_socket_callback: packet: read type 94 [len=24,padding=10,comp=13,payload=13]
nc DEBUG: SSH: ssh_packet_process: Dispatching handler for packet type 94
nc DEBUG: SSH: channel_rcv_data: Channel receiving 4 bytes data in 0 (local win=1240657 remote win=1261518)
nc DEBUG: SSH: channel_default_bufferize: placing 4 bytes into channel buffer (stdout)
nc DEBUG: SSH: channel_rcv_data: Channel windows are now (local win=1240653 remote win=1261518)
nc DEBUG: SSH: ssh_packet_need_rekey: rekey: [data_rekey_needed=0, out_blocks=2421, in_blocks=5520]
nc DEBUG: SSH: ssh_channel_read_timeout: Read (1) buffered : 2 bytes. Window: 1240653
nc DEBUG: SSH: ssh_channel_read_timeout: Read (1) buffered : 1 bytes. Window: 1240653
nc DEBUG: Received message:
<rpc-reply xmlns="urn:ietf:params:xml:ns:netconf:base:1.0" message-id="63"><next-update-at xmlns="urn:o-ran:supervision:1.0">2026-04-14T11:09:13+00:00</next-update-at></rpc-reply>

DATA
<next-update-at xmlns="urn:o-ran:supervision:1.0">2026-04-14T20:09:13+09:00</next-update-at>

nc DEBUG: Received message:
<notification xmlns="urn:ietf:params:xml:ns:netconf:notification:1.0"><eventTime>2026-04-14T11:09:13Z</eventTime><supervision-notification xmlns="urn:o-ran:supervision:1.0"/></notification>

notification (2026-04-14T11:09:13Z)
<supervision-notification xmlns="urn:o-ran:supervision:1.0"/>

Client SENT :  user-rpc --content /mplane_automation/conformance_test/watchdog.xml
nc DEBUG: Sending message:

#286


nc DEBUG: SSH: ssh_packet_need_rekey: rekey: [data_rekey_needed=0, out_blocks=2422, in_blocks=5547]
nc DEBUG: SSH: ssh_socket_unbuffered_write: Enabling POLLOUT for socket
nc DEBUG: SSH: packet_send2: packet: wrote [type=94, len=24, padding_size=8, comp=15, payload=15]
nc DEBUG: SSH: channel_write_common: ssh_channel_write wrote 6 bytes
nc DEBUG: Sending message:
<rpc xmlns="urn:ietf:params:xml:ns:netconf:base:1.0" message-id="64"><supervision-watchdog-reset xmlns="urn:o-ran:supervision:1.0"><supervision-notification-interval>10</supervision-notification-interval><guard-timer-overhead>10</guard-timer-overhead></supervision-watchdog-reset></rpc>

nc DEBUG: SSH: ssh_packet_need_rekey: rekey: [data_rekey_needed=0, out_blocks=2458, in_blocks=5582]
nc DEBUG: SSH: packet_send2: packet: wrote [type=94, len=304, padding_size=8, comp=295, payload=295]
nc DEBUG: SSH: channel_write_common: ssh_channel_write wrote 286 bytes
nc DEBUG: SSH: ssh_socket_unbuffered_write: Enabling POLLOUT for socket
nc DEBUG: Sending message:

##


nc DEBUG: SSH: ssh_packet_need_rekey: rekey: [data_rekey_needed=0, out_blocks=2459, in_blocks=5547]
nc DEBUG: SSH: packet_send2: packet: wrote [type=94, len=24, padding_size=10, comp=13, payload=13]
nc DEBUG: SSH: channel_write_common: ssh_channel_write wrote 4 bytes
nc DEBUG: SSH: ssh_socket_unbuffered_write: Enabling POLLOUT for socket
nc DEBUG: SSH: ssh_packet_socket_callback: packet: read type 94 [len=24,padding=8,comp=15,payload=15]
nc DEBUG: SSH: ssh_packet_process: Dispatching handler for packet type 94
nc DEBUG: SSH: channel_rcv_data: Channel receiving 6 bytes data in 0 (local win=1240454 remote win=1261222)
nc DEBUG: SSH: channel_default_bufferize: placing 6 bytes into channel buffer (stdout)
nc DEBUG: SSH: channel_rcv_data: Channel windows are now (local win=1240448 remote win=1261222)
nc DEBUG: SSH: ssh_packet_socket_callback: Processing 220 bytes left in socket buffer
nc DEBUG: SSH: ssh_packet_socket_callback: packet: read type 94 [len=200,padding=11,comp=188,payload=188]
nc DEBUG: SSH: ssh_packet_process: Dispatching handler for packet type 94
nc DEBUG: SSH: channel_rcv_data: Channel receiving 179 bytes data in 0 (local win=1240448 remote win=1261222)
nc DEBUG: SSH: channel_default_bufferize: placing 179 bytes into channel buffer (stdout)
nc DEBUG: SSH: channel_rcv_data: Channel windows are now (local win=1240269 remote win=1261222)
nc DEBUG: SSH: ssh_packet_need_rekey: rekey: [data_rekey_needed=0, out_blocks=2459, in_blocks=5570]
nc DEBUG: SSH: ssh_packet_need_rekey: rekey: [data_rekey_needed=0, out_blocks=2459, in_blocks=5570]
nc DEBUG: SSH: ssh_channel_read_timeout: Read (2) buffered : 185 bytes. Window: 1240269
nc DEBUG: SSH: ssh_channel_read_timeout: Read (1) buffered : 183 bytes. Window: 1240269
nc DEBUG: SSH: ssh_channel_read_timeout: Read (1) buffered : 182 bytes. Window: 1240269
nc DEBUG: SSH: ssh_channel_read_timeout: Read (1) buffered : 181 bytes. Window: 1240269
nc DEBUG: SSH: ssh_channel_read_timeout: Read (1) buffered : 180 bytes. Window: 1240269
nc DEBUG: SSH: ssh_channel_read_timeout: Read (179) buffered : 179 bytes. Window: 1240269
nc DEBUG: SSH: ssh_channel_read_timeout: Read (2) buffered : 0 bytes. Window: 1240269
nc DEBUG: SSH: ssh_packet_socket_callback: packet: read type 94 [len=24,padding=10,comp=13,payload=13]
nc DEBUG: SSH: ssh_packet_process: Dispatching handler for packet type 94
nc DEBUG: SSH: channel_rcv_data: Channel receiving 4 bytes data in 0 (local win=1240269 remote win=1261222)
nc DEBUG: SSH: channel_default_bufferize: placing 4 bytes into channel buffer (stdout)
nc DEBUG: SSH: channel_rcv_data: Channel windows are now (local win=1240265 remote win=1261222)
nc DEBUG: SSH: ssh_packet_need_rekey: rekey: [data_rekey_needed=0, out_blocks=2459, in_blocks=5571]
nc DEBUG: SSH: ssh_channel_read_timeout: Read (1) buffered : 2 bytes. Window: 1240265
nc DEBUG: SSH: ssh_channel_read_timeout: Read (1) buffered : 1 bytes. Window: 1240265
nc DEBUG: Received message:
<rpc-reply xmlns="urn:ietf:params:xml:ns:netconf:base:1.0" message-id="64"><next-update-at xmlns="urn:o-ran:supervision:1.0">2026-04-14T11:09:23+00:00</next-update-at></rpc-reply>

DATA
<next-update-at xmlns="urn:o-ran:supervision:1.0">2026-04-14T20:09:23+09:00</next-update-at>

nc DEBUG: Received message:
<notification xmlns="urn:ietf:params:xml:ns:netconf:notification:1.0"><eventTime>2026-04-14T11:09:23Z</eventTime><supervision-notification xmlns="urn:o-ran:supervision:1.0"/></notification>

notification (2026-04-14T11:09:23Z)
<supervision-notification xmlns="urn:o-ran:supervision:1.0"/>

Client SENT :  user-rpc --content /mplane_automation/conformance_test/watchdog.xml
nc DEBUG: Sending message:

#286


nc DEBUG: SSH: ssh_packet_need_rekey: rekey: [data_rekey_needed=0, out_blocks=2460, in_blocks=5598]
nc DEBUG: SSH: ssh_socket_unbuffered_write: Enabling POLLOUT for socket
nc DEBUG: SSH: packet_send2: packet: wrote [type=94, len=24, padding_size=8, comp=15, payload=15]
nc DEBUG: SSH: channel_write_common: ssh_channel_write wrote 6 bytes
nc DEBUG: Sending message:
<rpc xmlns="urn:ietf:params:xml:ns:netconf:base:1.0" message-id="65"><supervision-watchdog-reset xmlns="urn:o-ran:supervision:1.0"><supervision-notification-interval>10</supervision-notification-interval><guard-timer-overhead>10</guard-timer-overhead></supervision-watchdog-reset></rpc>

nc DEBUG: SSH: ssh_packet_need_rekey: rekey: [data_rekey_needed=0, out_blocks=2496, in_blocks=5633]
nc DEBUG: SSH: packet_send2: packet: wrote [type=94, len=304, padding_size=8, comp=295, payload=295]
nc DEBUG: SSH: channel_write_common: ssh_channel_write wrote 286 bytes
nc DEBUG: SSH: ssh_socket_unbuffered_write: Enabling POLLOUT for socket
nc DEBUG: Sending message:

##


nc DEBUG: SSH: ssh_packet_need_rekey: rekey: [data_rekey_needed=0, out_blocks=2497, in_blocks=5598]
nc DEBUG: SSH: packet_send2: packet: wrote [type=94, len=24, padding_size=10, comp=13, payload=13]
nc DEBUG: SSH: channel_write_common: ssh_channel_write wrote 4 bytes
nc DEBUG: SSH: ssh_socket_unbuffered_write: Enabling POLLOUT for socket
nc DEBUG: SSH: ssh_packet_socket_callback: packet: read type 94 [len=24,padding=8,comp=15,payload=15]
nc DEBUG: SSH: ssh_packet_process: Dispatching handler for packet type 94
nc DEBUG: SSH: channel_rcv_data: Channel receiving 6 bytes data in 0 (local win=1240066 remote win=1260926)
nc DEBUG: SSH: channel_default_bufferize: placing 6 bytes into channel buffer (stdout)
nc DEBUG: SSH: channel_rcv_data: Channel windows are now (local win=1240060 remote win=1260926)
nc DEBUG: SSH: ssh_packet_socket_callback: Processing 220 bytes left in socket buffer
nc DEBUG: SSH: ssh_packet_socket_callback: packet: read type 94 [len=200,padding=11,comp=188,payload=188]
nc DEBUG: SSH: ssh_packet_process: Dispatching handler for packet type 94
nc DEBUG: SSH: channel_rcv_data: Channel receiving 179 bytes data in 0 (local win=1240060 remote win=1260926)
nc DEBUG: SSH: channel_default_bufferize: placing 179 bytes into channel buffer (stdout)
nc DEBUG: SSH: channel_rcv_data: Channel windows are now (local win=1239881 remote win=1260926)
nc DEBUG: SSH: ssh_packet_need_rekey: rekey: [data_rekey_needed=0, out_blocks=2497, in_blocks=5621]
nc DEBUG: SSH: ssh_packet_need_rekey: rekey: [data_rekey_needed=0, out_blocks=2497, in_blocks=5621]
nc DEBUG: SSH: ssh_channel_read_timeout: Read (2) buffered : 185 bytes. Window: 1239881
nc DEBUG: SSH: ssh_channel_read_timeout: Read (1) buffered : 183 bytes. Window: 1239881
nc DEBUG: SSH: ssh_channel_read_timeout: Read (1) buffered : 182 bytes. Window: 1239881
nc DEBUG: SSH: ssh_channel_read_timeout: Read (1) buffered : 181 bytes. Window: 1239881
nc DEBUG: SSH: ssh_channel_read_timeout: Read (1) buffered : 180 bytes. Window: 1239881
nc DEBUG: SSH: ssh_channel_read_timeout: Read (179) buffered : 179 bytes. Window: 1239881
nc DEBUG: SSH: ssh_channel_read_timeout: Read (2) buffered : 0 bytes. Window: 1239881
nc DEBUG: SSH: ssh_packet_socket_callback: packet: read type 94 [len=24,padding=10,comp=13,payload=13]
nc DEBUG: SSH: ssh_packet_process: Dispatching handler for packet type 94
nc DEBUG: SSH: channel_rcv_data: Channel receiving 4 bytes data in 0 (local win=1239881 remote win=1260926)
nc DEBUG: SSH: channel_default_bufferize: placing 4 bytes into channel buffer (stdout)
nc DEBUG: SSH: channel_rcv_data: Channel windows are now (local win=1239877 remote win=1260926)
nc DEBUG: SSH: ssh_packet_need_rekey: rekey: [data_rekey_needed=0, out_blocks=2497, in_blocks=5622]
nc DEBUG: SSH: ssh_channel_read_timeout: Read (1) buffered : 2 bytes. Window: 1239877
nc DEBUG: SSH: ssh_channel_read_timeout: Read (1) buffered : 1 bytes. Window: 1239877
nc DEBUG: Received message:
<rpc-reply xmlns="urn:ietf:params:xml:ns:netconf:base:1.0" message-id="65"><next-update-at xmlns="urn:o-ran:supervision:1.0">2026-04-14T11:09:33+00:00</next-update-at></rpc-reply>

DATA
<next-update-at xmlns="urn:o-ran:supervision:1.0">2026-04-14T20:09:33+09:00</next-update-at>

nc DEBUG: Received message:
<notification xmlns="urn:ietf:params:xml:ns:netconf:notification:1.0"><eventTime>2026-04-14T11:09:33Z</eventTime><supervision-notification xmlns="urn:o-ran:supervision:1.0"/></notification>

notification (2026-04-14T11:09:33Z)
<supervision-notification xmlns="urn:o-ran:supervision:1.0"/>

Client SENT :  user-rpc --content /mplane_automation/conformance_test/watchdog.xml
nc DEBUG: Sending message:

#286


nc DEBUG: SSH: ssh_packet_need_rekey: rekey: [data_rekey_needed=0, out_blocks=2498, in_blocks=5649]
nc DEBUG: SSH: ssh_socket_unbuffered_write: Enabling POLLOUT for socket
nc DEBUG: SSH: packet_send2: packet: wrote [type=94, len=24, padding_size=8, comp=15, payload=15]
nc DEBUG: SSH: channel_write_common: ssh_channel_write wrote 6 bytes
nc DEBUG: Sending message:
<rpc xmlns="urn:ietf:params:xml:ns:netconf:base:1.0" message-id="66"><supervision-watchdog-reset xmlns="urn:o-ran:supervision:1.0"><supervision-notification-interval>10</supervision-notification-interval><guard-timer-overhead>10</guard-timer-overhead></supervision-watchdog-reset></rpc>

nc DEBUG: SSH: ssh_packet_need_rekey: rekey: [data_rekey_needed=0, out_blocks=2534, in_blocks=5684]
nc DEBUG: SSH: packet_send2: packet: wrote [type=94, len=304, padding_size=8, comp=295, payload=295]
nc DEBUG: SSH: channel_write_common: ssh_channel_write wrote 286 bytes
nc DEBUG: SSH: ssh_socket_unbuffered_write: Enabling POLLOUT for socket
nc DEBUG: Sending message:

##


nc DEBUG: SSH: ssh_packet_need_rekey: rekey: [data_rekey_needed=0, out_blocks=2535, in_blocks=5649]
nc DEBUG: SSH: packet_send2: packet: wrote [type=94, len=24, padding_size=10, comp=13, payload=13]
nc DEBUG: SSH: channel_write_common: ssh_channel_write wrote 4 bytes
nc DEBUG: SSH: ssh_socket_unbuffered_write: Enabling POLLOUT for socket
nc DEBUG: SSH: ssh_packet_socket_callback: packet: read type 94 [len=24,padding=8,comp=15,payload=15]
nc DEBUG: SSH: ssh_packet_process: Dispatching handler for packet type 94
nc DEBUG: SSH: channel_rcv_data: Channel receiving 6 bytes data in 0 (local win=1239678 remote win=1260630)
nc DEBUG: SSH: channel_default_bufferize: placing 6 bytes into channel buffer (stdout)
nc DEBUG: SSH: channel_rcv_data: Channel windows are now (local win=1239672 remote win=1260630)
nc DEBUG: SSH: ssh_packet_need_rekey: rekey: [data_rekey_needed=0, out_blocks=2535, in_blocks=5649]
nc DEBUG: SSH: ssh_channel_read_timeout: Read (2) buffered : 6 bytes. Window: 1239672
nc DEBUG: SSH: ssh_channel_read_timeout: Read (1) buffered : 4 bytes. Window: 1239672
nc DEBUG: SSH: ssh_channel_read_timeout: Read (1) buffered : 3 bytes. Window: 1239672
nc DEBUG: SSH: ssh_channel_read_timeout: Read (1) buffered : 2 bytes. Window: 1239672
nc DEBUG: SSH: ssh_channel_read_timeout: Read (1) buffered : 1 bytes. Window: 1239672
nc DEBUG: SSH: ssh_channel_read_timeout: Read (179) buffered : 0 bytes. Window: 1239672
nc DEBUG: SSH: ssh_packet_socket_callback: packet: read type 94 [len=200,padding=11,comp=188,payload=188]
nc DEBUG: SSH: ssh_packet_process: Dispatching handler for packet type 94
nc DEBUG: SSH: channel_rcv_data: Channel receiving 179 bytes data in 0 (local win=1239672 remote win=1260630)
nc DEBUG: SSH: channel_default_bufferize: placing 179 bytes into channel buffer (stdout)
nc DEBUG: SSH: channel_rcv_data: Channel windows are now (local win=1239493 remote win=1260630)
nc DEBUG: SSH: ssh_packet_need_rekey: rekey: [data_rekey_needed=0, out_blocks=2535, in_blocks=5672]
nc DEBUG: SSH: ssh_channel_read_timeout: Read (2) buffered : 0 bytes. Window: 1239493
nc DEBUG: SSH: ssh_channel_read_timeout: Read (2) buffered : 0 bytes. Window: 1239493
nc DEBUG: SSH: ssh_packet_socket_callback: packet: read type 94 [len=24,padding=10,comp=13,payload=13]
nc DEBUG: SSH: ssh_packet_process: Dispatching handler for packet type 94
nc DEBUG: SSH: channel_rcv_data: Channel receiving 4 bytes data in 0 (local win=1239493 remote win=1260630)
nc DEBUG: SSH: channel_default_bufferize: placing 4 bytes into channel buffer (stdout)
nc DEBUG: SSH: channel_rcv_data: Channel windows are now (local win=1239489 remote win=1260630)
nc DEBUG: SSH: ssh_packet_need_rekey: rekey: [data_rekey_needed=0, out_blocks=2535, in_blocks=5673]
nc DEBUG: SSH: ssh_channel_read_timeout: Read (1) buffered : 2 bytes. Window: 1239489
nc DEBUG: SSH: ssh_channel_read_timeout: Read (1) buffered : 1 bytes. Window: 1239489
nc DEBUG: Received message:
<rpc-reply xmlns="urn:ietf:params:xml:ns:netconf:base:1.0" message-id="66"><next-update-at xmlns="urn:o-ran:supervision:1.0">2026-04-14T11:09:43+00:00</next-update-at></rpc-reply>

DATA
<next-update-at xmlns="urn:o-ran:supervision:1.0">2026-04-14T20:09:43+09:00</next-update-at>

nc DEBUG: Received message:
<notification xmlns="urn:ietf:params:xml:ns:netconf:notification:1.0"><eventTime>2026-04-14T11:09:43Z</eventTime><supervision-notification xmlns="urn:o-ran:supervision:1.0"/></notification>

notification (2026-04-14T11:09:43Z)
<supervision-notification xmlns="urn:o-ran:supervision:1.0"/>

Client SENT :  user-rpc --content /mplane_automation/conformance_test/watchdog.xml
nc DEBUG: Sending message:

#286


nc DEBUG: SSH: ssh_packet_need_rekey: rekey: [data_rekey_needed=0, out_blocks=2536, in_blocks=5700]
nc DEBUG: SSH: ssh_socket_unbuffered_write: Enabling POLLOUT for socket
nc DEBUG: SSH: packet_send2: packet: wrote [type=94, len=24, padding_size=8, comp=15, payload=15]
nc DEBUG: SSH: channel_write_common: ssh_channel_write wrote 6 bytes
nc DEBUG: Sending message:
<rpc xmlns="urn:ietf:params:xml:ns:netconf:base:1.0" message-id="67"><supervision-watchdog-reset xmlns="urn:o-ran:supervision:1.0"><supervision-notification-interval>10</supervision-notification-interval><guard-timer-overhead>10</guard-timer-overhead></supervision-watchdog-reset></rpc>

nc DEBUG: SSH: ssh_packet_need_rekey: rekey: [data_rekey_needed=0, out_blocks=2572, in_blocks=5735]
nc DEBUG: SSH: packet_send2: packet: wrote [type=94, len=304, padding_size=8, comp=295, payload=295]
nc DEBUG: SSH: channel_write_common: ssh_channel_write wrote 286 bytes
nc DEBUG: SSH: ssh_socket_unbuffered_write: Enabling POLLOUT for socket
nc DEBUG: Sending message:

##


nc DEBUG: SSH: ssh_packet_need_rekey: rekey: [data_rekey_needed=0, out_blocks=2573, in_blocks=5700]
nc DEBUG: SSH: packet_send2: packet: wrote [type=94, len=24, padding_size=10, comp=13, payload=13]
nc DEBUG: SSH: channel_write_common: ssh_channel_write wrote 4 bytes
nc DEBUG: SSH: ssh_socket_unbuffered_write: Enabling POLLOUT for socket
nc DEBUG: SSH: ssh_packet_socket_callback: packet: read type 94 [len=24,padding=8,comp=15,payload=15]
nc DEBUG: SSH: ssh_packet_process: Dispatching handler for packet type 94
nc DEBUG: SSH: channel_rcv_data: Channel receiving 6 bytes data in 0 (local win=1239290 remote win=1260334)
nc DEBUG: SSH: channel_default_bufferize: placing 6 bytes into channel buffer (stdout)
nc DEBUG: SSH: channel_rcv_data: Channel windows are now (local win=1239284 remote win=1260334)
nc DEBUG: SSH: ssh_packet_socket_callback: Processing 220 bytes left in socket buffer
nc DEBUG: SSH: ssh_packet_socket_callback: packet: read type 94 [len=200,padding=11,comp=188,payload=188]
nc DEBUG: SSH: ssh_packet_process: Dispatching handler for packet type 94
nc DEBUG: SSH: channel_rcv_data: Channel receiving 179 bytes data in 0 (local win=1239284 remote win=1260334)
nc DEBUG: SSH: channel_default_bufferize: placing 179 bytes into channel buffer (stdout)
nc DEBUG: SSH: channel_rcv_data: Channel windows are now (local win=1239105 remote win=1260334)
nc DEBUG: SSH: ssh_packet_need_rekey: rekey: [data_rekey_needed=0, out_blocks=2573, in_blocks=5723]
nc DEBUG: SSH: ssh_packet_need_rekey: rekey: [data_rekey_needed=0, out_blocks=2573, in_blocks=5723]
nc DEBUG: SSH: ssh_channel_read_timeout: Read (2) buffered : 185 bytes. Window: 1239105
nc DEBUG: SSH: ssh_channel_read_timeout: Read (1) buffered : 183 bytes. Window: 1239105
nc DEBUG: SSH: ssh_channel_read_timeout: Read (1) buffered : 182 bytes. Window: 1239105
nc DEBUG: SSH: ssh_channel_read_timeout: Read (1) buffered : 181 bytes. Window: 1239105
nc DEBUG: SSH: ssh_channel_read_timeout: Read (1) buffered : 180 bytes. Window: 1239105
nc DEBUG: SSH: ssh_channel_read_timeout: Read (179) buffered : 179 bytes. Window: 1239105
nc DEBUG: SSH: ssh_channel_read_timeout: Read (2) buffered : 0 bytes. Window: 1239105
nc DEBUG: SSH: ssh_packet_socket_callback: packet: read type 94 [len=24,padding=10,comp=13,payload=13]
nc DEBUG: SSH: ssh_packet_process: Dispatching handler for packet type 94
nc DEBUG: SSH: channel_rcv_data: Channel receiving 4 bytes data in 0 (local win=1239105 remote win=1260334)
nc DEBUG: SSH: channel_default_bufferize: placing 4 bytes into channel buffer (stdout)
nc DEBUG: SSH: channel_rcv_data: Channel windows are now (local win=1239101 remote win=1260334)
nc DEBUG: SSH: ssh_packet_need_rekey: rekey: [data_rekey_needed=0, out_blocks=2573, in_blocks=5724]
nc DEBUG: SSH: ssh_channel_read_timeout: Read (1) buffered : 2 bytes. Window: 1239101
nc DEBUG: SSH: ssh_channel_read_timeout: Read (1) buffered : 1 bytes. Window: 1239101
nc DEBUG: Received message:
<rpc-reply xmlns="urn:ietf:params:xml:ns:netconf:base:1.0" message-id="67"><next-update-at xmlns="urn:o-ran:supervision:1.0">2026-04-14T11:09:53+00:00</next-update-at></rpc-reply>

DATA
<next-update-at xmlns="urn:o-ran:supervision:1.0">2026-04-14T20:09:53+09:00</next-update-at>

nc DEBUG: Received message:
<notification xmlns="urn:ietf:params:xml:ns:netconf:notification:1.0"><eventTime>2026-04-14T11:09:53Z</eventTime><supervision-notification xmlns="urn:o-ran:supervision:1.0"/></notification>

notification (2026-04-14T11:09:53Z)
<supervision-notification xmlns="urn:o-ran:supervision:1.0"/>

Client SENT :  user-rpc --content /mplane_automation/conformance_test/watchdog.xml
nc DEBUG: Sending message:

#286


nc DEBUG: SSH: ssh_packet_need_rekey: rekey: [data_rekey_needed=0, out_blocks=2574, in_blocks=5751]
nc DEBUG: SSH: ssh_socket_unbuffered_write: Enabling POLLOUT for socket
nc DEBUG: SSH: packet_send2: packet: wrote [type=94, len=24, padding_size=8, comp=15, payload=15]
nc DEBUG: SSH: channel_write_common: ssh_channel_write wrote 6 bytes
nc DEBUG: Sending message:
<rpc xmlns="urn:ietf:params:xml:ns:netconf:base:1.0" message-id="68"><supervision-watchdog-reset xmlns="urn:o-ran:supervision:1.0"><supervision-notification-interval>10</supervision-notification-interval><guard-timer-overhead>10</guard-timer-overhead></supervision-watchdog-reset></rpc>

nc DEBUG: SSH: ssh_packet_need_rekey: rekey: [data_rekey_needed=0, out_blocks=2610, in_blocks=5786]
nc DEBUG: SSH: packet_send2: packet: wrote [type=94, len=304, padding_size=8, comp=295, payload=295]
nc DEBUG: SSH: channel_write_common: ssh_channel_write wrote 286 bytes
nc DEBUG: SSH: ssh_socket_unbuffered_write: Enabling POLLOUT for socket
nc DEBUG: Sending message:

##


nc DEBUG: SSH: ssh_packet_need_rekey: rekey: [data_rekey_needed=0, out_blocks=2611, in_blocks=5751]
nc DEBUG: SSH: packet_send2: packet: wrote [type=94, len=24, padding_size=10, comp=13, payload=13]
nc DEBUG: SSH: channel_write_common: ssh_channel_write wrote 4 bytes
nc DEBUG: SSH: ssh_socket_unbuffered_write: Enabling POLLOUT for socket
nc DEBUG: SSH: ssh_packet_socket_callback: packet: read type 94 [len=24,padding=8,comp=15,payload=15]
nc DEBUG: SSH: ssh_packet_process: Dispatching handler for packet type 94
nc DEBUG: SSH: channel_rcv_data: Channel receiving 6 bytes data in 0 (local win=1238902 remote win=1260038)
nc DEBUG: SSH: channel_default_bufferize: placing 6 bytes into channel buffer (stdout)
nc DEBUG: SSH: channel_rcv_data: Channel windows are now (local win=1238896 remote win=1260038)
nc DEBUG: SSH: ssh_packet_need_rekey: rekey: [data_rekey_needed=0, out_blocks=2611, in_blocks=5751]
nc DEBUG: SSH: ssh_channel_read_timeout: Read (2) buffered : 6 bytes. Window: 1238896
nc DEBUG: SSH: ssh_channel_read_timeout: Read (1) buffered : 4 bytes. Window: 1238896
nc DEBUG: SSH: ssh_channel_read_timeout: Read (1) buffered : 3 bytes. Window: 1238896
nc DEBUG: SSH: ssh_channel_read_timeout: Read (1) buffered : 2 bytes. Window: 1238896
nc DEBUG: SSH: ssh_channel_read_timeout: Read (1) buffered : 1 bytes. Window: 1238896
nc DEBUG: SSH: ssh_channel_read_timeout: Read (179) buffered : 0 bytes. Window: 1238896
nc DEBUG: SSH: ssh_packet_socket_callback: packet: read type 94 [len=200,padding=11,comp=188,payload=188]
nc DEBUG: SSH: ssh_packet_process: Dispatching handler for packet type 94
nc DEBUG: SSH: channel_rcv_data: Channel receiving 179 bytes data in 0 (local win=1238896 remote win=1260038)
nc DEBUG: SSH: channel_default_bufferize: placing 179 bytes into channel buffer (stdout)
nc DEBUG: SSH: channel_rcv_data: Channel windows are now (local win=1238717 remote win=1260038)
nc DEBUG: SSH: ssh_packet_need_rekey: rekey: [data_rekey_needed=0, out_blocks=2611, in_blocks=5774]
nc DEBUG: SSH: ssh_channel_read_timeout: Read (2) buffered : 0 bytes. Window: 1238717
nc DEBUG: SSH: ssh_channel_read_timeout: Read (2) buffered : 0 bytes. Window: 1238717
nc DEBUG: SSH: ssh_packet_socket_callback: packet: read type 94 [len=24,padding=10,comp=13,payload=13]
nc DEBUG: SSH: ssh_packet_process: Dispatching handler for packet type 94
nc DEBUG: SSH: channel_rcv_data: Channel receiving 4 bytes data in 0 (local win=1238717 remote win=1260038)
nc DEBUG: SSH: channel_default_bufferize: placing 4 bytes into channel buffer (stdout)
nc DEBUG: SSH: channel_rcv_data: Channel windows are now (local win=1238713 remote win=1260038)
nc DEBUG: SSH: ssh_packet_need_rekey: rekey: [data_rekey_needed=0, out_blocks=2611, in_blocks=5775]
nc DEBUG: SSH: ssh_channel_read_timeout: Read (1) buffered : 2 bytes. Window: 1238713
nc DEBUG: SSH: ssh_channel_read_timeout: Read (1) buffered : 1 bytes. Window: 1238713
nc DEBUG: Received message:
<rpc-reply xmlns="urn:ietf:params:xml:ns:netconf:base:1.0" message-id="68"><next-update-at xmlns="urn:o-ran:supervision:1.0">2026-04-14T11:10:03+00:00</next-update-at></rpc-reply>

DATA
<next-update-at xmlns="urn:o-ran:supervision:1.0">2026-04-14T20:10:03+09:00</next-update-at>

nc DEBUG: Received message:
<notification xmlns="urn:ietf:params:xml:ns:netconf:notification:1.0"><eventTime>2026-04-14T11:10:03Z</eventTime><supervision-notification xmlns="urn:o-ran:supervision:1.0"/></notification>

notification (2026-04-14T11:10:03Z)
<supervision-notification xmlns="urn:o-ran:supervision:1.0"/>

Client SENT :  user-rpc --content /mplane_automation/conformance_test/watchdog.xml
nc DEBUG: Sending message:

#286


nc DEBUG: SSH: ssh_packet_need_rekey: rekey: [data_rekey_needed=0, out_blocks=2612, in_blocks=5802]
nc DEBUG: SSH: ssh_socket_unbuffered_write: Enabling POLLOUT for socket
nc DEBUG: SSH: packet_send2: packet: wrote [type=94, len=24, padding_size=8, comp=15, payload=15]
nc DEBUG: SSH: channel_write_common: ssh_channel_write wrote 6 bytes
nc DEBUG: Sending message:
<rpc xmlns="urn:ietf:params:xml:ns:netconf:base:1.0" message-id="69"><supervision-watchdog-reset xmlns="urn:o-ran:supervision:1.0"><supervision-notification-interval>10</supervision-notification-interval><guard-timer-overhead>10</guard-timer-overhead></supervision-watchdog-reset></rpc>

nc DEBUG: SSH: ssh_packet_need_rekey: rekey: [data_rekey_needed=0, out_blocks=2648, in_blocks=5837]
nc DEBUG: SSH: packet_send2: packet: wrote [type=94, len=304, padding_size=8, comp=295, payload=295]
nc DEBUG: SSH: channel_write_common: ssh_channel_write wrote 286 bytes
nc DEBUG: SSH: ssh_socket_unbuffered_write: Enabling POLLOUT for socket
nc DEBUG: Sending message:

##


nc DEBUG: SSH: ssh_packet_need_rekey: rekey: [data_rekey_needed=0, out_blocks=2649, in_blocks=5802]
nc DEBUG: SSH: packet_send2: packet: wrote [type=94, len=24, padding_size=10, comp=13, payload=13]
nc DEBUG: SSH: channel_write_common: ssh_channel_write wrote 4 bytes
nc DEBUG: SSH: ssh_socket_unbuffered_write: Enabling POLLOUT for socket
nc DEBUG: SSH: ssh_packet_socket_callback: packet: read type 94 [len=24,padding=8,comp=15,payload=15]
nc DEBUG: SSH: ssh_packet_process: Dispatching handler for packet type 94
nc DEBUG: SSH: channel_rcv_data: Channel receiving 6 bytes data in 0 (local win=1238514 remote win=1259742)
nc DEBUG: SSH: channel_default_bufferize: placing 6 bytes into channel buffer (stdout)
nc DEBUG: SSH: channel_rcv_data: Channel windows are now (local win=1238508 remote win=1259742)
nc DEBUG: SSH: ssh_packet_need_rekey: rekey: [data_rekey_needed=0, out_blocks=2649, in_blocks=5802]
nc DEBUG: SSH: ssh_channel_read_timeout: Read (2) buffered : 6 bytes. Window: 1238508
nc DEBUG: SSH: ssh_channel_read_timeout: Read (1) buffered : 4 bytes. Window: 1238508
nc DEBUG: SSH: ssh_channel_read_timeout: Read (1) buffered : 3 bytes. Window: 1238508
nc DEBUG: SSH: ssh_channel_read_timeout: Read (1) buffered : 2 bytes. Window: 1238508
nc DEBUG: SSH: ssh_channel_read_timeout: Read (1) buffered : 1 bytes. Window: 1238508
nc DEBUG: SSH: ssh_channel_read_timeout: Read (179) buffered : 0 bytes. Window: 1238508
nc DEBUG: SSH: ssh_packet_socket_callback: packet: read type 94 [len=200,padding=11,comp=188,payload=188]
nc DEBUG: SSH: ssh_packet_process: Dispatching handler for packet type 94
nc DEBUG: SSH: channel_rcv_data: Channel receiving 179 bytes data in 0 (local win=1238508 remote win=1259742)
nc DEBUG: SSH: channel_default_bufferize: placing 179 bytes into channel buffer (stdout)
nc DEBUG: SSH: channel_rcv_data: Channel windows are now (local win=1238329 remote win=1259742)
nc DEBUG: SSH: ssh_packet_socket_callback: Processing 44 bytes left in socket buffer
nc DEBUG: SSH: ssh_packet_socket_callback: packet: read type 94 [len=24,padding=10,comp=13,payload=13]
nc DEBUG: SSH: ssh_packet_process: Dispatching handler for packet type 94
nc DEBUG: SSH: channel_rcv_data: Channel receiving 4 bytes data in 0 (local win=1238329 remote win=1259742)
nc DEBUG: SSH: channel_default_bufferize: placing 4 bytes into channel buffer (stdout)
nc DEBUG: SSH: channel_rcv_data: Channel windows are now (local win=1238325 remote win=1259742)
nc DEBUG: SSH: ssh_packet_need_rekey: rekey: [data_rekey_needed=0, out_blocks=2649, in_blocks=5826]
nc DEBUG: SSH: ssh_packet_need_rekey: rekey: [data_rekey_needed=0, out_blocks=2649, in_blocks=5826]
nc DEBUG: SSH: ssh_channel_read_timeout: Read (2) buffered : 4 bytes. Window: 1238325
nc DEBUG: SSH: ssh_channel_read_timeout: Read (1) buffered : 2 bytes. Window: 1238325
nc DEBUG: SSH: ssh_channel_read_timeout: Read (1) buffered : 1 bytes. Window: 1238325
nc DEBUG: Received message:
<rpc-reply xmlns="urn:ietf:params:xml:ns:netconf:base:1.0" message-id="69"><next-update-at xmlns="urn:o-ran:supervision:1.0">2026-04-14T11:10:13+00:00</next-update-at></rpc-reply>

DATA
<next-update-at xmlns="urn:o-ran:supervision:1.0">2026-04-14T20:10:13+09:00</next-update-at>

nc DEBUG: Received message:
<notification xmlns="urn:ietf:params:xml:ns:netconf:notification:1.0"><eventTime>2026-04-14T11:10:13Z</eventTime><supervision-notification xmlns="urn:o-ran:supervision:1.0"/></notification>

notification (2026-04-14T11:10:13Z)
<supervision-notification xmlns="urn:o-ran:supervision:1.0"/>

Client SENT :  user-rpc --content /mplane_automation/conformance_test/watchdog.xml
nc DEBUG: Sending message:

#286


nc DEBUG: SSH: ssh_packet_need_rekey: rekey: [data_rekey_needed=0, out_blocks=2650, in_blocks=5853]
nc DEBUG: SSH: ssh_socket_unbuffered_write: Enabling POLLOUT for socket
nc DEBUG: SSH: packet_send2: packet: wrote [type=94, len=24, padding_size=8, comp=15, payload=15]
nc DEBUG: SSH: channel_write_common: ssh_channel_write wrote 6 bytes
nc DEBUG: Sending message:
<rpc xmlns="urn:ietf:params:xml:ns:netconf:base:1.0" message-id="70"><supervision-watchdog-reset xmlns="urn:o-ran:supervision:1.0"><supervision-notification-interval>10</supervision-notification-interval><guard-timer-overhead>10</guard-timer-overhead></supervision-watchdog-reset></rpc>

nc DEBUG: SSH: ssh_packet_need_rekey: rekey: [data_rekey_needed=0, out_blocks=2686, in_blocks=5888]
nc DEBUG: SSH: packet_send2: packet: wrote [type=94, len=304, padding_size=8, comp=295, payload=295]
nc DEBUG: SSH: channel_write_common: ssh_channel_write wrote 286 bytes
nc DEBUG: SSH: ssh_socket_unbuffered_write: Enabling POLLOUT for socket
nc DEBUG: Sending message:

##


nc DEBUG: SSH: ssh_packet_need_rekey: rekey: [data_rekey_needed=0, out_blocks=2687, in_blocks=5853]
nc DEBUG: SSH: packet_send2: packet: wrote [type=94, len=24, padding_size=10, comp=13, payload=13]
nc DEBUG: SSH: channel_write_common: ssh_channel_write wrote 4 bytes
nc DEBUG: SSH: ssh_socket_unbuffered_write: Enabling POLLOUT for socket
nc DEBUG: SSH: ssh_packet_socket_callback: packet: read type 94 [len=24,padding=8,comp=15,payload=15]
nc DEBUG: SSH: ssh_packet_process: Dispatching handler for packet type 94
nc DEBUG: SSH: channel_rcv_data: Channel receiving 6 bytes data in 0 (local win=1238126 remote win=1259446)
nc DEBUG: SSH: channel_default_bufferize: placing 6 bytes into channel buffer (stdout)
nc DEBUG: SSH: channel_rcv_data: Channel windows are now (local win=1238120 remote win=1259446)
nc DEBUG: SSH: ssh_packet_socket_callback: Processing 220 bytes left in socket buffer
nc DEBUG: SSH: ssh_packet_socket_callback: packet: read type 94 [len=200,padding=11,comp=188,payload=188]
nc DEBUG: SSH: ssh_packet_process: Dispatching handler for packet type 94
nc DEBUG: SSH: channel_rcv_data: Channel receiving 179 bytes data in 0 (local win=1238120 remote win=1259446)
nc DEBUG: SSH: channel_default_bufferize: placing 179 bytes into channel buffer (stdout)
nc DEBUG: SSH: channel_rcv_data: Channel windows are now (local win=1237941 remote win=1259446)
nc DEBUG: SSH: ssh_packet_need_rekey: rekey: [data_rekey_needed=0, out_blocks=2687, in_blocks=5876]
nc DEBUG: SSH: ssh_packet_need_rekey: rekey: [data_rekey_needed=0, out_blocks=2687, in_blocks=5876]
nc DEBUG: SSH: ssh_channel_read_timeout: Read (2) buffered : 185 bytes. Window: 1237941
nc DEBUG: SSH: ssh_channel_read_timeout: Read (1) buffered : 183 bytes. Window: 1237941
nc DEBUG: SSH: ssh_channel_read_timeout: Read (1) buffered : 182 bytes. Window: 1237941
nc DEBUG: SSH: ssh_channel_read_timeout: Read (1) buffered : 181 bytes. Window: 1237941
nc DEBUG: SSH: ssh_channel_read_timeout: Read (1) buffered : 180 bytes. Window: 1237941
nc DEBUG: SSH: ssh_channel_read_timeout: Read (179) buffered : 179 bytes. Window: 1237941
nc DEBUG: SSH: ssh_channel_read_timeout: Read (2) buffered : 0 bytes. Window: 1237941
nc DEBUG: SSH: ssh_packet_socket_callback: packet: read type 94 [len=24,padding=10,comp=13,payload=13]
nc DEBUG: SSH: ssh_packet_process: Dispatching handler for packet type 94
nc DEBUG: SSH: channel_rcv_data: Channel receiving 4 bytes data in 0 (local win=1237941 remote win=1259446)
nc DEBUG: SSH: channel_default_bufferize: placing 4 bytes into channel buffer (stdout)
nc DEBUG: SSH: channel_rcv_data: Channel windows are now (local win=1237937 remote win=1259446)
nc DEBUG: SSH: ssh_packet_need_rekey: rekey: [data_rekey_needed=0, out_blocks=2687, in_blocks=5877]
nc DEBUG: SSH: ssh_channel_read_timeout: Read (1) buffered : 2 bytes. Window: 1237937
nc DEBUG: SSH: ssh_channel_read_timeout: Read (1) buffered : 1 bytes. Window: 1237937
nc DEBUG: Received message:
<rpc-reply xmlns="urn:ietf:params:xml:ns:netconf:base:1.0" message-id="70"><next-update-at xmlns="urn:o-ran:supervision:1.0">2026-04-14T11:10:23+00:00</next-update-at></rpc-reply>

DATA
<next-update-at xmlns="urn:o-ran:supervision:1.0">2026-04-14T20:10:23+09:00</next-update-at>

nc DEBUG: Received message:
<notification xmlns="urn:ietf:params:xml:ns:netconf:notification:1.0"><eventTime>2026-04-14T11:10:23Z</eventTime><supervision-notification xmlns="urn:o-ran:supervision:1.0"/></notification>

notification (2026-04-14T11:10:23Z)
<supervision-notification xmlns="urn:o-ran:supervision:1.0"/>

Client SENT :  user-rpc --content /mplane_automation/conformance_test/watchdog.xml
nc DEBUG: Sending message:

#286


nc DEBUG: SSH: ssh_packet_need_rekey: rekey: [data_rekey_needed=0, out_blocks=2688, in_blocks=5904]
nc DEBUG: SSH: ssh_socket_unbuffered_write: Enabling POLLOUT for socket
nc DEBUG: SSH: packet_send2: packet: wrote [type=94, len=24, padding_size=8, comp=15, payload=15]
nc DEBUG: SSH: channel_write_common: ssh_channel_write wrote 6 bytes
nc DEBUG: Sending message:
<rpc xmlns="urn:ietf:params:xml:ns:netconf:base:1.0" message-id="71"><supervision-watchdog-reset xmlns="urn:o-ran:supervision:1.0"><supervision-notification-interval>10</supervision-notification-interval><guard-timer-overhead>10</guard-timer-overhead></supervision-watchdog-reset></rpc>

nc DEBUG: SSH: ssh_packet_need_rekey: rekey: [data_rekey_needed=0, out_blocks=2724, in_blocks=5939]
nc DEBUG: SSH: packet_send2: packet: wrote [type=94, len=304, padding_size=8, comp=295, payload=295]
nc DEBUG: SSH: channel_write_common: ssh_channel_write wrote 286 bytes
nc DEBUG: SSH: ssh_socket_unbuffered_write: Enabling POLLOUT for socket
nc DEBUG: Sending message:

##


nc DEBUG: SSH: ssh_packet_need_rekey: rekey: [data_rekey_needed=0, out_blocks=2725, in_blocks=5904]
nc DEBUG: SSH: packet_send2: packet: wrote [type=94, len=24, padding_size=10, comp=13, payload=13]
nc DEBUG: SSH: channel_write_common: ssh_channel_write wrote 4 bytes
nc DEBUG: SSH: ssh_socket_unbuffered_write: Enabling POLLOUT for socket
nc DEBUG: SSH: ssh_packet_socket_callback: packet: read type 94 [len=24,padding=8,comp=15,payload=15]
nc DEBUG: SSH: ssh_packet_process: Dispatching handler for packet type 94
nc DEBUG: SSH: channel_rcv_data: Channel receiving 6 bytes data in 0 (local win=1237738 remote win=1259150)
nc DEBUG: SSH: channel_default_bufferize: placing 6 bytes into channel buffer (stdout)
nc DEBUG: SSH: channel_rcv_data: Channel windows are now (local win=1237732 remote win=1259150)
nc DEBUG: SSH: ssh_packet_socket_callback: Processing 220 bytes left in socket buffer
nc DEBUG: SSH: ssh_packet_socket_callback: packet: read type 94 [len=200,padding=11,comp=188,payload=188]
nc DEBUG: SSH: ssh_packet_process: Dispatching handler for packet type 94
nc DEBUG: SSH: channel_rcv_data: Channel receiving 179 bytes data in 0 (local win=1237732 remote win=1259150)
nc DEBUG: SSH: channel_default_bufferize: placing 179 bytes into channel buffer (stdout)
nc DEBUG: SSH: channel_rcv_data: Channel windows are now (local win=1237553 remote win=1259150)
nc DEBUG: SSH: ssh_packet_need_rekey: rekey: [data_rekey_needed=0, out_blocks=2725, in_blocks=5927]
nc DEBUG: SSH: ssh_packet_need_rekey: rekey: [data_rekey_needed=0, out_blocks=2725, in_blocks=5927]
nc DEBUG: SSH: ssh_channel_read_timeout: Read (2) buffered : 185 bytes. Window: 1237553
nc DEBUG: SSH: ssh_channel_read_timeout: Read (1) buffered : 183 bytes. Window: 1237553
nc DEBUG: SSH: ssh_channel_read_timeout: Read (1) buffered : 182 bytes. Window: 1237553
nc DEBUG: SSH: ssh_channel_read_timeout: Read (1) buffered : 181 bytes. Window: 1237553
nc DEBUG: SSH: ssh_channel_read_timeout: Read (1) buffered : 180 bytes. Window: 1237553
nc DEBUG: SSH: ssh_channel_read_timeout: Read (179) buffered : 179 bytes. Window: 1237553
nc DEBUG: SSH: ssh_channel_read_timeout: Read (2) buffered : 0 bytes. Window: 1237553
nc DEBUG: SSH: ssh_packet_socket_callback: packet: read type 94 [len=24,padding=10,comp=13,payload=13]
nc DEBUG: SSH: ssh_packet_process: Dispatching handler for packet type 94
nc DEBUG: SSH: channel_rcv_data: Channel receiving 4 bytes data in 0 (local win=1237553 remote win=1259150)
nc DEBUG: SSH: channel_default_bufferize: placing 4 bytes into channel buffer (stdout)
nc DEBUG: SSH: channel_rcv_data: Channel windows are now (local win=1237549 remote win=1259150)
nc DEBUG: SSH: ssh_packet_need_rekey: rekey: [data_rekey_needed=0, out_blocks=2725, in_blocks=5928]
nc DEBUG: SSH: ssh_channel_read_timeout: Read (1) buffered : 2 bytes. Window: 1237549
nc DEBUG: SSH: ssh_channel_read_timeout: Read (1) buffered : 1 bytes. Window: 1237549
nc DEBUG: Received message:
<rpc-reply xmlns="urn:ietf:params:xml:ns:netconf:base:1.0" message-id="71"><next-update-at xmlns="urn:o-ran:supervision:1.0">2026-04-14T11:10:33+00:00</next-update-at></rpc-reply>

DATA
<next-update-at xmlns="urn:o-ran:supervision:1.0">2026-04-14T20:10:33+09:00</next-update-at>

nc DEBUG: Received message:
<notification xmlns="urn:ietf:params:xml:ns:netconf:notification:1.0"><eventTime>2026-04-14T11:10:33Z</eventTime><supervision-notification xmlns="urn:o-ran:supervision:1.0"/></notification>

notification (2026-04-14T11:10:33Z)
<supervision-notification xmlns="urn:o-ran:supervision:1.0"/>

Client SENT :  user-rpc --content /mplane_automation/conformance_test/watchdog.xml
nc DEBUG: Sending message:

#286


nc DEBUG: SSH: ssh_packet_need_rekey: rekey: [data_rekey_needed=0, out_blocks=2726, in_blocks=5955]
nc DEBUG: SSH: ssh_socket_unbuffered_write: Enabling POLLOUT for socket
nc DEBUG: SSH: packet_send2: packet: wrote [type=94, len=24, padding_size=8, comp=15, payload=15]
nc DEBUG: SSH: channel_write_common: ssh_channel_write wrote 6 bytes
nc DEBUG: Sending message:
<rpc xmlns="urn:ietf:params:xml:ns:netconf:base:1.0" message-id="72"><supervision-watchdog-reset xmlns="urn:o-ran:supervision:1.0"><supervision-notification-interval>10</supervision-notification-interval><guard-timer-overhead>10</guard-timer-overhead></supervision-watchdog-reset></rpc>

nc DEBUG: SSH: ssh_packet_need_rekey: rekey: [data_rekey_needed=0, out_blocks=2762, in_blocks=5990]
nc DEBUG: SSH: packet_send2: packet: wrote [type=94, len=304, padding_size=8, comp=295, payload=295]
nc DEBUG: SSH: channel_write_common: ssh_channel_write wrote 286 bytes
nc DEBUG: SSH: ssh_socket_unbuffered_write: Enabling POLLOUT for socket
nc DEBUG: Sending message:

##


nc DEBUG: SSH: ssh_packet_need_rekey: rekey: [data_rekey_needed=0, out_blocks=2763, in_blocks=5955]
nc DEBUG: SSH: packet_send2: packet: wrote [type=94, len=24, padding_size=10, comp=13, payload=13]
nc DEBUG: SSH: channel_write_common: ssh_channel_write wrote 4 bytes
nc DEBUG: SSH: ssh_socket_unbuffered_write: Enabling POLLOUT for socket
nc DEBUG: SSH: ssh_packet_socket_callback: packet: read type 94 [len=24,padding=8,comp=15,payload=15]
nc DEBUG: SSH: ssh_packet_process: Dispatching handler for packet type 94
nc DEBUG: SSH: channel_rcv_data: Channel receiving 6 bytes data in 0 (local win=1237350 remote win=1258854)
nc DEBUG: SSH: channel_default_bufferize: placing 6 bytes into channel buffer (stdout)
nc DEBUG: SSH: channel_rcv_data: Channel windows are now (local win=1237344 remote win=1258854)
nc DEBUG: SSH: ssh_packet_socket_callback: Processing 220 bytes left in socket buffer
nc DEBUG: SSH: ssh_packet_socket_callback: packet: read type 94 [len=200,padding=11,comp=188,payload=188]
nc DEBUG: SSH: ssh_packet_process: Dispatching handler for packet type 94
nc DEBUG: SSH: channel_rcv_data: Channel receiving 179 bytes data in 0 (local win=1237344 remote win=1258854)
nc DEBUG: SSH: channel_default_bufferize: placing 179 bytes into channel buffer (stdout)
nc DEBUG: SSH: channel_rcv_data: Channel windows are now (local win=1237165 remote win=1258854)
nc DEBUG: SSH: ssh_packet_need_rekey: rekey: [data_rekey_needed=0, out_blocks=2763, in_blocks=5978]
nc DEBUG: SSH: ssh_packet_need_rekey: rekey: [data_rekey_needed=0, out_blocks=2763, in_blocks=5978]
nc DEBUG: SSH: ssh_channel_read_timeout: Read (2) buffered : 185 bytes. Window: 1237165
nc DEBUG: SSH: ssh_channel_read_timeout: Read (1) buffered : 183 bytes. Window: 1237165
nc DEBUG: SSH: ssh_channel_read_timeout: Read (1) buffered : 182 bytes. Window: 1237165
nc DEBUG: SSH: ssh_channel_read_timeout: Read (1) buffered : 181 bytes. Window: 1237165
nc DEBUG: SSH: ssh_channel_read_timeout: Read (1) buffered : 180 bytes. Window: 1237165
nc DEBUG: SSH: ssh_channel_read_timeout: Read (179) buffered : 179 bytes. Window: 1237165
nc DEBUG: SSH: ssh_channel_read_timeout: Read (2) buffered : 0 bytes. Window: 1237165
nc DEBUG: SSH: ssh_packet_socket_callback: packet: read type 94 [len=24,padding=10,comp=13,payload=13]
nc DEBUG: SSH: ssh_packet_process: Dispatching handler for packet type 94
nc DEBUG: SSH: channel_rcv_data: Channel receiving 4 bytes data in 0 (local win=1237165 remote win=1258854)
nc DEBUG: SSH: channel_default_bufferize: placing 4 bytes into channel buffer (stdout)
nc DEBUG: SSH: channel_rcv_data: Channel windows are now (local win=1237161 remote win=1258854)
nc DEBUG: SSH: ssh_packet_need_rekey: rekey: [data_rekey_needed=0, out_blocks=2763, in_blocks=5979]
nc DEBUG: SSH: ssh_channel_read_timeout: Read (1) buffered : 2 bytes. Window: 1237161
nc DEBUG: SSH: ssh_channel_read_timeout: Read (1) buffered : 1 bytes. Window: 1237161
nc DEBUG: Received message:
<rpc-reply xmlns="urn:ietf:params:xml:ns:netconf:base:1.0" message-id="72"><next-update-at xmlns="urn:o-ran:supervision:1.0">2026-04-14T11:10:43+00:00</next-update-at></rpc-reply>

DATA
<next-update-at xmlns="urn:o-ran:supervision:1.0">2026-04-14T20:10:43+09:00</next-update-at>

nc DEBUG: Received message:
<notification xmlns="urn:ietf:params:xml:ns:netconf:notification:1.0"><eventTime>2026-04-14T11:10:43Z</eventTime><supervision-notification xmlns="urn:o-ran:supervision:1.0"/></notification>

notification (2026-04-14T11:10:43Z)
<supervision-notification xmlns="urn:o-ran:supervision:1.0"/>

Client SENT :  user-rpc --content /mplane_automation/conformance_test/watchdog.xml
nc DEBUG: Sending message:

#286


nc DEBUG: SSH: ssh_packet_need_rekey: rekey: [data_rekey_needed=0, out_blocks=2764, in_blocks=6006]
nc DEBUG: SSH: ssh_socket_unbuffered_write: Enabling POLLOUT for socket
nc DEBUG: SSH: packet_send2: packet: wrote [type=94, len=24, padding_size=8, comp=15, payload=15]
nc DEBUG: SSH: channel_write_common: ssh_channel_write wrote 6 bytes
nc DEBUG: Sending message:
<rpc xmlns="urn:ietf:params:xml:ns:netconf:base:1.0" message-id="73"><supervision-watchdog-reset xmlns="urn:o-ran:supervision:1.0"><supervision-notification-interval>10</supervision-notification-interval><guard-timer-overhead>10</guard-timer-overhead></supervision-watchdog-reset></rpc>

nc DEBUG: SSH: ssh_packet_need_rekey: rekey: [data_rekey_needed=0, out_blocks=2800, in_blocks=6041]
nc DEBUG: SSH: packet_send2: packet: wrote [type=94, len=304, padding_size=8, comp=295, payload=295]
nc DEBUG: SSH: channel_write_common: ssh_channel_write wrote 286 bytes
nc DEBUG: SSH: ssh_socket_unbuffered_write: Enabling POLLOUT for socket
nc DEBUG: Sending message:

##


nc DEBUG: SSH: ssh_packet_need_rekey: rekey: [data_rekey_needed=0, out_blocks=2801, in_blocks=6006]
nc DEBUG: SSH: packet_send2: packet: wrote [type=94, len=24, padding_size=10, comp=13, payload=13]
nc DEBUG: SSH: channel_write_common: ssh_channel_write wrote 4 bytes
nc DEBUG: SSH: ssh_socket_unbuffered_write: Enabling POLLOUT for socket
nc DEBUG: SSH: ssh_packet_socket_callback: packet: read type 94 [len=24,padding=8,comp=15,payload=15]
nc DEBUG: SSH: ssh_packet_process: Dispatching handler for packet type 94
nc DEBUG: SSH: channel_rcv_data: Channel receiving 6 bytes data in 0 (local win=1236962 remote win=1258558)
nc DEBUG: SSH: channel_default_bufferize: placing 6 bytes into channel buffer (stdout)
nc DEBUG: SSH: channel_rcv_data: Channel windows are now (local win=1236956 remote win=1258558)
nc DEBUG: SSH: ssh_packet_socket_callback: Processing 220 bytes left in socket buffer
nc DEBUG: SSH: ssh_packet_socket_callback: packet: read type 94 [len=200,padding=11,comp=188,payload=188]
nc DEBUG: SSH: ssh_packet_process: Dispatching handler for packet type 94
nc DEBUG: SSH: channel_rcv_data: Channel receiving 179 bytes data in 0 (local win=1236956 remote win=1258558)
nc DEBUG: SSH: channel_default_bufferize: placing 179 bytes into channel buffer (stdout)
nc DEBUG: SSH: channel_rcv_data: Channel windows are now (local win=1236777 remote win=1258558)
nc DEBUG: SSH: ssh_packet_need_rekey: rekey: [data_rekey_needed=0, out_blocks=2801, in_blocks=6029]
nc DEBUG: SSH: ssh_packet_need_rekey: rekey: [data_rekey_needed=0, out_blocks=2801, in_blocks=6029]
nc DEBUG: SSH: ssh_channel_read_timeout: Read (2) buffered : 185 bytes. Window: 1236777
nc DEBUG: SSH: ssh_channel_read_timeout: Read (1) buffered : 183 bytes. Window: 1236777
nc DEBUG: SSH: ssh_channel_read_timeout: Read (1) buffered : 182 bytes. Window: 1236777
nc DEBUG: SSH: ssh_channel_read_timeout: Read (1) buffered : 181 bytes. Window: 1236777
nc DEBUG: SSH: ssh_channel_read_timeout: Read (1) buffered : 180 bytes. Window: 1236777
nc DEBUG: SSH: ssh_channel_read_timeout: Read (179) buffered : 179 bytes. Window: 1236777
nc DEBUG: SSH: ssh_channel_read_timeout: Read (2) buffered : 0 bytes. Window: 1236777
nc DEBUG: SSH: ssh_packet_socket_callback: packet: read type 94 [len=24,padding=10,comp=13,payload=13]
nc DEBUG: SSH: ssh_packet_process: Dispatching handler for packet type 94
nc DEBUG: SSH: channel_rcv_data: Channel receiving 4 bytes data in 0 (local win=1236777 remote win=1258558)
nc DEBUG: SSH: channel_default_bufferize: placing 4 bytes into channel buffer (stdout)
nc DEBUG: SSH: channel_rcv_data: Channel windows are now (local win=1236773 remote win=1258558)
nc DEBUG: SSH: ssh_packet_need_rekey: rekey: [data_rekey_needed=0, out_blocks=2801, in_blocks=6030]
nc DEBUG: SSH: ssh_channel_read_timeout: Read (1) buffered : 2 bytes. Window: 1236773
nc DEBUG: SSH: ssh_channel_read_timeout: Read (1) buffered : 1 bytes. Window: 1236773
nc DEBUG: Received message:
<rpc-reply xmlns="urn:ietf:params:xml:ns:netconf:base:1.0" message-id="73"><next-update-at xmlns="urn:o-ran:supervision:1.0">2026-04-14T11:10:53+00:00</next-update-at></rpc-reply>

DATA
<next-update-at xmlns="urn:o-ran:supervision:1.0">2026-04-14T20:10:53+09:00</next-update-at>

nc DEBUG: Received message:
<notification xmlns="urn:ietf:params:xml:ns:netconf:notification:1.0"><eventTime>2026-04-14T11:10:53Z</eventTime><supervision-notification xmlns="urn:o-ran:supervision:1.0"/></notification>

notification (2026-04-14T11:10:53Z)
<supervision-notification xmlns="urn:o-ran:supervision:1.0"/>

Client SENT :  user-rpc --content /mplane_automation/conformance_test/watchdog.xml
nc DEBUG: Sending message:

#286


nc DEBUG: SSH: ssh_packet_need_rekey: rekey: [data_rekey_needed=0, out_blocks=2802, in_blocks=6057]
nc DEBUG: SSH: ssh_socket_unbuffered_write: Enabling POLLOUT for socket
nc DEBUG: SSH: packet_send2: packet: wrote [type=94, len=24, padding_size=8, comp=15, payload=15]
nc DEBUG: SSH: channel_write_common: ssh_channel_write wrote 6 bytes
nc DEBUG: Sending message:
<rpc xmlns="urn:ietf:params:xml:ns:netconf:base:1.0" message-id="74"><supervision-watchdog-reset xmlns="urn:o-ran:supervision:1.0"><supervision-notification-interval>10</supervision-notification-interval><guard-timer-overhead>10</guard-timer-overhead></supervision-watchdog-reset></rpc>

nc DEBUG: SSH: ssh_packet_need_rekey: rekey: [data_rekey_needed=0, out_blocks=2838, in_blocks=6092]
nc DEBUG: SSH: packet_send2: packet: wrote [type=94, len=304, padding_size=8, comp=295, payload=295]
nc DEBUG: SSH: channel_write_common: ssh_channel_write wrote 286 bytes
nc DEBUG: SSH: ssh_socket_unbuffered_write: Enabling POLLOUT for socket
nc DEBUG: Sending message:

##


nc DEBUG: SSH: ssh_packet_need_rekey: rekey: [data_rekey_needed=0, out_blocks=2839, in_blocks=6057]
nc DEBUG: SSH: packet_send2: packet: wrote [type=94, len=24, padding_size=10, comp=13, payload=13]
nc DEBUG: SSH: channel_write_common: ssh_channel_write wrote 4 bytes
nc DEBUG: SSH: ssh_socket_unbuffered_write: Enabling POLLOUT for socket
nc DEBUG: SSH: ssh_packet_socket_callback: packet: read type 94 [len=24,padding=8,comp=15,payload=15]
nc DEBUG: SSH: ssh_packet_process: Dispatching handler for packet type 94
nc DEBUG: SSH: channel_rcv_data: Channel receiving 6 bytes data in 0 (local win=1236574 remote win=1258262)
nc DEBUG: SSH: channel_default_bufferize: placing 6 bytes into channel buffer (stdout)
nc DEBUG: SSH: channel_rcv_data: Channel windows are now (local win=1236568 remote win=1258262)
nc DEBUG: SSH: ssh_packet_socket_callback: Processing 220 bytes left in socket buffer
nc DEBUG: SSH: ssh_packet_socket_callback: packet: read type 94 [len=200,padding=11,comp=188,payload=188]
nc DEBUG: SSH: ssh_packet_process: Dispatching handler for packet type 94
nc DEBUG: SSH: channel_rcv_data: Channel receiving 179 bytes data in 0 (local win=1236568 remote win=1258262)
nc DEBUG: SSH: channel_default_bufferize: placing 179 bytes into channel buffer (stdout)
nc DEBUG: SSH: channel_rcv_data: Channel windows are now (local win=1236389 remote win=1258262)
nc DEBUG: SSH: ssh_packet_need_rekey: rekey: [data_rekey_needed=0, out_blocks=2839, in_blocks=6080]
nc DEBUG: SSH: ssh_packet_need_rekey: rekey: [data_rekey_needed=0, out_blocks=2839, in_blocks=6080]
nc DEBUG: SSH: ssh_channel_read_timeout: Read (2) buffered : 185 bytes. Window: 1236389
nc DEBUG: SSH: ssh_channel_read_timeout: Read (1) buffered : 183 bytes. Window: 1236389
nc DEBUG: SSH: ssh_channel_read_timeout: Read (1) buffered : 182 bytes. Window: 1236389
nc DEBUG: SSH: ssh_channel_read_timeout: Read (1) buffered : 181 bytes. Window: 1236389
nc DEBUG: SSH: ssh_channel_read_timeout: Read (1) buffered : 180 bytes. Window: 1236389
nc DEBUG: SSH: ssh_channel_read_timeout: Read (179) buffered : 179 bytes. Window: 1236389
nc DEBUG: SSH: ssh_channel_read_timeout: Read (2) buffered : 0 bytes. Window: 1236389
nc DEBUG: SSH: ssh_packet_socket_callback: packet: read type 94 [len=24,padding=10,comp=13,payload=13]
nc DEBUG: SSH: ssh_packet_process: Dispatching handler for packet type 94
nc DEBUG: SSH: channel_rcv_data: Channel receiving 4 bytes data in 0 (local win=1236389 remote win=1258262)
nc DEBUG: SSH: channel_default_bufferize: placing 4 bytes into channel buffer (stdout)
nc DEBUG: SSH: channel_rcv_data: Channel windows are now (local win=1236385 remote win=1258262)
nc DEBUG: SSH: ssh_packet_need_rekey: rekey: [data_rekey_needed=0, out_blocks=2839, in_blocks=6081]
nc DEBUG: SSH: ssh_channel_read_timeout: Read (1) buffered : 2 bytes. Window: 1236385
nc DEBUG: SSH: ssh_channel_read_timeout: Read (1) buffered : 1 bytes. Window: 1236385
nc DEBUG: Received message:
<rpc-reply xmlns="urn:ietf:params:xml:ns:netconf:base:1.0" message-id="74"><next-update-at xmlns="urn:o-ran:supervision:1.0">2026-04-14T11:11:03+00:00</next-update-at></rpc-reply>

DATA
<next-update-at xmlns="urn:o-ran:supervision:1.0">2026-04-14T20:11:03+09:00</next-update-at>

nc DEBUG: Received message:
<notification xmlns="urn:ietf:params:xml:ns:netconf:notification:1.0"><eventTime>2026-04-14T11:10:55Z</eventTime><install-event xmlns="urn:o-ran:software-management:1.0"><slot-name>second</slot-name><status>COMPLETED</status></install-event></notification>

notification (2026-04-14T11:10:55Z)
<install-event xmlns="urn:o-ran:software-management:1.0">
  <slot-name>second</slot-name>
  <status>COMPLETED</status>
</install-event>

nc DEBUG: Received message:
<notification xmlns="urn:ietf:params:xml:ns:netconf:notification:1.0"><eventTime>2026-04-14T11:11:03Z</eventTime><supervision-notification xmlns="urn:o-ran:supervision:1.0"/></notification>

notification (2026-04-14T11:11:03Z)
<supervision-notification xmlns="urn:o-ran:supervision:1.0"/>

Client SENT :  user-rpc --content /mplane_automation/conformance_test/watchdog.xml
nc DEBUG: Sending message:

#286


nc DEBUG: SSH: ssh_packet_need_rekey: rekey: [data_rekey_needed=0, out_blocks=2840, in_blocks=6143]
nc DEBUG: SSH: ssh_socket_unbuffered_write: Enabling POLLOUT for socket
nc DEBUG: SSH: packet_send2: packet: wrote [type=94, len=24, padding_size=8, comp=15, payload=15]
nc DEBUG: SSH: channel_write_common: ssh_channel_write wrote 6 bytes
nc DEBUG: Sending message:
<rpc xmlns="urn:ietf:params:xml:ns:netconf:base:1.0" message-id="75"><supervision-watchdog-reset xmlns="urn:o-ran:supervision:1.0"><supervision-notification-interval>10</supervision-notification-interval><guard-timer-overhead>10</guard-timer-overhead></supervision-watchdog-reset></rpc>

nc DEBUG: SSH: ssh_packet_need_rekey: rekey: [data_rekey_needed=0, out_blocks=2876, in_blocks=6178]
nc DEBUG: SSH: packet_send2: packet: wrote [type=94, len=304, padding_size=8, comp=295, payload=295]
nc DEBUG: SSH: channel_write_common: ssh_channel_write wrote 286 bytes
nc DEBUG: SSH: ssh_socket_unbuffered_write: Enabling POLLOUT for socket
nc DEBUG: Sending message:

##


nc DEBUG: SSH: ssh_packet_need_rekey: rekey: [data_rekey_needed=0, out_blocks=2877, in_blocks=6143]
nc DEBUG: SSH: packet_send2: packet: wrote [type=94, len=24, padding_size=10, comp=13, payload=13]
nc DEBUG: SSH: channel_write_common: ssh_channel_write wrote 4 bytes
nc DEBUG: SSH: ssh_socket_unbuffered_write: Enabling POLLOUT for socket
nc DEBUG: SSH: ssh_packet_socket_callback: packet: read type 94 [len=24,padding=8,comp=15,payload=15]
nc DEBUG: SSH: ssh_packet_process: Dispatching handler for packet type 94
nc DEBUG: SSH: channel_rcv_data: Channel receiving 6 bytes data in 0 (local win=1235920 remote win=1257966)
nc DEBUG: SSH: channel_default_bufferize: placing 6 bytes into channel buffer (stdout)
nc DEBUG: SSH: channel_rcv_data: Channel windows are now (local win=1235914 remote win=1257966)
nc DEBUG: SSH: ssh_packet_socket_callback: Processing 220 bytes left in socket buffer
nc DEBUG: SSH: ssh_packet_socket_callback: packet: read type 94 [len=200,padding=11,comp=188,payload=188]
nc DEBUG: SSH: ssh_packet_process: Dispatching handler for packet type 94
nc DEBUG: SSH: channel_rcv_data: Channel receiving 179 bytes data in 0 (local win=1235914 remote win=1257966)
nc DEBUG: SSH: channel_default_bufferize: placing 179 bytes into channel buffer (stdout)
nc DEBUG: SSH: channel_rcv_data: Channel windows are now (local win=1235735 remote win=1257966)
nc DEBUG: SSH: ssh_packet_need_rekey: rekey: [data_rekey_needed=0, out_blocks=2877, in_blocks=6166]
nc DEBUG: SSH: ssh_packet_need_rekey: rekey: [data_rekey_needed=0, out_blocks=2877, in_blocks=6166]
nc DEBUG: SSH: ssh_channel_read_timeout: Read (2) buffered : 185 bytes. Window: 1235735
nc DEBUG: SSH: ssh_channel_read_timeout: Read (1) buffered : 183 bytes. Window: 1235735
nc DEBUG: SSH: ssh_channel_read_timeout: Read (1) buffered : 182 bytes. Window: 1235735
nc DEBUG: SSH: ssh_channel_read_timeout: Read (1) buffered : 181 bytes. Window: 1235735
nc DEBUG: SSH: ssh_channel_read_timeout: Read (1) buffered : 180 bytes. Window: 1235735
nc DEBUG: SSH: ssh_channel_read_timeout: Read (179) buffered : 179 bytes. Window: 1235735
nc DEBUG: SSH: ssh_channel_read_timeout: Read (2) buffered : 0 bytes. Window: 1235735
nc DEBUG: SSH: ssh_packet_socket_callback: packet: read type 94 [len=24,padding=10,comp=13,payload=13]
nc DEBUG: SSH: ssh_packet_process: Dispatching handler for packet type 94
nc DEBUG: SSH: channel_rcv_data: Channel receiving 4 bytes data in 0 (local win=1235735 remote win=1257966)
nc DEBUG: SSH: channel_default_bufferize: placing 4 bytes into channel buffer (stdout)
nc DEBUG: SSH: channel_rcv_data: Channel windows are now (local win=1235731 remote win=1257966)
nc DEBUG: SSH: ssh_packet_need_rekey: rekey: [data_rekey_needed=0, out_blocks=2877, in_blocks=6167]
nc DEBUG: SSH: ssh_channel_read_timeout: Read (1) buffered : 2 bytes. Window: 1235731
nc DEBUG: SSH: ssh_channel_read_timeout: Read (1) buffered : 1 bytes. Window: 1235731
nc DEBUG: Received message:
<rpc-reply xmlns="urn:ietf:params:xml:ns:netconf:base:1.0" message-id="75"><next-update-at xmlns="urn:o-ran:supervision:1.0">2026-04-14T11:11:13+00:00</next-update-at></rpc-reply>

DATA
<next-update-at xmlns="urn:o-ran:supervision:1.0">2026-04-14T20:11:13+09:00</next-update-at>

nc DEBUG: Received message:
<notification xmlns="urn:ietf:params:xml:ns:netconf:notification:1.0"><eventTime>2026-04-14T11:11:13Z</eventTime><supervision-notification xmlns="urn:o-ran:supervision:1.0"/></notification>

notification (2026-04-14T11:11:13Z)
<supervision-notification xmlns="urn:o-ran:supervision:1.0"/>

Client SENT :  user-rpc --content /mplane_automation/conformance_test/watchdog.xml
nc DEBUG: Sending message:

#286


nc DEBUG: SSH: ssh_packet_need_rekey: rekey: [data_rekey_needed=0, out_blocks=2878, in_blocks=6194]
nc DEBUG: SSH: ssh_socket_unbuffered_write: Enabling POLLOUT for socket
nc DEBUG: SSH: packet_send2: packet: wrote [type=94, len=24, padding_size=8, comp=15, payload=15]
nc DEBUG: SSH: channel_write_common: ssh_channel_write wrote 6 bytes
nc DEBUG: Sending message:
<rpc xmlns="urn:ietf:params:xml:ns:netconf:base:1.0" message-id="76"><supervision-watchdog-reset xmlns="urn:o-ran:supervision:1.0"><supervision-notification-interval>10</supervision-notification-interval><guard-timer-overhead>10</guard-timer-overhead></supervision-watchdog-reset></rpc>

nc DEBUG: SSH: ssh_packet_need_rekey: rekey: [data_rekey_needed=0, out_blocks=2914, in_blocks=6229]
nc DEBUG: SSH: packet_send2: packet: wrote [type=94, len=304, padding_size=8, comp=295, payload=295]
nc DEBUG: SSH: channel_write_common: ssh_channel_write wrote 286 bytes
nc DEBUG: SSH: ssh_socket_unbuffered_write: Enabling POLLOUT for socket
nc DEBUG: Sending message:

##


nc DEBUG: SSH: ssh_packet_need_rekey: rekey: [data_rekey_needed=0, out_blocks=2915, in_blocks=6194]
nc DEBUG: SSH: packet_send2: packet: wrote [type=94, len=24, padding_size=10, comp=13, payload=13]
nc DEBUG: SSH: channel_write_common: ssh_channel_write wrote 4 bytes
nc DEBUG: SSH: ssh_socket_unbuffered_write: Enabling POLLOUT for socket
nc DEBUG: SSH: ssh_packet_socket_callback: packet: read type 94 [len=24,padding=8,comp=15,payload=15]
nc DEBUG: SSH: ssh_packet_process: Dispatching handler for packet type 94
nc DEBUG: SSH: channel_rcv_data: Channel receiving 6 bytes data in 0 (local win=1235532 remote win=1257670)
nc DEBUG: SSH: channel_default_bufferize: placing 6 bytes into channel buffer (stdout)
nc DEBUG: SSH: channel_rcv_data: Channel windows are now (local win=1235526 remote win=1257670)
nc DEBUG: SSH: ssh_packet_socket_callback: Processing 220 bytes left in socket buffer
nc DEBUG: SSH: ssh_packet_socket_callback: packet: read type 94 [len=200,padding=11,comp=188,payload=188]
nc DEBUG: SSH: ssh_packet_process: Dispatching handler for packet type 94
nc DEBUG: SSH: channel_rcv_data: Channel receiving 179 bytes data in 0 (local win=1235526 remote win=1257670)
nc DEBUG: SSH: channel_default_bufferize: placing 179 bytes into channel buffer (stdout)
nc DEBUG: SSH: channel_rcv_data: Channel windows are now (local win=1235347 remote win=1257670)
nc DEBUG: SSH: ssh_packet_need_rekey: rekey: [data_rekey_needed=0, out_blocks=2915, in_blocks=6217]
nc DEBUG: SSH: ssh_packet_need_rekey: rekey: [data_rekey_needed=0, out_blocks=2915, in_blocks=6217]
nc DEBUG: SSH: ssh_channel_read_timeout: Read (2) buffered : 185 bytes. Window: 1235347
nc DEBUG: SSH: ssh_channel_read_timeout: Read (1) buffered : 183 bytes. Window: 1235347
nc DEBUG: SSH: ssh_channel_read_timeout: Read (1) buffered : 182 bytes. Window: 1235347
nc DEBUG: SSH: ssh_channel_read_timeout: Read (1) buffered : 181 bytes. Window: 1235347
nc DEBUG: SSH: ssh_channel_read_timeout: Read (1) buffered : 180 bytes. Window: 1235347
nc DEBUG: SSH: ssh_channel_read_timeout: Read (179) buffered : 179 bytes. Window: 1235347
nc DEBUG: SSH: ssh_channel_read_timeout: Read (2) buffered : 0 bytes. Window: 1235347
nc DEBUG: SSH: ssh_packet_socket_callback: packet: read type 94 [len=24,padding=10,comp=13,payload=13]
nc DEBUG: SSH: ssh_packet_process: Dispatching handler for packet type 94
nc DEBUG: SSH: channel_rcv_data: Channel receiving 4 bytes data in 0 (local win=1235347 remote win=1257670)
nc DEBUG: SSH: channel_default_bufferize: placing 4 bytes into channel buffer (stdout)
nc DEBUG: SSH: channel_rcv_data: Channel windows are now (local win=1235343 remote win=1257670)
nc DEBUG: SSH: ssh_packet_need_rekey: rekey: [data_rekey_needed=0, out_blocks=2915, in_blocks=6218]
nc DEBUG: SSH: ssh_channel_read_timeout: Read (1) buffered : 2 bytes. Window: 1235343
nc DEBUG: SSH: ssh_channel_read_timeout: Read (1) buffered : 1 bytes. Window: 1235343
nc DEBUG: Received message:
<rpc-reply xmlns="urn:ietf:params:xml:ns:netconf:base:1.0" message-id="76"><next-update-at xmlns="urn:o-ran:supervision:1.0">2026-04-14T11:11:23+00:00</next-update-at></rpc-reply>

DATA
<next-update-at xmlns="urn:o-ran:supervision:1.0">2026-04-14T20:11:23+09:00</next-update-at>

nc DEBUG: Received message:
<notification xmlns="urn:ietf:params:xml:ns:netconf:notification:1.0"><eventTime>2026-04-14T11:11:23Z</eventTime><supervision-notification xmlns="urn:o-ran:supervision:1.0"/></notification>

notification (2026-04-14T11:11:23Z)
<supervision-notification xmlns="urn:o-ran:supervision:1.0"/>

Client SENT :  user-rpc --content /mplane_automation/conformance_test/watchdog.xml
nc DEBUG: Sending message:

#286


nc DEBUG: SSH: ssh_packet_need_rekey: rekey: [data_rekey_needed=0, out_blocks=2916, in_blocks=6245]
nc DEBUG: SSH: ssh_socket_unbuffered_write: Enabling POLLOUT for socket
nc DEBUG: SSH: packet_send2: packet: wrote [type=94, len=24, padding_size=8, comp=15, payload=15]
nc DEBUG: SSH: channel_write_common: ssh_channel_write wrote 6 bytes
nc DEBUG: Sending message:
<rpc xmlns="urn:ietf:params:xml:ns:netconf:base:1.0" message-id="77"><supervision-watchdog-reset xmlns="urn:o-ran:supervision:1.0"><supervision-notification-interval>10</supervision-notification-interval><guard-timer-overhead>10</guard-timer-overhead></supervision-watchdog-reset></rpc>

nc DEBUG: SSH: ssh_packet_need_rekey: rekey: [data_rekey_needed=0, out_blocks=2952, in_blocks=6280]
nc DEBUG: SSH: packet_send2: packet: wrote [type=94, len=304, padding_size=8, comp=295, payload=295]
nc DEBUG: SSH: channel_write_common: ssh_channel_write wrote 286 bytes
nc DEBUG: SSH: ssh_socket_unbuffered_write: Enabling POLLOUT for socket
nc DEBUG: Sending message:

##


nc DEBUG: SSH: ssh_packet_need_rekey: rekey: [data_rekey_needed=0, out_blocks=2953, in_blocks=6245]
nc DEBUG: SSH: packet_send2: packet: wrote [type=94, len=24, padding_size=10, comp=13, payload=13]
nc DEBUG: SSH: channel_write_common: ssh_channel_write wrote 4 bytes
nc DEBUG: SSH: ssh_socket_unbuffered_write: Enabling POLLOUT for socket
nc DEBUG: SSH: ssh_packet_socket_callback: packet: read type 94 [len=24,padding=8,comp=15,payload=15]
nc DEBUG: SSH: ssh_packet_process: Dispatching handler for packet type 94
nc DEBUG: SSH: channel_rcv_data: Channel receiving 6 bytes data in 0 (local win=1235144 remote win=1257374)
nc DEBUG: SSH: channel_default_bufferize: placing 6 bytes into channel buffer (stdout)
nc DEBUG: SSH: channel_rcv_data: Channel windows are now (local win=1235138 remote win=1257374)
nc DEBUG: SSH: ssh_packet_need_rekey: rekey: [data_rekey_needed=0, out_blocks=2953, in_blocks=6245]
nc DEBUG: SSH: ssh_channel_read_timeout: Read (2) buffered : 6 bytes. Window: 1235138
nc DEBUG: SSH: ssh_channel_read_timeout: Read (1) buffered : 4 bytes. Window: 1235138
nc DEBUG: SSH: ssh_channel_read_timeout: Read (1) buffered : 3 bytes. Window: 1235138
nc DEBUG: SSH: ssh_channel_read_timeout: Read (1) buffered : 2 bytes. Window: 1235138
nc DEBUG: SSH: ssh_channel_read_timeout: Read (1) buffered : 1 bytes. Window: 1235138
nc DEBUG: SSH: ssh_channel_read_timeout: Read (179) buffered : 0 bytes. Window: 1235138
nc DEBUG: SSH: ssh_packet_socket_callback: packet: read type 94 [len=200,padding=11,comp=188,payload=188]
nc DEBUG: SSH: ssh_packet_process: Dispatching handler for packet type 94
nc DEBUG: SSH: channel_rcv_data: Channel receiving 179 bytes data in 0 (local win=1235138 remote win=1257374)
nc DEBUG: SSH: channel_default_bufferize: placing 179 bytes into channel buffer (stdout)
nc DEBUG: SSH: channel_rcv_data: Channel windows are now (local win=1234959 remote win=1257374)
nc DEBUG: SSH: ssh_packet_need_rekey: rekey: [data_rekey_needed=0, out_blocks=2953, in_blocks=6268]
nc DEBUG: SSH: ssh_channel_read_timeout: Read (2) buffered : 0 bytes. Window: 1234959
nc DEBUG: SSH: ssh_channel_read_timeout: Read (2) buffered : 0 bytes. Window: 1234959
nc DEBUG: SSH: ssh_packet_socket_callback: packet: read type 94 [len=24,padding=10,comp=13,payload=13]
nc DEBUG: SSH: ssh_packet_process: Dispatching handler for packet type 94
nc DEBUG: SSH: channel_rcv_data: Channel receiving 4 bytes data in 0 (local win=1234959 remote win=1257374)
nc DEBUG: SSH: channel_default_bufferize: placing 4 bytes into channel buffer (stdout)
nc DEBUG: SSH: channel_rcv_data: Channel windows are now (local win=1234955 remote win=1257374)
nc DEBUG: SSH: ssh_packet_need_rekey: rekey: [data_rekey_needed=0, out_blocks=2953, in_blocks=6269]
nc DEBUG: SSH: ssh_channel_read_timeout: Read (1) buffered : 2 bytes. Window: 1234955
nc DEBUG: SSH: ssh_channel_read_timeout: Read (1) buffered : 1 bytes. Window: 1234955
nc DEBUG: Received message:
<rpc-reply xmlns="urn:ietf:params:xml:ns:netconf:base:1.0" message-id="77"><next-update-at xmlns="urn:o-ran:supervision:1.0">2026-04-14T11:11:33+00:00</next-update-at></rpc-reply>

DATA
<next-update-at xmlns="urn:o-ran:supervision:1.0">2026-04-14T20:11:33+09:00</next-update-at>

nc DEBUG: Received message:
<notification xmlns="urn:ietf:params:xml:ns:netconf:notification:1.0"><eventTime>2026-04-14T11:11:33Z</eventTime><supervision-notification xmlns="urn:o-ran:supervision:1.0"/></notification>

notification (2026-04-14T11:11:33Z)
<supervision-notification xmlns="urn:o-ran:supervision:1.0"/>

Client SENT :  user-rpc --content /mplane_automation/conformance_test/watchdog.xml
nc DEBUG: Sending message:

#286


nc DEBUG: SSH: ssh_packet_need_rekey: rekey: [data_rekey_needed=0, out_blocks=2954, in_blocks=6296]
nc DEBUG: SSH: ssh_socket_unbuffered_write: Enabling POLLOUT for socket
nc DEBUG: SSH: packet_send2: packet: wrote [type=94, len=24, padding_size=8, comp=15, payload=15]
nc DEBUG: SSH: channel_write_common: ssh_channel_write wrote 6 bytes
nc DEBUG: Sending message:
<rpc xmlns="urn:ietf:params:xml:ns:netconf:base:1.0" message-id="78"><supervision-watchdog-reset xmlns="urn:o-ran:supervision:1.0"><supervision-notification-interval>10</supervision-notification-interval><guard-timer-overhead>10</guard-timer-overhead></supervision-watchdog-reset></rpc>

nc DEBUG: SSH: ssh_packet_need_rekey: rekey: [data_rekey_needed=0, out_blocks=2990, in_blocks=6331]
nc DEBUG: SSH: packet_send2: packet: wrote [type=94, len=304, padding_size=8, comp=295, payload=295]
nc DEBUG: SSH: channel_write_common: ssh_channel_write wrote 286 bytes
nc DEBUG: SSH: ssh_socket_unbuffered_write: Enabling POLLOUT for socket
nc DEBUG: Sending message:

##


nc DEBUG: SSH: ssh_packet_need_rekey: rekey: [data_rekey_needed=0, out_blocks=2991, in_blocks=6296]
nc DEBUG: SSH: packet_send2: packet: wrote [type=94, len=24, padding_size=10, comp=13, payload=13]
nc DEBUG: SSH: channel_write_common: ssh_channel_write wrote 4 bytes
nc DEBUG: SSH: ssh_socket_unbuffered_write: Enabling POLLOUT for socket
nc DEBUG: SSH: ssh_packet_socket_callback: packet: read type 94 [len=24,padding=8,comp=15,payload=15]
nc DEBUG: SSH: ssh_packet_process: Dispatching handler for packet type 94
nc DEBUG: SSH: channel_rcv_data: Channel receiving 6 bytes data in 0 (local win=1234756 remote win=1257078)
nc DEBUG: SSH: channel_default_bufferize: placing 6 bytes into channel buffer (stdout)
nc DEBUG: SSH: channel_rcv_data: Channel windows are now (local win=1234750 remote win=1257078)
nc DEBUG: SSH: ssh_packet_socket_callback: Processing 220 bytes left in socket buffer
nc DEBUG: SSH: ssh_packet_socket_callback: packet: read type 94 [len=200,padding=11,comp=188,payload=188]
nc DEBUG: SSH: ssh_packet_process: Dispatching handler for packet type 94
nc DEBUG: SSH: channel_rcv_data: Channel receiving 179 bytes data in 0 (local win=1234750 remote win=1257078)
nc DEBUG: SSH: channel_default_bufferize: placing 179 bytes into channel buffer (stdout)
nc DEBUG: SSH: channel_rcv_data: Channel windows are now (local win=1234571 remote win=1257078)
nc DEBUG: SSH: ssh_packet_need_rekey: rekey: [data_rekey_needed=0, out_blocks=2991, in_blocks=6319]
nc DEBUG: SSH: ssh_packet_need_rekey: rekey: [data_rekey_needed=0, out_blocks=2991, in_blocks=6319]
nc DEBUG: SSH: ssh_channel_read_timeout: Read (2) buffered : 185 bytes. Window: 1234571
nc DEBUG: SSH: ssh_channel_read_timeout: Read (1) buffered : 183 bytes. Window: 1234571
nc DEBUG: SSH: ssh_channel_read_timeout: Read (1) buffered : 182 bytes. Window: 1234571
nc DEBUG: SSH: ssh_channel_read_timeout: Read (1) buffered : 181 bytes. Window: 1234571
nc DEBUG: SSH: ssh_channel_read_timeout: Read (1) buffered : 180 bytes. Window: 1234571
nc DEBUG: SSH: ssh_channel_read_timeout: Read (179) buffered : 179 bytes. Window: 1234571
nc DEBUG: SSH: ssh_channel_read_timeout: Read (2) buffered : 0 bytes. Window: 1234571
nc DEBUG: SSH: ssh_packet_socket_callback: packet: read type 94 [len=24,padding=10,comp=13,payload=13]
nc DEBUG: SSH: ssh_packet_process: Dispatching handler for packet type 94
nc DEBUG: SSH: channel_rcv_data: Channel receiving 4 bytes data in 0 (local win=1234571 remote win=1257078)
nc DEBUG: SSH: channel_default_bufferize: placing 4 bytes into channel buffer (stdout)
nc DEBUG: SSH: channel_rcv_data: Channel windows are now (local win=1234567 remote win=1257078)
nc DEBUG: SSH: ssh_packet_need_rekey: rekey: [data_rekey_needed=0, out_blocks=2991, in_blocks=6320]
nc DEBUG: SSH: ssh_channel_read_timeout: Read (1) buffered : 2 bytes. Window: 1234567
nc DEBUG: SSH: ssh_channel_read_timeout: Read (1) buffered : 1 bytes. Window: 1234567
nc DEBUG: Received message:
<rpc-reply xmlns="urn:ietf:params:xml:ns:netconf:base:1.0" message-id="78"><next-update-at xmlns="urn:o-ran:supervision:1.0">2026-04-14T11:11:43+00:00</next-update-at></rpc-reply>

DATA
<next-update-at xmlns="urn:o-ran:supervision:1.0">2026-04-14T20:11:43+09:00</next-update-at>

nc DEBUG: Received message:
<notification xmlns="urn:ietf:params:xml:ns:netconf:notification:1.0"><eventTime>2026-04-14T11:11:43Z</eventTime><supervision-notification xmlns="urn:o-ran:supervision:1.0"/></notification>

notification (2026-04-14T11:11:43Z)
<supervision-notification xmlns="urn:o-ran:supervision:1.0"/>

Client SENT :  user-rpc --content /mplane_automation/conformance_test/watchdog.xml
nc DEBUG: Sending message:

#286


nc DEBUG: SSH: ssh_packet_need_rekey: rekey: [data_rekey_needed=0, out_blocks=2992, in_blocks=6347]
nc DEBUG: SSH: ssh_socket_unbuffered_write: Enabling POLLOUT for socket
nc DEBUG: SSH: packet_send2: packet: wrote [type=94, len=24, padding_size=8, comp=15, payload=15]
nc DEBUG: SSH: channel_write_common: ssh_channel_write wrote 6 bytes
nc DEBUG: Sending message:
<rpc xmlns="urn:ietf:params:xml:ns:netconf:base:1.0" message-id="79"><supervision-watchdog-reset xmlns="urn:o-ran:supervision:1.0"><supervision-notification-interval>10</supervision-notification-interval><guard-timer-overhead>10</guard-timer-overhead></supervision-watchdog-reset></rpc>

nc DEBUG: SSH: ssh_packet_need_rekey: rekey: [data_rekey_needed=0, out_blocks=3028, in_blocks=6382]
nc DEBUG: SSH: packet_send2: packet: wrote [type=94, len=304, padding_size=8, comp=295, payload=295]
nc DEBUG: SSH: channel_write_common: ssh_channel_write wrote 286 bytes
nc DEBUG: SSH: ssh_socket_unbuffered_write: Enabling POLLOUT for socket
nc DEBUG: Sending message:

##


nc DEBUG: SSH: ssh_packet_need_rekey: rekey: [data_rekey_needed=0, out_blocks=3029, in_blocks=6347]
nc DEBUG: SSH: packet_send2: packet: wrote [type=94, len=24, padding_size=10, comp=13, payload=13]
nc DEBUG: SSH: channel_write_common: ssh_channel_write wrote 4 bytes
nc DEBUG: SSH: ssh_socket_unbuffered_write: Enabling POLLOUT for socket
nc DEBUG: SSH: ssh_packet_socket_callback: packet: read type 94 [len=24,padding=8,comp=15,payload=15]
nc DEBUG: SSH: ssh_packet_process: Dispatching handler for packet type 94
nc DEBUG: SSH: channel_rcv_data: Channel receiving 6 bytes data in 0 (local win=1234368 remote win=1256782)
nc DEBUG: SSH: channel_default_bufferize: placing 6 bytes into channel buffer (stdout)
nc DEBUG: SSH: channel_rcv_data: Channel windows are now (local win=1234362 remote win=1256782)
nc DEBUG: SSH: ssh_packet_socket_callback: Processing 220 bytes left in socket buffer
nc DEBUG: SSH: ssh_packet_socket_callback: packet: read type 94 [len=200,padding=11,comp=188,payload=188]
nc DEBUG: SSH: ssh_packet_process: Dispatching handler for packet type 94
nc DEBUG: SSH: channel_rcv_data: Channel receiving 179 bytes data in 0 (local win=1234362 remote win=1256782)
nc DEBUG: SSH: channel_default_bufferize: placing 179 bytes into channel buffer (stdout)
nc DEBUG: SSH: channel_rcv_data: Channel windows are now (local win=1234183 remote win=1256782)
nc DEBUG: SSH: ssh_packet_need_rekey: rekey: [data_rekey_needed=0, out_blocks=3029, in_blocks=6370]
nc DEBUG: SSH: ssh_packet_need_rekey: rekey: [data_rekey_needed=0, out_blocks=3029, in_blocks=6370]
nc DEBUG: SSH: ssh_channel_read_timeout: Read (2) buffered : 185 bytes. Window: 1234183
nc DEBUG: SSH: ssh_channel_read_timeout: Read (1) buffered : 183 bytes. Window: 1234183
nc DEBUG: SSH: ssh_channel_read_timeout: Read (1) buffered : 182 bytes. Window: 1234183
nc DEBUG: SSH: ssh_channel_read_timeout: Read (1) buffered : 181 bytes. Window: 1234183
nc DEBUG: SSH: ssh_channel_read_timeout: Read (1) buffered : 180 bytes. Window: 1234183
nc DEBUG: SSH: ssh_channel_read_timeout: Read (179) buffered : 179 bytes. Window: 1234183
nc DEBUG: SSH: ssh_channel_read_timeout: Read (2) buffered : 0 bytes. Window: 1234183
nc DEBUG: SSH: ssh_packet_socket_callback: packet: read type 94 [len=24,padding=10,comp=13,payload=13]
nc DEBUG: SSH: ssh_packet_process: Dispatching handler for packet type 94
nc DEBUG: SSH: channel_rcv_data: Channel receiving 4 bytes data in 0 (local win=1234183 remote win=1256782)
nc DEBUG: SSH: channel_default_bufferize: placing 4 bytes into channel buffer (stdout)
nc DEBUG: SSH: channel_rcv_data: Channel windows are now (local win=1234179 remote win=1256782)
nc DEBUG: SSH: ssh_packet_need_rekey: rekey: [data_rekey_needed=0, out_blocks=3029, in_blocks=6371]
nc DEBUG: SSH: ssh_channel_read_timeout: Read (1) buffered : 2 bytes. Window: 1234179
nc DEBUG: SSH: ssh_channel_read_timeout: Read (1) buffered : 1 bytes. Window: 1234179
nc DEBUG: Received message:
<rpc-reply xmlns="urn:ietf:params:xml:ns:netconf:base:1.0" message-id="79"><next-update-at xmlns="urn:o-ran:supervision:1.0">2026-04-14T11:11:53+00:00</next-update-at></rpc-reply>

DATA
<next-update-at xmlns="urn:o-ran:supervision:1.0">2026-04-14T20:11:53+09:00</next-update-at>

nc DEBUG: Received message:
<notification xmlns="urn:ietf:params:xml:ns:netconf:notification:1.0"><eventTime>2026-04-14T11:11:53Z</eventTime><supervision-notification xmlns="urn:o-ran:supervision:1.0"/></notification>

notification (2026-04-14T11:11:53Z)
<supervision-notification xmlns="urn:o-ran:supervision:1.0"/>

Client SENT :  user-rpc --content /mplane_automation/conformance_test/watchdog.xml
nc DEBUG: Sending message:

#286


nc DEBUG: SSH: ssh_packet_need_rekey: rekey: [data_rekey_needed=0, out_blocks=3030, in_blocks=6398]
nc DEBUG: SSH: ssh_socket_unbuffered_write: Enabling POLLOUT for socket
nc DEBUG: SSH: packet_send2: packet: wrote [type=94, len=24, padding_size=8, comp=15, payload=15]
nc DEBUG: SSH: channel_write_common: ssh_channel_write wrote 6 bytes
nc DEBUG: Sending message:
<rpc xmlns="urn:ietf:params:xml:ns:netconf:base:1.0" message-id="80"><supervision-watchdog-reset xmlns="urn:o-ran:supervision:1.0"><supervision-notification-interval>10</supervision-notification-interval><guard-timer-overhead>10</guard-timer-overhead></supervision-watchdog-reset></rpc>

nc DEBUG: SSH: ssh_packet_need_rekey: rekey: [data_rekey_needed=0, out_blocks=3066, in_blocks=6433]
nc DEBUG: SSH: packet_send2: packet: wrote [type=94, len=304, padding_size=8, comp=295, payload=295]
nc DEBUG: SSH: channel_write_common: ssh_channel_write wrote 286 bytes
nc DEBUG: SSH: ssh_socket_unbuffered_write: Enabling POLLOUT for socket
nc DEBUG: Sending message:

##


nc DEBUG: SSH: ssh_packet_need_rekey: rekey: [data_rekey_needed=0, out_blocks=3067, in_blocks=6398]
nc DEBUG: SSH: packet_send2: packet: wrote [type=94, len=24, padding_size=10, comp=13, payload=13]
nc DEBUG: SSH: channel_write_common: ssh_channel_write wrote 4 bytes
nc DEBUG: SSH: ssh_socket_unbuffered_write: Enabling POLLOUT for socket
nc DEBUG: SSH: ssh_packet_socket_callback: packet: read type 94 [len=24,padding=8,comp=15,payload=15]
nc DEBUG: SSH: ssh_packet_process: Dispatching handler for packet type 94
nc DEBUG: SSH: channel_rcv_data: Channel receiving 6 bytes data in 0 (local win=1233980 remote win=1256486)
nc DEBUG: SSH: channel_default_bufferize: placing 6 bytes into channel buffer (stdout)
nc DEBUG: SSH: channel_rcv_data: Channel windows are now (local win=1233974 remote win=1256486)
nc DEBUG: SSH: ssh_packet_socket_callback: Processing 220 bytes left in socket buffer
nc DEBUG: SSH: ssh_packet_socket_callback: packet: read type 94 [len=200,padding=11,comp=188,payload=188]
nc DEBUG: SSH: ssh_packet_process: Dispatching handler for packet type 94
nc DEBUG: SSH: channel_rcv_data: Channel receiving 179 bytes data in 0 (local win=1233974 remote win=1256486)
nc DEBUG: SSH: channel_default_bufferize: placing 179 bytes into channel buffer (stdout)
nc DEBUG: SSH: channel_rcv_data: Channel windows are now (local win=1233795 remote win=1256486)
nc DEBUG: SSH: ssh_packet_need_rekey: rekey: [data_rekey_needed=0, out_blocks=3067, in_blocks=6421]
nc DEBUG: SSH: ssh_packet_need_rekey: rekey: [data_rekey_needed=0, out_blocks=3067, in_blocks=6421]
nc DEBUG: SSH: ssh_channel_read_timeout: Read (2) buffered : 185 bytes. Window: 1233795
nc DEBUG: SSH: ssh_channel_read_timeout: Read (1) buffered : 183 bytes. Window: 1233795
nc DEBUG: SSH: ssh_channel_read_timeout: Read (1) buffered : 182 bytes. Window: 1233795
nc DEBUG: SSH: ssh_channel_read_timeout: Read (1) buffered : 181 bytes. Window: 1233795
nc DEBUG: SSH: ssh_channel_read_timeout: Read (1) buffered : 180 bytes. Window: 1233795
nc DEBUG: SSH: ssh_channel_read_timeout: Read (179) buffered : 179 bytes. Window: 1233795
nc DEBUG: SSH: ssh_channel_read_timeout: Read (2) buffered : 0 bytes. Window: 1233795
nc DEBUG: SSH: ssh_packet_socket_callback: packet: read type 94 [len=24,padding=10,comp=13,payload=13]
nc DEBUG: SSH: ssh_packet_process: Dispatching handler for packet type 94
nc DEBUG: SSH: channel_rcv_data: Channel receiving 4 bytes data in 0 (local win=1233795 remote win=1256486)
nc DEBUG: SSH: channel_default_bufferize: placing 4 bytes into channel buffer (stdout)
nc DEBUG: SSH: channel_rcv_data: Channel windows are now (local win=1233791 remote win=1256486)
nc DEBUG: SSH: ssh_packet_need_rekey: rekey: [data_rekey_needed=0, out_blocks=3067, in_blocks=6422]
nc DEBUG: SSH: ssh_channel_read_timeout: Read (1) buffered : 2 bytes. Window: 1233791
nc DEBUG: SSH: ssh_channel_read_timeout: Read (1) buffered : 1 bytes. Window: 1233791
nc DEBUG: Received message:
<rpc-reply xmlns="urn:ietf:params:xml:ns:netconf:base:1.0" message-id="80"><next-update-at xmlns="urn:o-ran:supervision:1.0">2026-04-14T11:12:03+00:00</next-update-at></rpc-reply>

DATA
<next-update-at xmlns="urn:o-ran:supervision:1.0">2026-04-14T20:12:03+09:00</next-update-at>

nc DEBUG: Received message:
<notification xmlns="urn:ietf:params:xml:ns:netconf:notification:1.0"><eventTime>2026-04-14T11:12:03Z</eventTime><supervision-notification xmlns="urn:o-ran:supervision:1.0"/></notification>

notification (2026-04-14T11:12:03Z)
<supervision-notification xmlns="urn:o-ran:supervision:1.0"/>

Client SENT :  user-rpc --content /mplane_automation/conformance_test/watchdog.xml
nc DEBUG: Sending message:

#286


nc DEBUG: SSH: ssh_packet_need_rekey: rekey: [data_rekey_needed=0, out_blocks=3068, in_blocks=6449]
nc DEBUG: SSH: ssh_socket_unbuffered_write: Enabling POLLOUT for socket
nc DEBUG: SSH: packet_send2: packet: wrote [type=94, len=24, padding_size=8, comp=15, payload=15]
nc DEBUG: SSH: channel_write_common: ssh_channel_write wrote 6 bytes
nc DEBUG: Sending message:
<rpc xmlns="urn:ietf:params:xml:ns:netconf:base:1.0" message-id="81"><supervision-watchdog-reset xmlns="urn:o-ran:supervision:1.0"><supervision-notification-interval>10</supervision-notification-interval><guard-timer-overhead>10</guard-timer-overhead></supervision-watchdog-reset></rpc>

nc DEBUG: SSH: ssh_packet_need_rekey: rekey: [data_rekey_needed=0, out_blocks=3104, in_blocks=6484]
nc DEBUG: SSH: packet_send2: packet: wrote [type=94, len=304, padding_size=8, comp=295, payload=295]
nc DEBUG: SSH: channel_write_common: ssh_channel_write wrote 286 bytes
nc DEBUG: SSH: ssh_socket_unbuffered_write: Enabling POLLOUT for socket
nc DEBUG: Sending message:

##


nc DEBUG: SSH: ssh_packet_need_rekey: rekey: [data_rekey_needed=0, out_blocks=3105, in_blocks=6449]
nc DEBUG: SSH: packet_send2: packet: wrote [type=94, len=24, padding_size=10, comp=13, payload=13]
nc DEBUG: SSH: channel_write_common: ssh_channel_write wrote 4 bytes
nc DEBUG: SSH: ssh_socket_unbuffered_write: Enabling POLLOUT for socket
nc DEBUG: SSH: ssh_packet_socket_callback: packet: read type 94 [len=24,padding=8,comp=15,payload=15]
nc DEBUG: SSH: ssh_packet_process: Dispatching handler for packet type 94
nc DEBUG: SSH: channel_rcv_data: Channel receiving 6 bytes data in 0 (local win=1233592 remote win=1256190)
nc DEBUG: SSH: channel_default_bufferize: placing 6 bytes into channel buffer (stdout)
nc DEBUG: SSH: channel_rcv_data: Channel windows are now (local win=1233586 remote win=1256190)
nc DEBUG: SSH: ssh_packet_socket_callback: Processing 220 bytes left in socket buffer
nc DEBUG: SSH: ssh_packet_socket_callback: packet: read type 94 [len=200,padding=11,comp=188,payload=188]
nc DEBUG: SSH: ssh_packet_process: Dispatching handler for packet type 94
nc DEBUG: SSH: channel_rcv_data: Channel receiving 179 bytes data in 0 (local win=1233586 remote win=1256190)
nc DEBUG: SSH: channel_default_bufferize: placing 179 bytes into channel buffer (stdout)
nc DEBUG: SSH: channel_rcv_data: Channel windows are now (local win=1233407 remote win=1256190)
nc DEBUG: SSH: ssh_packet_need_rekey: rekey: [data_rekey_needed=0, out_blocks=3105, in_blocks=6472]
nc DEBUG: SSH: ssh_packet_need_rekey: rekey: [data_rekey_needed=0, out_blocks=3105, in_blocks=6472]
nc DEBUG: SSH: ssh_channel_read_timeout: Read (2) buffered : 185 bytes. Window: 1233407
nc DEBUG: SSH: ssh_channel_read_timeout: Read (1) buffered : 183 bytes. Window: 1233407
nc DEBUG: SSH: ssh_channel_read_timeout: Read (1) buffered : 182 bytes. Window: 1233407
nc DEBUG: SSH: ssh_channel_read_timeout: Read (1) buffered : 181 bytes. Window: 1233407
nc DEBUG: SSH: ssh_channel_read_timeout: Read (1) buffered : 180 bytes. Window: 1233407
nc DEBUG: SSH: ssh_channel_read_timeout: Read (179) buffered : 179 bytes. Window: 1233407
nc DEBUG: SSH: ssh_channel_read_timeout: Read (2) buffered : 0 bytes. Window: 1233407
nc DEBUG: SSH: ssh_packet_socket_callback: packet: read type 94 [len=24,padding=10,comp=13,payload=13]
nc DEBUG: SSH: ssh_packet_process: Dispatching handler for packet type 94
nc DEBUG: SSH: channel_rcv_data: Channel receiving 4 bytes data in 0 (local win=1233407 remote win=1256190)
nc DEBUG: SSH: channel_default_bufferize: placing 4 bytes into channel buffer (stdout)
nc DEBUG: SSH: channel_rcv_data: Channel windows are now (local win=1233403 remote win=1256190)
nc DEBUG: SSH: ssh_packet_need_rekey: rekey: [data_rekey_needed=0, out_blocks=3105, in_blocks=6473]
nc DEBUG: SSH: ssh_channel_read_timeout: Read (1) buffered : 2 bytes. Window: 1233403
nc DEBUG: SSH: ssh_channel_read_timeout: Read (1) buffered : 1 bytes. Window: 1233403
nc DEBUG: Received message:
<rpc-reply xmlns="urn:ietf:params:xml:ns:netconf:base:1.0" message-id="81"><next-update-at xmlns="urn:o-ran:supervision:1.0">2026-04-14T11:12:13+00:00</next-update-at></rpc-reply>

DATA
<next-update-at xmlns="urn:o-ran:supervision:1.0">2026-04-14T20:12:13+09:00</next-update-at>

nc DEBUG: Received message:
<notification xmlns="urn:ietf:params:xml:ns:netconf:notification:1.0"><eventTime>2026-04-14T11:12:13Z</eventTime><supervision-notification xmlns="urn:o-ran:supervision:1.0"/></notification>

notification (2026-04-14T11:12:13Z)
<supervision-notification xmlns="urn:o-ran:supervision:1.0"/>

Client SENT :  user-rpc --content /mplane_automation/conformance_test/watchdog.xml
nc DEBUG: Sending message:

#286


nc DEBUG: SSH: ssh_packet_need_rekey: rekey: [data_rekey_needed=0, out_blocks=3106, in_blocks=6500]
nc DEBUG: SSH: ssh_socket_unbuffered_write: Enabling POLLOUT for socket
nc DEBUG: SSH: packet_send2: packet: wrote [type=94, len=24, padding_size=8, comp=15, payload=15]
nc DEBUG: SSH: channel_write_common: ssh_channel_write wrote 6 bytes
nc DEBUG: Sending message:
<rpc xmlns="urn:ietf:params:xml:ns:netconf:base:1.0" message-id="82"><supervision-watchdog-reset xmlns="urn:o-ran:supervision:1.0"><supervision-notification-interval>10</supervision-notification-interval><guard-timer-overhead>10</guard-timer-overhead></supervision-watchdog-reset></rpc>

nc DEBUG: SSH: ssh_packet_need_rekey: rekey: [data_rekey_needed=0, out_blocks=3142, in_blocks=6535]
nc DEBUG: SSH: packet_send2: packet: wrote [type=94, len=304, padding_size=8, comp=295, payload=295]
nc DEBUG: SSH: channel_write_common: ssh_channel_write wrote 286 bytes
nc DEBUG: SSH: ssh_socket_unbuffered_write: Enabling POLLOUT for socket
nc DEBUG: Sending message:

##


nc DEBUG: SSH: ssh_packet_need_rekey: rekey: [data_rekey_needed=0, out_blocks=3143, in_blocks=6500]
nc DEBUG: SSH: packet_send2: packet: wrote [type=94, len=24, padding_size=10, comp=13, payload=13]
nc DEBUG: SSH: channel_write_common: ssh_channel_write wrote 4 bytes
nc DEBUG: SSH: ssh_socket_unbuffered_write: Enabling POLLOUT for socket
nc DEBUG: SSH: ssh_packet_socket_callback: packet: read type 94 [len=24,padding=8,comp=15,payload=15]
nc DEBUG: SSH: ssh_packet_process: Dispatching handler for packet type 94
nc DEBUG: SSH: channel_rcv_data: Channel receiving 6 bytes data in 0 (local win=1233204 remote win=1255894)
nc DEBUG: SSH: channel_default_bufferize: placing 6 bytes into channel buffer (stdout)
nc DEBUG: SSH: channel_rcv_data: Channel windows are now (local win=1233198 remote win=1255894)
nc DEBUG: SSH: ssh_packet_socket_callback: Processing 220 bytes left in socket buffer
nc DEBUG: SSH: ssh_packet_socket_callback: packet: read type 94 [len=200,padding=11,comp=188,payload=188]
nc DEBUG: SSH: ssh_packet_process: Dispatching handler for packet type 94
nc DEBUG: SSH: channel_rcv_data: Channel receiving 179 bytes data in 0 (local win=1233198 remote win=1255894)
nc DEBUG: SSH: channel_default_bufferize: placing 179 bytes into channel buffer (stdout)
nc DEBUG: SSH: channel_rcv_data: Channel windows are now (local win=1233019 remote win=1255894)
nc DEBUG: SSH: ssh_packet_need_rekey: rekey: [data_rekey_needed=0, out_blocks=3143, in_blocks=6523]
nc DEBUG: SSH: ssh_packet_need_rekey: rekey: [data_rekey_needed=0, out_blocks=3143, in_blocks=6523]
nc DEBUG: SSH: ssh_channel_read_timeout: Read (2) buffered : 185 bytes. Window: 1233019
nc DEBUG: SSH: ssh_channel_read_timeout: Read (1) buffered : 183 bytes. Window: 1233019
nc DEBUG: SSH: ssh_channel_read_timeout: Read (1) buffered : 182 bytes. Window: 1233019
nc DEBUG: SSH: ssh_channel_read_timeout: Read (1) buffered : 181 bytes. Window: 1233019
nc DEBUG: SSH: ssh_channel_read_timeout: Read (1) buffered : 180 bytes. Window: 1233019
nc DEBUG: SSH: ssh_channel_read_timeout: Read (179) buffered : 179 bytes. Window: 1233019
nc DEBUG: SSH: ssh_channel_read_timeout: Read (2) buffered : 0 bytes. Window: 1233019
nc DEBUG: SSH: ssh_packet_socket_callback: packet: read type 94 [len=24,padding=10,comp=13,payload=13]
nc DEBUG: SSH: ssh_packet_process: Dispatching handler for packet type 94
nc DEBUG: SSH: channel_rcv_data: Channel receiving 4 bytes data in 0 (local win=1233019 remote win=1255894)
nc DEBUG: SSH: channel_default_bufferize: placing 4 bytes into channel buffer (stdout)
nc DEBUG: SSH: channel_rcv_data: Channel windows are now (local win=1233015 remote win=1255894)
nc DEBUG: SSH: ssh_packet_need_rekey: rekey: [data_rekey_needed=0, out_blocks=3143, in_blocks=6524]
nc DEBUG: SSH: ssh_channel_read_timeout: Read (1) buffered : 2 bytes. Window: 1233015
nc DEBUG: SSH: ssh_channel_read_timeout: Read (1) buffered : 1 bytes. Window: 1233015
nc DEBUG: Received message:
<rpc-reply xmlns="urn:ietf:params:xml:ns:netconf:base:1.0" message-id="82"><next-update-at xmlns="urn:o-ran:supervision:1.0">2026-04-14T11:12:23+00:00</next-update-at></rpc-reply>

DATA
<next-update-at xmlns="urn:o-ran:supervision:1.0">2026-04-14T20:12:23+09:00</next-update-at>

nc DEBUG: Received message:
<notification xmlns="urn:ietf:params:xml:ns:netconf:notification:1.0"><eventTime>2026-04-14T11:12:23Z</eventTime><supervision-notification xmlns="urn:o-ran:supervision:1.0"/></notification>

notification (2026-04-14T11:12:23Z)
<supervision-notification xmlns="urn:o-ran:supervision:1.0"/>

Client SENT :  user-rpc --content /mplane_automation/conformance_test/watchdog.xml
nc DEBUG: Sending message:

#286


nc DEBUG: SSH: ssh_packet_need_rekey: rekey: [data_rekey_needed=0, out_blocks=3144, in_blocks=6551]
nc DEBUG: SSH: ssh_socket_unbuffered_write: Enabling POLLOUT for socket
nc DEBUG: SSH: packet_send2: packet: wrote [type=94, len=24, padding_size=8, comp=15, payload=15]
nc DEBUG: SSH: channel_write_common: ssh_channel_write wrote 6 bytes
nc DEBUG: Sending message:
<rpc xmlns="urn:ietf:params:xml:ns:netconf:base:1.0" message-id="83"><supervision-watchdog-reset xmlns="urn:o-ran:supervision:1.0"><supervision-notification-interval>10</supervision-notification-interval><guard-timer-overhead>10</guard-timer-overhead></supervision-watchdog-reset></rpc>

nc DEBUG: SSH: ssh_packet_need_rekey: rekey: [data_rekey_needed=0, out_blocks=3180, in_blocks=6586]
nc DEBUG: SSH: packet_send2: packet: wrote [type=94, len=304, padding_size=8, comp=295, payload=295]
nc DEBUG: SSH: channel_write_common: ssh_channel_write wrote 286 bytes
nc DEBUG: SSH: ssh_socket_unbuffered_write: Enabling POLLOUT for socket
nc DEBUG: Sending message:

##


nc DEBUG: SSH: ssh_packet_need_rekey: rekey: [data_rekey_needed=0, out_blocks=3181, in_blocks=6551]
nc DEBUG: SSH: packet_send2: packet: wrote [type=94, len=24, padding_size=10, comp=13, payload=13]
nc DEBUG: SSH: channel_write_common: ssh_channel_write wrote 4 bytes
nc DEBUG: SSH: ssh_socket_unbuffered_write: Enabling POLLOUT for socket
nc DEBUG: SSH: ssh_packet_socket_callback: packet: read type 94 [len=24,padding=8,comp=15,payload=15]
nc DEBUG: SSH: ssh_packet_process: Dispatching handler for packet type 94
nc DEBUG: SSH: channel_rcv_data: Channel receiving 6 bytes data in 0 (local win=1232816 remote win=1255598)
nc DEBUG: SSH: channel_default_bufferize: placing 6 bytes into channel buffer (stdout)
nc DEBUG: SSH: channel_rcv_data: Channel windows are now (local win=1232810 remote win=1255598)
nc DEBUG: SSH: ssh_packet_socket_callback: Processing 220 bytes left in socket buffer
nc DEBUG: SSH: ssh_packet_socket_callback: packet: read type 94 [len=200,padding=11,comp=188,payload=188]
nc DEBUG: SSH: ssh_packet_process: Dispatching handler for packet type 94
nc DEBUG: SSH: channel_rcv_data: Channel receiving 179 bytes data in 0 (local win=1232810 remote win=1255598)
nc DEBUG: SSH: channel_default_bufferize: placing 179 bytes into channel buffer (stdout)
nc DEBUG: SSH: channel_rcv_data: Channel windows are now (local win=1232631 remote win=1255598)
nc DEBUG: SSH: ssh_packet_need_rekey: rekey: [data_rekey_needed=0, out_blocks=3181, in_blocks=6574]
nc DEBUG: SSH: ssh_packet_need_rekey: rekey: [data_rekey_needed=0, out_blocks=3181, in_blocks=6574]
nc DEBUG: SSH: ssh_channel_read_timeout: Read (2) buffered : 185 bytes. Window: 1232631
nc DEBUG: SSH: ssh_channel_read_timeout: Read (1) buffered : 183 bytes. Window: 1232631
nc DEBUG: SSH: ssh_channel_read_timeout: Read (1) buffered : 182 bytes. Window: 1232631
nc DEBUG: SSH: ssh_channel_read_timeout: Read (1) buffered : 181 bytes. Window: 1232631
nc DEBUG: SSH: ssh_channel_read_timeout: Read (1) buffered : 180 bytes. Window: 1232631
nc DEBUG: SSH: ssh_channel_read_timeout: Read (179) buffered : 179 bytes. Window: 1232631
nc DEBUG: SSH: ssh_channel_read_timeout: Read (2) buffered : 0 bytes. Window: 1232631
nc DEBUG: SSH: ssh_packet_socket_callback: packet: read type 94 [len=24,padding=10,comp=13,payload=13]
nc DEBUG: SSH: ssh_packet_process: Dispatching handler for packet type 94
nc DEBUG: SSH: channel_rcv_data: Channel receiving 4 bytes data in 0 (local win=1232631 remote win=1255598)
nc DEBUG: SSH: channel_default_bufferize: placing 4 bytes into channel buffer (stdout)
nc DEBUG: SSH: channel_rcv_data: Channel windows are now (local win=1232627 remote win=1255598)
nc DEBUG: SSH: ssh_packet_need_rekey: rekey: [data_rekey_needed=0, out_blocks=3181, in_blocks=6575]
nc DEBUG: SSH: ssh_channel_read_timeout: Read (1) buffered : 2 bytes. Window: 1232627
nc DEBUG: SSH: ssh_channel_read_timeout: Read (1) buffered : 1 bytes. Window: 1232627
nc DEBUG: Received message:
<rpc-reply xmlns="urn:ietf:params:xml:ns:netconf:base:1.0" message-id="83"><next-update-at xmlns="urn:o-ran:supervision:1.0">2026-04-14T11:12:33+00:00</next-update-at></rpc-reply>

DATA
<next-update-at xmlns="urn:o-ran:supervision:1.0">2026-04-14T20:12:33+09:00</next-update-at>

nc DEBUG: Received message:
<notification xmlns="urn:ietf:params:xml:ns:netconf:notification:1.0"><eventTime>2026-04-14T11:12:33Z</eventTime><supervision-notification xmlns="urn:o-ran:supervision:1.0"/></notification>

notification (2026-04-14T11:12:33Z)
<supervision-notification xmlns="urn:o-ran:supervision:1.0"/>

Client SENT :  user-rpc --content /mplane_automation/conformance_test/watchdog.xml
nc DEBUG: Sending message:

#286


nc DEBUG: SSH: ssh_packet_need_rekey: rekey: [data_rekey_needed=0, out_blocks=3182, in_blocks=6602]
nc DEBUG: SSH: ssh_socket_unbuffered_write: Enabling POLLOUT for socket
nc DEBUG: SSH: packet_send2: packet: wrote [type=94, len=24, padding_size=8, comp=15, payload=15]
nc DEBUG: SSH: channel_write_common: ssh_channel_write wrote 6 bytes
nc DEBUG: Sending message:
<rpc xmlns="urn:ietf:params:xml:ns:netconf:base:1.0" message-id="84"><supervision-watchdog-reset xmlns="urn:o-ran:supervision:1.0"><supervision-notification-interval>10</supervision-notification-interval><guard-timer-overhead>10</guard-timer-overhead></supervision-watchdog-reset></rpc>

nc DEBUG: SSH: ssh_packet_need_rekey: rekey: [data_rekey_needed=0, out_blocks=3218, in_blocks=6637]
nc DEBUG: SSH: packet_send2: packet: wrote [type=94, len=304, padding_size=8, comp=295, payload=295]
nc DEBUG: SSH: channel_write_common: ssh_channel_write wrote 286 bytes
nc DEBUG: SSH: ssh_socket_unbuffered_write: Enabling POLLOUT for socket
nc DEBUG: Sending message:

##


nc DEBUG: SSH: ssh_packet_need_rekey: rekey: [data_rekey_needed=0, out_blocks=3219, in_blocks=6602]
nc DEBUG: SSH: packet_send2: packet: wrote [type=94, len=24, padding_size=10, comp=13, payload=13]
nc DEBUG: SSH: channel_write_common: ssh_channel_write wrote 4 bytes
nc DEBUG: SSH: ssh_socket_unbuffered_write: Enabling POLLOUT for socket
nc DEBUG: SSH: ssh_packet_socket_callback: packet: read type 94 [len=24,padding=8,comp=15,payload=15]
nc DEBUG: SSH: ssh_packet_process: Dispatching handler for packet type 94
nc DEBUG: SSH: channel_rcv_data: Channel receiving 6 bytes data in 0 (local win=1232428 remote win=1255302)
nc DEBUG: SSH: channel_default_bufferize: placing 6 bytes into channel buffer (stdout)
nc DEBUG: SSH: channel_rcv_data: Channel windows are now (local win=1232422 remote win=1255302)
nc DEBUG: SSH: ssh_packet_socket_callback: Processing 220 bytes left in socket buffer
nc DEBUG: SSH: ssh_packet_socket_callback: packet: read type 94 [len=200,padding=11,comp=188,payload=188]
nc DEBUG: SSH: ssh_packet_process: Dispatching handler for packet type 94
nc DEBUG: SSH: channel_rcv_data: Channel receiving 179 bytes data in 0 (local win=1232422 remote win=1255302)
nc DEBUG: SSH: channel_default_bufferize: placing 179 bytes into channel buffer (stdout)
nc DEBUG: SSH: channel_rcv_data: Channel windows are now (local win=1232243 remote win=1255302)
nc DEBUG: SSH: ssh_packet_need_rekey: rekey: [data_rekey_needed=0, out_blocks=3219, in_blocks=6625]
nc DEBUG: SSH: ssh_packet_need_rekey: rekey: [data_rekey_needed=0, out_blocks=3219, in_blocks=6625]
nc DEBUG: SSH: ssh_channel_read_timeout: Read (2) buffered : 185 bytes. Window: 1232243
nc DEBUG: SSH: ssh_channel_read_timeout: Read (1) buffered : 183 bytes. Window: 1232243
nc DEBUG: SSH: ssh_channel_read_timeout: Read (1) buffered : 182 bytes. Window: 1232243
nc DEBUG: SSH: ssh_channel_read_timeout: Read (1) buffered : 181 bytes. Window: 1232243
nc DEBUG: SSH: ssh_channel_read_timeout: Read (1) buffered : 180 bytes. Window: 1232243
nc DEBUG: SSH: ssh_channel_read_timeout: Read (179) buffered : 179 bytes. Window: 1232243
nc DEBUG: SSH: ssh_channel_read_timeout: Read (2) buffered : 0 bytes. Window: 1232243
nc DEBUG: SSH: ssh_packet_socket_callback: packet: read type 94 [len=24,padding=10,comp=13,payload=13]
nc DEBUG: SSH: ssh_packet_process: Dispatching handler for packet type 94
nc DEBUG: SSH: channel_rcv_data: Channel receiving 4 bytes data in 0 (local win=1232243 remote win=1255302)
nc DEBUG: SSH: channel_default_bufferize: placing 4 bytes into channel buffer (stdout)
nc DEBUG: SSH: channel_rcv_data: Channel windows are now (local win=1232239 remote win=1255302)
nc DEBUG: SSH: ssh_packet_need_rekey: rekey: [data_rekey_needed=0, out_blocks=3219, in_blocks=6626]
nc DEBUG: SSH: ssh_channel_read_timeout: Read (1) buffered : 2 bytes. Window: 1232239
nc DEBUG: SSH: ssh_channel_read_timeout: Read (1) buffered : 1 bytes. Window: 1232239
nc DEBUG: Received message:
<rpc-reply xmlns="urn:ietf:params:xml:ns:netconf:base:1.0" message-id="84"><next-update-at xmlns="urn:o-ran:supervision:1.0">2026-04-14T11:12:43+00:00</next-update-at></rpc-reply>

DATA
<next-update-at xmlns="urn:o-ran:supervision:1.0">2026-04-14T20:12:43+09:00</next-update-at>

nc DEBUG: Received message:
<notification xmlns="urn:ietf:params:xml:ns:netconf:notification:1.0"><eventTime>2026-04-14T11:12:43Z</eventTime><supervision-notification xmlns="urn:o-ran:supervision:1.0"/></notification>

notification (2026-04-14T11:12:43Z)
<supervision-notification xmlns="urn:o-ran:supervision:1.0"/>

Client SENT :  user-rpc --content /mplane_automation/conformance_test/watchdog.xml
nc DEBUG: Sending message:

#286


nc DEBUG: SSH: ssh_packet_need_rekey: rekey: [data_rekey_needed=0, out_blocks=3220, in_blocks=6653]
nc DEBUG: SSH: ssh_socket_unbuffered_write: Enabling POLLOUT for socket
nc DEBUG: SSH: packet_send2: packet: wrote [type=94, len=24, padding_size=8, comp=15, payload=15]
nc DEBUG: SSH: channel_write_common: ssh_channel_write wrote 6 bytes
nc DEBUG: Sending message:
<rpc xmlns="urn:ietf:params:xml:ns:netconf:base:1.0" message-id="85"><supervision-watchdog-reset xmlns="urn:o-ran:supervision:1.0"><supervision-notification-interval>10</supervision-notification-interval><guard-timer-overhead>10</guard-timer-overhead></supervision-watchdog-reset></rpc>

nc DEBUG: SSH: ssh_packet_need_rekey: rekey: [data_rekey_needed=0, out_blocks=3256, in_blocks=6688]
nc DEBUG: SSH: packet_send2: packet: wrote [type=94, len=304, padding_size=8, comp=295, payload=295]
nc DEBUG: SSH: channel_write_common: ssh_channel_write wrote 286 bytes
nc DEBUG: SSH: ssh_socket_unbuffered_write: Enabling POLLOUT for socket
nc DEBUG: Sending message:

##


nc DEBUG: SSH: ssh_packet_need_rekey: rekey: [data_rekey_needed=0, out_blocks=3257, in_blocks=6653]
nc DEBUG: SSH: packet_send2: packet: wrote [type=94, len=24, padding_size=10, comp=13, payload=13]
nc DEBUG: SSH: channel_write_common: ssh_channel_write wrote 4 bytes
nc DEBUG: SSH: ssh_socket_unbuffered_write: Enabling POLLOUT for socket
nc DEBUG: SSH: ssh_packet_socket_callback: packet: read type 94 [len=24,padding=8,comp=15,payload=15]
nc DEBUG: SSH: ssh_packet_process: Dispatching handler for packet type 94
nc DEBUG: SSH: channel_rcv_data: Channel receiving 6 bytes data in 0 (local win=1232040 remote win=1255006)
nc DEBUG: SSH: channel_default_bufferize: placing 6 bytes into channel buffer (stdout)
nc DEBUG: SSH: channel_rcv_data: Channel windows are now (local win=1232034 remote win=1255006)
nc DEBUG: SSH: ssh_packet_socket_callback: Processing 220 bytes left in socket buffer
nc DEBUG: SSH: ssh_packet_socket_callback: packet: read type 94 [len=200,padding=11,comp=188,payload=188]
nc DEBUG: SSH: ssh_packet_process: Dispatching handler for packet type 94
nc DEBUG: SSH: channel_rcv_data: Channel receiving 179 bytes data in 0 (local win=1232034 remote win=1255006)
nc DEBUG: SSH: channel_default_bufferize: placing 179 bytes into channel buffer (stdout)
nc DEBUG: SSH: channel_rcv_data: Channel windows are now (local win=1231855 remote win=1255006)
nc DEBUG: SSH: ssh_packet_need_rekey: rekey: [data_rekey_needed=0, out_blocks=3257, in_blocks=6676]
nc DEBUG: SSH: ssh_packet_need_rekey: rekey: [data_rekey_needed=0, out_blocks=3257, in_blocks=6676]
nc DEBUG: SSH: ssh_channel_read_timeout: Read (2) buffered : 185 bytes. Window: 1231855
nc DEBUG: SSH: ssh_channel_read_timeout: Read (1) buffered : 183 bytes. Window: 1231855
nc DEBUG: SSH: ssh_channel_read_timeout: Read (1) buffered : 182 bytes. Window: 1231855
nc DEBUG: SSH: ssh_channel_read_timeout: Read (1) buffered : 181 bytes. Window: 1231855
nc DEBUG: SSH: ssh_channel_read_timeout: Read (1) buffered : 180 bytes. Window: 1231855
nc DEBUG: SSH: ssh_channel_read_timeout: Read (179) buffered : 179 bytes. Window: 1231855
nc DEBUG: SSH: ssh_channel_read_timeout: Read (2) buffered : 0 bytes. Window: 1231855
nc DEBUG: SSH: ssh_packet_socket_callback: packet: read type 94 [len=24,padding=10,comp=13,payload=13]
nc DEBUG: SSH: ssh_packet_process: Dispatching handler for packet type 94
nc DEBUG: SSH: channel_rcv_data: Channel receiving 4 bytes data in 0 (local win=1231855 remote win=1255006)
nc DEBUG: SSH: channel_default_bufferize: placing 4 bytes into channel buffer (stdout)
nc DEBUG: SSH: channel_rcv_data: Channel windows are now (local win=1231851 remote win=1255006)
nc DEBUG: SSH: ssh_packet_need_rekey: rekey: [data_rekey_needed=0, out_blocks=3257, in_blocks=6677]
nc DEBUG: SSH: ssh_channel_read_timeout: Read (1) buffered : 2 bytes. Window: 1231851
nc DEBUG: SSH: ssh_channel_read_timeout: Read (1) buffered : 1 bytes. Window: 1231851
nc DEBUG: Received message:
<rpc-reply xmlns="urn:ietf:params:xml:ns:netconf:base:1.0" message-id="85"><next-update-at xmlns="urn:o-ran:supervision:1.0">2026-04-14T11:12:53+00:00</next-update-at></rpc-reply>

DATA
<next-update-at xmlns="urn:o-ran:supervision:1.0">2026-04-14T20:12:53+09:00</next-update-at>

nc DEBUG: Received message:
<notification xmlns="urn:ietf:params:xml:ns:netconf:notification:1.0"><eventTime>2026-04-14T11:12:53Z</eventTime><supervision-notification xmlns="urn:o-ran:supervision:1.0"/></notification>

notification (2026-04-14T11:12:53Z)
<supervision-notification xmlns="urn:o-ran:supervision:1.0"/>

Client SENT :  user-rpc --content /mplane_automation/conformance_test/watchdog.xml
nc DEBUG: Sending message:

#286


nc DEBUG: SSH: ssh_packet_need_rekey: rekey: [data_rekey_needed=0, out_blocks=3258, in_blocks=6704]
nc DEBUG: SSH: ssh_socket_unbuffered_write: Enabling POLLOUT for socket
nc DEBUG: SSH: packet_send2: packet: wrote [type=94, len=24, padding_size=8, comp=15, payload=15]
nc DEBUG: SSH: channel_write_common: ssh_channel_write wrote 6 bytes
nc DEBUG: Sending message:
<rpc xmlns="urn:ietf:params:xml:ns:netconf:base:1.0" message-id="86"><supervision-watchdog-reset xmlns="urn:o-ran:supervision:1.0"><supervision-notification-interval>10</supervision-notification-interval><guard-timer-overhead>10</guard-timer-overhead></supervision-watchdog-reset></rpc>

nc DEBUG: SSH: ssh_packet_need_rekey: rekey: [data_rekey_needed=0, out_blocks=3294, in_blocks=6739]
nc DEBUG: SSH: packet_send2: packet: wrote [type=94, len=304, padding_size=8, comp=295, payload=295]
nc DEBUG: SSH: channel_write_common: ssh_channel_write wrote 286 bytes
nc DEBUG: SSH: ssh_socket_unbuffered_write: Enabling POLLOUT for socket
nc DEBUG: Sending message:

##


nc DEBUG: SSH: ssh_packet_need_rekey: rekey: [data_rekey_needed=0, out_blocks=3295, in_blocks=6704]
nc DEBUG: SSH: packet_send2: packet: wrote [type=94, len=24, padding_size=10, comp=13, payload=13]
nc DEBUG: SSH: channel_write_common: ssh_channel_write wrote 4 bytes
nc DEBUG: SSH: ssh_socket_unbuffered_write: Enabling POLLOUT for socket
nc DEBUG: SSH: ssh_packet_socket_callback: packet: read type 94 [len=24,padding=8,comp=15,payload=15]
nc DEBUG: SSH: ssh_packet_process: Dispatching handler for packet type 94
nc DEBUG: SSH: channel_rcv_data: Channel receiving 6 bytes data in 0 (local win=1231652 remote win=1254710)
nc DEBUG: SSH: channel_default_bufferize: placing 6 bytes into channel buffer (stdout)
nc DEBUG: SSH: channel_rcv_data: Channel windows are now (local win=1231646 remote win=1254710)
nc DEBUG: SSH: ssh_packet_socket_callback: Processing 220 bytes left in socket buffer
nc DEBUG: SSH: ssh_packet_socket_callback: packet: read type 94 [len=200,padding=11,comp=188,payload=188]
nc DEBUG: SSH: ssh_packet_process: Dispatching handler for packet type 94
nc DEBUG: SSH: channel_rcv_data: Channel receiving 179 bytes data in 0 (local win=1231646 remote win=1254710)
nc DEBUG: SSH: channel_default_bufferize: placing 179 bytes into channel buffer (stdout)
nc DEBUG: SSH: channel_rcv_data: Channel windows are now (local win=1231467 remote win=1254710)
nc DEBUG: SSH: ssh_packet_need_rekey: rekey: [data_rekey_needed=0, out_blocks=3295, in_blocks=6727]
nc DEBUG: SSH: ssh_packet_need_rekey: rekey: [data_rekey_needed=0, out_blocks=3295, in_blocks=6727]
nc DEBUG: SSH: ssh_channel_read_timeout: Read (2) buffered : 185 bytes. Window: 1231467
nc DEBUG: SSH: ssh_channel_read_timeout: Read (1) buffered : 183 bytes. Window: 1231467
nc DEBUG: SSH: ssh_channel_read_timeout: Read (1) buffered : 182 bytes. Window: 1231467
nc DEBUG: SSH: ssh_channel_read_timeout: Read (1) buffered : 181 bytes. Window: 1231467
nc DEBUG: SSH: ssh_channel_read_timeout: Read (1) buffered : 180 bytes. Window: 1231467
nc DEBUG: SSH: ssh_channel_read_timeout: Read (179) buffered : 179 bytes. Window: 1231467
nc DEBUG: SSH: ssh_channel_read_timeout: Read (2) buffered : 0 bytes. Window: 1231467
nc DEBUG: SSH: ssh_packet_socket_callback: packet: read type 94 [len=24,padding=10,comp=13,payload=13]
nc DEBUG: SSH: ssh_packet_process: Dispatching handler for packet type 94
nc DEBUG: SSH: channel_rcv_data: Channel receiving 4 bytes data in 0 (local win=1231467 remote win=1254710)
nc DEBUG: SSH: channel_default_bufferize: placing 4 bytes into channel buffer (stdout)
nc DEBUG: SSH: channel_rcv_data: Channel windows are now (local win=1231463 remote win=1254710)
nc DEBUG: SSH: ssh_packet_need_rekey: rekey: [data_rekey_needed=0, out_blocks=3295, in_blocks=6728]
nc DEBUG: SSH: ssh_channel_read_timeout: Read (1) buffered : 2 bytes. Window: 1231463
nc DEBUG: SSH: ssh_channel_read_timeout: Read (1) buffered : 1 bytes. Window: 1231463
nc DEBUG: Received message:
<rpc-reply xmlns="urn:ietf:params:xml:ns:netconf:base:1.0" message-id="86"><next-update-at xmlns="urn:o-ran:supervision:1.0">2026-04-14T11:13:03+00:00</next-update-at></rpc-reply>

DATA
<next-update-at xmlns="urn:o-ran:supervision:1.0">2026-04-14T20:13:03+09:00</next-update-at>

nc DEBUG: Received message:
<notification xmlns="urn:ietf:params:xml:ns:netconf:notification:1.0"><eventTime>2026-04-14T11:13:03Z</eventTime><supervision-notification xmlns="urn:o-ran:supervision:1.0"/></notification>

notification (2026-04-14T11:13:03Z)
<supervision-notification xmlns="urn:o-ran:supervision:1.0"/>

Client SENT :  user-rpc --content /mplane_automation/conformance_test/watchdog.xml
nc DEBUG: Sending message:

#286


nc DEBUG: SSH: ssh_packet_need_rekey: rekey: [data_rekey_needed=0, out_blocks=3296, in_blocks=6755]
nc DEBUG: SSH: ssh_socket_unbuffered_write: Enabling POLLOUT for socket
nc DEBUG: SSH: packet_send2: packet: wrote [type=94, len=24, padding_size=8, comp=15, payload=15]
nc DEBUG: SSH: channel_write_common: ssh_channel_write wrote 6 bytes
nc DEBUG: Sending message:
<rpc xmlns="urn:ietf:params:xml:ns:netconf:base:1.0" message-id="87"><supervision-watchdog-reset xmlns="urn:o-ran:supervision:1.0"><supervision-notification-interval>10</supervision-notification-interval><guard-timer-overhead>10</guard-timer-overhead></supervision-watchdog-reset></rpc>

nc DEBUG: SSH: ssh_packet_need_rekey: rekey: [data_rekey_needed=0, out_blocks=3332, in_blocks=6790]
nc DEBUG: SSH: packet_send2: packet: wrote [type=94, len=304, padding_size=8, comp=295, payload=295]
nc DEBUG: SSH: channel_write_common: ssh_channel_write wrote 286 bytes
nc DEBUG: SSH: ssh_socket_unbuffered_write: Enabling POLLOUT for socket
nc DEBUG: Sending message:

##


nc DEBUG: SSH: ssh_packet_need_rekey: rekey: [data_rekey_needed=0, out_blocks=3333, in_blocks=6755]
nc DEBUG: SSH: packet_send2: packet: wrote [type=94, len=24, padding_size=10, comp=13, payload=13]
nc DEBUG: SSH: channel_write_common: ssh_channel_write wrote 4 bytes
nc DEBUG: SSH: ssh_socket_unbuffered_write: Enabling POLLOUT for socket
nc DEBUG: SSH: ssh_packet_socket_callback: packet: read type 94 [len=24,padding=8,comp=15,payload=15]
nc DEBUG: SSH: ssh_packet_process: Dispatching handler for packet type 94
nc DEBUG: SSH: channel_rcv_data: Channel receiving 6 bytes data in 0 (local win=1231264 remote win=1254414)
nc DEBUG: SSH: channel_default_bufferize: placing 6 bytes into channel buffer (stdout)
nc DEBUG: SSH: channel_rcv_data: Channel windows are now (local win=1231258 remote win=1254414)
nc DEBUG: SSH: ssh_packet_socket_callback: Processing 220 bytes left in socket buffer
nc DEBUG: SSH: ssh_packet_socket_callback: packet: read type 94 [len=200,padding=11,comp=188,payload=188]
nc DEBUG: SSH: ssh_packet_process: Dispatching handler for packet type 94
nc DEBUG: SSH: channel_rcv_data: Channel receiving 179 bytes data in 0 (local win=1231258 remote win=1254414)
nc DEBUG: SSH: channel_default_bufferize: placing 179 bytes into channel buffer (stdout)
nc DEBUG: SSH: channel_rcv_data: Channel windows are now (local win=1231079 remote win=1254414)
nc DEBUG: SSH: ssh_packet_need_rekey: rekey: [data_rekey_needed=0, out_blocks=3333, in_blocks=6778]
nc DEBUG: SSH: ssh_packet_need_rekey: rekey: [data_rekey_needed=0, out_blocks=3333, in_blocks=6778]
nc DEBUG: SSH: ssh_channel_read_timeout: Read (2) buffered : 185 bytes. Window: 1231079
nc DEBUG: SSH: ssh_channel_read_timeout: Read (1) buffered : 183 bytes. Window: 1231079
nc DEBUG: SSH: ssh_channel_read_timeout: Read (1) buffered : 182 bytes. Window: 1231079
nc DEBUG: SSH: ssh_channel_read_timeout: Read (1) buffered : 181 bytes. Window: 1231079
nc DEBUG: SSH: ssh_channel_read_timeout: Read (1) buffered : 180 bytes. Window: 1231079
nc DEBUG: SSH: ssh_channel_read_timeout: Read (179) buffered : 179 bytes. Window: 1231079
nc DEBUG: SSH: ssh_channel_read_timeout: Read (2) buffered : 0 bytes. Window: 1231079
nc DEBUG: SSH: ssh_packet_socket_callback: packet: read type 94 [len=24,padding=10,comp=13,payload=13]
nc DEBUG: SSH: ssh_packet_process: Dispatching handler for packet type 94
nc DEBUG: SSH: channel_rcv_data: Channel receiving 4 bytes data in 0 (local win=1231079 remote win=1254414)
nc DEBUG: SSH: channel_default_bufferize: placing 4 bytes into channel buffer (stdout)
nc DEBUG: SSH: channel_rcv_data: Channel windows are now (local win=1231075 remote win=1254414)
nc DEBUG: SSH: ssh_packet_need_rekey: rekey: [data_rekey_needed=0, out_blocks=3333, in_blocks=6779]
nc DEBUG: SSH: ssh_channel_read_timeout: Read (1) buffered : 2 bytes. Window: 1231075
nc DEBUG: SSH: ssh_channel_read_timeout: Read (1) buffered : 1 bytes. Window: 1231075
nc DEBUG: Received message:
<rpc-reply xmlns="urn:ietf:params:xml:ns:netconf:base:1.0" message-id="87"><next-update-at xmlns="urn:o-ran:supervision:1.0">2026-04-14T11:13:13+00:00</next-update-at></rpc-reply>

DATA
<next-update-at xmlns="urn:o-ran:supervision:1.0">2026-04-14T20:13:13+09:00</next-update-at>

nc DEBUG: Received message:
<notification xmlns="urn:ietf:params:xml:ns:netconf:notification:1.0"><eventTime>2026-04-14T11:13:13Z</eventTime><supervision-notification xmlns="urn:o-ran:supervision:1.0"/></notification>

notification (2026-04-14T11:13:13Z)
<supervision-notification xmlns="urn:o-ran:supervision:1.0"/>

Client SENT :  user-rpc --content /mplane_automation/conformance_test/watchdog.xml
nc DEBUG: Sending message:

#286


nc DEBUG: SSH: ssh_packet_need_rekey: rekey: [data_rekey_needed=0, out_blocks=3334, in_blocks=6806]
nc DEBUG: SSH: ssh_socket_unbuffered_write: Enabling POLLOUT for socket
nc DEBUG: SSH: packet_send2: packet: wrote [type=94, len=24, padding_size=8, comp=15, payload=15]
nc DEBUG: SSH: channel_write_common: ssh_channel_write wrote 6 bytes
nc DEBUG: Sending message:
<rpc xmlns="urn:ietf:params:xml:ns:netconf:base:1.0" message-id="88"><supervision-watchdog-reset xmlns="urn:o-ran:supervision:1.0"><supervision-notification-interval>10</supervision-notification-interval><guard-timer-overhead>10</guard-timer-overhead></supervision-watchdog-reset></rpc>

nc DEBUG: SSH: ssh_packet_need_rekey: rekey: [data_rekey_needed=0, out_blocks=3370, in_blocks=6841]
nc DEBUG: SSH: packet_send2: packet: wrote [type=94, len=304, padding_size=8, comp=295, payload=295]
nc DEBUG: SSH: channel_write_common: ssh_channel_write wrote 286 bytes
nc DEBUG: SSH: ssh_socket_unbuffered_write: Enabling POLLOUT for socket
nc DEBUG: Sending message:

##


nc DEBUG: SSH: ssh_packet_need_rekey: rekey: [data_rekey_needed=0, out_blocks=3371, in_blocks=6806]
nc DEBUG: SSH: packet_send2: packet: wrote [type=94, len=24, padding_size=10, comp=13, payload=13]
nc DEBUG: SSH: channel_write_common: ssh_channel_write wrote 4 bytes
nc DEBUG: SSH: ssh_socket_unbuffered_write: Enabling POLLOUT for socket
nc DEBUG: SSH: ssh_packet_socket_callback: packet: read type 94 [len=24,padding=8,comp=15,payload=15]
nc DEBUG: SSH: ssh_packet_process: Dispatching handler for packet type 94
nc DEBUG: SSH: channel_rcv_data: Channel receiving 6 bytes data in 0 (local win=1230876 remote win=1254118)
nc DEBUG: SSH: channel_default_bufferize: placing 6 bytes into channel buffer (stdout)
nc DEBUG: SSH: channel_rcv_data: Channel windows are now (local win=1230870 remote win=1254118)
nc DEBUG: SSH: ssh_packet_socket_callback: Processing 220 bytes left in socket buffer
nc DEBUG: SSH: ssh_packet_socket_callback: packet: read type 94 [len=200,padding=11,comp=188,payload=188]
nc DEBUG: SSH: ssh_packet_process: Dispatching handler for packet type 94
nc DEBUG: SSH: channel_rcv_data: Channel receiving 179 bytes data in 0 (local win=1230870 remote win=1254118)
nc DEBUG: SSH: channel_default_bufferize: placing 179 bytes into channel buffer (stdout)
nc DEBUG: SSH: channel_rcv_data: Channel windows are now (local win=1230691 remote win=1254118)
nc DEBUG: SSH: ssh_packet_need_rekey: rekey: [data_rekey_needed=0, out_blocks=3371, in_blocks=6829]
nc DEBUG: SSH: ssh_packet_need_rekey: rekey: [data_rekey_needed=0, out_blocks=3371, in_blocks=6829]
nc DEBUG: SSH: ssh_channel_read_timeout: Read (2) buffered : 185 bytes. Window: 1230691
nc DEBUG: SSH: ssh_channel_read_timeout: Read (1) buffered : 183 bytes. Window: 1230691
nc DEBUG: SSH: ssh_channel_read_timeout: Read (1) buffered : 182 bytes. Window: 1230691
nc DEBUG: SSH: ssh_channel_read_timeout: Read (1) buffered : 181 bytes. Window: 1230691
nc DEBUG: SSH: ssh_channel_read_timeout: Read (1) buffered : 180 bytes. Window: 1230691
nc DEBUG: SSH: ssh_channel_read_timeout: Read (179) buffered : 179 bytes. Window: 1230691
nc DEBUG: SSH: ssh_channel_read_timeout: Read (2) buffered : 0 bytes. Window: 1230691
nc DEBUG: SSH: ssh_packet_socket_callback: packet: read type 94 [len=24,padding=10,comp=13,payload=13]
nc DEBUG: SSH: ssh_packet_process: Dispatching handler for packet type 94
nc DEBUG: SSH: channel_rcv_data: Channel receiving 4 bytes data in 0 (local win=1230691 remote win=1254118)
nc DEBUG: SSH: channel_default_bufferize: placing 4 bytes into channel buffer (stdout)
nc DEBUG: SSH: channel_rcv_data: Channel windows are now (local win=1230687 remote win=1254118)
nc DEBUG: SSH: ssh_packet_need_rekey: rekey: [data_rekey_needed=0, out_blocks=3371, in_blocks=6830]
nc DEBUG: SSH: ssh_channel_read_timeout: Read (1) buffered : 2 bytes. Window: 1230687
nc DEBUG: SSH: ssh_channel_read_timeout: Read (1) buffered : 1 bytes. Window: 1230687
nc DEBUG: Received message:
<rpc-reply xmlns="urn:ietf:params:xml:ns:netconf:base:1.0" message-id="88"><next-update-at xmlns="urn:o-ran:supervision:1.0">2026-04-14T11:13:23+00:00</next-update-at></rpc-reply>

DATA
<next-update-at xmlns="urn:o-ran:supervision:1.0">2026-04-14T20:13:23+09:00</next-update-at>

nc DEBUG: Received message:
<notification xmlns="urn:ietf:params:xml:ns:netconf:notification:1.0"><eventTime>2026-04-14T11:13:23Z</eventTime><supervision-notification xmlns="urn:o-ran:supervision:1.0"/></notification>

notification (2026-04-14T11:13:23Z)
<supervision-notification xmlns="urn:o-ran:supervision:1.0"/>

Client SENT :  user-rpc --content /mplane_automation/conformance_test/watchdog.xml
nc DEBUG: Sending message:

#286


nc DEBUG: SSH: ssh_packet_need_rekey: rekey: [data_rekey_needed=0, out_blocks=3372, in_blocks=6857]
nc DEBUG: SSH: ssh_socket_unbuffered_write: Enabling POLLOUT for socket
nc DEBUG: SSH: packet_send2: packet: wrote [type=94, len=24, padding_size=8, comp=15, payload=15]
nc DEBUG: SSH: channel_write_common: ssh_channel_write wrote 6 bytes
nc DEBUG: Sending message:
<rpc xmlns="urn:ietf:params:xml:ns:netconf:base:1.0" message-id="89"><supervision-watchdog-reset xmlns="urn:o-ran:supervision:1.0"><supervision-notification-interval>10</supervision-notification-interval><guard-timer-overhead>10</guard-timer-overhead></supervision-watchdog-reset></rpc>

nc DEBUG: SSH: ssh_packet_need_rekey: rekey: [data_rekey_needed=0, out_blocks=3408, in_blocks=6892]
nc DEBUG: SSH: packet_send2: packet: wrote [type=94, len=304, padding_size=8, comp=295, payload=295]
nc DEBUG: SSH: channel_write_common: ssh_channel_write wrote 286 bytes
nc DEBUG: SSH: ssh_socket_unbuffered_write: Enabling POLLOUT for socket
nc DEBUG: Sending message:

##


nc DEBUG: SSH: ssh_packet_need_rekey: rekey: [data_rekey_needed=0, out_blocks=3409, in_blocks=6857]
nc DEBUG: SSH: packet_send2: packet: wrote [type=94, len=24, padding_size=10, comp=13, payload=13]
nc DEBUG: SSH: channel_write_common: ssh_channel_write wrote 4 bytes
nc DEBUG: SSH: ssh_socket_unbuffered_write: Enabling POLLOUT for socket
nc DEBUG: SSH: ssh_packet_socket_callback: packet: read type 94 [len=24,padding=8,comp=15,payload=15]
nc DEBUG: SSH: ssh_packet_process: Dispatching handler for packet type 94
nc DEBUG: SSH: channel_rcv_data: Channel receiving 6 bytes data in 0 (local win=1230488 remote win=1253822)
nc DEBUG: SSH: channel_default_bufferize: placing 6 bytes into channel buffer (stdout)
nc DEBUG: SSH: channel_rcv_data: Channel windows are now (local win=1230482 remote win=1253822)
nc DEBUG: SSH: ssh_packet_socket_callback: Processing 220 bytes left in socket buffer
nc DEBUG: SSH: ssh_packet_socket_callback: packet: read type 94 [len=200,padding=11,comp=188,payload=188]
nc DEBUG: SSH: ssh_packet_process: Dispatching handler for packet type 94
nc DEBUG: SSH: channel_rcv_data: Channel receiving 179 bytes data in 0 (local win=1230482 remote win=1253822)
nc DEBUG: SSH: channel_default_bufferize: placing 179 bytes into channel buffer (stdout)
nc DEBUG: SSH: channel_rcv_data: Channel windows are now (local win=1230303 remote win=1253822)
nc DEBUG: SSH: ssh_packet_need_rekey: rekey: [data_rekey_needed=0, out_blocks=3409, in_blocks=6880]
nc DEBUG: SSH: ssh_packet_need_rekey: rekey: [data_rekey_needed=0, out_blocks=3409, in_blocks=6880]
nc DEBUG: SSH: ssh_channel_read_timeout: Read (2) buffered : 185 bytes. Window: 1230303
nc DEBUG: SSH: ssh_channel_read_timeout: Read (1) buffered : 183 bytes. Window: 1230303
nc DEBUG: SSH: ssh_channel_read_timeout: Read (1) buffered : 182 bytes. Window: 1230303
nc DEBUG: SSH: ssh_channel_read_timeout: Read (1) buffered : 181 bytes. Window: 1230303
nc DEBUG: SSH: ssh_channel_read_timeout: Read (1) buffered : 180 bytes. Window: 1230303
nc DEBUG: SSH: ssh_channel_read_timeout: Read (179) buffered : 179 bytes. Window: 1230303
nc DEBUG: SSH: ssh_channel_read_timeout: Read (2) buffered : 0 bytes. Window: 1230303
nc DEBUG: SSH: ssh_packet_socket_callback: packet: read type 94 [len=24,padding=10,comp=13,payload=13]
nc DEBUG: SSH: ssh_packet_process: Dispatching handler for packet type 94
nc DEBUG: SSH: channel_rcv_data: Channel receiving 4 bytes data in 0 (local win=1230303 remote win=1253822)
nc DEBUG: SSH: channel_default_bufferize: placing 4 bytes into channel buffer (stdout)
nc DEBUG: SSH: channel_rcv_data: Channel windows are now (local win=1230299 remote win=1253822)
nc DEBUG: SSH: ssh_packet_need_rekey: rekey: [data_rekey_needed=0, out_blocks=3409, in_blocks=6881]
nc DEBUG: SSH: ssh_channel_read_timeout: Read (1) buffered : 2 bytes. Window: 1230299
nc DEBUG: SSH: ssh_channel_read_timeout: Read (1) buffered : 1 bytes. Window: 1230299
nc DEBUG: Received message:
<rpc-reply xmlns="urn:ietf:params:xml:ns:netconf:base:1.0" message-id="89"><next-update-at xmlns="urn:o-ran:supervision:1.0">2026-04-14T11:13:33+00:00</next-update-at></rpc-reply>

DATA
<next-update-at xmlns="urn:o-ran:supervision:1.0">2026-04-14T20:13:33+09:00</next-update-at>

nc DEBUG: Received message:
<notification xmlns="urn:ietf:params:xml:ns:netconf:notification:1.0"><eventTime>2026-04-14T11:13:33Z</eventTime><supervision-notification xmlns="urn:o-ran:supervision:1.0"/></notification>

notification (2026-04-14T11:13:33Z)
<supervision-notification xmlns="urn:o-ran:supervision:1.0"/>

Client SENT :  user-rpc --content /mplane_automation/conformance_test/watchdog.xml
nc DEBUG: Sending message:

#286


nc DEBUG: SSH: ssh_packet_need_rekey: rekey: [data_rekey_needed=0, out_blocks=3410, in_blocks=6908]
nc DEBUG: SSH: ssh_socket_unbuffered_write: Enabling POLLOUT for socket
nc DEBUG: SSH: packet_send2: packet: wrote [type=94, len=24, padding_size=8, comp=15, payload=15]
nc DEBUG: SSH: channel_write_common: ssh_channel_write wrote 6 bytes
nc DEBUG: Sending message:
<rpc xmlns="urn:ietf:params:xml:ns:netconf:base:1.0" message-id="90"><supervision-watchdog-reset xmlns="urn:o-ran:supervision:1.0"><supervision-notification-interval>10</supervision-notification-interval><guard-timer-overhead>10</guard-timer-overhead></supervision-watchdog-reset></rpc>

nc DEBUG: SSH: ssh_packet_need_rekey: rekey: [data_rekey_needed=0, out_blocks=3446, in_blocks=6943]
nc DEBUG: SSH: packet_send2: packet: wrote [type=94, len=304, padding_size=8, comp=295, payload=295]
nc DEBUG: SSH: channel_write_common: ssh_channel_write wrote 286 bytes
nc DEBUG: SSH: ssh_socket_unbuffered_write: Enabling POLLOUT for socket
nc DEBUG: Sending message:

##


nc DEBUG: SSH: ssh_packet_need_rekey: rekey: [data_rekey_needed=0, out_blocks=3447, in_blocks=6908]
nc DEBUG: SSH: packet_send2: packet: wrote [type=94, len=24, padding_size=10, comp=13, payload=13]
nc DEBUG: SSH: channel_write_common: ssh_channel_write wrote 4 bytes
nc DEBUG: SSH: ssh_socket_unbuffered_write: Enabling POLLOUT for socket
nc DEBUG: SSH: ssh_packet_socket_callback: packet: read type 94 [len=24,padding=8,comp=15,payload=15]
nc DEBUG: SSH: ssh_packet_process: Dispatching handler for packet type 94
nc DEBUG: SSH: channel_rcv_data: Channel receiving 6 bytes data in 0 (local win=1230100 remote win=1253526)
nc DEBUG: SSH: channel_default_bufferize: placing 6 bytes into channel buffer (stdout)
nc DEBUG: SSH: channel_rcv_data: Channel windows are now (local win=1230094 remote win=1253526)
nc DEBUG: SSH: ssh_packet_socket_callback: Processing 220 bytes left in socket buffer
nc DEBUG: SSH: ssh_packet_socket_callback: packet: read type 94 [len=200,padding=11,comp=188,payload=188]
nc DEBUG: SSH: ssh_packet_process: Dispatching handler for packet type 94
nc DEBUG: SSH: channel_rcv_data: Channel receiving 179 bytes data in 0 (local win=1230094 remote win=1253526)
nc DEBUG: SSH: channel_default_bufferize: placing 179 bytes into channel buffer (stdout)
nc DEBUG: SSH: channel_rcv_data: Channel windows are now (local win=1229915 remote win=1253526)
nc DEBUG: SSH: ssh_packet_need_rekey: rekey: [data_rekey_needed=0, out_blocks=3447, in_blocks=6931]
nc DEBUG: SSH: ssh_packet_need_rekey: rekey: [data_rekey_needed=0, out_blocks=3447, in_blocks=6931]
nc DEBUG: SSH: ssh_channel_read_timeout: Read (2) buffered : 185 bytes. Window: 1229915
nc DEBUG: SSH: ssh_channel_read_timeout: Read (1) buffered : 183 bytes. Window: 1229915
nc DEBUG: SSH: ssh_channel_read_timeout: Read (1) buffered : 182 bytes. Window: 1229915
nc DEBUG: SSH: ssh_channel_read_timeout: Read (1) buffered : 181 bytes. Window: 1229915
nc DEBUG: SSH: ssh_channel_read_timeout: Read (1) buffered : 180 bytes. Window: 1229915
nc DEBUG: SSH: ssh_channel_read_timeout: Read (179) buffered : 179 bytes. Window: 1229915
nc DEBUG: SSH: ssh_channel_read_timeout: Read (2) buffered : 0 bytes. Window: 1229915
nc DEBUG: SSH: ssh_packet_socket_callback: packet: read type 94 [len=24,padding=10,comp=13,payload=13]
nc DEBUG: SSH: ssh_packet_process: Dispatching handler for packet type 94
nc DEBUG: SSH: channel_rcv_data: Channel receiving 4 bytes data in 0 (local win=1229915 remote win=1253526)
nc DEBUG: SSH: channel_default_bufferize: placing 4 bytes into channel buffer (stdout)
nc DEBUG: SSH: channel_rcv_data: Channel windows are now (local win=1229911 remote win=1253526)
nc DEBUG: SSH: ssh_packet_need_rekey: rekey: [data_rekey_needed=0, out_blocks=3447, in_blocks=6932]
nc DEBUG: SSH: ssh_channel_read_timeout: Read (1) buffered : 2 bytes. Window: 1229911
nc DEBUG: SSH: ssh_channel_read_timeout: Read (1) buffered : 1 bytes. Window: 1229911
nc DEBUG: Received message:
<rpc-reply xmlns="urn:ietf:params:xml:ns:netconf:base:1.0" message-id="90"><next-update-at xmlns="urn:o-ran:supervision:1.0">2026-04-14T11:13:43+00:00</next-update-at></rpc-reply>

DATA
<next-update-at xmlns="urn:o-ran:supervision:1.0">2026-04-14T20:13:43+09:00</next-update-at>

nc DEBUG: Received message:
<notification xmlns="urn:ietf:params:xml:ns:netconf:notification:1.0"><eventTime>2026-04-14T11:13:43Z</eventTime><supervision-notification xmlns="urn:o-ran:supervision:1.0"/></notification>

notification (2026-04-14T11:13:43Z)
<supervision-notification xmlns="urn:o-ran:supervision:1.0"/>

Client SENT :  user-rpc --content /mplane_automation/conformance_test/watchdog.xml
nc DEBUG: Sending message:

#286


nc DEBUG: SSH: ssh_packet_need_rekey: rekey: [data_rekey_needed=0, out_blocks=3448, in_blocks=6959]
nc DEBUG: SSH: ssh_socket_unbuffered_write: Enabling POLLOUT for socket
nc DEBUG: SSH: packet_send2: packet: wrote [type=94, len=24, padding_size=8, comp=15, payload=15]
nc DEBUG: SSH: channel_write_common: ssh_channel_write wrote 6 bytes
nc DEBUG: Sending message:
<rpc xmlns="urn:ietf:params:xml:ns:netconf:base:1.0" message-id="91"><supervision-watchdog-reset xmlns="urn:o-ran:supervision:1.0"><supervision-notification-interval>10</supervision-notification-interval><guard-timer-overhead>10</guard-timer-overhead></supervision-watchdog-reset></rpc>

nc DEBUG: SSH: ssh_packet_need_rekey: rekey: [data_rekey_needed=0, out_blocks=3484, in_blocks=6994]
nc DEBUG: SSH: packet_send2: packet: wrote [type=94, len=304, padding_size=8, comp=295, payload=295]
nc DEBUG: SSH: channel_write_common: ssh_channel_write wrote 286 bytes
nc DEBUG: SSH: ssh_socket_unbuffered_write: Enabling POLLOUT for socket
nc DEBUG: Sending message:

##


nc DEBUG: SSH: ssh_packet_need_rekey: rekey: [data_rekey_needed=0, out_blocks=3485, in_blocks=6959]
nc DEBUG: SSH: packet_send2: packet: wrote [type=94, len=24, padding_size=10, comp=13, payload=13]
nc DEBUG: SSH: channel_write_common: ssh_channel_write wrote 4 bytes
nc DEBUG: SSH: ssh_socket_unbuffered_write: Enabling POLLOUT for socket
nc DEBUG: SSH: ssh_packet_socket_callback: packet: read type 94 [len=24,padding=8,comp=15,payload=15]
nc DEBUG: SSH: ssh_packet_process: Dispatching handler for packet type 94
nc DEBUG: SSH: channel_rcv_data: Channel receiving 6 bytes data in 0 (local win=1229712 remote win=1253230)
nc DEBUG: SSH: channel_default_bufferize: placing 6 bytes into channel buffer (stdout)
nc DEBUG: SSH: channel_rcv_data: Channel windows are now (local win=1229706 remote win=1253230)
nc DEBUG: SSH: ssh_packet_socket_callback: Processing 220 bytes left in socket buffer
nc DEBUG: SSH: ssh_packet_socket_callback: packet: read type 94 [len=200,padding=11,comp=188,payload=188]
nc DEBUG: SSH: ssh_packet_process: Dispatching handler for packet type 94
nc DEBUG: SSH: channel_rcv_data: Channel receiving 179 bytes data in 0 (local win=1229706 remote win=1253230)
nc DEBUG: SSH: channel_default_bufferize: placing 179 bytes into channel buffer (stdout)
nc DEBUG: SSH: channel_rcv_data: Channel windows are now (local win=1229527 remote win=1253230)
nc DEBUG: SSH: ssh_packet_need_rekey: rekey: [data_rekey_needed=0, out_blocks=3485, in_blocks=6982]
nc DEBUG: SSH: ssh_packet_need_rekey: rekey: [data_rekey_needed=0, out_blocks=3485, in_blocks=6982]
nc DEBUG: SSH: ssh_channel_read_timeout: Read (2) buffered : 185 bytes. Window: 1229527
nc DEBUG: SSH: ssh_channel_read_timeout: Read (1) buffered : 183 bytes. Window: 1229527
nc DEBUG: SSH: ssh_channel_read_timeout: Read (1) buffered : 182 bytes. Window: 1229527
nc DEBUG: SSH: ssh_channel_read_timeout: Read (1) buffered : 181 bytes. Window: 1229527
nc DEBUG: SSH: ssh_channel_read_timeout: Read (1) buffered : 180 bytes. Window: 1229527
nc DEBUG: SSH: ssh_channel_read_timeout: Read (179) buffered : 179 bytes. Window: 1229527
nc DEBUG: SSH: ssh_channel_read_timeout: Read (2) buffered : 0 bytes. Window: 1229527
nc DEBUG: SSH: ssh_packet_socket_callback: packet: read type 94 [len=24,padding=10,comp=13,payload=13]
nc DEBUG: SSH: ssh_packet_process: Dispatching handler for packet type 94
nc DEBUG: SSH: channel_rcv_data: Channel receiving 4 bytes data in 0 (local win=1229527 remote win=1253230)
nc DEBUG: SSH: channel_default_bufferize: placing 4 bytes into channel buffer (stdout)
nc DEBUG: SSH: channel_rcv_data: Channel windows are now (local win=1229523 remote win=1253230)
nc DEBUG: SSH: ssh_packet_need_rekey: rekey: [data_rekey_needed=0, out_blocks=3485, in_blocks=6983]
nc DEBUG: SSH: ssh_channel_read_timeout: Read (1) buffered : 2 bytes. Window: 1229523
nc DEBUG: SSH: ssh_channel_read_timeout: Read (1) buffered : 1 bytes. Window: 1229523
nc DEBUG: Received message:
<rpc-reply xmlns="urn:ietf:params:xml:ns:netconf:base:1.0" message-id="91"><next-update-at xmlns="urn:o-ran:supervision:1.0">2026-04-14T11:13:53+00:00</next-update-at></rpc-reply>

DATA
<next-update-at xmlns="urn:o-ran:supervision:1.0">2026-04-14T20:13:53+09:00</next-update-at>

nc DEBUG: Received message:
<notification xmlns="urn:ietf:params:xml:ns:netconf:notification:1.0"><eventTime>2026-04-14T11:13:53Z</eventTime><supervision-notification xmlns="urn:o-ran:supervision:1.0"/></notification>

notification (2026-04-14T11:13:53Z)
<supervision-notification xmlns="urn:o-ran:supervision:1.0"/>

Client SENT :  user-rpc --content /mplane_automation/conformance_test/watchdog.xml
nc DEBUG: Sending message:

#286


nc DEBUG: SSH: ssh_packet_need_rekey: rekey: [data_rekey_needed=0, out_blocks=3486, in_blocks=7010]
nc DEBUG: SSH: ssh_socket_unbuffered_write: Enabling POLLOUT for socket
nc DEBUG: SSH: packet_send2: packet: wrote [type=94, len=24, padding_size=8, comp=15, payload=15]
nc DEBUG: SSH: channel_write_common: ssh_channel_write wrote 6 bytes
nc DEBUG: Sending message:
<rpc xmlns="urn:ietf:params:xml:ns:netconf:base:1.0" message-id="92"><supervision-watchdog-reset xmlns="urn:o-ran:supervision:1.0"><supervision-notification-interval>10</supervision-notification-interval><guard-timer-overhead>10</guard-timer-overhead></supervision-watchdog-reset></rpc>

nc DEBUG: SSH: ssh_packet_need_rekey: rekey: [data_rekey_needed=0, out_blocks=3522, in_blocks=7045]
nc DEBUG: SSH: packet_send2: packet: wrote [type=94, len=304, padding_size=8, comp=295, payload=295]
nc DEBUG: SSH: channel_write_common: ssh_channel_write wrote 286 bytes
nc DEBUG: SSH: ssh_socket_unbuffered_write: Enabling POLLOUT for socket
nc DEBUG: Sending message:

##


nc DEBUG: SSH: ssh_packet_need_rekey: rekey: [data_rekey_needed=0, out_blocks=3523, in_blocks=7010]
nc DEBUG: SSH: packet_send2: packet: wrote [type=94, len=24, padding_size=10, comp=13, payload=13]
nc DEBUG: SSH: channel_write_common: ssh_channel_write wrote 4 bytes
nc DEBUG: SSH: ssh_socket_unbuffered_write: Enabling POLLOUT for socket
nc DEBUG: SSH: ssh_packet_socket_callback: packet: read type 94 [len=24,padding=8,comp=15,payload=15]
nc DEBUG: SSH: ssh_packet_process: Dispatching handler for packet type 94
nc DEBUG: SSH: channel_rcv_data: Channel receiving 6 bytes data in 0 (local win=1229324 remote win=1252934)
nc DEBUG: SSH: channel_default_bufferize: placing 6 bytes into channel buffer (stdout)
nc DEBUG: SSH: channel_rcv_data: Channel windows are now (local win=1229318 remote win=1252934)
nc DEBUG: SSH: ssh_packet_socket_callback: Processing 220 bytes left in socket buffer
nc DEBUG: SSH: ssh_packet_socket_callback: packet: read type 94 [len=200,padding=11,comp=188,payload=188]
nc DEBUG: SSH: ssh_packet_process: Dispatching handler for packet type 94
nc DEBUG: SSH: channel_rcv_data: Channel receiving 179 bytes data in 0 (local win=1229318 remote win=1252934)
nc DEBUG: SSH: channel_default_bufferize: placing 179 bytes into channel buffer (stdout)
nc DEBUG: SSH: channel_rcv_data: Channel windows are now (local win=1229139 remote win=1252934)
nc DEBUG: SSH: ssh_packet_need_rekey: rekey: [data_rekey_needed=0, out_blocks=3523, in_blocks=7033]
nc DEBUG: SSH: ssh_packet_need_rekey: rekey: [data_rekey_needed=0, out_blocks=3523, in_blocks=7033]
nc DEBUG: SSH: ssh_channel_read_timeout: Read (2) buffered : 185 bytes. Window: 1229139
nc DEBUG: SSH: ssh_channel_read_timeout: Read (1) buffered : 183 bytes. Window: 1229139
nc DEBUG: SSH: ssh_channel_read_timeout: Read (1) buffered : 182 bytes. Window: 1229139
nc DEBUG: SSH: ssh_channel_read_timeout: Read (1) buffered : 181 bytes. Window: 1229139
nc DEBUG: SSH: ssh_channel_read_timeout: Read (1) buffered : 180 bytes. Window: 1229139
nc DEBUG: SSH: ssh_channel_read_timeout: Read (179) buffered : 179 bytes. Window: 1229139
nc DEBUG: SSH: ssh_channel_read_timeout: Read (2) buffered : 0 bytes. Window: 1229139
nc DEBUG: SSH: ssh_packet_socket_callback: packet: read type 94 [len=24,padding=10,comp=13,payload=13]
nc DEBUG: SSH: ssh_packet_process: Dispatching handler for packet type 94
nc DEBUG: SSH: channel_rcv_data: Channel receiving 4 bytes data in 0 (local win=1229139 remote win=1252934)
nc DEBUG: SSH: channel_default_bufferize: placing 4 bytes into channel buffer (stdout)
nc DEBUG: SSH: channel_rcv_data: Channel windows are now (local win=1229135 remote win=1252934)
nc DEBUG: SSH: ssh_packet_need_rekey: rekey: [data_rekey_needed=0, out_blocks=3523, in_blocks=7034]
nc DEBUG: SSH: ssh_channel_read_timeout: Read (1) buffered : 2 bytes. Window: 1229135
nc DEBUG: SSH: ssh_channel_read_timeout: Read (1) buffered : 1 bytes. Window: 1229135
nc DEBUG: Received message:
<rpc-reply xmlns="urn:ietf:params:xml:ns:netconf:base:1.0" message-id="92"><next-update-at xmlns="urn:o-ran:supervision:1.0">2026-04-14T11:14:03+00:00</next-update-at></rpc-reply>

DATA
<next-update-at xmlns="urn:o-ran:supervision:1.0">2026-04-14T20:14:03+09:00</next-update-at>

nc DEBUG: Received message:
<notification xmlns="urn:ietf:params:xml:ns:netconf:notification:1.0"><eventTime>2026-04-14T11:14:03Z</eventTime><supervision-notification xmlns="urn:o-ran:supervision:1.0"/></notification>

notification (2026-04-14T11:14:03Z)
<supervision-notification xmlns="urn:o-ran:supervision:1.0"/>

Client SENT :  user-rpc --content /mplane_automation/conformance_test/watchdog.xml
nc DEBUG: Sending message:

#286


nc DEBUG: SSH: ssh_packet_need_rekey: rekey: [data_rekey_needed=0, out_blocks=3524, in_blocks=7061]
nc DEBUG: SSH: ssh_socket_unbuffered_write: Enabling POLLOUT for socket
nc DEBUG: SSH: packet_send2: packet: wrote [type=94, len=24, padding_size=8, comp=15, payload=15]
nc DEBUG: SSH: channel_write_common: ssh_channel_write wrote 6 bytes
nc DEBUG: Sending message:
<rpc xmlns="urn:ietf:params:xml:ns:netconf:base:1.0" message-id="93"><supervision-watchdog-reset xmlns="urn:o-ran:supervision:1.0"><supervision-notification-interval>10</supervision-notification-interval><guard-timer-overhead>10</guard-timer-overhead></supervision-watchdog-reset></rpc>

nc DEBUG: SSH: ssh_packet_need_rekey: rekey: [data_rekey_needed=0, out_blocks=3560, in_blocks=7096]
nc DEBUG: SSH: packet_send2: packet: wrote [type=94, len=304, padding_size=8, comp=295, payload=295]
nc DEBUG: SSH: channel_write_common: ssh_channel_write wrote 286 bytes
nc DEBUG: SSH: ssh_socket_unbuffered_write: Enabling POLLOUT for socket
nc DEBUG: Sending message:

##


nc DEBUG: SSH: ssh_packet_need_rekey: rekey: [data_rekey_needed=0, out_blocks=3561, in_blocks=7061]
nc DEBUG: SSH: packet_send2: packet: wrote [type=94, len=24, padding_size=10, comp=13, payload=13]
nc DEBUG: SSH: channel_write_common: ssh_channel_write wrote 4 bytes
nc DEBUG: SSH: ssh_socket_unbuffered_write: Enabling POLLOUT for socket
nc DEBUG: SSH: ssh_packet_socket_callback: packet: read type 94 [len=24,padding=8,comp=15,payload=15]
nc DEBUG: SSH: ssh_packet_process: Dispatching handler for packet type 94
nc DEBUG: SSH: channel_rcv_data: Channel receiving 6 bytes data in 0 (local win=1228936 remote win=1252638)
nc DEBUG: SSH: channel_default_bufferize: placing 6 bytes into channel buffer (stdout)
nc DEBUG: SSH: channel_rcv_data: Channel windows are now (local win=1228930 remote win=1252638)
nc DEBUG: SSH: ssh_packet_need_rekey: rekey: [data_rekey_needed=0, out_blocks=3561, in_blocks=7061]
nc DEBUG: SSH: ssh_channel_read_timeout: Read (2) buffered : 6 bytes. Window: 1228930
nc DEBUG: SSH: ssh_channel_read_timeout: Read (1) buffered : 4 bytes. Window: 1228930
nc DEBUG: SSH: ssh_channel_read_timeout: Read (1) buffered : 3 bytes. Window: 1228930
nc DEBUG: SSH: ssh_channel_read_timeout: Read (1) buffered : 2 bytes. Window: 1228930
nc DEBUG: SSH: ssh_channel_read_timeout: Read (1) buffered : 1 bytes. Window: 1228930
nc DEBUG: SSH: ssh_channel_read_timeout: Read (179) buffered : 0 bytes. Window: 1228930
nc DEBUG: SSH: ssh_packet_socket_callback: packet: read type 94 [len=200,padding=11,comp=188,payload=188]
nc DEBUG: SSH: ssh_packet_process: Dispatching handler for packet type 94
nc DEBUG: SSH: channel_rcv_data: Channel receiving 179 bytes data in 0 (local win=1228930 remote win=1252638)
nc DEBUG: SSH: channel_default_bufferize: placing 179 bytes into channel buffer (stdout)
nc DEBUG: SSH: channel_rcv_data: Channel windows are now (local win=1228751 remote win=1252638)
nc DEBUG: SSH: ssh_packet_socket_callback: Processing 44 bytes left in socket buffer
nc DEBUG: SSH: ssh_packet_socket_callback: packet: read type 94 [len=24,padding=10,comp=13,payload=13]
nc DEBUG: SSH: ssh_packet_process: Dispatching handler for packet type 94
nc DEBUG: SSH: channel_rcv_data: Channel receiving 4 bytes data in 0 (local win=1228751 remote win=1252638)
nc DEBUG: SSH: channel_default_bufferize: placing 4 bytes into channel buffer (stdout)
nc DEBUG: SSH: channel_rcv_data: Channel windows are now (local win=1228747 remote win=1252638)
nc DEBUG: SSH: ssh_packet_need_rekey: rekey: [data_rekey_needed=0, out_blocks=3561, in_blocks=7085]
nc DEBUG: SSH: ssh_packet_need_rekey: rekey: [data_rekey_needed=0, out_blocks=3561, in_blocks=7085]
nc DEBUG: SSH: ssh_channel_read_timeout: Read (2) buffered : 4 bytes. Window: 1228747
nc DEBUG: SSH: ssh_channel_read_timeout: Read (1) buffered : 2 bytes. Window: 1228747
nc DEBUG: SSH: ssh_channel_read_timeout: Read (1) buffered : 1 bytes. Window: 1228747
nc DEBUG: Received message:
<rpc-reply xmlns="urn:ietf:params:xml:ns:netconf:base:1.0" message-id="93"><next-update-at xmlns="urn:o-ran:supervision:1.0">2026-04-14T11:14:13+00:00</next-update-at></rpc-reply>

DATA
<next-update-at xmlns="urn:o-ran:supervision:1.0">2026-04-14T20:14:13+09:00</next-update-at>

nc DEBUG: Received message:
<notification xmlns="urn:ietf:params:xml:ns:netconf:notification:1.0"><eventTime>2026-04-14T11:14:13Z</eventTime><supervision-notification xmlns="urn:o-ran:supervision:1.0"/></notification>

notification (2026-04-14T11:14:13Z)
<supervision-notification xmlns="urn:o-ran:supervision:1.0"/>

Client SENT :  user-rpc --content /mplane_automation/conformance_test/watchdog.xml
nc DEBUG: Sending message:

#286


nc DEBUG: SSH: ssh_packet_need_rekey: rekey: [data_rekey_needed=0, out_blocks=3562, in_blocks=7112]
nc DEBUG: SSH: ssh_socket_unbuffered_write: Enabling POLLOUT for socket
nc DEBUG: SSH: packet_send2: packet: wrote [type=94, len=24, padding_size=8, comp=15, payload=15]
nc DEBUG: SSH: channel_write_common: ssh_channel_write wrote 6 bytes
nc DEBUG: Sending message:
<rpc xmlns="urn:ietf:params:xml:ns:netconf:base:1.0" message-id="94"><supervision-watchdog-reset xmlns="urn:o-ran:supervision:1.0"><supervision-notification-interval>10</supervision-notification-interval><guard-timer-overhead>10</guard-timer-overhead></supervision-watchdog-reset></rpc>

nc DEBUG: SSH: ssh_packet_need_rekey: rekey: [data_rekey_needed=0, out_blocks=3598, in_blocks=7147]
nc DEBUG: SSH: packet_send2: packet: wrote [type=94, len=304, padding_size=8, comp=295, payload=295]
nc DEBUG: SSH: channel_write_common: ssh_channel_write wrote 286 bytes
nc DEBUG: SSH: ssh_socket_unbuffered_write: Enabling POLLOUT for socket
nc DEBUG: Sending message:

##


nc DEBUG: SSH: ssh_packet_need_rekey: rekey: [data_rekey_needed=0, out_blocks=3599, in_blocks=7112]
nc DEBUG: SSH: packet_send2: packet: wrote [type=94, len=24, padding_size=10, comp=13, payload=13]
nc DEBUG: SSH: channel_write_common: ssh_channel_write wrote 4 bytes
nc DEBUG: SSH: ssh_socket_unbuffered_write: Enabling POLLOUT for socket
nc DEBUG: SSH: ssh_packet_socket_callback: packet: read type 94 [len=24,padding=8,comp=15,payload=15]
nc DEBUG: SSH: ssh_packet_process: Dispatching handler for packet type 94
nc DEBUG: SSH: channel_rcv_data: Channel receiving 6 bytes data in 0 (local win=1228548 remote win=1252342)
nc DEBUG: SSH: channel_default_bufferize: placing 6 bytes into channel buffer (stdout)
nc DEBUG: SSH: channel_rcv_data: Channel windows are now (local win=1228542 remote win=1252342)
nc DEBUG: SSH: ssh_packet_socket_callback: Processing 220 bytes left in socket buffer
nc DEBUG: SSH: ssh_packet_socket_callback: packet: read type 94 [len=200,padding=11,comp=188,payload=188]
nc DEBUG: SSH: ssh_packet_process: Dispatching handler for packet type 94
nc DEBUG: SSH: channel_rcv_data: Channel receiving 179 bytes data in 0 (local win=1228542 remote win=1252342)
nc DEBUG: SSH: channel_default_bufferize: placing 179 bytes into channel buffer (stdout)
nc DEBUG: SSH: channel_rcv_data: Channel windows are now (local win=1228363 remote win=1252342)
nc DEBUG: SSH: ssh_packet_need_rekey: rekey: [data_rekey_needed=0, out_blocks=3599, in_blocks=7135]
nc DEBUG: SSH: ssh_packet_need_rekey: rekey: [data_rekey_needed=0, out_blocks=3599, in_blocks=7135]
nc DEBUG: SSH: ssh_channel_read_timeout: Read (2) buffered : 185 bytes. Window: 1228363
nc DEBUG: SSH: ssh_channel_read_timeout: Read (1) buffered : 183 bytes. Window: 1228363
nc DEBUG: SSH: ssh_channel_read_timeout: Read (1) buffered : 182 bytes. Window: 1228363
nc DEBUG: SSH: ssh_channel_read_timeout: Read (1) buffered : 181 bytes. Window: 1228363
nc DEBUG: SSH: ssh_channel_read_timeout: Read (1) buffered : 180 bytes. Window: 1228363
nc DEBUG: SSH: ssh_channel_read_timeout: Read (179) buffered : 179 bytes. Window: 1228363
nc DEBUG: SSH: ssh_channel_read_timeout: Read (2) buffered : 0 bytes. Window: 1228363
nc DEBUG: SSH: ssh_packet_socket_callback: packet: read type 94 [len=24,padding=10,comp=13,payload=13]
nc DEBUG: SSH: ssh_packet_process: Dispatching handler for packet type 94
nc DEBUG: SSH: channel_rcv_data: Channel receiving 4 bytes data in 0 (local win=1228363 remote win=1252342)
nc DEBUG: SSH: channel_default_bufferize: placing 4 bytes into channel buffer (stdout)
nc DEBUG: SSH: channel_rcv_data: Channel windows are now (local win=1228359 remote win=1252342)
nc DEBUG: SSH: ssh_packet_need_rekey: rekey: [data_rekey_needed=0, out_blocks=3599, in_blocks=7136]
nc DEBUG: SSH: ssh_channel_read_timeout: Read (1) buffered : 2 bytes. Window: 1228359
nc DEBUG: SSH: ssh_channel_read_timeout: Read (1) buffered : 1 bytes. Window: 1228359
nc DEBUG: Received message:
<rpc-reply xmlns="urn:ietf:params:xml:ns:netconf:base:1.0" message-id="94"><next-update-at xmlns="urn:o-ran:supervision:1.0">2026-04-14T11:14:23+00:00</next-update-at></rpc-reply>

DATA
<next-update-at xmlns="urn:o-ran:supervision:1.0">2026-04-14T20:14:23+09:00</next-update-at>

nc DEBUG: Received message:
<notification xmlns="urn:ietf:params:xml:ns:netconf:notification:1.0"><eventTime>2026-04-14T11:14:23Z</eventTime><supervision-notification xmlns="urn:o-ran:supervision:1.0"/></notification>

notification (2026-04-14T11:14:23Z)
<supervision-notification xmlns="urn:o-ran:supervision:1.0"/>

Client SENT :  user-rpc --content /mplane_automation/conformance_test/watchdog.xml
nc DEBUG: Sending message:

#286


nc DEBUG: SSH: ssh_packet_need_rekey: rekey: [data_rekey_needed=0, out_blocks=3600, in_blocks=7163]
nc DEBUG: SSH: ssh_socket_unbuffered_write: Enabling POLLOUT for socket
nc DEBUG: SSH: packet_send2: packet: wrote [type=94, len=24, padding_size=8, comp=15, payload=15]
nc DEBUG: SSH: channel_write_common: ssh_channel_write wrote 6 bytes
nc DEBUG: Sending message:
<rpc xmlns="urn:ietf:params:xml:ns:netconf:base:1.0" message-id="95"><supervision-watchdog-reset xmlns="urn:o-ran:supervision:1.0"><supervision-notification-interval>10</supervision-notification-interval><guard-timer-overhead>10</guard-timer-overhead></supervision-watchdog-reset></rpc>

nc DEBUG: SSH: ssh_packet_need_rekey: rekey: [data_rekey_needed=0, out_blocks=3636, in_blocks=7198]
nc DEBUG: SSH: packet_send2: packet: wrote [type=94, len=304, padding_size=8, comp=295, payload=295]
nc DEBUG: SSH: channel_write_common: ssh_channel_write wrote 286 bytes
nc DEBUG: SSH: ssh_socket_unbuffered_write: Enabling POLLOUT for socket
nc DEBUG: Sending message:

##


nc DEBUG: SSH: ssh_packet_need_rekey: rekey: [data_rekey_needed=0, out_blocks=3637, in_blocks=7163]
nc DEBUG: SSH: packet_send2: packet: wrote [type=94, len=24, padding_size=10, comp=13, payload=13]
nc DEBUG: SSH: channel_write_common: ssh_channel_write wrote 4 bytes
nc DEBUG: SSH: ssh_socket_unbuffered_write: Enabling POLLOUT for socket
nc DEBUG: SSH: ssh_packet_socket_callback: packet: read type 94 [len=24,padding=8,comp=15,payload=15]
nc DEBUG: SSH: ssh_packet_process: Dispatching handler for packet type 94
nc DEBUG: SSH: channel_rcv_data: Channel receiving 6 bytes data in 0 (local win=1228160 remote win=1252046)
nc DEBUG: SSH: channel_default_bufferize: placing 6 bytes into channel buffer (stdout)
nc DEBUG: SSH: channel_rcv_data: Channel windows are now (local win=1228154 remote win=1252046)
nc DEBUG: SSH: ssh_packet_socket_callback: Processing 220 bytes left in socket buffer
nc DEBUG: SSH: ssh_packet_socket_callback: packet: read type 94 [len=200,padding=11,comp=188,payload=188]
nc DEBUG: SSH: ssh_packet_process: Dispatching handler for packet type 94
nc DEBUG: SSH: channel_rcv_data: Channel receiving 179 bytes data in 0 (local win=1228154 remote win=1252046)
nc DEBUG: SSH: channel_default_bufferize: placing 179 bytes into channel buffer (stdout)
nc DEBUG: SSH: channel_rcv_data: Channel windows are now (local win=1227975 remote win=1252046)
nc DEBUG: SSH: ssh_packet_need_rekey: rekey: [data_rekey_needed=0, out_blocks=3637, in_blocks=7186]
nc DEBUG: SSH: ssh_packet_need_rekey: rekey: [data_rekey_needed=0, out_blocks=3637, in_blocks=7186]
nc DEBUG: SSH: ssh_channel_read_timeout: Read (2) buffered : 185 bytes. Window: 1227975
nc DEBUG: SSH: ssh_channel_read_timeout: Read (1) buffered : 183 bytes. Window: 1227975
nc DEBUG: SSH: ssh_channel_read_timeout: Read (1) buffered : 182 bytes. Window: 1227975
nc DEBUG: SSH: ssh_channel_read_timeout: Read (1) buffered : 181 bytes. Window: 1227975
nc DEBUG: SSH: ssh_channel_read_timeout: Read (1) buffered : 180 bytes. Window: 1227975
nc DEBUG: SSH: ssh_channel_read_timeout: Read (179) buffered : 179 bytes. Window: 1227975
nc DEBUG: SSH: ssh_channel_read_timeout: Read (2) buffered : 0 bytes. Window: 1227975
nc DEBUG: SSH: ssh_packet_socket_callback: packet: read type 94 [len=24,padding=10,comp=13,payload=13]
nc DEBUG: SSH: ssh_packet_process: Dispatching handler for packet type 94
nc DEBUG: SSH: channel_rcv_data: Channel receiving 4 bytes data in 0 (local win=1227975 remote win=1252046)
nc DEBUG: SSH: channel_default_bufferize: placing 4 bytes into channel buffer (stdout)
nc DEBUG: SSH: channel_rcv_data: Channel windows are now (local win=1227971 remote win=1252046)
nc DEBUG: SSH: ssh_packet_need_rekey: rekey: [data_rekey_needed=0, out_blocks=3637, in_blocks=7187]
nc DEBUG: SSH: ssh_channel_read_timeout: Read (1) buffered : 2 bytes. Window: 1227971
nc DEBUG: SSH: ssh_channel_read_timeout: Read (1) buffered : 1 bytes. Window: 1227971
nc DEBUG: Received message:
<rpc-reply xmlns="urn:ietf:params:xml:ns:netconf:base:1.0" message-id="95"><next-update-at xmlns="urn:o-ran:supervision:1.0">2026-04-14T11:14:33+00:00</next-update-at></rpc-reply>

DATA
<next-update-at xmlns="urn:o-ran:supervision:1.0">2026-04-14T20:14:33+09:00</next-update-at>

nc DEBUG: Received message:
<notification xmlns="urn:ietf:params:xml:ns:netconf:notification:1.0"><eventTime>2026-04-14T11:14:33Z</eventTime><supervision-notification xmlns="urn:o-ran:supervision:1.0"/></notification>

notification (2026-04-14T11:14:33Z)
<supervision-notification xmlns="urn:o-ran:supervision:1.0"/>

Client SENT :  user-rpc --content /mplane_automation/conformance_test/watchdog.xml
nc DEBUG: Sending message:

#286


nc DEBUG: SSH: ssh_packet_need_rekey: rekey: [data_rekey_needed=0, out_blocks=3638, in_blocks=7214]
nc DEBUG: SSH: ssh_socket_unbuffered_write: Enabling POLLOUT for socket
nc DEBUG: SSH: packet_send2: packet: wrote [type=94, len=24, padding_size=8, comp=15, payload=15]
nc DEBUG: SSH: channel_write_common: ssh_channel_write wrote 6 bytes
nc DEBUG: Sending message:
<rpc xmlns="urn:ietf:params:xml:ns:netconf:base:1.0" message-id="96"><supervision-watchdog-reset xmlns="urn:o-ran:supervision:1.0"><supervision-notification-interval>10</supervision-notification-interval><guard-timer-overhead>10</guard-timer-overhead></supervision-watchdog-reset></rpc>

nc DEBUG: SSH: ssh_packet_need_rekey: rekey: [data_rekey_needed=0, out_blocks=3674, in_blocks=7249]
nc DEBUG: SSH: packet_send2: packet: wrote [type=94, len=304, padding_size=8, comp=295, payload=295]
nc DEBUG: SSH: channel_write_common: ssh_channel_write wrote 286 bytes
nc DEBUG: SSH: ssh_socket_unbuffered_write: Enabling POLLOUT for socket
nc DEBUG: Sending message:

##


nc DEBUG: SSH: ssh_packet_need_rekey: rekey: [data_rekey_needed=0, out_blocks=3675, in_blocks=7214]
nc DEBUG: SSH: packet_send2: packet: wrote [type=94, len=24, padding_size=10, comp=13, payload=13]
nc DEBUG: SSH: channel_write_common: ssh_channel_write wrote 4 bytes
nc DEBUG: SSH: ssh_socket_unbuffered_write: Enabling POLLOUT for socket
nc DEBUG: SSH: ssh_packet_socket_callback: packet: read type 94 [len=24,padding=8,comp=15,payload=15]
nc DEBUG: SSH: ssh_packet_process: Dispatching handler for packet type 94
nc DEBUG: SSH: channel_rcv_data: Channel receiving 6 bytes data in 0 (local win=1227772 remote win=1251750)
nc DEBUG: SSH: channel_default_bufferize: placing 6 bytes into channel buffer (stdout)
nc DEBUG: SSH: channel_rcv_data: Channel windows are now (local win=1227766 remote win=1251750)
nc DEBUG: SSH: ssh_packet_socket_callback: Processing 220 bytes left in socket buffer
nc DEBUG: SSH: ssh_packet_socket_callback: packet: read type 94 [len=200,padding=11,comp=188,payload=188]
nc DEBUG: SSH: ssh_packet_process: Dispatching handler for packet type 94
nc DEBUG: SSH: channel_rcv_data: Channel receiving 179 bytes data in 0 (local win=1227766 remote win=1251750)
nc DEBUG: SSH: channel_default_bufferize: placing 179 bytes into channel buffer (stdout)
nc DEBUG: SSH: channel_rcv_data: Channel windows are now (local win=1227587 remote win=1251750)
nc DEBUG: SSH: ssh_packet_need_rekey: rekey: [data_rekey_needed=0, out_blocks=3675, in_blocks=7237]
nc DEBUG: SSH: ssh_packet_need_rekey: rekey: [data_rekey_needed=0, out_blocks=3675, in_blocks=7237]
nc DEBUG: SSH: ssh_channel_read_timeout: Read (2) buffered : 185 bytes. Window: 1227587
nc DEBUG: SSH: ssh_channel_read_timeout: Read (1) buffered : 183 bytes. Window: 1227587
nc DEBUG: SSH: ssh_channel_read_timeout: Read (1) buffered : 182 bytes. Window: 1227587
nc DEBUG: SSH: ssh_channel_read_timeout: Read (1) buffered : 181 bytes. Window: 1227587
nc DEBUG: SSH: ssh_channel_read_timeout: Read (1) buffered : 180 bytes. Window: 1227587
nc DEBUG: SSH: ssh_channel_read_timeout: Read (179) buffered : 179 bytes. Window: 1227587
nc DEBUG: SSH: ssh_channel_read_timeout: Read (2) buffered : 0 bytes. Window: 1227587
nc DEBUG: SSH: ssh_packet_socket_callback: packet: read type 94 [len=24,padding=10,comp=13,payload=13]
nc DEBUG: SSH: ssh_packet_process: Dispatching handler for packet type 94
nc DEBUG: SSH: channel_rcv_data: Channel receiving 4 bytes data in 0 (local win=1227587 remote win=1251750)
nc DEBUG: SSH: channel_default_bufferize: placing 4 bytes into channel buffer (stdout)
nc DEBUG: SSH: channel_rcv_data: Channel windows are now (local win=1227583 remote win=1251750)
nc DEBUG: SSH: ssh_packet_need_rekey: rekey: [data_rekey_needed=0, out_blocks=3675, in_blocks=7238]
nc DEBUG: SSH: ssh_channel_read_timeout: Read (1) buffered : 2 bytes. Window: 1227583
nc DEBUG: SSH: ssh_channel_read_timeout: Read (1) buffered : 1 bytes. Window: 1227583
nc DEBUG: Received message:
<rpc-reply xmlns="urn:ietf:params:xml:ns:netconf:base:1.0" message-id="96"><next-update-at xmlns="urn:o-ran:supervision:1.0">2026-04-14T11:14:43+00:00</next-update-at></rpc-reply>

DATA
<next-update-at xmlns="urn:o-ran:supervision:1.0">2026-04-14T20:14:43+09:00</next-update-at>

nc DEBUG: Received message:
<notification xmlns="urn:ietf:params:xml:ns:netconf:notification:1.0"><eventTime>2026-04-14T11:14:43Z</eventTime><supervision-notification xmlns="urn:o-ran:supervision:1.0"/></notification>

notification (2026-04-14T11:14:43Z)
<supervision-notification xmlns="urn:o-ran:supervision:1.0"/>

Client SENT :  user-rpc --content /mplane_automation/conformance_test/watchdog.xml
nc DEBUG: Sending message:

#286


nc DEBUG: SSH: ssh_packet_need_rekey: rekey: [data_rekey_needed=0, out_blocks=3676, in_blocks=7265]
nc DEBUG: SSH: ssh_socket_unbuffered_write: Enabling POLLOUT for socket
nc DEBUG: SSH: packet_send2: packet: wrote [type=94, len=24, padding_size=8, comp=15, payload=15]
nc DEBUG: SSH: channel_write_common: ssh_channel_write wrote 6 bytes
nc DEBUG: Sending message:
<rpc xmlns="urn:ietf:params:xml:ns:netconf:base:1.0" message-id="97"><supervision-watchdog-reset xmlns="urn:o-ran:supervision:1.0"><supervision-notification-interval>10</supervision-notification-interval><guard-timer-overhead>10</guard-timer-overhead></supervision-watchdog-reset></rpc>

nc DEBUG: SSH: ssh_packet_need_rekey: rekey: [data_rekey_needed=0, out_blocks=3712, in_blocks=7300]
nc DEBUG: SSH: packet_send2: packet: wrote [type=94, len=304, padding_size=8, comp=295, payload=295]
nc DEBUG: SSH: channel_write_common: ssh_channel_write wrote 286 bytes
nc DEBUG: SSH: ssh_socket_unbuffered_write: Enabling POLLOUT for socket
nc DEBUG: Sending message:

##


nc DEBUG: SSH: ssh_packet_need_rekey: rekey: [data_rekey_needed=0, out_blocks=3713, in_blocks=7265]
nc DEBUG: SSH: packet_send2: packet: wrote [type=94, len=24, padding_size=10, comp=13, payload=13]
nc DEBUG: SSH: channel_write_common: ssh_channel_write wrote 4 bytes
nc DEBUG: SSH: ssh_socket_unbuffered_write: Enabling POLLOUT for socket
nc DEBUG: SSH: ssh_packet_socket_callback: packet: read type 94 [len=24,padding=8,comp=15,payload=15]
nc DEBUG: SSH: ssh_packet_process: Dispatching handler for packet type 94
nc DEBUG: SSH: channel_rcv_data: Channel receiving 6 bytes data in 0 (local win=1227384 remote win=1251454)
nc DEBUG: SSH: channel_default_bufferize: placing 6 bytes into channel buffer (stdout)
nc DEBUG: SSH: channel_rcv_data: Channel windows are now (local win=1227378 remote win=1251454)
nc DEBUG: SSH: ssh_packet_need_rekey: rekey: [data_rekey_needed=0, out_blocks=3713, in_blocks=7265]
nc DEBUG: SSH: ssh_channel_read_timeout: Read (2) buffered : 6 bytes. Window: 1227378
nc DEBUG: SSH: ssh_channel_read_timeout: Read (1) buffered : 4 bytes. Window: 1227378
nc DEBUG: SSH: ssh_channel_read_timeout: Read (1) buffered : 3 bytes. Window: 1227378
nc DEBUG: SSH: ssh_channel_read_timeout: Read (1) buffered : 2 bytes. Window: 1227378
nc DEBUG: SSH: ssh_channel_read_timeout: Read (1) buffered : 1 bytes. Window: 1227378
nc DEBUG: SSH: ssh_channel_read_timeout: Read (179) buffered : 0 bytes. Window: 1227378
nc DEBUG: SSH: ssh_packet_socket_callback: packet: read type 94 [len=200,padding=11,comp=188,payload=188]
nc DEBUG: SSH: ssh_packet_process: Dispatching handler for packet type 94
nc DEBUG: SSH: channel_rcv_data: Channel receiving 179 bytes data in 0 (local win=1227378 remote win=1251454)
nc DEBUG: SSH: channel_default_bufferize: placing 179 bytes into channel buffer (stdout)
nc DEBUG: SSH: channel_rcv_data: Channel windows are now (local win=1227199 remote win=1251454)
nc DEBUG: SSH: ssh_packet_need_rekey: rekey: [data_rekey_needed=0, out_blocks=3713, in_blocks=7288]
nc DEBUG: SSH: ssh_channel_read_timeout: Read (2) buffered : 0 bytes. Window: 1227199
nc DEBUG: SSH: ssh_channel_read_timeout: Read (2) buffered : 0 bytes. Window: 1227199
nc DEBUG: SSH: ssh_packet_socket_callback: packet: read type 94 [len=24,padding=10,comp=13,payload=13]
nc DEBUG: SSH: ssh_packet_process: Dispatching handler for packet type 94
nc DEBUG: SSH: channel_rcv_data: Channel receiving 4 bytes data in 0 (local win=1227199 remote win=1251454)
nc DEBUG: SSH: channel_default_bufferize: placing 4 bytes into channel buffer (stdout)
nc DEBUG: SSH: channel_rcv_data: Channel windows are now (local win=1227195 remote win=1251454)
nc DEBUG: SSH: ssh_packet_need_rekey: rekey: [data_rekey_needed=0, out_blocks=3713, in_blocks=7289]
nc DEBUG: SSH: ssh_channel_read_timeout: Read (1) buffered : 2 bytes. Window: 1227195
nc DEBUG: SSH: ssh_channel_read_timeout: Read (1) buffered : 1 bytes. Window: 1227195
nc DEBUG: Received message:
<rpc-reply xmlns="urn:ietf:params:xml:ns:netconf:base:1.0" message-id="97"><next-update-at xmlns="urn:o-ran:supervision:1.0">2026-04-14T11:14:53+00:00</next-update-at></rpc-reply>

DATA
<next-update-at xmlns="urn:o-ran:supervision:1.0">2026-04-14T20:14:53+09:00</next-update-at>

nc DEBUG: Received message:
<notification xmlns="urn:ietf:params:xml:ns:netconf:notification:1.0"><eventTime>2026-04-14T11:14:53Z</eventTime><supervision-notification xmlns="urn:o-ran:supervision:1.0"/></notification>

notification (2026-04-14T11:14:53Z)
<supervision-notification xmlns="urn:o-ran:supervision:1.0"/>

Client SENT :  user-rpc --content /mplane_automation/conformance_test/watchdog.xml
nc DEBUG: Sending message:

#286


nc DEBUG: SSH: ssh_packet_need_rekey: rekey: [data_rekey_needed=0, out_blocks=3714, in_blocks=7316]
nc DEBUG: SSH: ssh_socket_unbuffered_write: Enabling POLLOUT for socket
nc DEBUG: SSH: packet_send2: packet: wrote [type=94, len=24, padding_size=8, comp=15, payload=15]
nc DEBUG: SSH: channel_write_common: ssh_channel_write wrote 6 bytes
nc DEBUG: Sending message:
<rpc xmlns="urn:ietf:params:xml:ns:netconf:base:1.0" message-id="98"><supervision-watchdog-reset xmlns="urn:o-ran:supervision:1.0"><supervision-notification-interval>10</supervision-notification-interval><guard-timer-overhead>10</guard-timer-overhead></supervision-watchdog-reset></rpc>

nc DEBUG: SSH: ssh_packet_need_rekey: rekey: [data_rekey_needed=0, out_blocks=3750, in_blocks=7351]
nc DEBUG: SSH: packet_send2: packet: wrote [type=94, len=304, padding_size=8, comp=295, payload=295]
nc DEBUG: SSH: channel_write_common: ssh_channel_write wrote 286 bytes
nc DEBUG: SSH: ssh_socket_unbuffered_write: Enabling POLLOUT for socket
nc DEBUG: Sending message:

##


nc DEBUG: SSH: ssh_packet_need_rekey: rekey: [data_rekey_needed=0, out_blocks=3751, in_blocks=7316]
nc DEBUG: SSH: packet_send2: packet: wrote [type=94, len=24, padding_size=10, comp=13, payload=13]
nc DEBUG: SSH: channel_write_common: ssh_channel_write wrote 4 bytes
nc DEBUG: SSH: ssh_socket_unbuffered_write: Enabling POLLOUT for socket
nc DEBUG: SSH: ssh_packet_socket_callback: packet: read type 94 [len=24,padding=8,comp=15,payload=15]
nc DEBUG: SSH: ssh_packet_process: Dispatching handler for packet type 94
nc DEBUG: SSH: channel_rcv_data: Channel receiving 6 bytes data in 0 (local win=1226996 remote win=1251158)
nc DEBUG: SSH: channel_default_bufferize: placing 6 bytes into channel buffer (stdout)
nc DEBUG: SSH: channel_rcv_data: Channel windows are now (local win=1226990 remote win=1251158)
nc DEBUG: SSH: ssh_packet_socket_callback: Processing 220 bytes left in socket buffer
nc DEBUG: SSH: ssh_packet_socket_callback: packet: read type 94 [len=200,padding=11,comp=188,payload=188]
nc DEBUG: SSH: ssh_packet_process: Dispatching handler for packet type 94
nc DEBUG: SSH: channel_rcv_data: Channel receiving 179 bytes data in 0 (local win=1226990 remote win=1251158)
nc DEBUG: SSH: channel_default_bufferize: placing 179 bytes into channel buffer (stdout)
nc DEBUG: SSH: channel_rcv_data: Channel windows are now (local win=1226811 remote win=1251158)
nc DEBUG: SSH: ssh_packet_need_rekey: rekey: [data_rekey_needed=0, out_blocks=3751, in_blocks=7339]
nc DEBUG: SSH: ssh_packet_need_rekey: rekey: [data_rekey_needed=0, out_blocks=3751, in_blocks=7339]
nc DEBUG: SSH: ssh_channel_read_timeout: Read (2) buffered : 185 bytes. Window: 1226811
nc DEBUG: SSH: ssh_channel_read_timeout: Read (1) buffered : 183 bytes. Window: 1226811
nc DEBUG: SSH: ssh_channel_read_timeout: Read (1) buffered : 182 bytes. Window: 1226811
nc DEBUG: SSH: ssh_channel_read_timeout: Read (1) buffered : 181 bytes. Window: 1226811
nc DEBUG: SSH: ssh_channel_read_timeout: Read (1) buffered : 180 bytes. Window: 1226811
nc DEBUG: SSH: ssh_channel_read_timeout: Read (179) buffered : 179 bytes. Window: 1226811
nc DEBUG: SSH: ssh_channel_read_timeout: Read (2) buffered : 0 bytes. Window: 1226811
nc DEBUG: SSH: ssh_packet_socket_callback: packet: read type 94 [len=24,padding=10,comp=13,payload=13]
nc DEBUG: SSH: ssh_packet_process: Dispatching handler for packet type 94
nc DEBUG: SSH: channel_rcv_data: Channel receiving 4 bytes data in 0 (local win=1226811 remote win=1251158)
nc DEBUG: SSH: channel_default_bufferize: placing 4 bytes into channel buffer (stdout)
nc DEBUG: SSH: channel_rcv_data: Channel windows are now (local win=1226807 remote win=1251158)
nc DEBUG: SSH: ssh_packet_need_rekey: rekey: [data_rekey_needed=0, out_blocks=3751, in_blocks=7340]
nc DEBUG: SSH: ssh_channel_read_timeout: Read (1) buffered : 2 bytes. Window: 1226807
nc DEBUG: SSH: ssh_channel_read_timeout: Read (1) buffered : 1 bytes. Window: 1226807
nc DEBUG: Received message:
<rpc-reply xmlns="urn:ietf:params:xml:ns:netconf:base:1.0" message-id="98"><next-update-at xmlns="urn:o-ran:supervision:1.0">2026-04-14T11:15:03+00:00</next-update-at></rpc-reply>

DATA
<next-update-at xmlns="urn:o-ran:supervision:1.0">2026-04-14T20:15:03+09:00</next-update-at>

nc DEBUG: Received message:
<notification xmlns="urn:ietf:params:xml:ns:netconf:notification:1.0"><eventTime>2026-04-14T11:15:03Z</eventTime><supervision-notification xmlns="urn:o-ran:supervision:1.0"/></notification>

notification (2026-04-14T11:15:03Z)
<supervision-notification xmlns="urn:o-ran:supervision:1.0"/>

Client SENT :  user-rpc --content /mplane_automation/conformance_test/watchdog.xml
nc DEBUG: Sending message:

#286


nc DEBUG: SSH: ssh_packet_need_rekey: rekey: [data_rekey_needed=0, out_blocks=3752, in_blocks=7367]
nc DEBUG: SSH: ssh_socket_unbuffered_write: Enabling POLLOUT for socket
nc DEBUG: SSH: packet_send2: packet: wrote [type=94, len=24, padding_size=8, comp=15, payload=15]
nc DEBUG: SSH: channel_write_common: ssh_channel_write wrote 6 bytes
nc DEBUG: Sending message:
<rpc xmlns="urn:ietf:params:xml:ns:netconf:base:1.0" message-id="99"><supervision-watchdog-reset xmlns="urn:o-ran:supervision:1.0"><supervision-notification-interval>10</supervision-notification-interval><guard-timer-overhead>10</guard-timer-overhead></supervision-watchdog-reset></rpc>

nc DEBUG: SSH: ssh_packet_need_rekey: rekey: [data_rekey_needed=0, out_blocks=3788, in_blocks=7402]
nc DEBUG: SSH: packet_send2: packet: wrote [type=94, len=304, padding_size=8, comp=295, payload=295]
nc DEBUG: SSH: channel_write_common: ssh_channel_write wrote 286 bytes
nc DEBUG: SSH: ssh_socket_unbuffered_write: Enabling POLLOUT for socket
nc DEBUG: Sending message:

##


nc DEBUG: SSH: ssh_packet_need_rekey: rekey: [data_rekey_needed=0, out_blocks=3789, in_blocks=7367]
nc DEBUG: SSH: packet_send2: packet: wrote [type=94, len=24, padding_size=10, comp=13, payload=13]
nc DEBUG: SSH: channel_write_common: ssh_channel_write wrote 4 bytes
nc DEBUG: SSH: ssh_socket_unbuffered_write: Enabling POLLOUT for socket
nc DEBUG: SSH: ssh_packet_socket_callback: packet: read type 94 [len=24,padding=8,comp=15,payload=15]
nc DEBUG: SSH: ssh_packet_process: Dispatching handler for packet type 94
nc DEBUG: SSH: channel_rcv_data: Channel receiving 6 bytes data in 0 (local win=1226608 remote win=1250862)
nc DEBUG: SSH: channel_default_bufferize: placing 6 bytes into channel buffer (stdout)
nc DEBUG: SSH: channel_rcv_data: Channel windows are now (local win=1226602 remote win=1250862)
nc DEBUG: SSH: ssh_packet_socket_callback: Processing 220 bytes left in socket buffer
nc DEBUG: SSH: ssh_packet_socket_callback: packet: read type 94 [len=200,padding=11,comp=188,payload=188]
nc DEBUG: SSH: ssh_packet_process: Dispatching handler for packet type 94
nc DEBUG: SSH: channel_rcv_data: Channel receiving 179 bytes data in 0 (local win=1226602 remote win=1250862)
nc DEBUG: SSH: channel_default_bufferize: placing 179 bytes into channel buffer (stdout)
nc DEBUG: SSH: channel_rcv_data: Channel windows are now (local win=1226423 remote win=1250862)
nc DEBUG: SSH: ssh_packet_need_rekey: rekey: [data_rekey_needed=0, out_blocks=3789, in_blocks=7390]
nc DEBUG: SSH: ssh_packet_need_rekey: rekey: [data_rekey_needed=0, out_blocks=3789, in_blocks=7390]
nc DEBUG: SSH: ssh_channel_read_timeout: Read (2) buffered : 185 bytes. Window: 1226423
nc DEBUG: SSH: ssh_channel_read_timeout: Read (1) buffered : 183 bytes. Window: 1226423
nc DEBUG: SSH: ssh_channel_read_timeout: Read (1) buffered : 182 bytes. Window: 1226423
nc DEBUG: SSH: ssh_channel_read_timeout: Read (1) buffered : 181 bytes. Window: 1226423
nc DEBUG: SSH: ssh_channel_read_timeout: Read (1) buffered : 180 bytes. Window: 1226423
nc DEBUG: SSH: ssh_channel_read_timeout: Read (179) buffered : 179 bytes. Window: 1226423
nc DEBUG: SSH: ssh_channel_read_timeout: Read (2) buffered : 0 bytes. Window: 1226423
nc DEBUG: SSH: ssh_packet_socket_callback: packet: read type 94 [len=24,padding=10,comp=13,payload=13]
nc DEBUG: SSH: ssh_packet_process: Dispatching handler for packet type 94
nc DEBUG: SSH: channel_rcv_data: Channel receiving 4 bytes data in 0 (local win=1226423 remote win=1250862)
nc DEBUG: SSH: channel_default_bufferize: placing 4 bytes into channel buffer (stdout)
nc DEBUG: SSH: channel_rcv_data: Channel windows are now (local win=1226419 remote win=1250862)
nc DEBUG: SSH: ssh_packet_need_rekey: rekey: [data_rekey_needed=0, out_blocks=3789, in_blocks=7391]
nc DEBUG: SSH: ssh_channel_read_timeout: Read (1) buffered : 2 bytes. Window: 1226419
nc DEBUG: SSH: ssh_channel_read_timeout: Read (1) buffered : 1 bytes. Window: 1226419
nc DEBUG: Received message:
<rpc-reply xmlns="urn:ietf:params:xml:ns:netconf:base:1.0" message-id="99"><next-update-at xmlns="urn:o-ran:supervision:1.0">2026-04-14T11:15:13+00:00</next-update-at></rpc-reply>

DATA
<next-update-at xmlns="urn:o-ran:supervision:1.0">2026-04-14T20:15:13+09:00</next-update-at>

nc DEBUG: Received message:
<notification xmlns="urn:ietf:params:xml:ns:netconf:notification:1.0"><eventTime>2026-04-14T11:15:13Z</eventTime><supervision-notification xmlns="urn:o-ran:supervision:1.0"/></notification>

notification (2026-04-14T11:15:13Z)
<supervision-notification xmlns="urn:o-ran:supervision:1.0"/>

Client SENT :  user-rpc --content /mplane_automation/conformance_test/watchdog.xml
nc DEBUG: Sending message:

#287


nc DEBUG: SSH: ssh_packet_need_rekey: rekey: [data_rekey_needed=0, out_blocks=3790, in_blocks=7418]
nc DEBUG: SSH: ssh_socket_unbuffered_write: Enabling POLLOUT for socket
nc DEBUG: SSH: packet_send2: packet: wrote [type=94, len=24, padding_size=8, comp=15, payload=15]
nc DEBUG: SSH: channel_write_common: ssh_channel_write wrote 6 bytes
nc DEBUG: Sending message:
<rpc xmlns="urn:ietf:params:xml:ns:netconf:base:1.0" message-id="100"><supervision-watchdog-reset xmlns="urn:o-ran:supervision:1.0"><supervision-notification-interval>10</supervision-notification-interval><guard-timer-overhead>10</guard-timer-overhead></supervision-watchdog-reset></rpc>

nc DEBUG: SSH: ssh_packet_need_rekey: rekey: [data_rekey_needed=0, out_blocks=3827, in_blocks=7454]
nc DEBUG: SSH: packet_send2: packet: wrote [type=94, len=304, padding_size=7, comp=296, payload=296]
nc DEBUG: SSH: channel_write_common: ssh_channel_write wrote 287 bytes
nc DEBUG: SSH: ssh_socket_unbuffered_write: Enabling POLLOUT for socket
nc DEBUG: Sending message:

##


nc DEBUG: SSH: ssh_packet_need_rekey: rekey: [data_rekey_needed=0, out_blocks=3828, in_blocks=7418]
nc DEBUG: SSH: packet_send2: packet: wrote [type=94, len=24, padding_size=10, comp=13, payload=13]
nc DEBUG: SSH: channel_write_common: ssh_channel_write wrote 4 bytes
nc DEBUG: SSH: ssh_socket_unbuffered_write: Enabling POLLOUT for socket
nc DEBUG: SSH: ssh_packet_socket_callback: packet: read type 94 [len=24,padding=8,comp=15,payload=15]
nc DEBUG: SSH: ssh_packet_process: Dispatching handler for packet type 94
nc DEBUG: SSH: channel_rcv_data: Channel receiving 6 bytes data in 0 (local win=1226220 remote win=1250565)
nc DEBUG: SSH: channel_default_bufferize: placing 6 bytes into channel buffer (stdout)
nc DEBUG: SSH: channel_rcv_data: Channel windows are now (local win=1226214 remote win=1250565)
nc DEBUG: SSH: ssh_packet_socket_callback: Processing 220 bytes left in socket buffer
nc DEBUG: SSH: ssh_packet_socket_callback: packet: read type 94 [len=200,padding=10,comp=189,payload=189]
nc DEBUG: SSH: ssh_packet_process: Dispatching handler for packet type 94
nc DEBUG: SSH: channel_rcv_data: Channel receiving 180 bytes data in 0 (local win=1226214 remote win=1250565)
nc DEBUG: SSH: channel_default_bufferize: placing 180 bytes into channel buffer (stdout)
nc DEBUG: SSH: channel_rcv_data: Channel windows are now (local win=1226034 remote win=1250565)
nc DEBUG: SSH: ssh_packet_need_rekey: rekey: [data_rekey_needed=0, out_blocks=3828, in_blocks=7441]
nc DEBUG: SSH: ssh_packet_need_rekey: rekey: [data_rekey_needed=0, out_blocks=3828, in_blocks=7441]
nc DEBUG: SSH: ssh_channel_read_timeout: Read (2) buffered : 186 bytes. Window: 1226034
nc DEBUG: SSH: ssh_channel_read_timeout: Read (1) buffered : 184 bytes. Window: 1226034
nc DEBUG: SSH: ssh_channel_read_timeout: Read (1) buffered : 183 bytes. Window: 1226034
nc DEBUG: SSH: ssh_channel_read_timeout: Read (1) buffered : 182 bytes. Window: 1226034
nc DEBUG: SSH: ssh_channel_read_timeout: Read (1) buffered : 181 bytes. Window: 1226034
nc DEBUG: SSH: ssh_channel_read_timeout: Read (180) buffered : 180 bytes. Window: 1226034
nc DEBUG: SSH: ssh_channel_read_timeout: Read (2) buffered : 0 bytes. Window: 1226034
nc DEBUG: SSH: ssh_packet_socket_callback: packet: read type 94 [len=24,padding=10,comp=13,payload=13]
nc DEBUG: SSH: ssh_packet_process: Dispatching handler for packet type 94
nc DEBUG: SSH: channel_rcv_data: Channel receiving 4 bytes data in 0 (local win=1226034 remote win=1250565)
nc DEBUG: SSH: channel_default_bufferize: placing 4 bytes into channel buffer (stdout)
nc DEBUG: SSH: channel_rcv_data: Channel windows are now (local win=1226030 remote win=1250565)
nc DEBUG: SSH: ssh_packet_need_rekey: rekey: [data_rekey_needed=0, out_blocks=3828, in_blocks=7442]
nc DEBUG: SSH: ssh_channel_read_timeout: Read (1) buffered : 2 bytes. Window: 1226030
nc DEBUG: SSH: ssh_channel_read_timeout: Read (1) buffered : 1 bytes. Window: 1226030
nc DEBUG: Received message:
<rpc-reply xmlns="urn:ietf:params:xml:ns:netconf:base:1.0" message-id="100"><next-update-at xmlns="urn:o-ran:supervision:1.0">2026-04-14T11:15:23+00:00</next-update-at></rpc-reply>

DATA
<next-update-at xmlns="urn:o-ran:supervision:1.0">2026-04-14T20:15:23+09:00</next-update-at>

nc DEBUG: Received message:
<notification xmlns="urn:ietf:params:xml:ns:netconf:notification:1.0"><eventTime>2026-04-14T11:15:23Z</eventTime><supervision-notification xmlns="urn:o-ran:supervision:1.0"/></notification>

notification (2026-04-14T11:15:23Z)
<supervision-notification xmlns="urn:o-ran:supervision:1.0"/>

Client SENT :  user-rpc --content /mplane_automation/conformance_test/watchdog.xml
nc DEBUG: Sending message:

#287


nc DEBUG: SSH: ssh_packet_need_rekey: rekey: [data_rekey_needed=0, out_blocks=3829, in_blocks=7469]
nc DEBUG: SSH: ssh_socket_unbuffered_write: Enabling POLLOUT for socket
nc DEBUG: SSH: packet_send2: packet: wrote [type=94, len=24, padding_size=8, comp=15, payload=15]
nc DEBUG: SSH: channel_write_common: ssh_channel_write wrote 6 bytes
nc DEBUG: Sending message:
<rpc xmlns="urn:ietf:params:xml:ns:netconf:base:1.0" message-id="101"><supervision-watchdog-reset xmlns="urn:o-ran:supervision:1.0"><supervision-notification-interval>10</supervision-notification-interval><guard-timer-overhead>10</guard-timer-overhead></supervision-watchdog-reset></rpc>

nc DEBUG: SSH: ssh_packet_need_rekey: rekey: [data_rekey_needed=0, out_blocks=3866, in_blocks=7505]
nc DEBUG: SSH: packet_send2: packet: wrote [type=94, len=304, padding_size=7, comp=296, payload=296]
nc DEBUG: SSH: channel_write_common: ssh_channel_write wrote 287 bytes
nc DEBUG: SSH: ssh_socket_unbuffered_write: Enabling POLLOUT for socket
nc DEBUG: Sending message:

##


nc DEBUG: SSH: ssh_packet_need_rekey: rekey: [data_rekey_needed=0, out_blocks=3867, in_blocks=7469]
nc DEBUG: SSH: packet_send2: packet: wrote [type=94, len=24, padding_size=10, comp=13, payload=13]
nc DEBUG: SSH: channel_write_common: ssh_channel_write wrote 4 bytes
nc DEBUG: SSH: ssh_socket_unbuffered_write: Enabling POLLOUT for socket
nc DEBUG: SSH: ssh_packet_socket_callback: packet: read type 94 [len=24,padding=8,comp=15,payload=15]
nc DEBUG: SSH: ssh_packet_process: Dispatching handler for packet type 94
nc DEBUG: SSH: channel_rcv_data: Channel receiving 6 bytes data in 0 (local win=1225831 remote win=1250268)
nc DEBUG: SSH: channel_default_bufferize: placing 6 bytes into channel buffer (stdout)
nc DEBUG: SSH: channel_rcv_data: Channel windows are now (local win=1225825 remote win=1250268)
nc DEBUG: SSH: ssh_packet_need_rekey: rekey: [data_rekey_needed=0, out_blocks=3867, in_blocks=7469]
nc DEBUG: SSH: ssh_channel_read_timeout: Read (2) buffered : 6 bytes. Window: 1225825
nc DEBUG: SSH: ssh_channel_read_timeout: Read (1) buffered : 4 bytes. Window: 1225825
nc DEBUG: SSH: ssh_channel_read_timeout: Read (1) buffered : 3 bytes. Window: 1225825
nc DEBUG: SSH: ssh_channel_read_timeout: Read (1) buffered : 2 bytes. Window: 1225825
nc DEBUG: SSH: ssh_channel_read_timeout: Read (1) buffered : 1 bytes. Window: 1225825
nc DEBUG: SSH: ssh_channel_read_timeout: Read (180) buffered : 0 bytes. Window: 1225825
nc DEBUG: SSH: ssh_packet_socket_callback: packet: read type 94 [len=200,padding=10,comp=189,payload=189]
nc DEBUG: SSH: ssh_packet_process: Dispatching handler for packet type 94
nc DEBUG: SSH: channel_rcv_data: Channel receiving 180 bytes data in 0 (local win=1225825 remote win=1250268)
nc DEBUG: SSH: channel_default_bufferize: placing 180 bytes into channel buffer (stdout)
nc DEBUG: SSH: channel_rcv_data: Channel windows are now (local win=1225645 remote win=1250268)
nc DEBUG: SSH: ssh_packet_socket_callback: Processing 44 bytes left in socket buffer
nc DEBUG: SSH: ssh_packet_socket_callback: packet: read type 94 [len=24,padding=10,comp=13,payload=13]
nc DEBUG: SSH: ssh_packet_process: Dispatching handler for packet type 94
nc DEBUG: SSH: channel_rcv_data: Channel receiving 4 bytes data in 0 (local win=1225645 remote win=1250268)
nc DEBUG: SSH: channel_default_bufferize: placing 4 bytes into channel buffer (stdout)
nc DEBUG: SSH: channel_rcv_data: Channel windows are now (local win=1225641 remote win=1250268)
nc DEBUG: SSH: ssh_packet_need_rekey: rekey: [data_rekey_needed=0, out_blocks=3867, in_blocks=7493]
nc DEBUG: SSH: ssh_packet_need_rekey: rekey: [data_rekey_needed=0, out_blocks=3867, in_blocks=7493]
nc DEBUG: SSH: ssh_channel_read_timeout: Read (2) buffered : 4 bytes. Window: 1225641
nc DEBUG: SSH: ssh_channel_read_timeout: Read (1) buffered : 2 bytes. Window: 1225641
nc DEBUG: SSH: ssh_channel_read_timeout: Read (1) buffered : 1 bytes. Window: 1225641
nc DEBUG: Received message:
<rpc-reply xmlns="urn:ietf:params:xml:ns:netconf:base:1.0" message-id="101"><next-update-at xmlns="urn:o-ran:supervision:1.0">2026-04-14T11:15:33+00:00</next-update-at></rpc-reply>

DATA
<next-update-at xmlns="urn:o-ran:supervision:1.0">2026-04-14T20:15:33+09:00</next-update-at>

nc DEBUG: Received message:
<notification xmlns="urn:ietf:params:xml:ns:netconf:notification:1.0"><eventTime>2026-04-14T11:15:33Z</eventTime><supervision-notification xmlns="urn:o-ran:supervision:1.0"/></notification>

notification (2026-04-14T11:15:33Z)
<supervision-notification xmlns="urn:o-ran:supervision:1.0"/>

Client SENT :  user-rpc --content /mplane_automation/conformance_test/watchdog.xml
nc DEBUG: Sending message:

#287


nc DEBUG: SSH: ssh_packet_need_rekey: rekey: [data_rekey_needed=0, out_blocks=3868, in_blocks=7520]
nc DEBUG: SSH: ssh_socket_unbuffered_write: Enabling POLLOUT for socket
nc DEBUG: SSH: packet_send2: packet: wrote [type=94, len=24, padding_size=8, comp=15, payload=15]
nc DEBUG: SSH: channel_write_common: ssh_channel_write wrote 6 bytes
nc DEBUG: Sending message:
<rpc xmlns="urn:ietf:params:xml:ns:netconf:base:1.0" message-id="102"><supervision-watchdog-reset xmlns="urn:o-ran:supervision:1.0"><supervision-notification-interval>10</supervision-notification-interval><guard-timer-overhead>10</guard-timer-overhead></supervision-watchdog-reset></rpc>

nc DEBUG: SSH: ssh_packet_need_rekey: rekey: [data_rekey_needed=0, out_blocks=3905, in_blocks=7556]
nc DEBUG: SSH: packet_send2: packet: wrote [type=94, len=304, padding_size=7, comp=296, payload=296]
nc DEBUG: SSH: channel_write_common: ssh_channel_write wrote 287 bytes
nc DEBUG: SSH: ssh_socket_unbuffered_write: Enabling POLLOUT for socket
nc DEBUG: Sending message:

##


nc DEBUG: SSH: ssh_packet_need_rekey: rekey: [data_rekey_needed=0, out_blocks=3906, in_blocks=7520]
nc DEBUG: SSH: packet_send2: packet: wrote [type=94, len=24, padding_size=10, comp=13, payload=13]
nc DEBUG: SSH: channel_write_common: ssh_channel_write wrote 4 bytes
nc DEBUG: SSH: ssh_socket_unbuffered_write: Enabling POLLOUT for socket
nc DEBUG: SSH: ssh_packet_socket_callback: packet: read type 94 [len=24,padding=8,comp=15,payload=15]
nc DEBUG: SSH: ssh_packet_process: Dispatching handler for packet type 94
nc DEBUG: SSH: channel_rcv_data: Channel receiving 6 bytes data in 0 (local win=1225442 remote win=1249971)
nc DEBUG: SSH: channel_default_bufferize: placing 6 bytes into channel buffer (stdout)
nc DEBUG: SSH: channel_rcv_data: Channel windows are now (local win=1225436 remote win=1249971)
nc DEBUG: SSH: ssh_packet_socket_callback: Processing 220 bytes left in socket buffer
nc DEBUG: SSH: ssh_packet_socket_callback: packet: read type 94 [len=200,padding=10,comp=189,payload=189]
nc DEBUG: SSH: ssh_packet_process: Dispatching handler for packet type 94
nc DEBUG: SSH: channel_rcv_data: Channel receiving 180 bytes data in 0 (local win=1225436 remote win=1249971)
nc DEBUG: SSH: channel_default_bufferize: placing 180 bytes into channel buffer (stdout)
nc DEBUG: SSH: channel_rcv_data: Channel windows are now (local win=1225256 remote win=1249971)
nc DEBUG: SSH: ssh_packet_need_rekey: rekey: [data_rekey_needed=0, out_blocks=3906, in_blocks=7543]
nc DEBUG: SSH: ssh_packet_need_rekey: rekey: [data_rekey_needed=0, out_blocks=3906, in_blocks=7543]
nc DEBUG: SSH: ssh_channel_read_timeout: Read (2) buffered : 186 bytes. Window: 1225256
nc DEBUG: SSH: ssh_channel_read_timeout: Read (1) buffered : 184 bytes. Window: 1225256
nc DEBUG: SSH: ssh_channel_read_timeout: Read (1) buffered : 183 bytes. Window: 1225256
nc DEBUG: SSH: ssh_channel_read_timeout: Read (1) buffered : 182 bytes. Window: 1225256
nc DEBUG: SSH: ssh_channel_read_timeout: Read (1) buffered : 181 bytes. Window: 1225256
nc DEBUG: SSH: ssh_channel_read_timeout: Read (180) buffered : 180 bytes. Window: 1225256
nc DEBUG: SSH: ssh_channel_read_timeout: Read (2) buffered : 0 bytes. Window: 1225256
nc DEBUG: SSH: ssh_packet_socket_callback: packet: read type 94 [len=24,padding=10,comp=13,payload=13]
nc DEBUG: SSH: ssh_packet_process: Dispatching handler for packet type 94
nc DEBUG: SSH: channel_rcv_data: Channel receiving 4 bytes data in 0 (local win=1225256 remote win=1249971)
nc DEBUG: SSH: channel_default_bufferize: placing 4 bytes into channel buffer (stdout)
nc DEBUG: SSH: channel_rcv_data: Channel windows are now (local win=1225252 remote win=1249971)
nc DEBUG: SSH: ssh_packet_need_rekey: rekey: [data_rekey_needed=0, out_blocks=3906, in_blocks=7544]
nc DEBUG: SSH: ssh_channel_read_timeout: Read (1) buffered : 2 bytes. Window: 1225252
nc DEBUG: SSH: ssh_channel_read_timeout: Read (1) buffered : 1 bytes. Window: 1225252
nc DEBUG: Received message:
<rpc-reply xmlns="urn:ietf:params:xml:ns:netconf:base:1.0" message-id="102"><next-update-at xmlns="urn:o-ran:supervision:1.0">2026-04-14T11:15:43+00:00</next-update-at></rpc-reply>

DATA
<next-update-at xmlns="urn:o-ran:supervision:1.0">2026-04-14T20:15:43+09:00</next-update-at>

nc DEBUG: Received message:
<notification xmlns="urn:ietf:params:xml:ns:netconf:notification:1.0"><eventTime>2026-04-14T11:15:43Z</eventTime><supervision-notification xmlns="urn:o-ran:supervision:1.0"/></notification>

notification (2026-04-14T11:15:43Z)
<supervision-notification xmlns="urn:o-ran:supervision:1.0"/>

Client SENT :  user-rpc --content /mplane_automation/conformance_test/watchdog.xml
nc DEBUG: Sending message:

#287


nc DEBUG: SSH: ssh_packet_need_rekey: rekey: [data_rekey_needed=0, out_blocks=3907, in_blocks=7571]
nc DEBUG: SSH: ssh_socket_unbuffered_write: Enabling POLLOUT for socket
nc DEBUG: SSH: packet_send2: packet: wrote [type=94, len=24, padding_size=8, comp=15, payload=15]
nc DEBUG: SSH: channel_write_common: ssh_channel_write wrote 6 bytes
nc DEBUG: Sending message:
<rpc xmlns="urn:ietf:params:xml:ns:netconf:base:1.0" message-id="103"><supervision-watchdog-reset xmlns="urn:o-ran:supervision:1.0"><supervision-notification-interval>10</supervision-notification-interval><guard-timer-overhead>10</guard-timer-overhead></supervision-watchdog-reset></rpc>

nc DEBUG: SSH: ssh_packet_need_rekey: rekey: [data_rekey_needed=0, out_blocks=3944, in_blocks=7607]
nc DEBUG: SSH: packet_send2: packet: wrote [type=94, len=304, padding_size=7, comp=296, payload=296]
nc DEBUG: SSH: channel_write_common: ssh_channel_write wrote 287 bytes
nc DEBUG: SSH: ssh_socket_unbuffered_write: Enabling POLLOUT for socket
nc DEBUG: Sending message:

##


nc DEBUG: SSH: ssh_packet_need_rekey: rekey: [data_rekey_needed=0, out_blocks=3945, in_blocks=7571]
nc DEBUG: SSH: packet_send2: packet: wrote [type=94, len=24, padding_size=10, comp=13, payload=13]
nc DEBUG: SSH: channel_write_common: ssh_channel_write wrote 4 bytes
nc DEBUG: SSH: ssh_socket_unbuffered_write: Enabling POLLOUT for socket
nc DEBUG: SSH: ssh_packet_socket_callback: packet: read type 94 [len=24,padding=8,comp=15,payload=15]
nc DEBUG: SSH: ssh_packet_process: Dispatching handler for packet type 94
nc DEBUG: SSH: channel_rcv_data: Channel receiving 6 bytes data in 0 (local win=1225053 remote win=1249674)
nc DEBUG: SSH: channel_default_bufferize: placing 6 bytes into channel buffer (stdout)
nc DEBUG: SSH: channel_rcv_data: Channel windows are now (local win=1225047 remote win=1249674)
nc DEBUG: SSH: ssh_packet_socket_callback: Processing 220 bytes left in socket buffer
nc DEBUG: SSH: ssh_packet_socket_callback: packet: read type 94 [len=200,padding=10,comp=189,payload=189]
nc DEBUG: SSH: ssh_packet_process: Dispatching handler for packet type 94
nc DEBUG: SSH: channel_rcv_data: Channel receiving 180 bytes data in 0 (local win=1225047 remote win=1249674)
nc DEBUG: SSH: channel_default_bufferize: placing 180 bytes into channel buffer (stdout)
nc DEBUG: SSH: channel_rcv_data: Channel windows are now (local win=1224867 remote win=1249674)
nc DEBUG: SSH: ssh_packet_need_rekey: rekey: [data_rekey_needed=0, out_blocks=3945, in_blocks=7594]
nc DEBUG: SSH: ssh_packet_need_rekey: rekey: [data_rekey_needed=0, out_blocks=3945, in_blocks=7594]
nc DEBUG: SSH: ssh_channel_read_timeout: Read (2) buffered : 186 bytes. Window: 1224867
nc DEBUG: SSH: ssh_channel_read_timeout: Read (1) buffered : 184 bytes. Window: 1224867
nc DEBUG: SSH: ssh_channel_read_timeout: Read (1) buffered : 183 bytes. Window: 1224867
nc DEBUG: SSH: ssh_channel_read_timeout: Read (1) buffered : 182 bytes. Window: 1224867
nc DEBUG: SSH: ssh_channel_read_timeout: Read (1) buffered : 181 bytes. Window: 1224867
nc DEBUG: SSH: ssh_channel_read_timeout: Read (180) buffered : 180 bytes. Window: 1224867
nc DEBUG: SSH: ssh_channel_read_timeout: Read (2) buffered : 0 bytes. Window: 1224867
nc DEBUG: SSH: ssh_packet_socket_callback: packet: read type 94 [len=24,padding=10,comp=13,payload=13]
nc DEBUG: SSH: ssh_packet_process: Dispatching handler for packet type 94
nc DEBUG: SSH: channel_rcv_data: Channel receiving 4 bytes data in 0 (local win=1224867 remote win=1249674)
nc DEBUG: SSH: channel_default_bufferize: placing 4 bytes into channel buffer (stdout)
nc DEBUG: SSH: channel_rcv_data: Channel windows are now (local win=1224863 remote win=1249674)
nc DEBUG: SSH: ssh_packet_need_rekey: rekey: [data_rekey_needed=0, out_blocks=3945, in_blocks=7595]
nc DEBUG: SSH: ssh_channel_read_timeout: Read (1) buffered : 2 bytes. Window: 1224863
nc DEBUG: SSH: ssh_channel_read_timeout: Read (1) buffered : 1 bytes. Window: 1224863
nc DEBUG: Received message:
<rpc-reply xmlns="urn:ietf:params:xml:ns:netconf:base:1.0" message-id="103"><next-update-at xmlns="urn:o-ran:supervision:1.0">2026-04-14T11:15:53+00:00</next-update-at></rpc-reply>

DATA
<next-update-at xmlns="urn:o-ran:supervision:1.0">2026-04-14T20:15:53+09:00</next-update-at>

nc DEBUG: Received message:
<notification xmlns="urn:ietf:params:xml:ns:netconf:notification:1.0"><eventTime>2026-04-14T11:15:53Z</eventTime><supervision-notification xmlns="urn:o-ran:supervision:1.0"/></notification>

notification (2026-04-14T11:15:53Z)
<supervision-notification xmlns="urn:o-ran:supervision:1.0"/>

Client SENT :  user-rpc --content /mplane_automation/conformance_test/watchdog.xml
nc DEBUG: Sending message:

#287


nc DEBUG: SSH: ssh_packet_need_rekey: rekey: [data_rekey_needed=0, out_blocks=3946, in_blocks=7622]
nc DEBUG: SSH: ssh_socket_unbuffered_write: Enabling POLLOUT for socket
nc DEBUG: SSH: packet_send2: packet: wrote [type=94, len=24, padding_size=8, comp=15, payload=15]
nc DEBUG: SSH: channel_write_common: ssh_channel_write wrote 6 bytes
nc DEBUG: Sending message:
<rpc xmlns="urn:ietf:params:xml:ns:netconf:base:1.0" message-id="104"><supervision-watchdog-reset xmlns="urn:o-ran:supervision:1.0"><supervision-notification-interval>10</supervision-notification-interval><guard-timer-overhead>10</guard-timer-overhead></supervision-watchdog-reset></rpc>

nc DEBUG: SSH: ssh_packet_need_rekey: rekey: [data_rekey_needed=0, out_blocks=3983, in_blocks=7658]
nc DEBUG: SSH: packet_send2: packet: wrote [type=94, len=304, padding_size=7, comp=296, payload=296]
nc DEBUG: SSH: channel_write_common: ssh_channel_write wrote 287 bytes
nc DEBUG: SSH: ssh_socket_unbuffered_write: Enabling POLLOUT for socket
nc DEBUG: Sending message:

##


nc DEBUG: SSH: ssh_packet_need_rekey: rekey: [data_rekey_needed=0, out_blocks=3984, in_blocks=7622]
nc DEBUG: SSH: packet_send2: packet: wrote [type=94, len=24, padding_size=10, comp=13, payload=13]
nc DEBUG: SSH: channel_write_common: ssh_channel_write wrote 4 bytes
nc DEBUG: SSH: ssh_socket_unbuffered_write: Enabling POLLOUT for socket
nc DEBUG: SSH: ssh_packet_socket_callback: packet: read type 94 [len=24,padding=8,comp=15,payload=15]
nc DEBUG: SSH: ssh_packet_process: Dispatching handler for packet type 94
nc DEBUG: SSH: channel_rcv_data: Channel receiving 6 bytes data in 0 (local win=1224664 remote win=1249377)
nc DEBUG: SSH: channel_default_bufferize: placing 6 bytes into channel buffer (stdout)
nc DEBUG: SSH: channel_rcv_data: Channel windows are now (local win=1224658 remote win=1249377)
nc DEBUG: SSH: ssh_packet_socket_callback: Processing 220 bytes left in socket buffer
nc DEBUG: SSH: ssh_packet_socket_callback: packet: read type 94 [len=200,padding=10,comp=189,payload=189]
nc DEBUG: SSH: ssh_packet_process: Dispatching handler for packet type 94
nc DEBUG: SSH: channel_rcv_data: Channel receiving 180 bytes data in 0 (local win=1224658 remote win=1249377)
nc DEBUG: SSH: channel_default_bufferize: placing 180 bytes into channel buffer (stdout)
nc DEBUG: SSH: channel_rcv_data: Channel windows are now (local win=1224478 remote win=1249377)
nc DEBUG: SSH: ssh_packet_need_rekey: rekey: [data_rekey_needed=0, out_blocks=3984, in_blocks=7645]
nc DEBUG: SSH: ssh_packet_need_rekey: rekey: [data_rekey_needed=0, out_blocks=3984, in_blocks=7645]
nc DEBUG: SSH: ssh_channel_read_timeout: Read (2) buffered : 186 bytes. Window: 1224478
nc DEBUG: SSH: ssh_channel_read_timeout: Read (1) buffered : 184 bytes. Window: 1224478
nc DEBUG: SSH: ssh_channel_read_timeout: Read (1) buffered : 183 bytes. Window: 1224478
nc DEBUG: SSH: ssh_channel_read_timeout: Read (1) buffered : 182 bytes. Window: 1224478
nc DEBUG: SSH: ssh_channel_read_timeout: Read (1) buffered : 181 bytes. Window: 1224478
nc DEBUG: SSH: ssh_channel_read_timeout: Read (180) buffered : 180 bytes. Window: 1224478
nc DEBUG: SSH: ssh_channel_read_timeout: Read (2) buffered : 0 bytes. Window: 1224478
nc DEBUG: SSH: ssh_packet_socket_callback: packet: read type 94 [len=24,padding=10,comp=13,payload=13]
nc DEBUG: SSH: ssh_packet_process: Dispatching handler for packet type 94
nc DEBUG: SSH: channel_rcv_data: Channel receiving 4 bytes data in 0 (local win=1224478 remote win=1249377)
nc DEBUG: SSH: channel_default_bufferize: placing 4 bytes into channel buffer (stdout)
nc DEBUG: SSH: channel_rcv_data: Channel windows are now (local win=1224474 remote win=1249377)
nc DEBUG: SSH: ssh_packet_need_rekey: rekey: [data_rekey_needed=0, out_blocks=3984, in_blocks=7646]
nc DEBUG: SSH: ssh_channel_read_timeout: Read (1) buffered : 2 bytes. Window: 1224474
nc DEBUG: SSH: ssh_channel_read_timeout: Read (1) buffered : 1 bytes. Window: 1224474
nc DEBUG: Received message:
<rpc-reply xmlns="urn:ietf:params:xml:ns:netconf:base:1.0" message-id="104"><next-update-at xmlns="urn:o-ran:supervision:1.0">2026-04-14T11:16:03+00:00</next-update-at></rpc-reply>

DATA
<next-update-at xmlns="urn:o-ran:supervision:1.0">2026-04-14T20:16:03+09:00</next-update-at>

nc DEBUG: Received message:
<notification xmlns="urn:ietf:params:xml:ns:netconf:notification:1.0"><eventTime>2026-04-14T11:16:03Z</eventTime><supervision-notification xmlns="urn:o-ran:supervision:1.0"/></notification>

notification (2026-04-14T11:16:03Z)
<supervision-notification xmlns="urn:o-ran:supervision:1.0"/>

Client SENT :  user-rpc --content /mplane_automation/conformance_test/watchdog.xml
nc DEBUG: Sending message:

#287


nc DEBUG: SSH: ssh_packet_need_rekey: rekey: [data_rekey_needed=0, out_blocks=3985, in_blocks=7673]
nc DEBUG: SSH: ssh_socket_unbuffered_write: Enabling POLLOUT for socket
nc DEBUG: SSH: packet_send2: packet: wrote [type=94, len=24, padding_size=8, comp=15, payload=15]
nc DEBUG: SSH: channel_write_common: ssh_channel_write wrote 6 bytes
nc DEBUG: Sending message:
<rpc xmlns="urn:ietf:params:xml:ns:netconf:base:1.0" message-id="105"><supervision-watchdog-reset xmlns="urn:o-ran:supervision:1.0"><supervision-notification-interval>10</supervision-notification-interval><guard-timer-overhead>10</guard-timer-overhead></supervision-watchdog-reset></rpc>

nc DEBUG: SSH: ssh_packet_need_rekey: rekey: [data_rekey_needed=0, out_blocks=4022, in_blocks=7709]
nc DEBUG: SSH: packet_send2: packet: wrote [type=94, len=304, padding_size=7, comp=296, payload=296]
nc DEBUG: SSH: channel_write_common: ssh_channel_write wrote 287 bytes
nc DEBUG: SSH: ssh_socket_unbuffered_write: Enabling POLLOUT for socket
nc DEBUG: Sending message:

##


nc DEBUG: SSH: ssh_packet_need_rekey: rekey: [data_rekey_needed=0, out_blocks=4023, in_blocks=7673]
nc DEBUG: SSH: packet_send2: packet: wrote [type=94, len=24, padding_size=10, comp=13, payload=13]
nc DEBUG: SSH: channel_write_common: ssh_channel_write wrote 4 bytes
nc DEBUG: SSH: ssh_socket_unbuffered_write: Enabling POLLOUT for socket
nc DEBUG: SSH: ssh_packet_socket_callback: packet: read type 94 [len=24,padding=8,comp=15,payload=15]
nc DEBUG: SSH: ssh_packet_process: Dispatching handler for packet type 94
nc DEBUG: SSH: channel_rcv_data: Channel receiving 6 bytes data in 0 (local win=1224275 remote win=1249080)
nc DEBUG: SSH: channel_default_bufferize: placing 6 bytes into channel buffer (stdout)
nc DEBUG: SSH: channel_rcv_data: Channel windows are now (local win=1224269 remote win=1249080)
nc DEBUG: SSH: ssh_packet_socket_callback: Processing 220 bytes left in socket buffer
nc DEBUG: SSH: ssh_packet_socket_callback: packet: read type 94 [len=200,padding=10,comp=189,payload=189]
nc DEBUG: SSH: ssh_packet_process: Dispatching handler for packet type 94
nc DEBUG: SSH: channel_rcv_data: Channel receiving 180 bytes data in 0 (local win=1224269 remote win=1249080)
nc DEBUG: SSH: channel_default_bufferize: placing 180 bytes into channel buffer (stdout)
nc DEBUG: SSH: channel_rcv_data: Channel windows are now (local win=1224089 remote win=1249080)
nc DEBUG: SSH: ssh_packet_need_rekey: rekey: [data_rekey_needed=0, out_blocks=4023, in_blocks=7696]
nc DEBUG: SSH: ssh_packet_need_rekey: rekey: [data_rekey_needed=0, out_blocks=4023, in_blocks=7696]
nc DEBUG: SSH: ssh_channel_read_timeout: Read (2) buffered : 186 bytes. Window: 1224089
nc DEBUG: SSH: ssh_channel_read_timeout: Read (1) buffered : 184 bytes. Window: 1224089
nc DEBUG: SSH: ssh_channel_read_timeout: Read (1) buffered : 183 bytes. Window: 1224089
nc DEBUG: SSH: ssh_channel_read_timeout: Read (1) buffered : 182 bytes. Window: 1224089
nc DEBUG: SSH: ssh_channel_read_timeout: Read (1) buffered : 181 bytes. Window: 1224089
nc DEBUG: SSH: ssh_channel_read_timeout: Read (180) buffered : 180 bytes. Window: 1224089
nc DEBUG: SSH: ssh_channel_read_timeout: Read (2) buffered : 0 bytes. Window: 1224089
nc DEBUG: SSH: ssh_packet_socket_callback: packet: read type 94 [len=24,padding=10,comp=13,payload=13]
nc DEBUG: SSH: ssh_packet_process: Dispatching handler for packet type 94
nc DEBUG: SSH: channel_rcv_data: Channel receiving 4 bytes data in 0 (local win=1224089 remote win=1249080)
nc DEBUG: SSH: channel_default_bufferize: placing 4 bytes into channel buffer (stdout)
nc DEBUG: SSH: channel_rcv_data: Channel windows are now (local win=1224085 remote win=1249080)
nc DEBUG: SSH: ssh_packet_need_rekey: rekey: [data_rekey_needed=0, out_blocks=4023, in_blocks=7697]
nc DEBUG: SSH: ssh_channel_read_timeout: Read (1) buffered : 2 bytes. Window: 1224085
nc DEBUG: SSH: ssh_channel_read_timeout: Read (1) buffered : 1 bytes. Window: 1224085
nc DEBUG: Received message:
<rpc-reply xmlns="urn:ietf:params:xml:ns:netconf:base:1.0" message-id="105"><next-update-at xmlns="urn:o-ran:supervision:1.0">2026-04-14T11:16:14+00:00</next-update-at></rpc-reply>

DATA
<next-update-at xmlns="urn:o-ran:supervision:1.0">2026-04-14T20:16:14+09:00</next-update-at>

nc DEBUG: Received message:
<notification xmlns="urn:ietf:params:xml:ns:netconf:notification:1.0"><eventTime>2026-04-14T11:16:13Z</eventTime><supervision-notification xmlns="urn:o-ran:supervision:1.0"/></notification>

notification (2026-04-14T11:16:13Z)
<supervision-notification xmlns="urn:o-ran:supervision:1.0"/>

Client SENT :  user-rpc --content /mplane_automation/conformance_test/watchdog.xml
nc DEBUG: Sending message:

#287


nc DEBUG: SSH: ssh_packet_need_rekey: rekey: [data_rekey_needed=0, out_blocks=4024, in_blocks=7724]
nc DEBUG: SSH: ssh_socket_unbuffered_write: Enabling POLLOUT for socket
nc DEBUG: SSH: packet_send2: packet: wrote [type=94, len=24, padding_size=8, comp=15, payload=15]
nc DEBUG: SSH: channel_write_common: ssh_channel_write wrote 6 bytes
nc DEBUG: Sending message:
<rpc xmlns="urn:ietf:params:xml:ns:netconf:base:1.0" message-id="106"><supervision-watchdog-reset xmlns="urn:o-ran:supervision:1.0"><supervision-notification-interval>10</supervision-notification-interval><guard-timer-overhead>10</guard-timer-overhead></supervision-watchdog-reset></rpc>

nc DEBUG: SSH: ssh_packet_need_rekey: rekey: [data_rekey_needed=0, out_blocks=4061, in_blocks=7760]
nc DEBUG: SSH: packet_send2: packet: wrote [type=94, len=304, padding_size=7, comp=296, payload=296]
nc DEBUG: SSH: channel_write_common: ssh_channel_write wrote 287 bytes
nc DEBUG: SSH: ssh_socket_unbuffered_write: Enabling POLLOUT for socket
nc DEBUG: Sending message:

##


nc DEBUG: SSH: ssh_packet_need_rekey: rekey: [data_rekey_needed=0, out_blocks=4062, in_blocks=7724]
nc DEBUG: SSH: packet_send2: packet: wrote [type=94, len=24, padding_size=10, comp=13, payload=13]
nc DEBUG: SSH: channel_write_common: ssh_channel_write wrote 4 bytes
nc DEBUG: SSH: ssh_socket_unbuffered_write: Enabling POLLOUT for socket
nc DEBUG: SSH: ssh_packet_socket_callback: packet: read type 94 [len=24,padding=8,comp=15,payload=15]
nc DEBUG: SSH: ssh_packet_process: Dispatching handler for packet type 94
nc DEBUG: SSH: channel_rcv_data: Channel receiving 6 bytes data in 0 (local win=1223886 remote win=1248783)
nc DEBUG: SSH: channel_default_bufferize: placing 6 bytes into channel buffer (stdout)
nc DEBUG: SSH: channel_rcv_data: Channel windows are now (local win=1223880 remote win=1248783)
nc DEBUG: SSH: ssh_packet_socket_callback: Processing 220 bytes left in socket buffer
nc DEBUG: SSH: ssh_packet_socket_callback: packet: read type 94 [len=200,padding=10,comp=189,payload=189]
nc DEBUG: SSH: ssh_packet_process: Dispatching handler for packet type 94
nc DEBUG: SSH: channel_rcv_data: Channel receiving 180 bytes data in 0 (local win=1223880 remote win=1248783)
nc DEBUG: SSH: channel_default_bufferize: placing 180 bytes into channel buffer (stdout)
nc DEBUG: SSH: channel_rcv_data: Channel windows are now (local win=1223700 remote win=1248783)
nc DEBUG: SSH: ssh_packet_need_rekey: rekey: [data_rekey_needed=0, out_blocks=4062, in_blocks=7747]
nc DEBUG: SSH: ssh_packet_need_rekey: rekey: [data_rekey_needed=0, out_blocks=4062, in_blocks=7747]
nc DEBUG: SSH: ssh_channel_read_timeout: Read (2) buffered : 186 bytes. Window: 1223700
nc DEBUG: SSH: ssh_channel_read_timeout: Read (1) buffered : 184 bytes. Window: 1223700
nc DEBUG: SSH: ssh_channel_read_timeout: Read (1) buffered : 183 bytes. Window: 1223700
nc DEBUG: SSH: ssh_channel_read_timeout: Read (1) buffered : 182 bytes. Window: 1223700
nc DEBUG: SSH: ssh_channel_read_timeout: Read (1) buffered : 181 bytes. Window: 1223700
nc DEBUG: SSH: ssh_channel_read_timeout: Read (180) buffered : 180 bytes. Window: 1223700
nc DEBUG: SSH: ssh_channel_read_timeout: Read (2) buffered : 0 bytes. Window: 1223700
nc DEBUG: SSH: ssh_packet_socket_callback: packet: read type 94 [len=24,padding=10,comp=13,payload=13]
nc DEBUG: SSH: ssh_packet_process: Dispatching handler for packet type 94
nc DEBUG: SSH: channel_rcv_data: Channel receiving 4 bytes data in 0 (local win=1223700 remote win=1248783)
nc DEBUG: SSH: channel_default_bufferize: placing 4 bytes into channel buffer (stdout)
nc DEBUG: SSH: channel_rcv_data: Channel windows are now (local win=1223696 remote win=1248783)
nc DEBUG: SSH: ssh_packet_need_rekey: rekey: [data_rekey_needed=0, out_blocks=4062, in_blocks=7748]
nc DEBUG: SSH: ssh_channel_read_timeout: Read (1) buffered : 2 bytes. Window: 1223696
nc DEBUG: SSH: ssh_channel_read_timeout: Read (1) buffered : 1 bytes. Window: 1223696
nc DEBUG: Received message:
<rpc-reply xmlns="urn:ietf:params:xml:ns:netconf:base:1.0" message-id="106"><next-update-at xmlns="urn:o-ran:supervision:1.0">2026-04-14T11:16:24+00:00</next-update-at></rpc-reply>

DATA
<next-update-at xmlns="urn:o-ran:supervision:1.0">2026-04-14T20:16:24+09:00</next-update-at>

nc DEBUG: Received message:
<notification xmlns="urn:ietf:params:xml:ns:netconf:notification:1.0"><eventTime>2026-04-14T11:16:24Z</eventTime><supervision-notification xmlns="urn:o-ran:supervision:1.0"/></notification>

notification (2026-04-14T11:16:24Z)
<supervision-notification xmlns="urn:o-ran:supervision:1.0"/>

Client SENT :  user-rpc --content /mplane_automation/conformance_test/watchdog.xml
nc DEBUG: Sending message:

#287


nc DEBUG: SSH: ssh_packet_need_rekey: rekey: [data_rekey_needed=0, out_blocks=4063, in_blocks=7775]
nc DEBUG: SSH: ssh_socket_unbuffered_write: Enabling POLLOUT for socket
nc DEBUG: SSH: packet_send2: packet: wrote [type=94, len=24, padding_size=8, comp=15, payload=15]
nc DEBUG: SSH: channel_write_common: ssh_channel_write wrote 6 bytes
nc DEBUG: Sending message:
<rpc xmlns="urn:ietf:params:xml:ns:netconf:base:1.0" message-id="107"><supervision-watchdog-reset xmlns="urn:o-ran:supervision:1.0"><supervision-notification-interval>10</supervision-notification-interval><guard-timer-overhead>10</guard-timer-overhead></supervision-watchdog-reset></rpc>

nc DEBUG: SSH: ssh_packet_need_rekey: rekey: [data_rekey_needed=0, out_blocks=4100, in_blocks=7811]
nc DEBUG: SSH: packet_send2: packet: wrote [type=94, len=304, padding_size=7, comp=296, payload=296]
nc DEBUG: SSH: channel_write_common: ssh_channel_write wrote 287 bytes
nc DEBUG: SSH: ssh_socket_unbuffered_write: Enabling POLLOUT for socket
nc DEBUG: Sending message:

##


nc DEBUG: SSH: ssh_packet_need_rekey: rekey: [data_rekey_needed=0, out_blocks=4101, in_blocks=7775]
nc DEBUG: SSH: packet_send2: packet: wrote [type=94, len=24, padding_size=10, comp=13, payload=13]
nc DEBUG: SSH: channel_write_common: ssh_channel_write wrote 4 bytes
nc DEBUG: SSH: ssh_socket_unbuffered_write: Enabling POLLOUT for socket
nc DEBUG: SSH: ssh_packet_socket_callback: packet: read type 94 [len=24,padding=8,comp=15,payload=15]
nc DEBUG: SSH: ssh_packet_process: Dispatching handler for packet type 94
nc DEBUG: SSH: channel_rcv_data: Channel receiving 6 bytes data in 0 (local win=1223497 remote win=1248486)
nc DEBUG: SSH: channel_default_bufferize: placing 6 bytes into channel buffer (stdout)
nc DEBUG: SSH: channel_rcv_data: Channel windows are now (local win=1223491 remote win=1248486)
nc DEBUG: SSH: ssh_packet_socket_callback: Processing 220 bytes left in socket buffer
nc DEBUG: SSH: ssh_packet_socket_callback: packet: read type 94 [len=200,padding=10,comp=189,payload=189]
nc DEBUG: SSH: ssh_packet_process: Dispatching handler for packet type 94
nc DEBUG: SSH: channel_rcv_data: Channel receiving 180 bytes data in 0 (local win=1223491 remote win=1248486)
nc DEBUG: SSH: channel_default_bufferize: placing 180 bytes into channel buffer (stdout)
nc DEBUG: SSH: channel_rcv_data: Channel windows are now (local win=1223311 remote win=1248486)
nc DEBUG: SSH: ssh_packet_need_rekey: rekey: [data_rekey_needed=0, out_blocks=4101, in_blocks=7798]
nc DEBUG: SSH: ssh_packet_need_rekey: rekey: [data_rekey_needed=0, out_blocks=4101, in_blocks=7798]
nc DEBUG: SSH: ssh_channel_read_timeout: Read (2) buffered : 186 bytes. Window: 1223311
nc DEBUG: SSH: ssh_channel_read_timeout: Read (1) buffered : 184 bytes. Window: 1223311
nc DEBUG: SSH: ssh_channel_read_timeout: Read (1) buffered : 183 bytes. Window: 1223311
nc DEBUG: SSH: ssh_channel_read_timeout: Read (1) buffered : 182 bytes. Window: 1223311
nc DEBUG: SSH: ssh_channel_read_timeout: Read (1) buffered : 181 bytes. Window: 1223311
nc DEBUG: SSH: ssh_channel_read_timeout: Read (180) buffered : 180 bytes. Window: 1223311
nc DEBUG: SSH: ssh_channel_read_timeout: Read (2) buffered : 0 bytes. Window: 1223311
nc DEBUG: SSH: ssh_packet_socket_callback: packet: read type 94 [len=24,padding=10,comp=13,payload=13]
nc DEBUG: SSH: ssh_packet_process: Dispatching handler for packet type 94
nc DEBUG: SSH: channel_rcv_data: Channel receiving 4 bytes data in 0 (local win=1223311 remote win=1248486)
nc DEBUG: SSH: channel_default_bufferize: placing 4 bytes into channel buffer (stdout)
nc DEBUG: SSH: channel_rcv_data: Channel windows are now (local win=1223307 remote win=1248486)
nc DEBUG: SSH: ssh_packet_need_rekey: rekey: [data_rekey_needed=0, out_blocks=4101, in_blocks=7799]
nc DEBUG: SSH: ssh_channel_read_timeout: Read (1) buffered : 2 bytes. Window: 1223307
nc DEBUG: SSH: ssh_channel_read_timeout: Read (1) buffered : 1 bytes. Window: 1223307
nc DEBUG: Received message:
<rpc-reply xmlns="urn:ietf:params:xml:ns:netconf:base:1.0" message-id="107"><next-update-at xmlns="urn:o-ran:supervision:1.0">2026-04-14T11:16:34+00:00</next-update-at></rpc-reply>

DATA
<next-update-at xmlns="urn:o-ran:supervision:1.0">2026-04-14T20:16:34+09:00</next-update-at>

nc DEBUG: Received message:
<notification xmlns="urn:ietf:params:xml:ns:netconf:notification:1.0"><eventTime>2026-04-14T11:16:34Z</eventTime><supervision-notification xmlns="urn:o-ran:supervision:1.0"/></notification>

notification (2026-04-14T11:16:34Z)
<supervision-notification xmlns="urn:o-ran:supervision:1.0"/>

Client SENT :  user-rpc --content /mplane_automation/conformance_test/watchdog.xml
nc DEBUG: Sending message:

#287


nc DEBUG: SSH: ssh_packet_need_rekey: rekey: [data_rekey_needed=0, out_blocks=4102, in_blocks=7826]
nc DEBUG: SSH: ssh_socket_unbuffered_write: Enabling POLLOUT for socket
nc DEBUG: SSH: packet_send2: packet: wrote [type=94, len=24, padding_size=8, comp=15, payload=15]
nc DEBUG: SSH: channel_write_common: ssh_channel_write wrote 6 bytes
nc DEBUG: Sending message:
<rpc xmlns="urn:ietf:params:xml:ns:netconf:base:1.0" message-id="108"><supervision-watchdog-reset xmlns="urn:o-ran:supervision:1.0"><supervision-notification-interval>10</supervision-notification-interval><guard-timer-overhead>10</guard-timer-overhead></supervision-watchdog-reset></rpc>

nc DEBUG: SSH: ssh_packet_need_rekey: rekey: [data_rekey_needed=0, out_blocks=4139, in_blocks=7862]
nc DEBUG: SSH: packet_send2: packet: wrote [type=94, len=304, padding_size=7, comp=296, payload=296]
nc DEBUG: SSH: channel_write_common: ssh_channel_write wrote 287 bytes
nc DEBUG: SSH: ssh_socket_unbuffered_write: Enabling POLLOUT for socket
nc DEBUG: Sending message:

##


nc DEBUG: SSH: ssh_packet_need_rekey: rekey: [data_rekey_needed=0, out_blocks=4140, in_blocks=7826]
nc DEBUG: SSH: packet_send2: packet: wrote [type=94, len=24, padding_size=10, comp=13, payload=13]
nc DEBUG: SSH: channel_write_common: ssh_channel_write wrote 4 bytes
nc DEBUG: SSH: ssh_socket_unbuffered_write: Enabling POLLOUT for socket
nc DEBUG: SSH: ssh_packet_socket_callback: packet: read type 94 [len=24,padding=8,comp=15,payload=15]
nc DEBUG: SSH: ssh_packet_process: Dispatching handler for packet type 94
nc DEBUG: SSH: channel_rcv_data: Channel receiving 6 bytes data in 0 (local win=1223108 remote win=1248189)
nc DEBUG: SSH: channel_default_bufferize: placing 6 bytes into channel buffer (stdout)
nc DEBUG: SSH: channel_rcv_data: Channel windows are now (local win=1223102 remote win=1248189)
nc DEBUG: SSH: ssh_packet_need_rekey: rekey: [data_rekey_needed=0, out_blocks=4140, in_blocks=7826]
nc DEBUG: SSH: ssh_channel_read_timeout: Read (2) buffered : 6 bytes. Window: 1223102
nc DEBUG: SSH: ssh_channel_read_timeout: Read (1) buffered : 4 bytes. Window: 1223102
nc DEBUG: SSH: ssh_channel_read_timeout: Read (1) buffered : 3 bytes. Window: 1223102
nc DEBUG: SSH: ssh_channel_read_timeout: Read (1) buffered : 2 bytes. Window: 1223102
nc DEBUG: SSH: ssh_channel_read_timeout: Read (1) buffered : 1 bytes. Window: 1223102
nc DEBUG: SSH: ssh_channel_read_timeout: Read (180) buffered : 0 bytes. Window: 1223102
nc DEBUG: SSH: ssh_packet_socket_callback: packet: read type 94 [len=200,padding=10,comp=189,payload=189]
nc DEBUG: SSH: ssh_packet_process: Dispatching handler for packet type 94
nc DEBUG: SSH: channel_rcv_data: Channel receiving 180 bytes data in 0 (local win=1223102 remote win=1248189)
nc DEBUG: SSH: channel_default_bufferize: placing 180 bytes into channel buffer (stdout)
nc DEBUG: SSH: channel_rcv_data: Channel windows are now (local win=1222922 remote win=1248189)
nc DEBUG: SSH: ssh_packet_socket_callback: Processing 44 bytes left in socket buffer
nc DEBUG: SSH: ssh_packet_socket_callback: packet: read type 94 [len=24,padding=10,comp=13,payload=13]
nc DEBUG: SSH: ssh_packet_process: Dispatching handler for packet type 94
nc DEBUG: SSH: channel_rcv_data: Channel receiving 4 bytes data in 0 (local win=1222922 remote win=1248189)
nc DEBUG: SSH: channel_default_bufferize: placing 4 bytes into channel buffer (stdout)
nc DEBUG: SSH: channel_rcv_data: Channel windows are now (local win=1222918 remote win=1248189)
nc DEBUG: SSH: ssh_packet_need_rekey: rekey: [data_rekey_needed=0, out_blocks=4140, in_blocks=7850]
nc DEBUG: SSH: ssh_packet_need_rekey: rekey: [data_rekey_needed=0, out_blocks=4140, in_blocks=7850]
nc DEBUG: SSH: ssh_channel_read_timeout: Read (2) buffered : 4 bytes. Window: 1222918
nc DEBUG: SSH: ssh_channel_read_timeout: Read (1) buffered : 2 bytes. Window: 1222918
nc DEBUG: SSH: ssh_channel_read_timeout: Read (1) buffered : 1 bytes. Window: 1222918
nc DEBUG: Received message:
<rpc-reply xmlns="urn:ietf:params:xml:ns:netconf:base:1.0" message-id="108"><next-update-at xmlns="urn:o-ran:supervision:1.0">2026-04-14T11:16:44+00:00</next-update-at></rpc-reply>

DATA
<next-update-at xmlns="urn:o-ran:supervision:1.0">2026-04-14T20:16:44+09:00</next-update-at>

nc DEBUG: Received message:
<notification xmlns="urn:ietf:params:xml:ns:netconf:notification:1.0"><eventTime>2026-04-14T11:16:44Z</eventTime><supervision-notification xmlns="urn:o-ran:supervision:1.0"/></notification>

notification (2026-04-14T11:16:44Z)
<supervision-notification xmlns="urn:o-ran:supervision:1.0"/>

Client SENT :  user-rpc --content /mplane_automation/conformance_test/watchdog.xml
nc DEBUG: Sending message:

#287


nc DEBUG: SSH: ssh_packet_need_rekey: rekey: [data_rekey_needed=0, out_blocks=4141, in_blocks=7877]
nc DEBUG: SSH: ssh_socket_unbuffered_write: Enabling POLLOUT for socket
nc DEBUG: SSH: packet_send2: packet: wrote [type=94, len=24, padding_size=8, comp=15, payload=15]
nc DEBUG: SSH: channel_write_common: ssh_channel_write wrote 6 bytes
nc DEBUG: Sending message:
<rpc xmlns="urn:ietf:params:xml:ns:netconf:base:1.0" message-id="109"><supervision-watchdog-reset xmlns="urn:o-ran:supervision:1.0"><supervision-notification-interval>10</supervision-notification-interval><guard-timer-overhead>10</guard-timer-overhead></supervision-watchdog-reset></rpc>

nc DEBUG: SSH: ssh_packet_need_rekey: rekey: [data_rekey_needed=0, out_blocks=4178, in_blocks=7913]
nc DEBUG: SSH: packet_send2: packet: wrote [type=94, len=304, padding_size=7, comp=296, payload=296]
nc DEBUG: SSH: channel_write_common: ssh_channel_write wrote 287 bytes
nc DEBUG: SSH: ssh_socket_unbuffered_write: Enabling POLLOUT for socket
nc DEBUG: Sending message:

##


nc DEBUG: SSH: ssh_packet_need_rekey: rekey: [data_rekey_needed=0, out_blocks=4179, in_blocks=7877]
nc DEBUG: SSH: packet_send2: packet: wrote [type=94, len=24, padding_size=10, comp=13, payload=13]
nc DEBUG: SSH: channel_write_common: ssh_channel_write wrote 4 bytes
nc DEBUG: SSH: ssh_socket_unbuffered_write: Enabling POLLOUT for socket
nc DEBUG: SSH: ssh_packet_socket_callback: packet: read type 94 [len=24,padding=8,comp=15,payload=15]
nc DEBUG: SSH: ssh_packet_process: Dispatching handler for packet type 94
nc DEBUG: SSH: channel_rcv_data: Channel receiving 6 bytes data in 0 (local win=1222719 remote win=1247892)
nc DEBUG: SSH: channel_default_bufferize: placing 6 bytes into channel buffer (stdout)
nc DEBUG: SSH: channel_rcv_data: Channel windows are now (local win=1222713 remote win=1247892)
nc DEBUG: SSH: ssh_packet_socket_callback: Processing 220 bytes left in socket buffer
nc DEBUG: SSH: ssh_packet_socket_callback: packet: read type 94 [len=200,padding=10,comp=189,payload=189]
nc DEBUG: SSH: ssh_packet_process: Dispatching handler for packet type 94
nc DEBUG: SSH: channel_rcv_data: Channel receiving 180 bytes data in 0 (local win=1222713 remote win=1247892)
nc DEBUG: SSH: channel_default_bufferize: placing 180 bytes into channel buffer (stdout)
nc DEBUG: SSH: channel_rcv_data: Channel windows are now (local win=1222533 remote win=1247892)
nc DEBUG: SSH: ssh_packet_need_rekey: rekey: [data_rekey_needed=0, out_blocks=4179, in_blocks=7900]
nc DEBUG: SSH: ssh_packet_need_rekey: rekey: [data_rekey_needed=0, out_blocks=4179, in_blocks=7900]
nc DEBUG: SSH: ssh_channel_read_timeout: Read (2) buffered : 186 bytes. Window: 1222533
nc DEBUG: SSH: ssh_channel_read_timeout: Read (1) buffered : 184 bytes. Window: 1222533
nc DEBUG: SSH: ssh_channel_read_timeout: Read (1) buffered : 183 bytes. Window: 1222533
nc DEBUG: SSH: ssh_channel_read_timeout: Read (1) buffered : 182 bytes. Window: 1222533
nc DEBUG: SSH: ssh_channel_read_timeout: Read (1) buffered : 181 bytes. Window: 1222533
nc DEBUG: SSH: ssh_channel_read_timeout: Read (180) buffered : 180 bytes. Window: 1222533
nc DEBUG: SSH: ssh_channel_read_timeout: Read (2) buffered : 0 bytes. Window: 1222533
nc DEBUG: SSH: ssh_packet_socket_callback: packet: read type 94 [len=24,padding=10,comp=13,payload=13]
nc DEBUG: SSH: ssh_packet_process: Dispatching handler for packet type 94
nc DEBUG: SSH: channel_rcv_data: Channel receiving 4 bytes data in 0 (local win=1222533 remote win=1247892)
nc DEBUG: SSH: channel_default_bufferize: placing 4 bytes into channel buffer (stdout)
nc DEBUG: SSH: channel_rcv_data: Channel windows are now (local win=1222529 remote win=1247892)
nc DEBUG: SSH: ssh_packet_need_rekey: rekey: [data_rekey_needed=0, out_blocks=4179, in_blocks=7901]
nc DEBUG: SSH: ssh_channel_read_timeout: Read (1) buffered : 2 bytes. Window: 1222529
nc DEBUG: SSH: ssh_channel_read_timeout: Read (1) buffered : 1 bytes. Window: 1222529
nc DEBUG: Received message:
<rpc-reply xmlns="urn:ietf:params:xml:ns:netconf:base:1.0" message-id="109"><next-update-at xmlns="urn:o-ran:supervision:1.0">2026-04-14T11:16:54+00:00</next-update-at></rpc-reply>

DATA
<next-update-at xmlns="urn:o-ran:supervision:1.0">2026-04-14T20:16:54+09:00</next-update-at>

nc DEBUG: Received message:
<notification xmlns="urn:ietf:params:xml:ns:netconf:notification:1.0"><eventTime>2026-04-14T11:16:54Z</eventTime><supervision-notification xmlns="urn:o-ran:supervision:1.0"/></notification>

notification (2026-04-14T11:16:54Z)
<supervision-notification xmlns="urn:o-ran:supervision:1.0"/>

Client SENT :  user-rpc --content /mplane_automation/conformance_test/watchdog.xml
nc DEBUG: Sending message:

#287


nc DEBUG: SSH: ssh_packet_need_rekey: rekey: [data_rekey_needed=0, out_blocks=4180, in_blocks=7928]
nc DEBUG: SSH: ssh_socket_unbuffered_write: Enabling POLLOUT for socket
nc DEBUG: SSH: packet_send2: packet: wrote [type=94, len=24, padding_size=8, comp=15, payload=15]
nc DEBUG: SSH: channel_write_common: ssh_channel_write wrote 6 bytes
nc DEBUG: Sending message:
<rpc xmlns="urn:ietf:params:xml:ns:netconf:base:1.0" message-id="110"><supervision-watchdog-reset xmlns="urn:o-ran:supervision:1.0"><supervision-notification-interval>10</supervision-notification-interval><guard-timer-overhead>10</guard-timer-overhead></supervision-watchdog-reset></rpc>

nc DEBUG: SSH: ssh_packet_need_rekey: rekey: [data_rekey_needed=0, out_blocks=4217, in_blocks=7964]
nc DEBUG: SSH: packet_send2: packet: wrote [type=94, len=304, padding_size=7, comp=296, payload=296]
nc DEBUG: SSH: channel_write_common: ssh_channel_write wrote 287 bytes
nc DEBUG: SSH: ssh_socket_unbuffered_write: Enabling POLLOUT for socket
nc DEBUG: Sending message:

##


nc DEBUG: SSH: ssh_packet_need_rekey: rekey: [data_rekey_needed=0, out_blocks=4218, in_blocks=7928]
nc DEBUG: SSH: packet_send2: packet: wrote [type=94, len=24, padding_size=10, comp=13, payload=13]
nc DEBUG: SSH: channel_write_common: ssh_channel_write wrote 4 bytes
nc DEBUG: SSH: ssh_socket_unbuffered_write: Enabling POLLOUT for socket
nc DEBUG: SSH: ssh_packet_socket_callback: packet: read type 94 [len=24,padding=8,comp=15,payload=15]
nc DEBUG: SSH: ssh_packet_process: Dispatching handler for packet type 94
nc DEBUG: SSH: channel_rcv_data: Channel receiving 6 bytes data in 0 (local win=1222330 remote win=1247595)
nc DEBUG: SSH: channel_default_bufferize: placing 6 bytes into channel buffer (stdout)
nc DEBUG: SSH: channel_rcv_data: Channel windows are now (local win=1222324 remote win=1247595)
nc DEBUG: SSH: ssh_packet_socket_callback: Processing 220 bytes left in socket buffer
nc DEBUG: SSH: ssh_packet_socket_callback: packet: read type 94 [len=200,padding=10,comp=189,payload=189]
nc DEBUG: SSH: ssh_packet_process: Dispatching handler for packet type 94
nc DEBUG: SSH: channel_rcv_data: Channel receiving 180 bytes data in 0 (local win=1222324 remote win=1247595)
nc DEBUG: SSH: channel_default_bufferize: placing 180 bytes into channel buffer (stdout)
nc DEBUG: SSH: channel_rcv_data: Channel windows are now (local win=1222144 remote win=1247595)
nc DEBUG: SSH: ssh_packet_need_rekey: rekey: [data_rekey_needed=0, out_blocks=4218, in_blocks=7951]
nc DEBUG: SSH: ssh_packet_need_rekey: rekey: [data_rekey_needed=0, out_blocks=4218, in_blocks=7951]
nc DEBUG: SSH: ssh_channel_read_timeout: Read (2) buffered : 186 bytes. Window: 1222144
nc DEBUG: SSH: ssh_channel_read_timeout: Read (1) buffered : 184 bytes. Window: 1222144
nc DEBUG: SSH: ssh_channel_read_timeout: Read (1) buffered : 183 bytes. Window: 1222144
nc DEBUG: SSH: ssh_channel_read_timeout: Read (1) buffered : 182 bytes. Window: 1222144
nc DEBUG: SSH: ssh_channel_read_timeout: Read (1) buffered : 181 bytes. Window: 1222144
nc DEBUG: SSH: ssh_channel_read_timeout: Read (180) buffered : 180 bytes. Window: 1222144
nc DEBUG: SSH: ssh_channel_read_timeout: Read (2) buffered : 0 bytes. Window: 1222144
nc DEBUG: SSH: ssh_packet_socket_callback: packet: read type 94 [len=24,padding=10,comp=13,payload=13]
nc DEBUG: SSH: ssh_packet_process: Dispatching handler for packet type 94
nc DEBUG: SSH: channel_rcv_data: Channel receiving 4 bytes data in 0 (local win=1222144 remote win=1247595)
nc DEBUG: SSH: channel_default_bufferize: placing 4 bytes into channel buffer (stdout)
nc DEBUG: SSH: channel_rcv_data: Channel windows are now (local win=1222140 remote win=1247595)
nc DEBUG: SSH: ssh_packet_need_rekey: rekey: [data_rekey_needed=0, out_blocks=4218, in_blocks=7952]
nc DEBUG: SSH: ssh_channel_read_timeout: Read (1) buffered : 2 bytes. Window: 1222140
nc DEBUG: SSH: ssh_channel_read_timeout: Read (1) buffered : 1 bytes. Window: 1222140
nc DEBUG: Received message:
<rpc-reply xmlns="urn:ietf:params:xml:ns:netconf:base:1.0" message-id="110"><next-update-at xmlns="urn:o-ran:supervision:1.0">2026-04-14T11:17:04+00:00</next-update-at></rpc-reply>

DATA
<next-update-at xmlns="urn:o-ran:supervision:1.0">2026-04-14T20:17:04+09:00</next-update-at>

nc DEBUG: Received message:
<notification xmlns="urn:ietf:params:xml:ns:netconf:notification:1.0"><eventTime>2026-04-14T11:17:04Z</eventTime><supervision-notification xmlns="urn:o-ran:supervision:1.0"/></notification>

notification (2026-04-14T11:17:04Z)
<supervision-notification xmlns="urn:o-ran:supervision:1.0"/>

Client SENT :  user-rpc --content /mplane_automation/conformance_test/watchdog.xml
nc DEBUG: Sending message:

#287


nc DEBUG: SSH: ssh_packet_need_rekey: rekey: [data_rekey_needed=0, out_blocks=4219, in_blocks=7979]
nc DEBUG: SSH: ssh_socket_unbuffered_write: Enabling POLLOUT for socket
nc DEBUG: SSH: packet_send2: packet: wrote [type=94, len=24, padding_size=8, comp=15, payload=15]
nc DEBUG: SSH: channel_write_common: ssh_channel_write wrote 6 bytes
nc DEBUG: Sending message:
<rpc xmlns="urn:ietf:params:xml:ns:netconf:base:1.0" message-id="111"><supervision-watchdog-reset xmlns="urn:o-ran:supervision:1.0"><supervision-notification-interval>10</supervision-notification-interval><guard-timer-overhead>10</guard-timer-overhead></supervision-watchdog-reset></rpc>

nc DEBUG: SSH: ssh_packet_need_rekey: rekey: [data_rekey_needed=0, out_blocks=4256, in_blocks=8015]
nc DEBUG: SSH: packet_send2: packet: wrote [type=94, len=304, padding_size=7, comp=296, payload=296]
nc DEBUG: SSH: channel_write_common: ssh_channel_write wrote 287 bytes
nc DEBUG: SSH: ssh_socket_unbuffered_write: Enabling POLLOUT for socket
nc DEBUG: Sending message:

##


nc DEBUG: SSH: ssh_packet_need_rekey: rekey: [data_rekey_needed=0, out_blocks=4257, in_blocks=7979]
nc DEBUG: SSH: packet_send2: packet: wrote [type=94, len=24, padding_size=10, comp=13, payload=13]
nc DEBUG: SSH: channel_write_common: ssh_channel_write wrote 4 bytes
nc DEBUG: SSH: ssh_socket_unbuffered_write: Enabling POLLOUT for socket
nc DEBUG: SSH: ssh_packet_socket_callback: packet: read type 94 [len=24,padding=8,comp=15,payload=15]
nc DEBUG: SSH: ssh_packet_process: Dispatching handler for packet type 94
nc DEBUG: SSH: channel_rcv_data: Channel receiving 6 bytes data in 0 (local win=1221941 remote win=1247298)
nc DEBUG: SSH: channel_default_bufferize: placing 6 bytes into channel buffer (stdout)
nc DEBUG: SSH: channel_rcv_data: Channel windows are now (local win=1221935 remote win=1247298)
nc DEBUG: SSH: ssh_packet_socket_callback: Processing 220 bytes left in socket buffer
nc DEBUG: SSH: ssh_packet_socket_callback: packet: read type 94 [len=200,padding=10,comp=189,payload=189]
nc DEBUG: SSH: ssh_packet_process: Dispatching handler for packet type 94
nc DEBUG: SSH: channel_rcv_data: Channel receiving 180 bytes data in 0 (local win=1221935 remote win=1247298)
nc DEBUG: SSH: channel_default_bufferize: placing 180 bytes into channel buffer (stdout)
nc DEBUG: SSH: channel_rcv_data: Channel windows are now (local win=1221755 remote win=1247298)
nc DEBUG: SSH: ssh_packet_need_rekey: rekey: [data_rekey_needed=0, out_blocks=4257, in_blocks=8002]
nc DEBUG: SSH: ssh_packet_need_rekey: rekey: [data_rekey_needed=0, out_blocks=4257, in_blocks=8002]
nc DEBUG: SSH: ssh_channel_read_timeout: Read (2) buffered : 186 bytes. Window: 1221755
nc DEBUG: SSH: ssh_channel_read_timeout: Read (1) buffered : 184 bytes. Window: 1221755
nc DEBUG: SSH: ssh_channel_read_timeout: Read (1) buffered : 183 bytes. Window: 1221755
nc DEBUG: SSH: ssh_channel_read_timeout: Read (1) buffered : 182 bytes. Window: 1221755
nc DEBUG: SSH: ssh_channel_read_timeout: Read (1) buffered : 181 bytes. Window: 1221755
nc DEBUG: SSH: ssh_channel_read_timeout: Read (180) buffered : 180 bytes. Window: 1221755
nc DEBUG: SSH: ssh_channel_read_timeout: Read (2) buffered : 0 bytes. Window: 1221755
nc DEBUG: SSH: ssh_packet_socket_callback: packet: read type 94 [len=24,padding=10,comp=13,payload=13]
nc DEBUG: SSH: ssh_packet_process: Dispatching handler for packet type 94
nc DEBUG: SSH: channel_rcv_data: Channel receiving 4 bytes data in 0 (local win=1221755 remote win=1247298)
nc DEBUG: SSH: channel_default_bufferize: placing 4 bytes into channel buffer (stdout)
nc DEBUG: SSH: channel_rcv_data: Channel windows are now (local win=1221751 remote win=1247298)
nc DEBUG: SSH: ssh_packet_need_rekey: rekey: [data_rekey_needed=0, out_blocks=4257, in_blocks=8003]
nc DEBUG: SSH: ssh_channel_read_timeout: Read (1) buffered : 2 bytes. Window: 1221751
nc DEBUG: SSH: ssh_channel_read_timeout: Read (1) buffered : 1 bytes. Window: 1221751
nc DEBUG: Received message:
<rpc-reply xmlns="urn:ietf:params:xml:ns:netconf:base:1.0" message-id="111"><next-update-at xmlns="urn:o-ran:supervision:1.0">2026-04-14T11:17:14+00:00</next-update-at></rpc-reply>

DATA
<next-update-at xmlns="urn:o-ran:supervision:1.0">2026-04-14T20:17:14+09:00</next-update-at>

nc DEBUG: Received message:
<notification xmlns="urn:ietf:params:xml:ns:netconf:notification:1.0"><eventTime>2026-04-14T11:17:14Z</eventTime><supervision-notification xmlns="urn:o-ran:supervision:1.0"/></notification>

notification (2026-04-14T11:17:14Z)
<supervision-notification xmlns="urn:o-ran:supervision:1.0"/>

Client SENT :  user-rpc --content /mplane_automation/conformance_test/watchdog.xml
nc DEBUG: Sending message:

#287


nc DEBUG: SSH: ssh_packet_need_rekey: rekey: [data_rekey_needed=0, out_blocks=4258, in_blocks=8030]
nc DEBUG: SSH: ssh_socket_unbuffered_write: Enabling POLLOUT for socket
nc DEBUG: SSH: packet_send2: packet: wrote [type=94, len=24, padding_size=8, comp=15, payload=15]
nc DEBUG: SSH: channel_write_common: ssh_channel_write wrote 6 bytes
nc DEBUG: Sending message:
<rpc xmlns="urn:ietf:params:xml:ns:netconf:base:1.0" message-id="112"><supervision-watchdog-reset xmlns="urn:o-ran:supervision:1.0"><supervision-notification-interval>10</supervision-notification-interval><guard-timer-overhead>10</guard-timer-overhead></supervision-watchdog-reset></rpc>

nc DEBUG: SSH: ssh_packet_need_rekey: rekey: [data_rekey_needed=0, out_blocks=4295, in_blocks=8066]
nc DEBUG: SSH: packet_send2: packet: wrote [type=94, len=304, padding_size=7, comp=296, payload=296]
nc DEBUG: SSH: channel_write_common: ssh_channel_write wrote 287 bytes
nc DEBUG: SSH: ssh_socket_unbuffered_write: Enabling POLLOUT for socket
nc DEBUG: Sending message:

##


nc DEBUG: SSH: ssh_packet_need_rekey: rekey: [data_rekey_needed=0, out_blocks=4296, in_blocks=8030]
nc DEBUG: SSH: packet_send2: packet: wrote [type=94, len=24, padding_size=10, comp=13, payload=13]
nc DEBUG: SSH: channel_write_common: ssh_channel_write wrote 4 bytes
nc DEBUG: SSH: ssh_socket_unbuffered_write: Enabling POLLOUT for socket
nc DEBUG: SSH: ssh_packet_socket_callback: packet: read type 94 [len=24,padding=8,comp=15,payload=15]
nc DEBUG: SSH: ssh_packet_process: Dispatching handler for packet type 94
nc DEBUG: SSH: channel_rcv_data: Channel receiving 6 bytes data in 0 (local win=1221552 remote win=1247001)
nc DEBUG: SSH: channel_default_bufferize: placing 6 bytes into channel buffer (stdout)
nc DEBUG: SSH: channel_rcv_data: Channel windows are now (local win=1221546 remote win=1247001)
nc DEBUG: SSH: ssh_packet_socket_callback: Processing 220 bytes left in socket buffer
nc DEBUG: SSH: ssh_packet_socket_callback: packet: read type 94 [len=200,padding=10,comp=189,payload=189]
nc DEBUG: SSH: ssh_packet_process: Dispatching handler for packet type 94
nc DEBUG: SSH: channel_rcv_data: Channel receiving 180 bytes data in 0 (local win=1221546 remote win=1247001)
nc DEBUG: SSH: channel_default_bufferize: placing 180 bytes into channel buffer (stdout)
nc DEBUG: SSH: channel_rcv_data: Channel windows are now (local win=1221366 remote win=1247001)
nc DEBUG: SSH: ssh_packet_need_rekey: rekey: [data_rekey_needed=0, out_blocks=4296, in_blocks=8053]
nc DEBUG: SSH: ssh_packet_need_rekey: rekey: [data_rekey_needed=0, out_blocks=4296, in_blocks=8053]
nc DEBUG: SSH: ssh_channel_read_timeout: Read (2) buffered : 186 bytes. Window: 1221366
nc DEBUG: SSH: ssh_channel_read_timeout: Read (1) buffered : 184 bytes. Window: 1221366
nc DEBUG: SSH: ssh_channel_read_timeout: Read (1) buffered : 183 bytes. Window: 1221366
nc DEBUG: SSH: ssh_channel_read_timeout: Read (1) buffered : 182 bytes. Window: 1221366
nc DEBUG: SSH: ssh_channel_read_timeout: Read (1) buffered : 181 bytes. Window: 1221366
nc DEBUG: SSH: ssh_channel_read_timeout: Read (180) buffered : 180 bytes. Window: 1221366
nc DEBUG: SSH: ssh_channel_read_timeout: Read (2) buffered : 0 bytes. Window: 1221366
nc DEBUG: SSH: ssh_packet_socket_callback: packet: read type 94 [len=24,padding=10,comp=13,payload=13]
nc DEBUG: SSH: ssh_packet_process: Dispatching handler for packet type 94
nc DEBUG: SSH: channel_rcv_data: Channel receiving 4 bytes data in 0 (local win=1221366 remote win=1247001)
nc DEBUG: SSH: channel_default_bufferize: placing 4 bytes into channel buffer (stdout)
nc DEBUG: SSH: channel_rcv_data: Channel windows are now (local win=1221362 remote win=1247001)
nc DEBUG: SSH: ssh_packet_need_rekey: rekey: [data_rekey_needed=0, out_blocks=4296, in_blocks=8054]
nc DEBUG: SSH: ssh_channel_read_timeout: Read (1) buffered : 2 bytes. Window: 1221362
nc DEBUG: SSH: ssh_channel_read_timeout: Read (1) buffered : 1 bytes. Window: 1221362
nc DEBUG: Received message:
<rpc-reply xmlns="urn:ietf:params:xml:ns:netconf:base:1.0" message-id="112"><next-update-at xmlns="urn:o-ran:supervision:1.0">2026-04-14T11:17:24+00:00</next-update-at></rpc-reply>

DATA
<next-update-at xmlns="urn:o-ran:supervision:1.0">2026-04-14T20:17:24+09:00</next-update-at>

nc DEBUG: Received message:
<notification xmlns="urn:ietf:params:xml:ns:netconf:notification:1.0"><eventTime>2026-04-14T11:17:24Z</eventTime><supervision-notification xmlns="urn:o-ran:supervision:1.0"/></notification>

notification (2026-04-14T11:17:24Z)
<supervision-notification xmlns="urn:o-ran:supervision:1.0"/>

Client SENT :  user-rpc --content /mplane_automation/conformance_test/watchdog.xml
nc DEBUG: Sending message:

#287


nc DEBUG: SSH: ssh_packet_need_rekey: rekey: [data_rekey_needed=0, out_blocks=4297, in_blocks=8081]
nc DEBUG: SSH: ssh_socket_unbuffered_write: Enabling POLLOUT for socket
nc DEBUG: SSH: packet_send2: packet: wrote [type=94, len=24, padding_size=8, comp=15, payload=15]
nc DEBUG: SSH: channel_write_common: ssh_channel_write wrote 6 bytes
nc DEBUG: Sending message:
<rpc xmlns="urn:ietf:params:xml:ns:netconf:base:1.0" message-id="113"><supervision-watchdog-reset xmlns="urn:o-ran:supervision:1.0"><supervision-notification-interval>10</supervision-notification-interval><guard-timer-overhead>10</guard-timer-overhead></supervision-watchdog-reset></rpc>

nc DEBUG: SSH: ssh_packet_need_rekey: rekey: [data_rekey_needed=0, out_blocks=4334, in_blocks=8117]
nc DEBUG: SSH: packet_send2: packet: wrote [type=94, len=304, padding_size=7, comp=296, payload=296]
nc DEBUG: SSH: channel_write_common: ssh_channel_write wrote 287 bytes
nc DEBUG: SSH: ssh_socket_unbuffered_write: Enabling POLLOUT for socket
nc DEBUG: Sending message:

##


nc DEBUG: SSH: ssh_packet_need_rekey: rekey: [data_rekey_needed=0, out_blocks=4335, in_blocks=8081]
nc DEBUG: SSH: packet_send2: packet: wrote [type=94, len=24, padding_size=10, comp=13, payload=13]
nc DEBUG: SSH: channel_write_common: ssh_channel_write wrote 4 bytes
nc DEBUG: SSH: ssh_socket_unbuffered_write: Enabling POLLOUT for socket
nc DEBUG: SSH: ssh_packet_socket_callback: packet: read type 94 [len=24,padding=8,comp=15,payload=15]
nc DEBUG: SSH: ssh_packet_process: Dispatching handler for packet type 94
nc DEBUG: SSH: channel_rcv_data: Channel receiving 6 bytes data in 0 (local win=1221163 remote win=1246704)
nc DEBUG: SSH: channel_default_bufferize: placing 6 bytes into channel buffer (stdout)
nc DEBUG: SSH: channel_rcv_data: Channel windows are now (local win=1221157 remote win=1246704)
nc DEBUG: SSH: ssh_packet_need_rekey: rekey: [data_rekey_needed=0, out_blocks=4335, in_blocks=8081]
nc DEBUG: SSH: ssh_channel_read_timeout: Read (2) buffered : 6 bytes. Window: 1221157
nc DEBUG: SSH: ssh_channel_read_timeout: Read (1) buffered : 4 bytes. Window: 1221157
nc DEBUG: SSH: ssh_channel_read_timeout: Read (1) buffered : 3 bytes. Window: 1221157
nc DEBUG: SSH: ssh_channel_read_timeout: Read (1) buffered : 2 bytes. Window: 1221157
nc DEBUG: SSH: ssh_channel_read_timeout: Read (1) buffered : 1 bytes. Window: 1221157
nc DEBUG: SSH: ssh_channel_read_timeout: Read (180) buffered : 0 bytes. Window: 1221157
nc DEBUG: SSH: ssh_packet_socket_callback: packet: read type 94 [len=200,padding=10,comp=189,payload=189]
nc DEBUG: SSH: ssh_packet_process: Dispatching handler for packet type 94
nc DEBUG: SSH: channel_rcv_data: Channel receiving 180 bytes data in 0 (local win=1221157 remote win=1246704)
nc DEBUG: SSH: channel_default_bufferize: placing 180 bytes into channel buffer (stdout)
nc DEBUG: SSH: channel_rcv_data: Channel windows are now (local win=1220977 remote win=1246704)
nc DEBUG: SSH: ssh_packet_need_rekey: rekey: [data_rekey_needed=0, out_blocks=4335, in_blocks=8104]
nc DEBUG: SSH: ssh_channel_read_timeout: Read (2) buffered : 0 bytes. Window: 1220977
nc DEBUG: SSH: ssh_packet_socket_callback: packet: read type 94 [len=24,padding=10,comp=13,payload=13]
nc DEBUG: SSH: ssh_packet_process: Dispatching handler for packet type 94
nc DEBUG: SSH: channel_rcv_data: Channel receiving 4 bytes data in 0 (local win=1220977 remote win=1246704)
nc DEBUG: SSH: channel_default_bufferize: placing 4 bytes into channel buffer (stdout)
nc DEBUG: SSH: channel_rcv_data: Channel windows are now (local win=1220973 remote win=1246704)
nc DEBUG: SSH: ssh_packet_need_rekey: rekey: [data_rekey_needed=0, out_blocks=4335, in_blocks=8105]
nc DEBUG: SSH: ssh_channel_read_timeout: Read (1) buffered : 2 bytes. Window: 1220973
nc DEBUG: SSH: ssh_channel_read_timeout: Read (1) buffered : 1 bytes. Window: 1220973
nc DEBUG: Received message:
<rpc-reply xmlns="urn:ietf:params:xml:ns:netconf:base:1.0" message-id="113"><next-update-at xmlns="urn:o-ran:supervision:1.0">2026-04-14T11:17:34+00:00</next-update-at></rpc-reply>

DATA
<next-update-at xmlns="urn:o-ran:supervision:1.0">2026-04-14T20:17:34+09:00</next-update-at>

nc DEBUG: Received message:
<notification xmlns="urn:ietf:params:xml:ns:netconf:notification:1.0"><eventTime>2026-04-14T11:17:34Z</eventTime><supervision-notification xmlns="urn:o-ran:supervision:1.0"/></notification>

notification (2026-04-14T11:17:34Z)
<supervision-notification xmlns="urn:o-ran:supervision:1.0"/>

Client SENT :  user-rpc --content /mplane_automation/conformance_test/watchdog.xml
nc DEBUG: Sending message:

#287


nc DEBUG: SSH: ssh_packet_need_rekey: rekey: [data_rekey_needed=0, out_blocks=4336, in_blocks=8132]
nc DEBUG: SSH: ssh_socket_unbuffered_write: Enabling POLLOUT for socket
nc DEBUG: SSH: packet_send2: packet: wrote [type=94, len=24, padding_size=8, comp=15, payload=15]
nc DEBUG: SSH: channel_write_common: ssh_channel_write wrote 6 bytes
nc DEBUG: Sending message:
<rpc xmlns="urn:ietf:params:xml:ns:netconf:base:1.0" message-id="114"><supervision-watchdog-reset xmlns="urn:o-ran:supervision:1.0"><supervision-notification-interval>10</supervision-notification-interval><guard-timer-overhead>10</guard-timer-overhead></supervision-watchdog-reset></rpc>

nc DEBUG: SSH: ssh_packet_need_rekey: rekey: [data_rekey_needed=0, out_blocks=4373, in_blocks=8168]
nc DEBUG: SSH: packet_send2: packet: wrote [type=94, len=304, padding_size=7, comp=296, payload=296]
nc DEBUG: SSH: channel_write_common: ssh_channel_write wrote 287 bytes
nc DEBUG: SSH: ssh_socket_unbuffered_write: Enabling POLLOUT for socket
nc DEBUG: Sending message:

##


nc DEBUG: SSH: ssh_packet_need_rekey: rekey: [data_rekey_needed=0, out_blocks=4374, in_blocks=8132]
nc DEBUG: SSH: packet_send2: packet: wrote [type=94, len=24, padding_size=10, comp=13, payload=13]
nc DEBUG: SSH: channel_write_common: ssh_channel_write wrote 4 bytes
nc DEBUG: SSH: ssh_socket_unbuffered_write: Enabling POLLOUT for socket
nc DEBUG: SSH: ssh_packet_socket_callback: packet: read type 94 [len=24,padding=8,comp=15,payload=15]
nc DEBUG: SSH: ssh_packet_process: Dispatching handler for packet type 94
nc DEBUG: SSH: channel_rcv_data: Channel receiving 6 bytes data in 0 (local win=1220774 remote win=1246407)
nc DEBUG: SSH: channel_default_bufferize: placing 6 bytes into channel buffer (stdout)
nc DEBUG: SSH: channel_rcv_data: Channel windows are now (local win=1220768 remote win=1246407)
nc DEBUG: SSH: ssh_packet_socket_callback: Processing 220 bytes left in socket buffer
nc DEBUG: SSH: ssh_packet_socket_callback: packet: read type 94 [len=200,padding=10,comp=189,payload=189]
nc DEBUG: SSH: ssh_packet_process: Dispatching handler for packet type 94
nc DEBUG: SSH: channel_rcv_data: Channel receiving 180 bytes data in 0 (local win=1220768 remote win=1246407)
nc DEBUG: SSH: channel_default_bufferize: placing 180 bytes into channel buffer (stdout)
nc DEBUG: SSH: channel_rcv_data: Channel windows are now (local win=1220588 remote win=1246407)
nc DEBUG: SSH: ssh_packet_need_rekey: rekey: [data_rekey_needed=0, out_blocks=4374, in_blocks=8155]
nc DEBUG: SSH: ssh_packet_need_rekey: rekey: [data_rekey_needed=0, out_blocks=4374, in_blocks=8155]
nc DEBUG: SSH: ssh_channel_read_timeout: Read (2) buffered : 186 bytes. Window: 1220588
nc DEBUG: SSH: ssh_channel_read_timeout: Read (1) buffered : 184 bytes. Window: 1220588
nc DEBUG: SSH: ssh_channel_read_timeout: Read (1) buffered : 183 bytes. Window: 1220588
nc DEBUG: SSH: ssh_channel_read_timeout: Read (1) buffered : 182 bytes. Window: 1220588
nc DEBUG: SSH: ssh_channel_read_timeout: Read (1) buffered : 181 bytes. Window: 1220588
nc DEBUG: SSH: ssh_channel_read_timeout: Read (180) buffered : 180 bytes. Window: 1220588
nc DEBUG: SSH: ssh_channel_read_timeout: Read (2) buffered : 0 bytes. Window: 1220588
nc DEBUG: SSH: ssh_packet_socket_callback: packet: read type 94 [len=24,padding=10,comp=13,payload=13]
nc DEBUG: SSH: ssh_packet_process: Dispatching handler for packet type 94
nc DEBUG: SSH: channel_rcv_data: Channel receiving 4 bytes data in 0 (local win=1220588 remote win=1246407)
nc DEBUG: SSH: channel_default_bufferize: placing 4 bytes into channel buffer (stdout)
nc DEBUG: SSH: channel_rcv_data: Channel windows are now (local win=1220584 remote win=1246407)
nc DEBUG: SSH: ssh_packet_need_rekey: rekey: [data_rekey_needed=0, out_blocks=4374, in_blocks=8156]
nc DEBUG: SSH: ssh_channel_read_timeout: Read (1) buffered : 2 bytes. Window: 1220584
nc DEBUG: SSH: ssh_channel_read_timeout: Read (1) buffered : 1 bytes. Window: 1220584
nc DEBUG: Received message:
<rpc-reply xmlns="urn:ietf:params:xml:ns:netconf:base:1.0" message-id="114"><next-update-at xmlns="urn:o-ran:supervision:1.0">2026-04-14T11:17:44+00:00</next-update-at></rpc-reply>

DATA
<next-update-at xmlns="urn:o-ran:supervision:1.0">2026-04-14T20:17:44+09:00</next-update-at>

nc DEBUG: Received message:
<notification xmlns="urn:ietf:params:xml:ns:netconf:notification:1.0"><eventTime>2026-04-14T11:17:44Z</eventTime><supervision-notification xmlns="urn:o-ran:supervision:1.0"/></notification>

notification (2026-04-14T11:17:44Z)
<supervision-notification xmlns="urn:o-ran:supervision:1.0"/>

Client SENT :  user-rpc --content /mplane_automation/conformance_test/watchdog.xml
nc DEBUG: Sending message:

#287


nc DEBUG: SSH: ssh_packet_need_rekey: rekey: [data_rekey_needed=0, out_blocks=4375, in_blocks=8183]
nc DEBUG: SSH: ssh_socket_unbuffered_write: Enabling POLLOUT for socket
nc DEBUG: SSH: packet_send2: packet: wrote [type=94, len=24, padding_size=8, comp=15, payload=15]
nc DEBUG: SSH: channel_write_common: ssh_channel_write wrote 6 bytes
nc DEBUG: Sending message:
<rpc xmlns="urn:ietf:params:xml:ns:netconf:base:1.0" message-id="115"><supervision-watchdog-reset xmlns="urn:o-ran:supervision:1.0"><supervision-notification-interval>10</supervision-notification-interval><guard-timer-overhead>10</guard-timer-overhead></supervision-watchdog-reset></rpc>

nc DEBUG: SSH: ssh_packet_need_rekey: rekey: [data_rekey_needed=0, out_blocks=4412, in_blocks=8219]
nc DEBUG: SSH: packet_send2: packet: wrote [type=94, len=304, padding_size=7, comp=296, payload=296]
nc DEBUG: SSH: channel_write_common: ssh_channel_write wrote 287 bytes
nc DEBUG: SSH: ssh_socket_unbuffered_write: Enabling POLLOUT for socket
nc DEBUG: Sending message:

##


nc DEBUG: SSH: ssh_packet_need_rekey: rekey: [data_rekey_needed=0, out_blocks=4413, in_blocks=8183]
nc DEBUG: SSH: packet_send2: packet: wrote [type=94, len=24, padding_size=10, comp=13, payload=13]
nc DEBUG: SSH: channel_write_common: ssh_channel_write wrote 4 bytes
nc DEBUG: SSH: ssh_socket_unbuffered_write: Enabling POLLOUT for socket
nc DEBUG: SSH: ssh_packet_socket_callback: packet: read type 94 [len=24,padding=8,comp=15,payload=15]
nc DEBUG: SSH: ssh_packet_process: Dispatching handler for packet type 94
nc DEBUG: SSH: channel_rcv_data: Channel receiving 6 bytes data in 0 (local win=1220385 remote win=1246110)
nc DEBUG: SSH: channel_default_bufferize: placing 6 bytes into channel buffer (stdout)
nc DEBUG: SSH: channel_rcv_data: Channel windows are now (local win=1220379 remote win=1246110)
nc DEBUG: SSH: ssh_packet_socket_callback: Processing 220 bytes left in socket buffer
nc DEBUG: SSH: ssh_packet_socket_callback: packet: read type 94 [len=200,padding=10,comp=189,payload=189]
nc DEBUG: SSH: ssh_packet_process: Dispatching handler for packet type 94
nc DEBUG: SSH: channel_rcv_data: Channel receiving 180 bytes data in 0 (local win=1220379 remote win=1246110)
nc DEBUG: SSH: channel_default_bufferize: placing 180 bytes into channel buffer (stdout)
nc DEBUG: SSH: channel_rcv_data: Channel windows are now (local win=1220199 remote win=1246110)
nc DEBUG: SSH: ssh_packet_need_rekey: rekey: [data_rekey_needed=0, out_blocks=4413, in_blocks=8206]
nc DEBUG: SSH: ssh_packet_need_rekey: rekey: [data_rekey_needed=0, out_blocks=4413, in_blocks=8206]
nc DEBUG: SSH: ssh_channel_read_timeout: Read (2) buffered : 186 bytes. Window: 1220199
nc DEBUG: SSH: ssh_channel_read_timeout: Read (1) buffered : 184 bytes. Window: 1220199
nc DEBUG: SSH: ssh_channel_read_timeout: Read (1) buffered : 183 bytes. Window: 1220199
nc DEBUG: SSH: ssh_channel_read_timeout: Read (1) buffered : 182 bytes. Window: 1220199
nc DEBUG: SSH: ssh_channel_read_timeout: Read (1) buffered : 181 bytes. Window: 1220199
nc DEBUG: SSH: ssh_channel_read_timeout: Read (180) buffered : 180 bytes. Window: 1220199
nc DEBUG: SSH: ssh_channel_read_timeout: Read (2) buffered : 0 bytes. Window: 1220199
nc DEBUG: SSH: ssh_packet_socket_callback: packet: read type 94 [len=24,padding=10,comp=13,payload=13]
nc DEBUG: SSH: ssh_packet_process: Dispatching handler for packet type 94
nc DEBUG: SSH: channel_rcv_data: Channel receiving 4 bytes data in 0 (local win=1220199 remote win=1246110)
nc DEBUG: SSH: channel_default_bufferize: placing 4 bytes into channel buffer (stdout)
nc DEBUG: SSH: channel_rcv_data: Channel windows are now (local win=1220195 remote win=1246110)
nc DEBUG: SSH: ssh_packet_need_rekey: rekey: [data_rekey_needed=0, out_blocks=4413, in_blocks=8207]
nc DEBUG: SSH: ssh_channel_read_timeout: Read (1) buffered : 2 bytes. Window: 1220195
nc DEBUG: SSH: ssh_channel_read_timeout: Read (1) buffered : 1 bytes. Window: 1220195
nc DEBUG: Received message:
<rpc-reply xmlns="urn:ietf:params:xml:ns:netconf:base:1.0" message-id="115"><next-update-at xmlns="urn:o-ran:supervision:1.0">2026-04-14T11:17:54+00:00</next-update-at></rpc-reply>

DATA
<next-update-at xmlns="urn:o-ran:supervision:1.0">2026-04-14T20:17:54+09:00</next-update-at>

nc DEBUG: Received message:
<notification xmlns="urn:ietf:params:xml:ns:netconf:notification:1.0"><eventTime>2026-04-14T11:17:54Z</eventTime><supervision-notification xmlns="urn:o-ran:supervision:1.0"/></notification>

notification (2026-04-14T11:17:54Z)
<supervision-notification xmlns="urn:o-ran:supervision:1.0"/>

Client SENT :  user-rpc --content /mplane_automation/conformance_test/watchdog.xml
nc DEBUG: Sending message:

#287


nc DEBUG: SSH: ssh_packet_need_rekey: rekey: [data_rekey_needed=0, out_blocks=4414, in_blocks=8234]
nc DEBUG: SSH: ssh_socket_unbuffered_write: Enabling POLLOUT for socket
nc DEBUG: SSH: packet_send2: packet: wrote [type=94, len=24, padding_size=8, comp=15, payload=15]
nc DEBUG: SSH: channel_write_common: ssh_channel_write wrote 6 bytes
nc DEBUG: Sending message:
<rpc xmlns="urn:ietf:params:xml:ns:netconf:base:1.0" message-id="116"><supervision-watchdog-reset xmlns="urn:o-ran:supervision:1.0"><supervision-notification-interval>10</supervision-notification-interval><guard-timer-overhead>10</guard-timer-overhead></supervision-watchdog-reset></rpc>

nc DEBUG: SSH: ssh_packet_need_rekey: rekey: [data_rekey_needed=0, out_blocks=4451, in_blocks=8270]
nc DEBUG: SSH: packet_send2: packet: wrote [type=94, len=304, padding_size=7, comp=296, payload=296]
nc DEBUG: SSH: channel_write_common: ssh_channel_write wrote 287 bytes
nc DEBUG: SSH: ssh_socket_unbuffered_write: Enabling POLLOUT for socket
nc DEBUG: Sending message:

##


nc DEBUG: SSH: ssh_packet_need_rekey: rekey: [data_rekey_needed=0, out_blocks=4452, in_blocks=8234]
nc DEBUG: SSH: packet_send2: packet: wrote [type=94, len=24, padding_size=10, comp=13, payload=13]
nc DEBUG: SSH: channel_write_common: ssh_channel_write wrote 4 bytes
nc DEBUG: SSH: ssh_socket_unbuffered_write: Enabling POLLOUT for socket
nc DEBUG: SSH: ssh_packet_socket_callback: packet: read type 94 [len=24,padding=8,comp=15,payload=15]
nc DEBUG: SSH: ssh_packet_process: Dispatching handler for packet type 94
nc DEBUG: SSH: channel_rcv_data: Channel receiving 6 bytes data in 0 (local win=1219996 remote win=1245813)
nc DEBUG: SSH: channel_default_bufferize: placing 6 bytes into channel buffer (stdout)
nc DEBUG: SSH: channel_rcv_data: Channel windows are now (local win=1219990 remote win=1245813)
nc DEBUG: SSH: ssh_packet_socket_callback: Processing 220 bytes left in socket buffer
nc DEBUG: SSH: ssh_packet_socket_callback: packet: read type 94 [len=200,padding=10,comp=189,payload=189]
nc DEBUG: SSH: ssh_packet_process: Dispatching handler for packet type 94
nc DEBUG: SSH: channel_rcv_data: Channel receiving 180 bytes data in 0 (local win=1219990 remote win=1245813)
nc DEBUG: SSH: channel_default_bufferize: placing 180 bytes into channel buffer (stdout)
nc DEBUG: SSH: channel_rcv_data: Channel windows are now (local win=1219810 remote win=1245813)
nc DEBUG: SSH: ssh_packet_need_rekey: rekey: [data_rekey_needed=0, out_blocks=4452, in_blocks=8257]
nc DEBUG: SSH: ssh_packet_need_rekey: rekey: [data_rekey_needed=0, out_blocks=4452, in_blocks=8257]
nc DEBUG: SSH: ssh_channel_read_timeout: Read (2) buffered : 186 bytes. Window: 1219810
nc DEBUG: SSH: ssh_channel_read_timeout: Read (1) buffered : 184 bytes. Window: 1219810
nc DEBUG: SSH: ssh_channel_read_timeout: Read (1) buffered : 183 bytes. Window: 1219810
nc DEBUG: SSH: ssh_channel_read_timeout: Read (1) buffered : 182 bytes. Window: 1219810
nc DEBUG: SSH: ssh_channel_read_timeout: Read (1) buffered : 181 bytes. Window: 1219810
nc DEBUG: SSH: ssh_channel_read_timeout: Read (180) buffered : 180 bytes. Window: 1219810
nc DEBUG: SSH: ssh_channel_read_timeout: Read (2) buffered : 0 bytes. Window: 1219810
nc DEBUG: SSH: ssh_packet_socket_callback: packet: read type 94 [len=24,padding=10,comp=13,payload=13]
nc DEBUG: SSH: ssh_packet_process: Dispatching handler for packet type 94
nc DEBUG: SSH: channel_rcv_data: Channel receiving 4 bytes data in 0 (local win=1219810 remote win=1245813)
nc DEBUG: SSH: channel_default_bufferize: placing 4 bytes into channel buffer (stdout)
nc DEBUG: SSH: channel_rcv_data: Channel windows are now (local win=1219806 remote win=1245813)
nc DEBUG: SSH: ssh_packet_need_rekey: rekey: [data_rekey_needed=0, out_blocks=4452, in_blocks=8258]
nc DEBUG: SSH: ssh_channel_read_timeout: Read (1) buffered : 2 bytes. Window: 1219806
nc DEBUG: SSH: ssh_channel_read_timeout: Read (1) buffered : 1 bytes. Window: 1219806
nc DEBUG: Received message:
<rpc-reply xmlns="urn:ietf:params:xml:ns:netconf:base:1.0" message-id="116"><next-update-at xmlns="urn:o-ran:supervision:1.0">2026-04-14T11:18:04+00:00</next-update-at></rpc-reply>

DATA
<next-update-at xmlns="urn:o-ran:supervision:1.0">2026-04-14T20:18:04+09:00</next-update-at>

nc DEBUG: Received message:
<notification xmlns="urn:ietf:params:xml:ns:netconf:notification:1.0"><eventTime>2026-04-14T11:18:04Z</eventTime><supervision-notification xmlns="urn:o-ran:supervision:1.0"/></notification>

notification (2026-04-14T11:18:04Z)
<supervision-notification xmlns="urn:o-ran:supervision:1.0"/>

Client SENT :  user-rpc --content /mplane_automation/conformance_test/watchdog.xml
nc DEBUG: Sending message:

#287


nc DEBUG: SSH: ssh_packet_need_rekey: rekey: [data_rekey_needed=0, out_blocks=4453, in_blocks=8285]
nc DEBUG: SSH: ssh_socket_unbuffered_write: Enabling POLLOUT for socket
nc DEBUG: SSH: packet_send2: packet: wrote [type=94, len=24, padding_size=8, comp=15, payload=15]
nc DEBUG: SSH: channel_write_common: ssh_channel_write wrote 6 bytes
nc DEBUG: Sending message:
<rpc xmlns="urn:ietf:params:xml:ns:netconf:base:1.0" message-id="117"><supervision-watchdog-reset xmlns="urn:o-ran:supervision:1.0"><supervision-notification-interval>10</supervision-notification-interval><guard-timer-overhead>10</guard-timer-overhead></supervision-watchdog-reset></rpc>

nc DEBUG: SSH: ssh_packet_need_rekey: rekey: [data_rekey_needed=0, out_blocks=4490, in_blocks=8321]
nc DEBUG: SSH: packet_send2: packet: wrote [type=94, len=304, padding_size=7, comp=296, payload=296]
nc DEBUG: SSH: channel_write_common: ssh_channel_write wrote 287 bytes
nc DEBUG: SSH: ssh_socket_unbuffered_write: Enabling POLLOUT for socket
nc DEBUG: Sending message:

##


nc DEBUG: SSH: ssh_packet_need_rekey: rekey: [data_rekey_needed=0, out_blocks=4491, in_blocks=8285]
nc DEBUG: SSH: packet_send2: packet: wrote [type=94, len=24, padding_size=10, comp=13, payload=13]
nc DEBUG: SSH: channel_write_common: ssh_channel_write wrote 4 bytes
nc DEBUG: SSH: ssh_socket_unbuffered_write: Enabling POLLOUT for socket
nc DEBUG: SSH: ssh_packet_socket_callback: packet: read type 94 [len=24,padding=8,comp=15,payload=15]
nc DEBUG: SSH: ssh_packet_process: Dispatching handler for packet type 94
nc DEBUG: SSH: channel_rcv_data: Channel receiving 6 bytes data in 0 (local win=1219607 remote win=1245516)
nc DEBUG: SSH: channel_default_bufferize: placing 6 bytes into channel buffer (stdout)
nc DEBUG: SSH: channel_rcv_data: Channel windows are now (local win=1219601 remote win=1245516)
nc DEBUG: SSH: ssh_packet_need_rekey: rekey: [data_rekey_needed=0, out_blocks=4491, in_blocks=8285]
nc DEBUG: SSH: ssh_channel_read_timeout: Read (2) buffered : 6 bytes. Window: 1219601
nc DEBUG: SSH: ssh_channel_read_timeout: Read (1) buffered : 4 bytes. Window: 1219601
nc DEBUG: SSH: ssh_channel_read_timeout: Read (1) buffered : 3 bytes. Window: 1219601
nc DEBUG: SSH: ssh_channel_read_timeout: Read (1) buffered : 2 bytes. Window: 1219601
nc DEBUG: SSH: ssh_channel_read_timeout: Read (1) buffered : 1 bytes. Window: 1219601
nc DEBUG: SSH: ssh_channel_read_timeout: Read (180) buffered : 0 bytes. Window: 1219601
nc DEBUG: SSH: ssh_packet_socket_callback: packet: read type 94 [len=200,padding=10,comp=189,payload=189]
nc DEBUG: SSH: ssh_packet_process: Dispatching handler for packet type 94
nc DEBUG: SSH: channel_rcv_data: Channel receiving 180 bytes data in 0 (local win=1219601 remote win=1245516)
nc DEBUG: SSH: channel_default_bufferize: placing 180 bytes into channel buffer (stdout)
nc DEBUG: SSH: channel_rcv_data: Channel windows are now (local win=1219421 remote win=1245516)
nc DEBUG: SSH: ssh_packet_need_rekey: rekey: [data_rekey_needed=0, out_blocks=4491, in_blocks=8308]
nc DEBUG: SSH: ssh_channel_read_timeout: Read (2) buffered : 0 bytes. Window: 1219421
nc DEBUG: SSH: ssh_channel_read_timeout: Read (2) buffered : 0 bytes. Window: 1219421
nc DEBUG: SSH: ssh_packet_socket_callback: packet: read type 94 [len=24,padding=10,comp=13,payload=13]
nc DEBUG: SSH: ssh_packet_process: Dispatching handler for packet type 94
nc DEBUG: SSH: channel_rcv_data: Channel receiving 4 bytes data in 0 (local win=1219421 remote win=1245516)
nc DEBUG: SSH: channel_default_bufferize: placing 4 bytes into channel buffer (stdout)
nc DEBUG: SSH: channel_rcv_data: Channel windows are now (local win=1219417 remote win=1245516)
nc DEBUG: SSH: ssh_packet_need_rekey: rekey: [data_rekey_needed=0, out_blocks=4491, in_blocks=8309]
nc DEBUG: SSH: ssh_channel_read_timeout: Read (1) buffered : 2 bytes. Window: 1219417
nc DEBUG: SSH: ssh_channel_read_timeout: Read (1) buffered : 1 bytes. Window: 1219417
nc DEBUG: Received message:
<rpc-reply xmlns="urn:ietf:params:xml:ns:netconf:base:1.0" message-id="117"><next-update-at xmlns="urn:o-ran:supervision:1.0">2026-04-14T11:18:14+00:00</next-update-at></rpc-reply>

DATA
<next-update-at xmlns="urn:o-ran:supervision:1.0">2026-04-14T20:18:14+09:00</next-update-at>

nc DEBUG: Received message:
<notification xmlns="urn:ietf:params:xml:ns:netconf:notification:1.0"><eventTime>2026-04-14T11:18:14Z</eventTime><supervision-notification xmlns="urn:o-ran:supervision:1.0"/></notification>

notification (2026-04-14T11:18:14Z)
<supervision-notification xmlns="urn:o-ran:supervision:1.0"/>

Client SENT :  user-rpc --content /mplane_automation/conformance_test/watchdog.xml
nc DEBUG: Sending message:

#287


nc DEBUG: SSH: ssh_packet_need_rekey: rekey: [data_rekey_needed=0, out_blocks=4492, in_blocks=8336]
nc DEBUG: SSH: ssh_socket_unbuffered_write: Enabling POLLOUT for socket
nc DEBUG: SSH: packet_send2: packet: wrote [type=94, len=24, padding_size=8, comp=15, payload=15]
nc DEBUG: SSH: channel_write_common: ssh_channel_write wrote 6 bytes
nc DEBUG: Sending message:
<rpc xmlns="urn:ietf:params:xml:ns:netconf:base:1.0" message-id="118"><supervision-watchdog-reset xmlns="urn:o-ran:supervision:1.0"><supervision-notification-interval>10</supervision-notification-interval><guard-timer-overhead>10</guard-timer-overhead></supervision-watchdog-reset></rpc>

nc DEBUG: SSH: ssh_packet_need_rekey: rekey: [data_rekey_needed=0, out_blocks=4529, in_blocks=8372]
nc DEBUG: SSH: packet_send2: packet: wrote [type=94, len=304, padding_size=7, comp=296, payload=296]
nc DEBUG: SSH: channel_write_common: ssh_channel_write wrote 287 bytes
nc DEBUG: SSH: ssh_socket_unbuffered_write: Enabling POLLOUT for socket
nc DEBUG: Sending message:

##


nc DEBUG: SSH: ssh_packet_need_rekey: rekey: [data_rekey_needed=0, out_blocks=4530, in_blocks=8336]
nc DEBUG: SSH: packet_send2: packet: wrote [type=94, len=24, padding_size=10, comp=13, payload=13]
nc DEBUG: SSH: channel_write_common: ssh_channel_write wrote 4 bytes
nc DEBUG: SSH: ssh_socket_unbuffered_write: Enabling POLLOUT for socket
nc DEBUG: SSH: ssh_packet_socket_callback: packet: read type 94 [len=24,padding=8,comp=15,payload=15]
nc DEBUG: SSH: ssh_packet_process: Dispatching handler for packet type 94
nc DEBUG: SSH: channel_rcv_data: Channel receiving 6 bytes data in 0 (local win=1219218 remote win=1245219)
nc DEBUG: SSH: channel_default_bufferize: placing 6 bytes into channel buffer (stdout)
nc DEBUG: SSH: channel_rcv_data: Channel windows are now (local win=1219212 remote win=1245219)
nc DEBUG: SSH: ssh_packet_need_rekey: rekey: [data_rekey_needed=0, out_blocks=4530, in_blocks=8336]
nc DEBUG: SSH: ssh_channel_read_timeout: Read (2) buffered : 6 bytes. Window: 1219212
nc DEBUG: SSH: ssh_channel_read_timeout: Read (1) buffered : 4 bytes. Window: 1219212
nc DEBUG: SSH: ssh_channel_read_timeout: Read (1) buffered : 3 bytes. Window: 1219212
nc DEBUG: SSH: ssh_channel_read_timeout: Read (1) buffered : 2 bytes. Window: 1219212
nc DEBUG: SSH: ssh_channel_read_timeout: Read (1) buffered : 1 bytes. Window: 1219212
nc DEBUG: SSH: ssh_channel_read_timeout: Read (180) buffered : 0 bytes. Window: 1219212
nc DEBUG: SSH: ssh_packet_socket_callback: packet: read type 94 [len=200,padding=10,comp=189,payload=189]
nc DEBUG: SSH: ssh_packet_process: Dispatching handler for packet type 94
nc DEBUG: SSH: channel_rcv_data: Channel receiving 180 bytes data in 0 (local win=1219212 remote win=1245219)
nc DEBUG: SSH: channel_default_bufferize: placing 180 bytes into channel buffer (stdout)
nc DEBUG: SSH: channel_rcv_data: Channel windows are now (local win=1219032 remote win=1245219)
nc DEBUG: SSH: ssh_packet_need_rekey: rekey: [data_rekey_needed=0, out_blocks=4530, in_blocks=8359]
nc DEBUG: SSH: ssh_channel_read_timeout: Read (2) buffered : 0 bytes. Window: 1219032
nc DEBUG: SSH: ssh_channel_read_timeout: Read (2) buffered : 0 bytes. Window: 1219032
nc DEBUG: SSH: ssh_packet_socket_callback: packet: read type 94 [len=24,padding=10,comp=13,payload=13]
nc DEBUG: SSH: ssh_packet_process: Dispatching handler for packet type 94
nc DEBUG: SSH: channel_rcv_data: Channel receiving 4 bytes data in 0 (local win=1219032 remote win=1245219)
nc DEBUG: SSH: channel_default_bufferize: placing 4 bytes into channel buffer (stdout)
nc DEBUG: SSH: channel_rcv_data: Channel windows are now (local win=1219028 remote win=1245219)
nc DEBUG: SSH: ssh_packet_need_rekey: rekey: [data_rekey_needed=0, out_blocks=4530, in_blocks=8360]
nc DEBUG: SSH: ssh_channel_read_timeout: Read (1) buffered : 2 bytes. Window: 1219028
nc DEBUG: SSH: ssh_channel_read_timeout: Read (1) buffered : 1 bytes. Window: 1219028
nc DEBUG: Received message:
<rpc-reply xmlns="urn:ietf:params:xml:ns:netconf:base:1.0" message-id="118"><next-update-at xmlns="urn:o-ran:supervision:1.0">2026-04-14T11:18:24+00:00</next-update-at></rpc-reply>

DATA
<next-update-at xmlns="urn:o-ran:supervision:1.0">2026-04-14T20:18:24+09:00</next-update-at>

nc DEBUG: Received message:
<notification xmlns="urn:ietf:params:xml:ns:netconf:notification:1.0"><eventTime>2026-04-14T11:18:24Z</eventTime><supervision-notification xmlns="urn:o-ran:supervision:1.0"/></notification>

notification (2026-04-14T11:18:24Z)
<supervision-notification xmlns="urn:o-ran:supervision:1.0"/>

Client SENT :  user-rpc --content /mplane_automation/conformance_test/watchdog.xml
nc DEBUG: Sending message:

#287


nc DEBUG: SSH: ssh_packet_need_rekey: rekey: [data_rekey_needed=0, out_blocks=4531, in_blocks=8387]
nc DEBUG: SSH: ssh_socket_unbuffered_write: Enabling POLLOUT for socket
nc DEBUG: SSH: packet_send2: packet: wrote [type=94, len=24, padding_size=8, comp=15, payload=15]
nc DEBUG: SSH: channel_write_common: ssh_channel_write wrote 6 bytes
nc DEBUG: Sending message:
<rpc xmlns="urn:ietf:params:xml:ns:netconf:base:1.0" message-id="119"><supervision-watchdog-reset xmlns="urn:o-ran:supervision:1.0"><supervision-notification-interval>10</supervision-notification-interval><guard-timer-overhead>10</guard-timer-overhead></supervision-watchdog-reset></rpc>

nc DEBUG: SSH: ssh_packet_need_rekey: rekey: [data_rekey_needed=0, out_blocks=4568, in_blocks=8423]
nc DEBUG: SSH: packet_send2: packet: wrote [type=94, len=304, padding_size=7, comp=296, payload=296]
nc DEBUG: SSH: channel_write_common: ssh_channel_write wrote 287 bytes
nc DEBUG: SSH: ssh_socket_unbuffered_write: Enabling POLLOUT for socket
nc DEBUG: Sending message:

##


nc DEBUG: SSH: ssh_packet_need_rekey: rekey: [data_rekey_needed=0, out_blocks=4569, in_blocks=8387]
nc DEBUG: SSH: packet_send2: packet: wrote [type=94, len=24, padding_size=10, comp=13, payload=13]
nc DEBUG: SSH: channel_write_common: ssh_channel_write wrote 4 bytes
nc DEBUG: SSH: ssh_socket_unbuffered_write: Enabling POLLOUT for socket
nc DEBUG: SSH: ssh_packet_socket_callback: packet: read type 94 [len=24,padding=8,comp=15,payload=15]
nc DEBUG: SSH: ssh_packet_process: Dispatching handler for packet type 94
nc DEBUG: SSH: channel_rcv_data: Channel receiving 6 bytes data in 0 (local win=1218829 remote win=1244922)
nc DEBUG: SSH: channel_default_bufferize: placing 6 bytes into channel buffer (stdout)
nc DEBUG: SSH: channel_rcv_data: Channel windows are now (local win=1218823 remote win=1244922)
nc DEBUG: SSH: ssh_packet_need_rekey: rekey: [data_rekey_needed=0, out_blocks=4569, in_blocks=8387]
nc DEBUG: SSH: ssh_channel_read_timeout: Read (2) buffered : 6 bytes. Window: 1218823
nc DEBUG: SSH: ssh_channel_read_timeout: Read (1) buffered : 4 bytes. Window: 1218823
nc DEBUG: SSH: ssh_channel_read_timeout: Read (1) buffered : 3 bytes. Window: 1218823
nc DEBUG: SSH: ssh_channel_read_timeout: Read (1) buffered : 2 bytes. Window: 1218823
nc DEBUG: SSH: ssh_channel_read_timeout: Read (1) buffered : 1 bytes. Window: 1218823
nc DEBUG: SSH: ssh_channel_read_timeout: Read (180) buffered : 0 bytes. Window: 1218823
nc DEBUG: SSH: ssh_packet_socket_callback: packet: read type 94 [len=200,padding=10,comp=189,payload=189]
nc DEBUG: SSH: ssh_packet_process: Dispatching handler for packet type 94
nc DEBUG: SSH: channel_rcv_data: Channel receiving 180 bytes data in 0 (local win=1218823 remote win=1244922)
nc DEBUG: SSH: channel_default_bufferize: placing 180 bytes into channel buffer (stdout)
nc DEBUG: SSH: channel_rcv_data: Channel windows are now (local win=1218643 remote win=1244922)
nc DEBUG: SSH: ssh_packet_need_rekey: rekey: [data_rekey_needed=0, out_blocks=4569, in_blocks=8410]
nc DEBUG: SSH: ssh_channel_read_timeout: Read (2) buffered : 0 bytes. Window: 1218643
nc DEBUG: SSH: ssh_channel_read_timeout: Read (2) buffered : 0 bytes. Window: 1218643
nc DEBUG: SSH: ssh_packet_socket_callback: packet: read type 94 [len=24,padding=10,comp=13,payload=13]
nc DEBUG: SSH: ssh_packet_process: Dispatching handler for packet type 94
nc DEBUG: SSH: channel_rcv_data: Channel receiving 4 bytes data in 0 (local win=1218643 remote win=1244922)
nc DEBUG: SSH: channel_default_bufferize: placing 4 bytes into channel buffer (stdout)
nc DEBUG: SSH: channel_rcv_data: Channel windows are now (local win=1218639 remote win=1244922)
nc DEBUG: SSH: ssh_packet_need_rekey: rekey: [data_rekey_needed=0, out_blocks=4569, in_blocks=8411]
nc DEBUG: SSH: ssh_channel_read_timeout: Read (1) buffered : 2 bytes. Window: 1218639
nc DEBUG: SSH: ssh_channel_read_timeout: Read (1) buffered : 1 bytes. Window: 1218639
nc DEBUG: Received message:
<rpc-reply xmlns="urn:ietf:params:xml:ns:netconf:base:1.0" message-id="119"><next-update-at xmlns="urn:o-ran:supervision:1.0">2026-04-14T11:18:34+00:00</next-update-at></rpc-reply>

DATA
<next-update-at xmlns="urn:o-ran:supervision:1.0">2026-04-14T20:18:34+09:00</next-update-at>

nc DEBUG: Received message:
<notification xmlns="urn:ietf:params:xml:ns:netconf:notification:1.0"><eventTime>2026-04-14T11:18:34Z</eventTime><supervision-notification xmlns="urn:o-ran:supervision:1.0"/></notification>

notification (2026-04-14T11:18:34Z)
<supervision-notification xmlns="urn:o-ran:supervision:1.0"/>

Client SENT :  user-rpc --content /mplane_automation/conformance_test/watchdog.xml
nc DEBUG: Sending message:

#287


nc DEBUG: SSH: ssh_packet_need_rekey: rekey: [data_rekey_needed=0, out_blocks=4570, in_blocks=8438]
nc DEBUG: SSH: ssh_socket_unbuffered_write: Enabling POLLOUT for socket
nc DEBUG: SSH: packet_send2: packet: wrote [type=94, len=24, padding_size=8, comp=15, payload=15]
nc DEBUG: SSH: channel_write_common: ssh_channel_write wrote 6 bytes
nc DEBUG: Sending message:
<rpc xmlns="urn:ietf:params:xml:ns:netconf:base:1.0" message-id="120"><supervision-watchdog-reset xmlns="urn:o-ran:supervision:1.0"><supervision-notification-interval>10</supervision-notification-interval><guard-timer-overhead>10</guard-timer-overhead></supervision-watchdog-reset></rpc>

nc DEBUG: SSH: ssh_packet_need_rekey: rekey: [data_rekey_needed=0, out_blocks=4607, in_blocks=8474]
nc DEBUG: SSH: packet_send2: packet: wrote [type=94, len=304, padding_size=7, comp=296, payload=296]
nc DEBUG: SSH: channel_write_common: ssh_channel_write wrote 287 bytes
nc DEBUG: SSH: ssh_socket_unbuffered_write: Enabling POLLOUT for socket
nc DEBUG: Sending message:

##


nc DEBUG: SSH: ssh_packet_need_rekey: rekey: [data_rekey_needed=0, out_blocks=4608, in_blocks=8438]
nc DEBUG: SSH: packet_send2: packet: wrote [type=94, len=24, padding_size=10, comp=13, payload=13]
nc DEBUG: SSH: channel_write_common: ssh_channel_write wrote 4 bytes
nc DEBUG: SSH: ssh_socket_unbuffered_write: Enabling POLLOUT for socket
nc DEBUG: SSH: ssh_packet_socket_callback: packet: read type 94 [len=24,padding=8,comp=15,payload=15]
nc DEBUG: SSH: ssh_packet_process: Dispatching handler for packet type 94
nc DEBUG: SSH: channel_rcv_data: Channel receiving 6 bytes data in 0 (local win=1218440 remote win=1244625)
nc DEBUG: SSH: channel_default_bufferize: placing 6 bytes into channel buffer (stdout)
nc DEBUG: SSH: channel_rcv_data: Channel windows are now (local win=1218434 remote win=1244625)
nc DEBUG: SSH: ssh_packet_need_rekey: rekey: [data_rekey_needed=0, out_blocks=4608, in_blocks=8438]
nc DEBUG: SSH: ssh_channel_read_timeout: Read (2) buffered : 6 bytes. Window: 1218434
nc DEBUG: SSH: ssh_channel_read_timeout: Read (1) buffered : 4 bytes. Window: 1218434
nc DEBUG: SSH: ssh_channel_read_timeout: Read (1) buffered : 3 bytes. Window: 1218434
nc DEBUG: SSH: ssh_channel_read_timeout: Read (1) buffered : 2 bytes. Window: 1218434
nc DEBUG: SSH: ssh_channel_read_timeout: Read (1) buffered : 1 bytes. Window: 1218434
nc DEBUG: SSH: ssh_channel_read_timeout: Read (180) buffered : 0 bytes. Window: 1218434
nc DEBUG: SSH: ssh_packet_socket_callback: packet: read type 94 [len=200,padding=10,comp=189,payload=189]
nc DEBUG: SSH: ssh_packet_process: Dispatching handler for packet type 94
nc DEBUG: SSH: channel_rcv_data: Channel receiving 180 bytes data in 0 (local win=1218434 remote win=1244625)
nc DEBUG: SSH: channel_default_bufferize: placing 180 bytes into channel buffer (stdout)
nc DEBUG: SSH: channel_rcv_data: Channel windows are now (local win=1218254 remote win=1244625)
nc DEBUG: SSH: ssh_packet_need_rekey: rekey: [data_rekey_needed=0, out_blocks=4608, in_blocks=8461]
nc DEBUG: SSH: ssh_channel_read_timeout: Read (2) buffered : 0 bytes. Window: 1218254
nc DEBUG: SSH: ssh_channel_read_timeout: Read (2) buffered : 0 bytes. Window: 1218254
nc DEBUG: SSH: ssh_packet_socket_callback: packet: read type 94 [len=24,padding=10,comp=13,payload=13]
nc DEBUG: SSH: ssh_packet_process: Dispatching handler for packet type 94
nc DEBUG: SSH: channel_rcv_data: Channel receiving 4 bytes data in 0 (local win=1218254 remote win=1244625)
nc DEBUG: SSH: channel_default_bufferize: placing 4 bytes into channel buffer (stdout)
nc DEBUG: SSH: channel_rcv_data: Channel windows are now (local win=1218250 remote win=1244625)
nc DEBUG: SSH: ssh_packet_need_rekey: rekey: [data_rekey_needed=0, out_blocks=4608, in_blocks=8462]
nc DEBUG: SSH: ssh_channel_read_timeout: Read (1) buffered : 2 bytes. Window: 1218250
nc DEBUG: SSH: ssh_channel_read_timeout: Read (1) buffered : 1 bytes. Window: 1218250
nc DEBUG: Received message:
<rpc-reply xmlns="urn:ietf:params:xml:ns:netconf:base:1.0" message-id="120"><next-update-at xmlns="urn:o-ran:supervision:1.0">2026-04-14T11:18:44+00:00</next-update-at></rpc-reply>

DATA
<next-update-at xmlns="urn:o-ran:supervision:1.0">2026-04-14T20:18:44+09:00</next-update-at>

nc DEBUG: Received message:
<notification xmlns="urn:ietf:params:xml:ns:netconf:notification:1.0"><eventTime>2026-04-14T11:18:44Z</eventTime><supervision-notification xmlns="urn:o-ran:supervision:1.0"/></notification>

notification (2026-04-14T11:18:44Z)
<supervision-notification xmlns="urn:o-ran:supervision:1.0"/>

Client SENT :  user-rpc --content /mplane_automation/conformance_test/watchdog.xml
nc DEBUG: Sending message:

#287


nc DEBUG: SSH: ssh_packet_need_rekey: rekey: [data_rekey_needed=0, out_blocks=4609, in_blocks=8489]
nc DEBUG: SSH: ssh_socket_unbuffered_write: Enabling POLLOUT for socket
nc DEBUG: SSH: packet_send2: packet: wrote [type=94, len=24, padding_size=8, comp=15, payload=15]
nc DEBUG: SSH: channel_write_common: ssh_channel_write wrote 6 bytes
nc DEBUG: Sending message:
<rpc xmlns="urn:ietf:params:xml:ns:netconf:base:1.0" message-id="121"><supervision-watchdog-reset xmlns="urn:o-ran:supervision:1.0"><supervision-notification-interval>10</supervision-notification-interval><guard-timer-overhead>10</guard-timer-overhead></supervision-watchdog-reset></rpc>

nc DEBUG: SSH: ssh_packet_need_rekey: rekey: [data_rekey_needed=0, out_blocks=4646, in_blocks=8525]
nc DEBUG: SSH: packet_send2: packet: wrote [type=94, len=304, padding_size=7, comp=296, payload=296]
nc DEBUG: SSH: channel_write_common: ssh_channel_write wrote 287 bytes
nc DEBUG: SSH: ssh_socket_unbuffered_write: Enabling POLLOUT for socket
nc DEBUG: Sending message:

##


nc DEBUG: SSH: ssh_packet_need_rekey: rekey: [data_rekey_needed=0, out_blocks=4647, in_blocks=8489]
nc DEBUG: SSH: packet_send2: packet: wrote [type=94, len=24, padding_size=10, comp=13, payload=13]
nc DEBUG: SSH: channel_write_common: ssh_channel_write wrote 4 bytes
nc DEBUG: SSH: ssh_socket_unbuffered_write: Enabling POLLOUT for socket
nc DEBUG: SSH: ssh_packet_socket_callback: packet: read type 94 [len=24,padding=8,comp=15,payload=15]
nc DEBUG: SSH: ssh_packet_process: Dispatching handler for packet type 94
nc DEBUG: SSH: channel_rcv_data: Channel receiving 6 bytes data in 0 (local win=1218051 remote win=1244328)
nc DEBUG: SSH: channel_default_bufferize: placing 6 bytes into channel buffer (stdout)
nc DEBUG: SSH: channel_rcv_data: Channel windows are now (local win=1218045 remote win=1244328)
nc DEBUG: SSH: ssh_packet_socket_callback: Processing 220 bytes left in socket buffer
nc DEBUG: SSH: ssh_packet_socket_callback: packet: read type 94 [len=200,padding=10,comp=189,payload=189]
nc DEBUG: SSH: ssh_packet_process: Dispatching handler for packet type 94
nc DEBUG: SSH: channel_rcv_data: Channel receiving 180 bytes data in 0 (local win=1218045 remote win=1244328)
nc DEBUG: SSH: channel_default_bufferize: placing 180 bytes into channel buffer (stdout)
nc DEBUG: SSH: channel_rcv_data: Channel windows are now (local win=1217865 remote win=1244328)
nc DEBUG: SSH: ssh_packet_need_rekey: rekey: [data_rekey_needed=0, out_blocks=4647, in_blocks=8512]
nc DEBUG: SSH: ssh_packet_need_rekey: rekey: [data_rekey_needed=0, out_blocks=4647, in_blocks=8512]
nc DEBUG: SSH: ssh_channel_read_timeout: Read (2) buffered : 186 bytes. Window: 1217865
nc DEBUG: SSH: ssh_channel_read_timeout: Read (1) buffered : 184 bytes. Window: 1217865
nc DEBUG: SSH: ssh_channel_read_timeout: Read (1) buffered : 183 bytes. Window: 1217865
nc DEBUG: SSH: ssh_channel_read_timeout: Read (1) buffered : 182 bytes. Window: 1217865
nc DEBUG: SSH: ssh_channel_read_timeout: Read (1) buffered : 181 bytes. Window: 1217865
nc DEBUG: SSH: ssh_channel_read_timeout: Read (180) buffered : 180 bytes. Window: 1217865
nc DEBUG: SSH: ssh_channel_read_timeout: Read (2) buffered : 0 bytes. Window: 1217865
nc DEBUG: SSH: ssh_packet_socket_callback: packet: read type 94 [len=24,padding=10,comp=13,payload=13]
nc DEBUG: SSH: ssh_packet_process: Dispatching handler for packet type 94
nc DEBUG: SSH: channel_rcv_data: Channel receiving 4 bytes data in 0 (local win=1217865 remote win=1244328)
nc DEBUG: SSH: channel_default_bufferize: placing 4 bytes into channel buffer (stdout)
nc DEBUG: SSH: channel_rcv_data: Channel windows are now (local win=1217861 remote win=1244328)
nc DEBUG: SSH: ssh_packet_need_rekey: rekey: [data_rekey_needed=0, out_blocks=4647, in_blocks=8513]
nc DEBUG: SSH: ssh_channel_read_timeout: Read (1) buffered : 2 bytes. Window: 1217861
nc DEBUG: SSH: ssh_channel_read_timeout: Read (1) buffered : 1 bytes. Window: 1217861
nc DEBUG: Received message:
<rpc-reply xmlns="urn:ietf:params:xml:ns:netconf:base:1.0" message-id="121"><next-update-at xmlns="urn:o-ran:supervision:1.0">2026-04-14T11:18:54+00:00</next-update-at></rpc-reply>

DATA
<next-update-at xmlns="urn:o-ran:supervision:1.0">2026-04-14T20:18:54+09:00</next-update-at>

nc DEBUG: Received message:
<notification xmlns="urn:ietf:params:xml:ns:netconf:notification:1.0"><eventTime>2026-04-14T11:18:54Z</eventTime><supervision-notification xmlns="urn:o-ran:supervision:1.0"/></notification>

notification (2026-04-14T11:18:54Z)
<supervision-notification xmlns="urn:o-ran:supervision:1.0"/>

Client SENT :  user-rpc --content /mplane_automation/conformance_test/watchdog.xml
nc DEBUG: Sending message:

#287


nc DEBUG: SSH: ssh_packet_need_rekey: rekey: [data_rekey_needed=0, out_blocks=4648, in_blocks=8540]
nc DEBUG: SSH: ssh_socket_unbuffered_write: Enabling POLLOUT for socket
nc DEBUG: SSH: packet_send2: packet: wrote [type=94, len=24, padding_size=8, comp=15, payload=15]
nc DEBUG: SSH: channel_write_common: ssh_channel_write wrote 6 bytes
nc DEBUG: Sending message:
<rpc xmlns="urn:ietf:params:xml:ns:netconf:base:1.0" message-id="122"><supervision-watchdog-reset xmlns="urn:o-ran:supervision:1.0"><supervision-notification-interval>10</supervision-notification-interval><guard-timer-overhead>10</guard-timer-overhead></supervision-watchdog-reset></rpc>

nc DEBUG: SSH: ssh_packet_need_rekey: rekey: [data_rekey_needed=0, out_blocks=4685, in_blocks=8576]
nc DEBUG: SSH: packet_send2: packet: wrote [type=94, len=304, padding_size=7, comp=296, payload=296]
nc DEBUG: SSH: channel_write_common: ssh_channel_write wrote 287 bytes
nc DEBUG: SSH: ssh_socket_unbuffered_write: Enabling POLLOUT for socket
nc DEBUG: Sending message:

##


nc DEBUG: SSH: ssh_packet_need_rekey: rekey: [data_rekey_needed=0, out_blocks=4686, in_blocks=8540]
nc DEBUG: SSH: packet_send2: packet: wrote [type=94, len=24, padding_size=10, comp=13, payload=13]
nc DEBUG: SSH: channel_write_common: ssh_channel_write wrote 4 bytes
nc DEBUG: SSH: ssh_socket_unbuffered_write: Enabling POLLOUT for socket
nc DEBUG: SSH: ssh_packet_socket_callback: packet: read type 94 [len=24,padding=8,comp=15,payload=15]
nc DEBUG: SSH: ssh_packet_process: Dispatching handler for packet type 94
nc DEBUG: SSH: channel_rcv_data: Channel receiving 6 bytes data in 0 (local win=1217662 remote win=1244031)
nc DEBUG: SSH: channel_default_bufferize: placing 6 bytes into channel buffer (stdout)
nc DEBUG: SSH: channel_rcv_data: Channel windows are now (local win=1217656 remote win=1244031)
nc DEBUG: SSH: ssh_packet_socket_callback: Processing 220 bytes left in socket buffer
nc DEBUG: SSH: ssh_packet_socket_callback: packet: read type 94 [len=200,padding=10,comp=189,payload=189]
nc DEBUG: SSH: ssh_packet_process: Dispatching handler for packet type 94
nc DEBUG: SSH: channel_rcv_data: Channel receiving 180 bytes data in 0 (local win=1217656 remote win=1244031)
nc DEBUG: SSH: channel_default_bufferize: placing 180 bytes into channel buffer (stdout)
nc DEBUG: SSH: channel_rcv_data: Channel windows are now (local win=1217476 remote win=1244031)
nc DEBUG: SSH: ssh_packet_need_rekey: rekey: [data_rekey_needed=0, out_blocks=4686, in_blocks=8563]
nc DEBUG: SSH: ssh_packet_need_rekey: rekey: [data_rekey_needed=0, out_blocks=4686, in_blocks=8563]
nc DEBUG: SSH: ssh_channel_read_timeout: Read (2) buffered : 186 bytes. Window: 1217476
nc DEBUG: SSH: ssh_channel_read_timeout: Read (1) buffered : 184 bytes. Window: 1217476
nc DEBUG: SSH: ssh_channel_read_timeout: Read (1) buffered : 183 bytes. Window: 1217476
nc DEBUG: SSH: ssh_channel_read_timeout: Read (1) buffered : 182 bytes. Window: 1217476
nc DEBUG: SSH: ssh_channel_read_timeout: Read (1) buffered : 181 bytes. Window: 1217476
nc DEBUG: SSH: ssh_channel_read_timeout: Read (180) buffered : 180 bytes. Window: 1217476
nc DEBUG: SSH: ssh_channel_read_timeout: Read (2) buffered : 0 bytes. Window: 1217476
nc DEBUG: SSH: ssh_packet_socket_callback: packet: read type 94 [len=24,padding=10,comp=13,payload=13]
nc DEBUG: SSH: ssh_packet_process: Dispatching handler for packet type 94
nc DEBUG: SSH: channel_rcv_data: Channel receiving 4 bytes data in 0 (local win=1217476 remote win=1244031)
nc DEBUG: SSH: channel_default_bufferize: placing 4 bytes into channel buffer (stdout)
nc DEBUG: SSH: channel_rcv_data: Channel windows are now (local win=1217472 remote win=1244031)
nc DEBUG: SSH: ssh_packet_need_rekey: rekey: [data_rekey_needed=0, out_blocks=4686, in_blocks=8564]
nc DEBUG: SSH: ssh_channel_read_timeout: Read (1) buffered : 2 bytes. Window: 1217472
nc DEBUG: SSH: ssh_channel_read_timeout: Read (1) buffered : 1 bytes. Window: 1217472
nc DEBUG: Received message:
<rpc-reply xmlns="urn:ietf:params:xml:ns:netconf:base:1.0" message-id="122"><next-update-at xmlns="urn:o-ran:supervision:1.0">2026-04-14T11:19:04+00:00</next-update-at></rpc-reply>

DATA
<next-update-at xmlns="urn:o-ran:supervision:1.0">2026-04-14T20:19:04+09:00</next-update-at>

nc DEBUG: Received message:
<notification xmlns="urn:ietf:params:xml:ns:netconf:notification:1.0"><eventTime>2026-04-14T11:19:04Z</eventTime><supervision-notification xmlns="urn:o-ran:supervision:1.0"/></notification>

notification (2026-04-14T11:19:04Z)
<supervision-notification xmlns="urn:o-ran:supervision:1.0"/>

Client SENT :  user-rpc --content /mplane_automation/conformance_test/watchdog.xml
nc DEBUG: Sending message:

#287


nc DEBUG: SSH: ssh_packet_need_rekey: rekey: [data_rekey_needed=0, out_blocks=4687, in_blocks=8591]
nc DEBUG: SSH: ssh_socket_unbuffered_write: Enabling POLLOUT for socket
nc DEBUG: SSH: packet_send2: packet: wrote [type=94, len=24, padding_size=8, comp=15, payload=15]
nc DEBUG: SSH: channel_write_common: ssh_channel_write wrote 6 bytes
nc DEBUG: Sending message:
<rpc xmlns="urn:ietf:params:xml:ns:netconf:base:1.0" message-id="123"><supervision-watchdog-reset xmlns="urn:o-ran:supervision:1.0"><supervision-notification-interval>10</supervision-notification-interval><guard-timer-overhead>10</guard-timer-overhead></supervision-watchdog-reset></rpc>

nc DEBUG: SSH: ssh_packet_need_rekey: rekey: [data_rekey_needed=0, out_blocks=4724, in_blocks=8627]
nc DEBUG: SSH: packet_send2: packet: wrote [type=94, len=304, padding_size=7, comp=296, payload=296]
nc DEBUG: SSH: channel_write_common: ssh_channel_write wrote 287 bytes
nc DEBUG: SSH: ssh_socket_unbuffered_write: Enabling POLLOUT for socket
nc DEBUG: Sending message:

##


nc DEBUG: SSH: ssh_packet_need_rekey: rekey: [data_rekey_needed=0, out_blocks=4725, in_blocks=8591]
nc DEBUG: SSH: packet_send2: packet: wrote [type=94, len=24, padding_size=10, comp=13, payload=13]
nc DEBUG: SSH: channel_write_common: ssh_channel_write wrote 4 bytes
nc DEBUG: SSH: ssh_socket_unbuffered_write: Enabling POLLOUT for socket
nc DEBUG: SSH: ssh_packet_socket_callback: packet: read type 94 [len=24,padding=8,comp=15,payload=15]
nc DEBUG: SSH: ssh_packet_process: Dispatching handler for packet type 94
nc DEBUG: SSH: channel_rcv_data: Channel receiving 6 bytes data in 0 (local win=1217273 remote win=1243734)
nc DEBUG: SSH: channel_default_bufferize: placing 6 bytes into channel buffer (stdout)
nc DEBUG: SSH: channel_rcv_data: Channel windows are now (local win=1217267 remote win=1243734)
nc DEBUG: SSH: ssh_packet_socket_callback: Processing 220 bytes left in socket buffer
nc DEBUG: SSH: ssh_packet_socket_callback: packet: read type 94 [len=200,padding=10,comp=189,payload=189]
nc DEBUG: SSH: ssh_packet_process: Dispatching handler for packet type 94
nc DEBUG: SSH: channel_rcv_data: Channel receiving 180 bytes data in 0 (local win=1217267 remote win=1243734)
nc DEBUG: SSH: channel_default_bufferize: placing 180 bytes into channel buffer (stdout)
nc DEBUG: SSH: channel_rcv_data: Channel windows are now (local win=1217087 remote win=1243734)
nc DEBUG: SSH: ssh_packet_need_rekey: rekey: [data_rekey_needed=0, out_blocks=4725, in_blocks=8614]
nc DEBUG: SSH: ssh_packet_need_rekey: rekey: [data_rekey_needed=0, out_blocks=4725, in_blocks=8614]
nc DEBUG: SSH: ssh_channel_read_timeout: Read (2) buffered : 186 bytes. Window: 1217087
nc DEBUG: SSH: ssh_channel_read_timeout: Read (1) buffered : 184 bytes. Window: 1217087
nc DEBUG: SSH: ssh_channel_read_timeout: Read (1) buffered : 183 bytes. Window: 1217087
nc DEBUG: SSH: ssh_channel_read_timeout: Read (1) buffered : 182 bytes. Window: 1217087
nc DEBUG: SSH: ssh_channel_read_timeout: Read (1) buffered : 181 bytes. Window: 1217087
nc DEBUG: SSH: ssh_channel_read_timeout: Read (180) buffered : 180 bytes. Window: 1217087
nc DEBUG: SSH: ssh_channel_read_timeout: Read (2) buffered : 0 bytes. Window: 1217087
nc DEBUG: SSH: ssh_packet_socket_callback: packet: read type 94 [len=24,padding=10,comp=13,payload=13]
nc DEBUG: SSH: ssh_packet_process: Dispatching handler for packet type 94
nc DEBUG: SSH: channel_rcv_data: Channel receiving 4 bytes data in 0 (local win=1217087 remote win=1243734)
nc DEBUG: SSH: channel_default_bufferize: placing 4 bytes into channel buffer (stdout)
nc DEBUG: SSH: channel_rcv_data: Channel windows are now (local win=1217083 remote win=1243734)
nc DEBUG: SSH: ssh_packet_need_rekey: rekey: [data_rekey_needed=0, out_blocks=4725, in_blocks=8615]
nc DEBUG: SSH: ssh_channel_read_timeout: Read (1) buffered : 2 bytes. Window: 1217083
nc DEBUG: SSH: ssh_channel_read_timeout: Read (1) buffered : 1 bytes. Window: 1217083
nc DEBUG: Received message:
<rpc-reply xmlns="urn:ietf:params:xml:ns:netconf:base:1.0" message-id="123"><next-update-at xmlns="urn:o-ran:supervision:1.0">2026-04-14T11:19:14+00:00</next-update-at></rpc-reply>

DATA
<next-update-at xmlns="urn:o-ran:supervision:1.0">2026-04-14T20:19:14+09:00</next-update-at>

nc DEBUG: Received message:
<notification xmlns="urn:ietf:params:xml:ns:netconf:notification:1.0"><eventTime>2026-04-14T11:19:14Z</eventTime><supervision-notification xmlns="urn:o-ran:supervision:1.0"/></notification>

notification (2026-04-14T11:19:14Z)
<supervision-notification xmlns="urn:o-ran:supervision:1.0"/>

Client SENT :  user-rpc --content /mplane_automation/conformance_test/watchdog.xml
nc DEBUG: Sending message:

#287


nc DEBUG: SSH: ssh_packet_need_rekey: rekey: [data_rekey_needed=0, out_blocks=4726, in_blocks=8642]
nc DEBUG: SSH: ssh_socket_unbuffered_write: Enabling POLLOUT for socket
nc DEBUG: SSH: packet_send2: packet: wrote [type=94, len=24, padding_size=8, comp=15, payload=15]
nc DEBUG: SSH: channel_write_common: ssh_channel_write wrote 6 bytes
nc DEBUG: Sending message:
<rpc xmlns="urn:ietf:params:xml:ns:netconf:base:1.0" message-id="124"><supervision-watchdog-reset xmlns="urn:o-ran:supervision:1.0"><supervision-notification-interval>10</supervision-notification-interval><guard-timer-overhead>10</guard-timer-overhead></supervision-watchdog-reset></rpc>

nc DEBUG: SSH: ssh_packet_need_rekey: rekey: [data_rekey_needed=0, out_blocks=4763, in_blocks=8678]
nc DEBUG: SSH: packet_send2: packet: wrote [type=94, len=304, padding_size=7, comp=296, payload=296]
nc DEBUG: SSH: channel_write_common: ssh_channel_write wrote 287 bytes
nc DEBUG: SSH: ssh_socket_unbuffered_write: Enabling POLLOUT for socket
nc DEBUG: Sending message:

##


nc DEBUG: SSH: ssh_packet_need_rekey: rekey: [data_rekey_needed=0, out_blocks=4764, in_blocks=8642]
nc DEBUG: SSH: packet_send2: packet: wrote [type=94, len=24, padding_size=10, comp=13, payload=13]
nc DEBUG: SSH: channel_write_common: ssh_channel_write wrote 4 bytes
nc DEBUG: SSH: ssh_socket_unbuffered_write: Enabling POLLOUT for socket
nc DEBUG: SSH: ssh_packet_socket_callback: packet: read type 94 [len=24,padding=8,comp=15,payload=15]
nc DEBUG: SSH: ssh_packet_process: Dispatching handler for packet type 94
nc DEBUG: SSH: channel_rcv_data: Channel receiving 6 bytes data in 0 (local win=1216884 remote win=1243437)
nc DEBUG: SSH: channel_default_bufferize: placing 6 bytes into channel buffer (stdout)
nc DEBUG: SSH: channel_rcv_data: Channel windows are now (local win=1216878 remote win=1243437)
nc DEBUG: SSH: ssh_packet_need_rekey: rekey: [data_rekey_needed=0, out_blocks=4764, in_blocks=8642]
nc DEBUG: SSH: ssh_channel_read_timeout: Read (2) buffered : 6 bytes. Window: 1216878
nc DEBUG: SSH: ssh_channel_read_timeout: Read (1) buffered : 4 bytes. Window: 1216878
nc DEBUG: SSH: ssh_channel_read_timeout: Read (1) buffered : 3 bytes. Window: 1216878
nc DEBUG: SSH: ssh_channel_read_timeout: Read (1) buffered : 2 bytes. Window: 1216878
nc DEBUG: SSH: ssh_channel_read_timeout: Read (1) buffered : 1 bytes. Window: 1216878
nc DEBUG: SSH: ssh_channel_read_timeout: Read (180) buffered : 0 bytes. Window: 1216878
nc DEBUG: SSH: ssh_packet_socket_callback: packet: read type 94 [len=200,padding=10,comp=189,payload=189]
nc DEBUG: SSH: ssh_packet_process: Dispatching handler for packet type 94
nc DEBUG: SSH: channel_rcv_data: Channel receiving 180 bytes data in 0 (local win=1216878 remote win=1243437)
nc DEBUG: SSH: channel_default_bufferize: placing 180 bytes into channel buffer (stdout)
nc DEBUG: SSH: channel_rcv_data: Channel windows are now (local win=1216698 remote win=1243437)
nc DEBUG: SSH: ssh_packet_socket_callback: Processing 44 bytes left in socket buffer
nc DEBUG: SSH: ssh_packet_socket_callback: packet: read type 94 [len=24,padding=10,comp=13,payload=13]
nc DEBUG: SSH: ssh_packet_process: Dispatching handler for packet type 94
nc DEBUG: SSH: channel_rcv_data: Channel receiving 4 bytes data in 0 (local win=1216698 remote win=1243437)
nc DEBUG: SSH: channel_default_bufferize: placing 4 bytes into channel buffer (stdout)
nc DEBUG: SSH: channel_rcv_data: Channel windows are now (local win=1216694 remote win=1243437)
nc DEBUG: SSH: ssh_packet_need_rekey: rekey: [data_rekey_needed=0, out_blocks=4764, in_blocks=8666]
nc DEBUG: SSH: ssh_packet_need_rekey: rekey: [data_rekey_needed=0, out_blocks=4764, in_blocks=8666]
nc DEBUG: SSH: ssh_channel_read_timeout: Read (2) buffered : 4 bytes. Window: 1216694
nc DEBUG: SSH: ssh_channel_read_timeout: Read (1) buffered : 2 bytes. Window: 1216694
nc DEBUG: SSH: ssh_channel_read_timeout: Read (1) buffered : 1 bytes. Window: 1216694
nc DEBUG: Received message:
<rpc-reply xmlns="urn:ietf:params:xml:ns:netconf:base:1.0" message-id="124"><next-update-at xmlns="urn:o-ran:supervision:1.0">2026-04-14T11:19:24+00:00</next-update-at></rpc-reply>

DATA
<next-update-at xmlns="urn:o-ran:supervision:1.0">2026-04-14T20:19:24+09:00</next-update-at>

nc DEBUG: Received message:
<notification xmlns="urn:ietf:params:xml:ns:netconf:notification:1.0"><eventTime>2026-04-14T11:19:24Z</eventTime><supervision-notification xmlns="urn:o-ran:supervision:1.0"/></notification>

notification (2026-04-14T11:19:24Z)
<supervision-notification xmlns="urn:o-ran:supervision:1.0"/>

Client SENT :  user-rpc --content /mplane_automation/conformance_test/watchdog.xml
nc DEBUG: Sending message:

#287


nc DEBUG: SSH: ssh_packet_need_rekey: rekey: [data_rekey_needed=0, out_blocks=4765, in_blocks=8693]
nc DEBUG: SSH: ssh_socket_unbuffered_write: Enabling POLLOUT for socket
nc DEBUG: SSH: packet_send2: packet: wrote [type=94, len=24, padding_size=8, comp=15, payload=15]
nc DEBUG: SSH: channel_write_common: ssh_channel_write wrote 6 bytes
nc DEBUG: Sending message:
<rpc xmlns="urn:ietf:params:xml:ns:netconf:base:1.0" message-id="125"><supervision-watchdog-reset xmlns="urn:o-ran:supervision:1.0"><supervision-notification-interval>10</supervision-notification-interval><guard-timer-overhead>10</guard-timer-overhead></supervision-watchdog-reset></rpc>

nc DEBUG: SSH: ssh_packet_need_rekey: rekey: [data_rekey_needed=0, out_blocks=4802, in_blocks=8729]
nc DEBUG: SSH: packet_send2: packet: wrote [type=94, len=304, padding_size=7, comp=296, payload=296]
nc DEBUG: SSH: channel_write_common: ssh_channel_write wrote 287 bytes
nc DEBUG: SSH: ssh_socket_unbuffered_write: Enabling POLLOUT for socket
nc DEBUG: Sending message:

##


nc DEBUG: SSH: ssh_packet_need_rekey: rekey: [data_rekey_needed=0, out_blocks=4803, in_blocks=8693]
nc DEBUG: SSH: packet_send2: packet: wrote [type=94, len=24, padding_size=10, comp=13, payload=13]
nc DEBUG: SSH: channel_write_common: ssh_channel_write wrote 4 bytes
nc DEBUG: SSH: ssh_socket_unbuffered_write: Enabling POLLOUT for socket
nc DEBUG: SSH: ssh_packet_socket_callback: packet: read type 94 [len=24,padding=8,comp=15,payload=15]
nc DEBUG: SSH: ssh_packet_process: Dispatching handler for packet type 94
nc DEBUG: SSH: channel_rcv_data: Channel receiving 6 bytes data in 0 (local win=1216495 remote win=1243140)
nc DEBUG: SSH: channel_default_bufferize: placing 6 bytes into channel buffer (stdout)
nc DEBUG: SSH: channel_rcv_data: Channel windows are now (local win=1216489 remote win=1243140)
nc DEBUG: SSH: ssh_packet_need_rekey: rekey: [data_rekey_needed=0, out_blocks=4803, in_blocks=8693]
nc DEBUG: SSH: ssh_channel_read_timeout: Read (2) buffered : 6 bytes. Window: 1216489
nc DEBUG: SSH: ssh_channel_read_timeout: Read (1) buffered : 4 bytes. Window: 1216489
nc DEBUG: SSH: ssh_channel_read_timeout: Read (1) buffered : 3 bytes. Window: 1216489
nc DEBUG: SSH: ssh_channel_read_timeout: Read (1) buffered : 2 bytes. Window: 1216489
nc DEBUG: SSH: ssh_channel_read_timeout: Read (1) buffered : 1 bytes. Window: 1216489
nc DEBUG: SSH: ssh_channel_read_timeout: Read (180) buffered : 0 bytes. Window: 1216489
nc DEBUG: SSH: ssh_packet_socket_callback: packet: read type 94 [len=200,padding=10,comp=189,payload=189]
nc DEBUG: SSH: ssh_packet_process: Dispatching handler for packet type 94
nc DEBUG: SSH: channel_rcv_data: Channel receiving 180 bytes data in 0 (local win=1216489 remote win=1243140)
nc DEBUG: SSH: channel_default_bufferize: placing 180 bytes into channel buffer (stdout)
nc DEBUG: SSH: channel_rcv_data: Channel windows are now (local win=1216309 remote win=1243140)
nc DEBUG: SSH: ssh_packet_need_rekey: rekey: [data_rekey_needed=0, out_blocks=4803, in_blocks=8716]
nc DEBUG: SSH: ssh_channel_read_timeout: Read (2) buffered : 0 bytes. Window: 1216309
nc DEBUG: SSH: ssh_packet_socket_callback: packet: read type 94 [len=24,padding=10,comp=13,payload=13]
nc DEBUG: SSH: ssh_packet_process: Dispatching handler for packet type 94
nc DEBUG: SSH: channel_rcv_data: Channel receiving 4 bytes data in 0 (local win=1216309 remote win=1243140)
nc DEBUG: SSH: channel_default_bufferize: placing 4 bytes into channel buffer (stdout)
nc DEBUG: SSH: channel_rcv_data: Channel windows are now (local win=1216305 remote win=1243140)
nc DEBUG: SSH: ssh_packet_need_rekey: rekey: [data_rekey_needed=0, out_blocks=4803, in_blocks=8717]
nc DEBUG: SSH: ssh_channel_read_timeout: Read (1) buffered : 2 bytes. Window: 1216305
nc DEBUG: SSH: ssh_channel_read_timeout: Read (1) buffered : 1 bytes. Window: 1216305
nc DEBUG: Received message:
<rpc-reply xmlns="urn:ietf:params:xml:ns:netconf:base:1.0" message-id="125"><next-update-at xmlns="urn:o-ran:supervision:1.0">2026-04-14T11:19:34+00:00</next-update-at></rpc-reply>

DATA
<next-update-at xmlns="urn:o-ran:supervision:1.0">2026-04-14T20:19:34+09:00</next-update-at>

nc DEBUG: Received message:
<notification xmlns="urn:ietf:params:xml:ns:netconf:notification:1.0"><eventTime>2026-04-14T11:19:34Z</eventTime><supervision-notification xmlns="urn:o-ran:supervision:1.0"/></notification>

notification (2026-04-14T11:19:34Z)
<supervision-notification xmlns="urn:o-ran:supervision:1.0"/>

Client SENT :  user-rpc --content /mplane_automation/conformance_test/watchdog.xml
nc DEBUG: Sending message:

#287


nc DEBUG: SSH: ssh_packet_need_rekey: rekey: [data_rekey_needed=0, out_blocks=4804, in_blocks=8744]
nc DEBUG: SSH: ssh_socket_unbuffered_write: Enabling POLLOUT for socket
nc DEBUG: SSH: packet_send2: packet: wrote [type=94, len=24, padding_size=8, comp=15, payload=15]
nc DEBUG: SSH: channel_write_common: ssh_channel_write wrote 6 bytes
nc DEBUG: Sending message:
<rpc xmlns="urn:ietf:params:xml:ns:netconf:base:1.0" message-id="126"><supervision-watchdog-reset xmlns="urn:o-ran:supervision:1.0"><supervision-notification-interval>10</supervision-notification-interval><guard-timer-overhead>10</guard-timer-overhead></supervision-watchdog-reset></rpc>

nc DEBUG: SSH: ssh_packet_need_rekey: rekey: [data_rekey_needed=0, out_blocks=4841, in_blocks=8780]
nc DEBUG: SSH: packet_send2: packet: wrote [type=94, len=304, padding_size=7, comp=296, payload=296]
nc DEBUG: SSH: channel_write_common: ssh_channel_write wrote 287 bytes
nc DEBUG: SSH: ssh_socket_unbuffered_write: Enabling POLLOUT for socket
nc DEBUG: Sending message:

##


nc DEBUG: SSH: ssh_packet_need_rekey: rekey: [data_rekey_needed=0, out_blocks=4842, in_blocks=8744]
nc DEBUG: SSH: packet_send2: packet: wrote [type=94, len=24, padding_size=10, comp=13, payload=13]
nc DEBUG: SSH: channel_write_common: ssh_channel_write wrote 4 bytes
nc DEBUG: SSH: ssh_socket_unbuffered_write: Enabling POLLOUT for socket
nc DEBUG: SSH: ssh_packet_socket_callback: packet: read type 94 [len=24,padding=8,comp=15,payload=15]
nc DEBUG: SSH: ssh_packet_process: Dispatching handler for packet type 94
nc DEBUG: SSH: channel_rcv_data: Channel receiving 6 bytes data in 0 (local win=1216106 remote win=1242843)
nc DEBUG: SSH: channel_default_bufferize: placing 6 bytes into channel buffer (stdout)
nc DEBUG: SSH: channel_rcv_data: Channel windows are now (local win=1216100 remote win=1242843)
nc DEBUG: SSH: ssh_packet_socket_callback: Processing 220 bytes left in socket buffer
nc DEBUG: SSH: ssh_packet_socket_callback: packet: read type 94 [len=200,padding=10,comp=189,payload=189]
nc DEBUG: SSH: ssh_packet_process: Dispatching handler for packet type 94
nc DEBUG: SSH: channel_rcv_data: Channel receiving 180 bytes data in 0 (local win=1216100 remote win=1242843)
nc DEBUG: SSH: channel_default_bufferize: placing 180 bytes into channel buffer (stdout)
nc DEBUG: SSH: channel_rcv_data: Channel windows are now (local win=1215920 remote win=1242843)
nc DEBUG: SSH: ssh_packet_need_rekey: rekey: [data_rekey_needed=0, out_blocks=4842, in_blocks=8767]
nc DEBUG: SSH: ssh_packet_need_rekey: rekey: [data_rekey_needed=0, out_blocks=4842, in_blocks=8767]
nc DEBUG: SSH: ssh_channel_read_timeout: Read (2) buffered : 186 bytes. Window: 1215920
nc DEBUG: SSH: ssh_channel_read_timeout: Read (1) buffered : 184 bytes. Window: 1215920
nc DEBUG: SSH: ssh_channel_read_timeout: Read (1) buffered : 183 bytes. Window: 1215920
nc DEBUG: SSH: ssh_channel_read_timeout: Read (1) buffered : 182 bytes. Window: 1215920
nc DEBUG: SSH: ssh_channel_read_timeout: Read (1) buffered : 181 bytes. Window: 1215920
nc DEBUG: SSH: ssh_channel_read_timeout: Read (180) buffered : 180 bytes. Window: 1215920
nc DEBUG: SSH: ssh_channel_read_timeout: Read (2) buffered : 0 bytes. Window: 1215920
nc DEBUG: SSH: ssh_packet_socket_callback: packet: read type 94 [len=24,padding=10,comp=13,payload=13]
nc DEBUG: SSH: ssh_packet_process: Dispatching handler for packet type 94
nc DEBUG: SSH: channel_rcv_data: Channel receiving 4 bytes data in 0 (local win=1215920 remote win=1242843)
nc DEBUG: SSH: channel_default_bufferize: placing 4 bytes into channel buffer (stdout)
nc DEBUG: SSH: channel_rcv_data: Channel windows are now (local win=1215916 remote win=1242843)
nc DEBUG: SSH: ssh_packet_need_rekey: rekey: [data_rekey_needed=0, out_blocks=4842, in_blocks=8768]
nc DEBUG: SSH: ssh_channel_read_timeout: Read (1) buffered : 2 bytes. Window: 1215916
nc DEBUG: SSH: ssh_channel_read_timeout: Read (1) buffered : 1 bytes. Window: 1215916
nc DEBUG: Received message:
<rpc-reply xmlns="urn:ietf:params:xml:ns:netconf:base:1.0" message-id="126"><next-update-at xmlns="urn:o-ran:supervision:1.0">2026-04-14T11:19:44+00:00</next-update-at></rpc-reply>

DATA
<next-update-at xmlns="urn:o-ran:supervision:1.0">2026-04-14T20:19:44+09:00</next-update-at>

nc DEBUG: Received message:
<notification xmlns="urn:ietf:params:xml:ns:netconf:notification:1.0"><eventTime>2026-04-14T11:19:44Z</eventTime><supervision-notification xmlns="urn:o-ran:supervision:1.0"/></notification>

notification (2026-04-14T11:19:44Z)
<supervision-notification xmlns="urn:o-ran:supervision:1.0"/>

Client SENT :  user-rpc --content /mplane_automation/conformance_test/watchdog.xml
nc DEBUG: Sending message:

#287


nc DEBUG: SSH: ssh_packet_need_rekey: rekey: [data_rekey_needed=0, out_blocks=4843, in_blocks=8795]
nc DEBUG: SSH: ssh_socket_unbuffered_write: Enabling POLLOUT for socket
nc DEBUG: SSH: packet_send2: packet: wrote [type=94, len=24, padding_size=8, comp=15, payload=15]
nc DEBUG: SSH: channel_write_common: ssh_channel_write wrote 6 bytes
nc DEBUG: Sending message:
<rpc xmlns="urn:ietf:params:xml:ns:netconf:base:1.0" message-id="127"><supervision-watchdog-reset xmlns="urn:o-ran:supervision:1.0"><supervision-notification-interval>10</supervision-notification-interval><guard-timer-overhead>10</guard-timer-overhead></supervision-watchdog-reset></rpc>

nc DEBUG: SSH: ssh_packet_need_rekey: rekey: [data_rekey_needed=0, out_blocks=4880, in_blocks=8831]
nc DEBUG: SSH: packet_send2: packet: wrote [type=94, len=304, padding_size=7, comp=296, payload=296]
nc DEBUG: SSH: channel_write_common: ssh_channel_write wrote 287 bytes
nc DEBUG: SSH: ssh_socket_unbuffered_write: Enabling POLLOUT for socket
nc DEBUG: Sending message:

##


nc DEBUG: SSH: ssh_packet_need_rekey: rekey: [data_rekey_needed=0, out_blocks=4881, in_blocks=8795]
nc DEBUG: SSH: packet_send2: packet: wrote [type=94, len=24, padding_size=10, comp=13, payload=13]
nc DEBUG: SSH: channel_write_common: ssh_channel_write wrote 4 bytes
nc DEBUG: SSH: ssh_socket_unbuffered_write: Enabling POLLOUT for socket
nc DEBUG: SSH: ssh_packet_socket_callback: packet: read type 94 [len=24,padding=8,comp=15,payload=15]
nc DEBUG: SSH: ssh_packet_process: Dispatching handler for packet type 94
nc DEBUG: SSH: channel_rcv_data: Channel receiving 6 bytes data in 0 (local win=1215717 remote win=1242546)
nc DEBUG: SSH: channel_default_bufferize: placing 6 bytes into channel buffer (stdout)
nc DEBUG: SSH: channel_rcv_data: Channel windows are now (local win=1215711 remote win=1242546)
nc DEBUG: SSH: ssh_packet_need_rekey: rekey: [data_rekey_needed=0, out_blocks=4881, in_blocks=8795]
nc DEBUG: SSH: ssh_channel_read_timeout: Read (2) buffered : 6 bytes. Window: 1215711
nc DEBUG: SSH: ssh_channel_read_timeout: Read (1) buffered : 4 bytes. Window: 1215711
nc DEBUG: SSH: ssh_channel_read_timeout: Read (1) buffered : 3 bytes. Window: 1215711
nc DEBUG: SSH: ssh_channel_read_timeout: Read (1) buffered : 2 bytes. Window: 1215711
nc DEBUG: SSH: ssh_channel_read_timeout: Read (1) buffered : 1 bytes. Window: 1215711
nc DEBUG: SSH: ssh_channel_read_timeout: Read (180) buffered : 0 bytes. Window: 1215711
nc DEBUG: SSH: ssh_packet_socket_callback: packet: read type 94 [len=200,padding=10,comp=189,payload=189]
nc DEBUG: SSH: ssh_packet_process: Dispatching handler for packet type 94
nc DEBUG: SSH: channel_rcv_data: Channel receiving 180 bytes data in 0 (local win=1215711 remote win=1242546)
nc DEBUG: SSH: channel_default_bufferize: placing 180 bytes into channel buffer (stdout)
nc DEBUG: SSH: channel_rcv_data: Channel windows are now (local win=1215531 remote win=1242546)
nc DEBUG: SSH: ssh_packet_need_rekey: rekey: [data_rekey_needed=0, out_blocks=4881, in_blocks=8818]
nc DEBUG: SSH: ssh_channel_read_timeout: Read (2) buffered : 0 bytes. Window: 1215531
nc DEBUG: SSH: ssh_packet_socket_callback: packet: read type 94 [len=24,padding=10,comp=13,payload=13]
nc DEBUG: SSH: ssh_packet_process: Dispatching handler for packet type 94
nc DEBUG: SSH: channel_rcv_data: Channel receiving 4 bytes data in 0 (local win=1215531 remote win=1242546)
nc DEBUG: SSH: channel_default_bufferize: placing 4 bytes into channel buffer (stdout)
nc DEBUG: SSH: channel_rcv_data: Channel windows are now (local win=1215527 remote win=1242546)
nc DEBUG: SSH: ssh_packet_need_rekey: rekey: [data_rekey_needed=0, out_blocks=4881, in_blocks=8819]
nc DEBUG: SSH: ssh_channel_read_timeout: Read (1) buffered : 2 bytes. Window: 1215527
nc DEBUG: SSH: ssh_channel_read_timeout: Read (1) buffered : 1 bytes. Window: 1215527
nc DEBUG: Received message:
<rpc-reply xmlns="urn:ietf:params:xml:ns:netconf:base:1.0" message-id="127"><next-update-at xmlns="urn:o-ran:supervision:1.0">2026-04-14T11:19:54+00:00</next-update-at></rpc-reply>

DATA
<next-update-at xmlns="urn:o-ran:supervision:1.0">2026-04-14T20:19:54+09:00</next-update-at>

nc DEBUG: Received message:
<notification xmlns="urn:ietf:params:xml:ns:netconf:notification:1.0"><eventTime>2026-04-14T11:19:54Z</eventTime><supervision-notification xmlns="urn:o-ran:supervision:1.0"/></notification>

notification (2026-04-14T11:19:54Z)
<supervision-notification xmlns="urn:o-ran:supervision:1.0"/>

Client SENT :  user-rpc --content /mplane_automation/conformance_test/watchdog.xml
nc DEBUG: Sending message:

#287


nc DEBUG: SSH: ssh_packet_need_rekey: rekey: [data_rekey_needed=0, out_blocks=4882, in_blocks=8846]
nc DEBUG: SSH: ssh_socket_unbuffered_write: Enabling POLLOUT for socket
nc DEBUG: SSH: packet_send2: packet: wrote [type=94, len=24, padding_size=8, comp=15, payload=15]
nc DEBUG: SSH: channel_write_common: ssh_channel_write wrote 6 bytes
nc DEBUG: Sending message:
<rpc xmlns="urn:ietf:params:xml:ns:netconf:base:1.0" message-id="128"><supervision-watchdog-reset xmlns="urn:o-ran:supervision:1.0"><supervision-notification-interval>10</supervision-notification-interval><guard-timer-overhead>10</guard-timer-overhead></supervision-watchdog-reset></rpc>

nc DEBUG: SSH: ssh_packet_need_rekey: rekey: [data_rekey_needed=0, out_blocks=4919, in_blocks=8882]
nc DEBUG: SSH: packet_send2: packet: wrote [type=94, len=304, padding_size=7, comp=296, payload=296]
nc DEBUG: SSH: channel_write_common: ssh_channel_write wrote 287 bytes
nc DEBUG: SSH: ssh_socket_unbuffered_write: Enabling POLLOUT for socket
nc DEBUG: Sending message:

##


nc DEBUG: SSH: ssh_packet_need_rekey: rekey: [data_rekey_needed=0, out_blocks=4920, in_blocks=8846]
nc DEBUG: SSH: packet_send2: packet: wrote [type=94, len=24, padding_size=10, comp=13, payload=13]
nc DEBUG: SSH: channel_write_common: ssh_channel_write wrote 4 bytes
nc DEBUG: SSH: ssh_socket_unbuffered_write: Enabling POLLOUT for socket
nc DEBUG: SSH: ssh_packet_socket_callback: packet: read type 94 [len=24,padding=8,comp=15,payload=15]
nc DEBUG: SSH: ssh_packet_process: Dispatching handler for packet type 94
nc DEBUG: SSH: channel_rcv_data: Channel receiving 6 bytes data in 0 (local win=1215328 remote win=1242249)
nc DEBUG: SSH: channel_default_bufferize: placing 6 bytes into channel buffer (stdout)
nc DEBUG: SSH: channel_rcv_data: Channel windows are now (local win=1215322 remote win=1242249)
nc DEBUG: SSH: ssh_packet_need_rekey: rekey: [data_rekey_needed=0, out_blocks=4920, in_blocks=8846]
nc DEBUG: SSH: ssh_channel_read_timeout: Read (2) buffered : 6 bytes. Window: 1215322
nc DEBUG: SSH: ssh_channel_read_timeout: Read (1) buffered : 4 bytes. Window: 1215322
nc DEBUG: SSH: ssh_channel_read_timeout: Read (1) buffered : 3 bytes. Window: 1215322
nc DEBUG: SSH: ssh_channel_read_timeout: Read (1) buffered : 2 bytes. Window: 1215322
nc DEBUG: SSH: ssh_channel_read_timeout: Read (1) buffered : 1 bytes. Window: 1215322
nc DEBUG: SSH: ssh_channel_read_timeout: Read (180) buffered : 0 bytes. Window: 1215322
nc DEBUG: SSH: ssh_packet_socket_callback: packet: read type 94 [len=200,padding=10,comp=189,payload=189]
nc DEBUG: SSH: ssh_packet_process: Dispatching handler for packet type 94
nc DEBUG: SSH: channel_rcv_data: Channel receiving 180 bytes data in 0 (local win=1215322 remote win=1242249)
nc DEBUG: SSH: channel_default_bufferize: placing 180 bytes into channel buffer (stdout)
nc DEBUG: SSH: channel_rcv_data: Channel windows are now (local win=1215142 remote win=1242249)
nc DEBUG: SSH: ssh_packet_need_rekey: rekey: [data_rekey_needed=0, out_blocks=4920, in_blocks=8869]
nc DEBUG: SSH: ssh_channel_read_timeout: Read (2) buffered : 0 bytes. Window: 1215142
nc DEBUG: SSH: ssh_channel_read_timeout: Read (2) buffered : 0 bytes. Window: 1215142
nc DEBUG: SSH: ssh_packet_socket_callback: packet: read type 94 [len=24,padding=10,comp=13,payload=13]
nc DEBUG: SSH: ssh_packet_process: Dispatching handler for packet type 94
nc DEBUG: SSH: channel_rcv_data: Channel receiving 4 bytes data in 0 (local win=1215142 remote win=1242249)
nc DEBUG: SSH: channel_default_bufferize: placing 4 bytes into channel buffer (stdout)
nc DEBUG: SSH: channel_rcv_data: Channel windows are now (local win=1215138 remote win=1242249)
nc DEBUG: SSH: ssh_packet_need_rekey: rekey: [data_rekey_needed=0, out_blocks=4920, in_blocks=8870]
nc DEBUG: SSH: ssh_channel_read_timeout: Read (1) buffered : 2 bytes. Window: 1215138
nc DEBUG: SSH: ssh_channel_read_timeout: Read (1) buffered : 1 bytes. Window: 1215138
nc DEBUG: Received message:
<rpc-reply xmlns="urn:ietf:params:xml:ns:netconf:base:1.0" message-id="128"><next-update-at xmlns="urn:o-ran:supervision:1.0">2026-04-14T11:20:04+00:00</next-update-at></rpc-reply>

DATA
<next-update-at xmlns="urn:o-ran:supervision:1.0">2026-04-14T20:20:04+09:00</next-update-at>

nc DEBUG: Received message:
<notification xmlns="urn:ietf:params:xml:ns:netconf:notification:1.0"><eventTime>2026-04-14T11:20:04Z</eventTime><supervision-notification xmlns="urn:o-ran:supervision:1.0"/></notification>

notification (2026-04-14T11:20:04Z)
<supervision-notification xmlns="urn:o-ran:supervision:1.0"/>

Client SENT :  user-rpc --content /mplane_automation/conformance_test/watchdog.xml
nc DEBUG: Sending message:

#287


nc DEBUG: SSH: ssh_packet_need_rekey: rekey: [data_rekey_needed=0, out_blocks=4921, in_blocks=8897]
nc DEBUG: SSH: ssh_socket_unbuffered_write: Enabling POLLOUT for socket
nc DEBUG: SSH: packet_send2: packet: wrote [type=94, len=24, padding_size=8, comp=15, payload=15]
nc DEBUG: SSH: channel_write_common: ssh_channel_write wrote 6 bytes
nc DEBUG: Sending message:
<rpc xmlns="urn:ietf:params:xml:ns:netconf:base:1.0" message-id="129"><supervision-watchdog-reset xmlns="urn:o-ran:supervision:1.0"><supervision-notification-interval>10</supervision-notification-interval><guard-timer-overhead>10</guard-timer-overhead></supervision-watchdog-reset></rpc>

nc DEBUG: SSH: ssh_packet_need_rekey: rekey: [data_rekey_needed=0, out_blocks=4958, in_blocks=8933]
nc DEBUG: SSH: packet_send2: packet: wrote [type=94, len=304, padding_size=7, comp=296, payload=296]
nc DEBUG: SSH: channel_write_common: ssh_channel_write wrote 287 bytes
nc DEBUG: SSH: ssh_socket_unbuffered_write: Enabling POLLOUT for socket
nc DEBUG: Sending message:

##


nc DEBUG: SSH: ssh_packet_need_rekey: rekey: [data_rekey_needed=0, out_blocks=4959, in_blocks=8897]
nc DEBUG: SSH: packet_send2: packet: wrote [type=94, len=24, padding_size=10, comp=13, payload=13]
nc DEBUG: SSH: channel_write_common: ssh_channel_write wrote 4 bytes
nc DEBUG: SSH: ssh_socket_unbuffered_write: Enabling POLLOUT for socket
nc DEBUG: SSH: ssh_packet_socket_callback: packet: read type 94 [len=24,padding=8,comp=15,payload=15]
nc DEBUG: SSH: ssh_packet_process: Dispatching handler for packet type 94
nc DEBUG: SSH: channel_rcv_data: Channel receiving 6 bytes data in 0 (local win=1214939 remote win=1241952)
nc DEBUG: SSH: channel_default_bufferize: placing 6 bytes into channel buffer (stdout)
nc DEBUG: SSH: channel_rcv_data: Channel windows are now (local win=1214933 remote win=1241952)
nc DEBUG: SSH: ssh_packet_need_rekey: rekey: [data_rekey_needed=0, out_blocks=4959, in_blocks=8897]
nc DEBUG: SSH: ssh_channel_read_timeout: Read (2) buffered : 6 bytes. Window: 1214933
nc DEBUG: SSH: ssh_channel_read_timeout: Read (1) buffered : 4 bytes. Window: 1214933
nc DEBUG: SSH: ssh_channel_read_timeout: Read (1) buffered : 3 bytes. Window: 1214933
nc DEBUG: SSH: ssh_channel_read_timeout: Read (1) buffered : 2 bytes. Window: 1214933
nc DEBUG: SSH: ssh_channel_read_timeout: Read (1) buffered : 1 bytes. Window: 1214933
nc DEBUG: SSH: ssh_channel_read_timeout: Read (180) buffered : 0 bytes. Window: 1214933
nc DEBUG: SSH: ssh_packet_socket_callback: packet: read type 94 [len=200,padding=10,comp=189,payload=189]
nc DEBUG: SSH: ssh_packet_process: Dispatching handler for packet type 94
nc DEBUG: SSH: channel_rcv_data: Channel receiving 180 bytes data in 0 (local win=1214933 remote win=1241952)
nc DEBUG: SSH: channel_default_bufferize: placing 180 bytes into channel buffer (stdout)
nc DEBUG: SSH: channel_rcv_data: Channel windows are now (local win=1214753 remote win=1241952)
nc DEBUG: SSH: ssh_packet_need_rekey: rekey: [data_rekey_needed=0, out_blocks=4959, in_blocks=8920]
nc DEBUG: SSH: ssh_channel_read_timeout: Read (2) buffered : 0 bytes. Window: 1214753
nc DEBUG: SSH: ssh_packet_socket_callback: packet: read type 94 [len=24,padding=10,comp=13,payload=13]
nc DEBUG: SSH: ssh_packet_process: Dispatching handler for packet type 94
nc DEBUG: SSH: channel_rcv_data: Channel receiving 4 bytes data in 0 (local win=1214753 remote win=1241952)
nc DEBUG: SSH: channel_default_bufferize: placing 4 bytes into channel buffer (stdout)
nc DEBUG: SSH: channel_rcv_data: Channel windows are now (local win=1214749 remote win=1241952)
nc DEBUG: SSH: ssh_packet_need_rekey: rekey: [data_rekey_needed=0, out_blocks=4959, in_blocks=8921]
nc DEBUG: SSH: ssh_channel_read_timeout: Read (1) buffered : 2 bytes. Window: 1214749
nc DEBUG: SSH: ssh_channel_read_timeout: Read (1) buffered : 1 bytes. Window: 1214749
nc DEBUG: Received message:
<rpc-reply xmlns="urn:ietf:params:xml:ns:netconf:base:1.0" message-id="129"><next-update-at xmlns="urn:o-ran:supervision:1.0">2026-04-14T11:20:14+00:00</next-update-at></rpc-reply>

DATA
<next-update-at xmlns="urn:o-ran:supervision:1.0">2026-04-14T20:20:14+09:00</next-update-at>

nc DEBUG: Received message:
<notification xmlns="urn:ietf:params:xml:ns:netconf:notification:1.0"><eventTime>2026-04-14T11:20:14Z</eventTime><supervision-notification xmlns="urn:o-ran:supervision:1.0"/></notification>

notification (2026-04-14T11:20:14Z)
<supervision-notification xmlns="urn:o-ran:supervision:1.0"/>

Client SENT :  user-rpc --content /mplane_automation/conformance_test/watchdog.xml
nc DEBUG: Sending message:

#287


nc DEBUG: SSH: ssh_packet_need_rekey: rekey: [data_rekey_needed=0, out_blocks=4960, in_blocks=8948]
nc DEBUG: SSH: ssh_socket_unbuffered_write: Enabling POLLOUT for socket
nc DEBUG: SSH: packet_send2: packet: wrote [type=94, len=24, padding_size=8, comp=15, payload=15]
nc DEBUG: SSH: channel_write_common: ssh_channel_write wrote 6 bytes
nc DEBUG: Sending message:
<rpc xmlns="urn:ietf:params:xml:ns:netconf:base:1.0" message-id="130"><supervision-watchdog-reset xmlns="urn:o-ran:supervision:1.0"><supervision-notification-interval>10</supervision-notification-interval><guard-timer-overhead>10</guard-timer-overhead></supervision-watchdog-reset></rpc>

nc DEBUG: SSH: ssh_packet_need_rekey: rekey: [data_rekey_needed=0, out_blocks=4997, in_blocks=8984]
nc DEBUG: SSH: packet_send2: packet: wrote [type=94, len=304, padding_size=7, comp=296, payload=296]
nc DEBUG: SSH: channel_write_common: ssh_channel_write wrote 287 bytes
nc DEBUG: SSH: ssh_socket_unbuffered_write: Enabling POLLOUT for socket
nc DEBUG: Sending message:

##


nc DEBUG: SSH: ssh_packet_need_rekey: rekey: [data_rekey_needed=0, out_blocks=4998, in_blocks=8948]
nc DEBUG: SSH: packet_send2: packet: wrote [type=94, len=24, padding_size=10, comp=13, payload=13]
nc DEBUG: SSH: channel_write_common: ssh_channel_write wrote 4 bytes
nc DEBUG: SSH: ssh_socket_unbuffered_write: Enabling POLLOUT for socket
nc DEBUG: SSH: ssh_packet_socket_callback: packet: read type 94 [len=24,padding=8,comp=15,payload=15]
nc DEBUG: SSH: ssh_packet_process: Dispatching handler for packet type 94
nc DEBUG: SSH: channel_rcv_data: Channel receiving 6 bytes data in 0 (local win=1214550 remote win=1241655)
nc DEBUG: SSH: channel_default_bufferize: placing 6 bytes into channel buffer (stdout)
nc DEBUG: SSH: channel_rcv_data: Channel windows are now (local win=1214544 remote win=1241655)
nc DEBUG: SSH: ssh_packet_need_rekey: rekey: [data_rekey_needed=0, out_blocks=4998, in_blocks=8948]
nc DEBUG: SSH: ssh_channel_read_timeout: Read (2) buffered : 6 bytes. Window: 1214544
nc DEBUG: SSH: ssh_channel_read_timeout: Read (1) buffered : 4 bytes. Window: 1214544
nc DEBUG: SSH: ssh_channel_read_timeout: Read (1) buffered : 3 bytes. Window: 1214544
nc DEBUG: SSH: ssh_channel_read_timeout: Read (1) buffered : 2 bytes. Window: 1214544
nc DEBUG: SSH: ssh_channel_read_timeout: Read (1) buffered : 1 bytes. Window: 1214544
nc DEBUG: SSH: ssh_channel_read_timeout: Read (180) buffered : 0 bytes. Window: 1214544
nc DEBUG: SSH: ssh_packet_socket_callback: packet: read type 94 [len=200,padding=10,comp=189,payload=189]
nc DEBUG: SSH: ssh_packet_process: Dispatching handler for packet type 94
nc DEBUG: SSH: channel_rcv_data: Channel receiving 180 bytes data in 0 (local win=1214544 remote win=1241655)
nc DEBUG: SSH: channel_default_bufferize: placing 180 bytes into channel buffer (stdout)
nc DEBUG: SSH: channel_rcv_data: Channel windows are now (local win=1214364 remote win=1241655)
nc DEBUG: SSH: ssh_packet_need_rekey: rekey: [data_rekey_needed=0, out_blocks=4998, in_blocks=8971]
nc DEBUG: SSH: ssh_channel_read_timeout: Read (2) buffered : 0 bytes. Window: 1214364
nc DEBUG: SSH: ssh_packet_socket_callback: packet: read type 94 [len=24,padding=10,comp=13,payload=13]
nc DEBUG: SSH: ssh_packet_process: Dispatching handler for packet type 94
nc DEBUG: SSH: channel_rcv_data: Channel receiving 4 bytes data in 0 (local win=1214364 remote win=1241655)
nc DEBUG: SSH: channel_default_bufferize: placing 4 bytes into channel buffer (stdout)
nc DEBUG: SSH: channel_rcv_data: Channel windows are now (local win=1214360 remote win=1241655)
nc DEBUG: SSH: ssh_packet_need_rekey: rekey: [data_rekey_needed=0, out_blocks=4998, in_blocks=8972]
nc DEBUG: SSH: ssh_channel_read_timeout: Read (1) buffered : 2 bytes. Window: 1214360
nc DEBUG: SSH: ssh_channel_read_timeout: Read (1) buffered : 1 bytes. Window: 1214360
nc DEBUG: Received message:
<rpc-reply xmlns="urn:ietf:params:xml:ns:netconf:base:1.0" message-id="130"><next-update-at xmlns="urn:o-ran:supervision:1.0">2026-04-14T11:20:24+00:00</next-update-at></rpc-reply>

DATA
<next-update-at xmlns="urn:o-ran:supervision:1.0">2026-04-14T20:20:24+09:00</next-update-at>

nc DEBUG: Received message:
<notification xmlns="urn:ietf:params:xml:ns:netconf:notification:1.0"><eventTime>2026-04-14T11:20:24Z</eventTime><supervision-notification xmlns="urn:o-ran:supervision:1.0"/></notification>

notification (2026-04-14T11:20:24Z)
<supervision-notification xmlns="urn:o-ran:supervision:1.0"/>

Client SENT :  user-rpc --content /mplane_automation/conformance_test/watchdog.xml
nc DEBUG: Sending message:

#287


nc DEBUG: SSH: ssh_packet_need_rekey: rekey: [data_rekey_needed=0, out_blocks=4999, in_blocks=8999]
nc DEBUG: SSH: ssh_socket_unbuffered_write: Enabling POLLOUT for socket
nc DEBUG: SSH: packet_send2: packet: wrote [type=94, len=24, padding_size=8, comp=15, payload=15]
nc DEBUG: SSH: channel_write_common: ssh_channel_write wrote 6 bytes
nc DEBUG: Sending message:
<rpc xmlns="urn:ietf:params:xml:ns:netconf:base:1.0" message-id="131"><supervision-watchdog-reset xmlns="urn:o-ran:supervision:1.0"><supervision-notification-interval>10</supervision-notification-interval><guard-timer-overhead>10</guard-timer-overhead></supervision-watchdog-reset></rpc>

nc DEBUG: SSH: ssh_packet_need_rekey: rekey: [data_rekey_needed=0, out_blocks=5036, in_blocks=9035]
nc DEBUG: SSH: packet_send2: packet: wrote [type=94, len=304, padding_size=7, comp=296, payload=296]
nc DEBUG: SSH: channel_write_common: ssh_channel_write wrote 287 bytes
nc DEBUG: SSH: ssh_socket_unbuffered_write: Enabling POLLOUT for socket
nc DEBUG: Sending message:

##


nc DEBUG: SSH: ssh_packet_need_rekey: rekey: [data_rekey_needed=0, out_blocks=5037, in_blocks=8999]
nc DEBUG: SSH: packet_send2: packet: wrote [type=94, len=24, padding_size=10, comp=13, payload=13]
nc DEBUG: SSH: channel_write_common: ssh_channel_write wrote 4 bytes
nc DEBUG: SSH: ssh_socket_unbuffered_write: Enabling POLLOUT for socket
nc DEBUG: SSH: ssh_packet_socket_callback: packet: read type 94 [len=24,padding=8,comp=15,payload=15]
nc DEBUG: SSH: ssh_packet_process: Dispatching handler for packet type 94
nc DEBUG: SSH: channel_rcv_data: Channel receiving 6 bytes data in 0 (local win=1214161 remote win=1241358)
nc DEBUG: SSH: channel_default_bufferize: placing 6 bytes into channel buffer (stdout)
nc DEBUG: SSH: channel_rcv_data: Channel windows are now (local win=1214155 remote win=1241358)
nc DEBUG: SSH: ssh_packet_need_rekey: rekey: [data_rekey_needed=0, out_blocks=5037, in_blocks=8999]
nc DEBUG: SSH: ssh_channel_read_timeout: Read (2) buffered : 6 bytes. Window: 1214155
nc DEBUG: SSH: ssh_channel_read_timeout: Read (1) buffered : 4 bytes. Window: 1214155
nc DEBUG: SSH: ssh_channel_read_timeout: Read (1) buffered : 3 bytes. Window: 1214155
nc DEBUG: SSH: ssh_channel_read_timeout: Read (1) buffered : 2 bytes. Window: 1214155
nc DEBUG: SSH: ssh_channel_read_timeout: Read (1) buffered : 1 bytes. Window: 1214155
nc DEBUG: SSH: ssh_channel_read_timeout: Read (180) buffered : 0 bytes. Window: 1214155
nc DEBUG: SSH: ssh_packet_socket_callback: packet: read type 94 [len=200,padding=10,comp=189,payload=189]
nc DEBUG: SSH: ssh_packet_process: Dispatching handler for packet type 94
nc DEBUG: SSH: channel_rcv_data: Channel receiving 180 bytes data in 0 (local win=1214155 remote win=1241358)
nc DEBUG: SSH: channel_default_bufferize: placing 180 bytes into channel buffer (stdout)
nc DEBUG: SSH: channel_rcv_data: Channel windows are now (local win=1213975 remote win=1241358)
nc DEBUG: SSH: ssh_packet_need_rekey: rekey: [data_rekey_needed=0, out_blocks=5037, in_blocks=9022]
nc DEBUG: SSH: ssh_channel_read_timeout: Read (2) buffered : 0 bytes. Window: 1213975
nc DEBUG: SSH: ssh_packet_socket_callback: packet: read type 94 [len=24,padding=10,comp=13,payload=13]
nc DEBUG: SSH: ssh_packet_process: Dispatching handler for packet type 94
nc DEBUG: SSH: channel_rcv_data: Channel receiving 4 bytes data in 0 (local win=1213975 remote win=1241358)
nc DEBUG: SSH: channel_default_bufferize: placing 4 bytes into channel buffer (stdout)
nc DEBUG: SSH: channel_rcv_data: Channel windows are now (local win=1213971 remote win=1241358)
nc DEBUG: SSH: ssh_packet_need_rekey: rekey: [data_rekey_needed=0, out_blocks=5037, in_blocks=9023]
nc DEBUG: SSH: ssh_channel_read_timeout: Read (1) buffered : 2 bytes. Window: 1213971
nc DEBUG: SSH: ssh_channel_read_timeout: Read (1) buffered : 1 bytes. Window: 1213971
nc DEBUG: Received message:
<rpc-reply xmlns="urn:ietf:params:xml:ns:netconf:base:1.0" message-id="131"><next-update-at xmlns="urn:o-ran:supervision:1.0">2026-04-14T11:20:34+00:00</next-update-at></rpc-reply>

DATA
<next-update-at xmlns="urn:o-ran:supervision:1.0">2026-04-14T20:20:34+09:00</next-update-at>

nc DEBUG: Received message:
<notification xmlns="urn:ietf:params:xml:ns:netconf:notification:1.0"><eventTime>2026-04-14T11:20:34Z</eventTime><supervision-notification xmlns="urn:o-ran:supervision:1.0"/></notification>

notification (2026-04-14T11:20:34Z)
<supervision-notification xmlns="urn:o-ran:supervision:1.0"/>

Client SENT :  user-rpc --content /mplane_automation/conformance_test/watchdog.xml
nc DEBUG: Sending message:

#287


nc DEBUG: SSH: ssh_packet_need_rekey: rekey: [data_rekey_needed=0, out_blocks=5038, in_blocks=9050]
nc DEBUG: SSH: ssh_socket_unbuffered_write: Enabling POLLOUT for socket
nc DEBUG: SSH: packet_send2: packet: wrote [type=94, len=24, padding_size=8, comp=15, payload=15]
nc DEBUG: SSH: channel_write_common: ssh_channel_write wrote 6 bytes
nc DEBUG: Sending message:
<rpc xmlns="urn:ietf:params:xml:ns:netconf:base:1.0" message-id="132"><supervision-watchdog-reset xmlns="urn:o-ran:supervision:1.0"><supervision-notification-interval>10</supervision-notification-interval><guard-timer-overhead>10</guard-timer-overhead></supervision-watchdog-reset></rpc>

nc DEBUG: SSH: ssh_packet_need_rekey: rekey: [data_rekey_needed=0, out_blocks=5075, in_blocks=9086]
nc DEBUG: SSH: packet_send2: packet: wrote [type=94, len=304, padding_size=7, comp=296, payload=296]
nc DEBUG: SSH: channel_write_common: ssh_channel_write wrote 287 bytes
nc DEBUG: SSH: ssh_socket_unbuffered_write: Enabling POLLOUT for socket
nc DEBUG: Sending message:

##


nc DEBUG: SSH: ssh_packet_need_rekey: rekey: [data_rekey_needed=0, out_blocks=5076, in_blocks=9050]
nc DEBUG: SSH: packet_send2: packet: wrote [type=94, len=24, padding_size=10, comp=13, payload=13]
nc DEBUG: SSH: channel_write_common: ssh_channel_write wrote 4 bytes
nc DEBUG: SSH: ssh_socket_unbuffered_write: Enabling POLLOUT for socket
nc DEBUG: SSH: ssh_packet_socket_callback: packet: read type 94 [len=24,padding=8,comp=15,payload=15]
nc DEBUG: SSH: ssh_packet_process: Dispatching handler for packet type 94
nc DEBUG: SSH: channel_rcv_data: Channel receiving 6 bytes data in 0 (local win=1213772 remote win=1241061)
nc DEBUG: SSH: channel_default_bufferize: placing 6 bytes into channel buffer (stdout)
nc DEBUG: SSH: channel_rcv_data: Channel windows are now (local win=1213766 remote win=1241061)
nc DEBUG: SSH: ssh_packet_need_rekey: rekey: [data_rekey_needed=0, out_blocks=5076, in_blocks=9050]
nc DEBUG: SSH: ssh_channel_read_timeout: Read (2) buffered : 6 bytes. Window: 1213766
nc DEBUG: SSH: ssh_channel_read_timeout: Read (1) buffered : 4 bytes. Window: 1213766
nc DEBUG: SSH: ssh_channel_read_timeout: Read (1) buffered : 3 bytes. Window: 1213766
nc DEBUG: SSH: ssh_channel_read_timeout: Read (1) buffered : 2 bytes. Window: 1213766
nc DEBUG: SSH: ssh_channel_read_timeout: Read (1) buffered : 1 bytes. Window: 1213766
nc DEBUG: SSH: ssh_channel_read_timeout: Read (180) buffered : 0 bytes. Window: 1213766
nc DEBUG: SSH: ssh_packet_socket_callback: packet: read type 94 [len=200,padding=10,comp=189,payload=189]
nc DEBUG: SSH: ssh_packet_process: Dispatching handler for packet type 94
nc DEBUG: SSH: channel_rcv_data: Channel receiving 180 bytes data in 0 (local win=1213766 remote win=1241061)
nc DEBUG: SSH: channel_default_bufferize: placing 180 bytes into channel buffer (stdout)
nc DEBUG: SSH: channel_rcv_data: Channel windows are now (local win=1213586 remote win=1241061)
nc DEBUG: SSH: ssh_packet_need_rekey: rekey: [data_rekey_needed=0, out_blocks=5076, in_blocks=9073]
nc DEBUG: SSH: ssh_channel_read_timeout: Read (2) buffered : 0 bytes. Window: 1213586
nc DEBUG: SSH: ssh_packet_socket_callback: packet: read type 94 [len=24,padding=10,comp=13,payload=13]
nc DEBUG: SSH: ssh_packet_process: Dispatching handler for packet type 94
nc DEBUG: SSH: channel_rcv_data: Channel receiving 4 bytes data in 0 (local win=1213586 remote win=1241061)
nc DEBUG: SSH: channel_default_bufferize: placing 4 bytes into channel buffer (stdout)
nc DEBUG: SSH: channel_rcv_data: Channel windows are now (local win=1213582 remote win=1241061)
nc DEBUG: SSH: ssh_packet_need_rekey: rekey: [data_rekey_needed=0, out_blocks=5076, in_blocks=9074]
nc DEBUG: SSH: ssh_channel_read_timeout: Read (1) buffered : 2 bytes. Window: 1213582
nc DEBUG: SSH: ssh_channel_read_timeout: Read (1) buffered : 1 bytes. Window: 1213582
nc DEBUG: Received message:
<rpc-reply xmlns="urn:ietf:params:xml:ns:netconf:base:1.0" message-id="132"><next-update-at xmlns="urn:o-ran:supervision:1.0">2026-04-14T11:20:44+00:00</next-update-at></rpc-reply>

DATA
<next-update-at xmlns="urn:o-ran:supervision:1.0">2026-04-14T20:20:44+09:00</next-update-at>

nc DEBUG: Received message:
<notification xmlns="urn:ietf:params:xml:ns:netconf:notification:1.0"><eventTime>2026-04-14T11:20:44Z</eventTime><supervision-notification xmlns="urn:o-ran:supervision:1.0"/></notification>

notification (2026-04-14T11:20:44Z)
<supervision-notification xmlns="urn:o-ran:supervision:1.0"/>

Client SENT :  user-rpc --content /mplane_automation/conformance_test/watchdog.xml
nc DEBUG: Sending message:

#287


nc DEBUG: SSH: ssh_packet_need_rekey: rekey: [data_rekey_needed=0, out_blocks=5077, in_blocks=9101]
nc DEBUG: SSH: ssh_socket_unbuffered_write: Enabling POLLOUT for socket
nc DEBUG: SSH: packet_send2: packet: wrote [type=94, len=24, padding_size=8, comp=15, payload=15]
nc DEBUG: SSH: channel_write_common: ssh_channel_write wrote 6 bytes
nc DEBUG: Sending message:
<rpc xmlns="urn:ietf:params:xml:ns:netconf:base:1.0" message-id="133"><supervision-watchdog-reset xmlns="urn:o-ran:supervision:1.0"><supervision-notification-interval>10</supervision-notification-interval><guard-timer-overhead>10</guard-timer-overhead></supervision-watchdog-reset></rpc>

nc DEBUG: SSH: ssh_packet_need_rekey: rekey: [data_rekey_needed=0, out_blocks=5114, in_blocks=9137]
nc DEBUG: SSH: packet_send2: packet: wrote [type=94, len=304, padding_size=7, comp=296, payload=296]
nc DEBUG: SSH: channel_write_common: ssh_channel_write wrote 287 bytes
nc DEBUG: SSH: ssh_socket_unbuffered_write: Enabling POLLOUT for socket
nc DEBUG: Sending message:

##


nc DEBUG: SSH: ssh_packet_need_rekey: rekey: [data_rekey_needed=0, out_blocks=5115, in_blocks=9101]
nc DEBUG: SSH: packet_send2: packet: wrote [type=94, len=24, padding_size=10, comp=13, payload=13]
nc DEBUG: SSH: channel_write_common: ssh_channel_write wrote 4 bytes
nc DEBUG: SSH: ssh_socket_unbuffered_write: Enabling POLLOUT for socket
nc DEBUG: SSH: ssh_packet_socket_callback: packet: read type 94 [len=24,padding=8,comp=15,payload=15]
nc DEBUG: SSH: ssh_packet_process: Dispatching handler for packet type 94
nc DEBUG: SSH: channel_rcv_data: Channel receiving 6 bytes data in 0 (local win=1213383 remote win=1240764)
nc DEBUG: SSH: channel_default_bufferize: placing 6 bytes into channel buffer (stdout)
nc DEBUG: SSH: channel_rcv_data: Channel windows are now (local win=1213377 remote win=1240764)
nc DEBUG: SSH: ssh_packet_need_rekey: rekey: [data_rekey_needed=0, out_blocks=5115, in_blocks=9101]
nc DEBUG: SSH: ssh_channel_read_timeout: Read (2) buffered : 6 bytes. Window: 1213377
nc DEBUG: SSH: ssh_channel_read_timeout: Read (1) buffered : 4 bytes. Window: 1213377
nc DEBUG: SSH: ssh_channel_read_timeout: Read (1) buffered : 3 bytes. Window: 1213377
nc DEBUG: SSH: ssh_channel_read_timeout: Read (1) buffered : 2 bytes. Window: 1213377
nc DEBUG: SSH: ssh_channel_read_timeout: Read (1) buffered : 1 bytes. Window: 1213377
nc DEBUG: SSH: ssh_channel_read_timeout: Read (180) buffered : 0 bytes. Window: 1213377
nc DEBUG: SSH: ssh_packet_socket_callback: packet: read type 94 [len=200,padding=10,comp=189,payload=189]
nc DEBUG: SSH: ssh_packet_process: Dispatching handler for packet type 94
nc DEBUG: SSH: channel_rcv_data: Channel receiving 180 bytes data in 0 (local win=1213377 remote win=1240764)
nc DEBUG: SSH: channel_default_bufferize: placing 180 bytes into channel buffer (stdout)
nc DEBUG: SSH: channel_rcv_data: Channel windows are now (local win=1213197 remote win=1240764)
nc DEBUG: SSH: ssh_packet_socket_callback: Processing 44 bytes left in socket buffer
nc DEBUG: SSH: ssh_packet_socket_callback: packet: read type 94 [len=24,padding=10,comp=13,payload=13]
nc DEBUG: SSH: ssh_packet_process: Dispatching handler for packet type 94
nc DEBUG: SSH: channel_rcv_data: Channel receiving 4 bytes data in 0 (local win=1213197 remote win=1240764)
nc DEBUG: SSH: channel_default_bufferize: placing 4 bytes into channel buffer (stdout)
nc DEBUG: SSH: channel_rcv_data: Channel windows are now (local win=1213193 remote win=1240764)
nc DEBUG: SSH: ssh_packet_need_rekey: rekey: [data_rekey_needed=0, out_blocks=5115, in_blocks=9125]
nc DEBUG: SSH: ssh_packet_need_rekey: rekey: [data_rekey_needed=0, out_blocks=5115, in_blocks=9125]
nc DEBUG: SSH: ssh_channel_read_timeout: Read (2) buffered : 4 bytes. Window: 1213193
nc DEBUG: SSH: ssh_channel_read_timeout: Read (1) buffered : 2 bytes. Window: 1213193
nc DEBUG: SSH: ssh_channel_read_timeout: Read (1) buffered : 1 bytes. Window: 1213193
nc DEBUG: Received message:
<rpc-reply xmlns="urn:ietf:params:xml:ns:netconf:base:1.0" message-id="133"><next-update-at xmlns="urn:o-ran:supervision:1.0">2026-04-14T11:20:54+00:00</next-update-at></rpc-reply>

DATA
<next-update-at xmlns="urn:o-ran:supervision:1.0">2026-04-14T20:20:54+09:00</next-update-at>

nc DEBUG: Received message:
<notification xmlns="urn:ietf:params:xml:ns:netconf:notification:1.0"><eventTime>2026-04-14T11:20:54Z</eventTime><supervision-notification xmlns="urn:o-ran:supervision:1.0"/></notification>

notification (2026-04-14T11:20:54Z)
<supervision-notification xmlns="urn:o-ran:supervision:1.0"/>

Client SENT :  user-rpc --content /mplane_automation/conformance_test/watchdog.xml
nc DEBUG: Sending message:

#287


nc DEBUG: SSH: ssh_packet_need_rekey: rekey: [data_rekey_needed=0, out_blocks=5116, in_blocks=9152]
nc DEBUG: SSH: ssh_socket_unbuffered_write: Enabling POLLOUT for socket
nc DEBUG: SSH: packet_send2: packet: wrote [type=94, len=24, padding_size=8, comp=15, payload=15]
nc DEBUG: SSH: channel_write_common: ssh_channel_write wrote 6 bytes
nc DEBUG: Sending message:
<rpc xmlns="urn:ietf:params:xml:ns:netconf:base:1.0" message-id="134"><supervision-watchdog-reset xmlns="urn:o-ran:supervision:1.0"><supervision-notification-interval>10</supervision-notification-interval><guard-timer-overhead>10</guard-timer-overhead></supervision-watchdog-reset></rpc>

nc DEBUG: SSH: ssh_packet_need_rekey: rekey: [data_rekey_needed=0, out_blocks=5153, in_blocks=9188]
nc DEBUG: SSH: packet_send2: packet: wrote [type=94, len=304, padding_size=7, comp=296, payload=296]
nc DEBUG: SSH: channel_write_common: ssh_channel_write wrote 287 bytes
nc DEBUG: SSH: ssh_socket_unbuffered_write: Enabling POLLOUT for socket
nc DEBUG: Sending message:

##


nc DEBUG: SSH: ssh_packet_need_rekey: rekey: [data_rekey_needed=0, out_blocks=5154, in_blocks=9152]
nc DEBUG: SSH: packet_send2: packet: wrote [type=94, len=24, padding_size=10, comp=13, payload=13]
nc DEBUG: SSH: channel_write_common: ssh_channel_write wrote 4 bytes
nc DEBUG: SSH: ssh_socket_unbuffered_write: Enabling POLLOUT for socket
nc DEBUG: SSH: ssh_packet_socket_callback: packet: read type 94 [len=24,padding=8,comp=15,payload=15]
nc DEBUG: SSH: ssh_packet_process: Dispatching handler for packet type 94
nc DEBUG: SSH: channel_rcv_data: Channel receiving 6 bytes data in 0 (local win=1212994 remote win=1240467)
nc DEBUG: SSH: channel_default_bufferize: placing 6 bytes into channel buffer (stdout)
nc DEBUG: SSH: channel_rcv_data: Channel windows are now (local win=1212988 remote win=1240467)
nc DEBUG: SSH: ssh_packet_need_rekey: rekey: [data_rekey_needed=0, out_blocks=5154, in_blocks=9152]
nc DEBUG: SSH: ssh_channel_read_timeout: Read (2) buffered : 6 bytes. Window: 1212988
nc DEBUG: SSH: ssh_channel_read_timeout: Read (1) buffered : 4 bytes. Window: 1212988
nc DEBUG: SSH: ssh_channel_read_timeout: Read (1) buffered : 3 bytes. Window: 1212988
nc DEBUG: SSH: ssh_channel_read_timeout: Read (1) buffered : 2 bytes. Window: 1212988
nc DEBUG: SSH: ssh_channel_read_timeout: Read (1) buffered : 1 bytes. Window: 1212988
nc DEBUG: SSH: ssh_channel_read_timeout: Read (180) buffered : 0 bytes. Window: 1212988
nc DEBUG: SSH: ssh_packet_socket_callback: packet: read type 94 [len=200,padding=10,comp=189,payload=189]
nc DEBUG: SSH: ssh_packet_process: Dispatching handler for packet type 94
nc DEBUG: SSH: channel_rcv_data: Channel receiving 180 bytes data in 0 (local win=1212988 remote win=1240467)
nc DEBUG: SSH: channel_default_bufferize: placing 180 bytes into channel buffer (stdout)
nc DEBUG: SSH: channel_rcv_data: Channel windows are now (local win=1212808 remote win=1240467)
nc DEBUG: SSH: ssh_packet_need_rekey: rekey: [data_rekey_needed=0, out_blocks=5154, in_blocks=9175]
nc DEBUG: SSH: ssh_channel_read_timeout: Read (2) buffered : 0 bytes. Window: 1212808
nc DEBUG: SSH: ssh_packet_socket_callback: packet: read type 94 [len=24,padding=10,comp=13,payload=13]
nc DEBUG: SSH: ssh_packet_process: Dispatching handler for packet type 94
nc DEBUG: SSH: channel_rcv_data: Channel receiving 4 bytes data in 0 (local win=1212808 remote win=1240467)
nc DEBUG: SSH: channel_default_bufferize: placing 4 bytes into channel buffer (stdout)
nc DEBUG: SSH: channel_rcv_data: Channel windows are now (local win=1212804 remote win=1240467)
nc DEBUG: SSH: ssh_packet_need_rekey: rekey: [data_rekey_needed=0, out_blocks=5154, in_blocks=9176]
nc DEBUG: SSH: ssh_channel_read_timeout: Read (1) buffered : 2 bytes. Window: 1212804
nc DEBUG: SSH: ssh_channel_read_timeout: Read (1) buffered : 1 bytes. Window: 1212804
nc DEBUG: Received message:
<rpc-reply xmlns="urn:ietf:params:xml:ns:netconf:base:1.0" message-id="134"><next-update-at xmlns="urn:o-ran:supervision:1.0">2026-04-14T11:21:04+00:00</next-update-at></rpc-reply>

DATA
<next-update-at xmlns="urn:o-ran:supervision:1.0">2026-04-14T20:21:04+09:00</next-update-at>

nc DEBUG: Received message:
<notification xmlns="urn:ietf:params:xml:ns:netconf:notification:1.0"><eventTime>2026-04-14T11:21:04Z</eventTime><supervision-notification xmlns="urn:o-ran:supervision:1.0"/></notification>

notification (2026-04-14T11:21:04Z)
<supervision-notification xmlns="urn:o-ran:supervision:1.0"/>

Client SENT :  user-rpc --content /mplane_automation/conformance_test/watchdog.xml
nc DEBUG: Sending message:

#287


nc DEBUG: SSH: ssh_packet_need_rekey: rekey: [data_rekey_needed=0, out_blocks=5155, in_blocks=9203]
nc DEBUG: SSH: ssh_socket_unbuffered_write: Enabling POLLOUT for socket
nc DEBUG: SSH: packet_send2: packet: wrote [type=94, len=24, padding_size=8, comp=15, payload=15]
nc DEBUG: SSH: channel_write_common: ssh_channel_write wrote 6 bytes
nc DEBUG: Sending message:
<rpc xmlns="urn:ietf:params:xml:ns:netconf:base:1.0" message-id="135"><supervision-watchdog-reset xmlns="urn:o-ran:supervision:1.0"><supervision-notification-interval>10</supervision-notification-interval><guard-timer-overhead>10</guard-timer-overhead></supervision-watchdog-reset></rpc>

nc DEBUG: SSH: ssh_packet_need_rekey: rekey: [data_rekey_needed=0, out_blocks=5192, in_blocks=9239]
nc DEBUG: SSH: packet_send2: packet: wrote [type=94, len=304, padding_size=7, comp=296, payload=296]
nc DEBUG: SSH: channel_write_common: ssh_channel_write wrote 287 bytes
nc DEBUG: SSH: ssh_socket_unbuffered_write: Enabling POLLOUT for socket
nc DEBUG: Sending message:

##


nc DEBUG: SSH: ssh_packet_need_rekey: rekey: [data_rekey_needed=0, out_blocks=5193, in_blocks=9203]
nc DEBUG: SSH: packet_send2: packet: wrote [type=94, len=24, padding_size=10, comp=13, payload=13]
nc DEBUG: SSH: channel_write_common: ssh_channel_write wrote 4 bytes
nc DEBUG: SSH: ssh_socket_unbuffered_write: Enabling POLLOUT for socket
nc DEBUG: SSH: ssh_packet_socket_callback: packet: read type 94 [len=24,padding=8,comp=15,payload=15]
nc DEBUG: SSH: ssh_packet_process: Dispatching handler for packet type 94
nc DEBUG: SSH: channel_rcv_data: Channel receiving 6 bytes data in 0 (local win=1212605 remote win=1240170)
nc DEBUG: SSH: channel_default_bufferize: placing 6 bytes into channel buffer (stdout)
nc DEBUG: SSH: channel_rcv_data: Channel windows are now (local win=1212599 remote win=1240170)
nc DEBUG: SSH: ssh_packet_need_rekey: rekey: [data_rekey_needed=0, out_blocks=5193, in_blocks=9203]
nc DEBUG: SSH: ssh_channel_read_timeout: Read (2) buffered : 6 bytes. Window: 1212599
nc DEBUG: SSH: ssh_channel_read_timeout: Read (1) buffered : 4 bytes. Window: 1212599
nc DEBUG: SSH: ssh_channel_read_timeout: Read (1) buffered : 3 bytes. Window: 1212599
nc DEBUG: SSH: ssh_channel_read_timeout: Read (1) buffered : 2 bytes. Window: 1212599
nc DEBUG: SSH: ssh_channel_read_timeout: Read (1) buffered : 1 bytes. Window: 1212599
nc DEBUG: SSH: ssh_channel_read_timeout: Read (180) buffered : 0 bytes. Window: 1212599
nc DEBUG: SSH: ssh_packet_socket_callback: packet: read type 94 [len=200,padding=10,comp=189,payload=189]
nc DEBUG: SSH: ssh_packet_process: Dispatching handler for packet type 94
nc DEBUG: SSH: channel_rcv_data: Channel receiving 180 bytes data in 0 (local win=1212599 remote win=1240170)
nc DEBUG: SSH: channel_default_bufferize: placing 180 bytes into channel buffer (stdout)
nc DEBUG: SSH: channel_rcv_data: Channel windows are now (local win=1212419 remote win=1240170)
nc DEBUG: SSH: ssh_packet_need_rekey: rekey: [data_rekey_needed=0, out_blocks=5193, in_blocks=9226]
nc DEBUG: SSH: ssh_channel_read_timeout: Read (2) buffered : 0 bytes. Window: 1212419
nc DEBUG: SSH: ssh_packet_socket_callback: packet: read type 94 [len=24,padding=10,comp=13,payload=13]
nc DEBUG: SSH: ssh_packet_process: Dispatching handler for packet type 94
nc DEBUG: SSH: channel_rcv_data: Channel receiving 4 bytes data in 0 (local win=1212419 remote win=1240170)
nc DEBUG: SSH: channel_default_bufferize: placing 4 bytes into channel buffer (stdout)
nc DEBUG: SSH: channel_rcv_data: Channel windows are now (local win=1212415 remote win=1240170)
nc DEBUG: SSH: ssh_packet_need_rekey: rekey: [data_rekey_needed=0, out_blocks=5193, in_blocks=9227]
nc DEBUG: SSH: ssh_channel_read_timeout: Read (1) buffered : 2 bytes. Window: 1212415
nc DEBUG: SSH: ssh_channel_read_timeout: Read (1) buffered : 1 bytes. Window: 1212415
nc DEBUG: Received message:
<rpc-reply xmlns="urn:ietf:params:xml:ns:netconf:base:1.0" message-id="135"><next-update-at xmlns="urn:o-ran:supervision:1.0">2026-04-14T11:21:14+00:00</next-update-at></rpc-reply>

DATA
<next-update-at xmlns="urn:o-ran:supervision:1.0">2026-04-14T20:21:14+09:00</next-update-at>

nc DEBUG: Received message:
<notification xmlns="urn:ietf:params:xml:ns:netconf:notification:1.0"><eventTime>2026-04-14T11:21:14Z</eventTime><supervision-notification xmlns="urn:o-ran:supervision:1.0"/></notification>

notification (2026-04-14T11:21:14Z)
<supervision-notification xmlns="urn:o-ran:supervision:1.0"/>

Client SENT :  user-rpc --content /mplane_automation/conformance_test/watchdog.xml
nc DEBUG: Sending message:

#287


nc DEBUG: SSH: ssh_packet_need_rekey: rekey: [data_rekey_needed=0, out_blocks=5194, in_blocks=9254]
nc DEBUG: SSH: ssh_socket_unbuffered_write: Enabling POLLOUT for socket
nc DEBUG: SSH: packet_send2: packet: wrote [type=94, len=24, padding_size=8, comp=15, payload=15]
nc DEBUG: SSH: channel_write_common: ssh_channel_write wrote 6 bytes
nc DEBUG: Sending message:
<rpc xmlns="urn:ietf:params:xml:ns:netconf:base:1.0" message-id="136"><supervision-watchdog-reset xmlns="urn:o-ran:supervision:1.0"><supervision-notification-interval>10</supervision-notification-interval><guard-timer-overhead>10</guard-timer-overhead></supervision-watchdog-reset></rpc>

nc DEBUG: SSH: ssh_packet_need_rekey: rekey: [data_rekey_needed=0, out_blocks=5231, in_blocks=9290]
nc DEBUG: SSH: packet_send2: packet: wrote [type=94, len=304, padding_size=7, comp=296, payload=296]
nc DEBUG: SSH: channel_write_common: ssh_channel_write wrote 287 bytes
nc DEBUG: SSH: ssh_socket_unbuffered_write: Enabling POLLOUT for socket
nc DEBUG: Sending message:

##


nc DEBUG: SSH: ssh_packet_need_rekey: rekey: [data_rekey_needed=0, out_blocks=5232, in_blocks=9254]
nc DEBUG: SSH: packet_send2: packet: wrote [type=94, len=24, padding_size=10, comp=13, payload=13]
nc DEBUG: SSH: channel_write_common: ssh_channel_write wrote 4 bytes
nc DEBUG: SSH: ssh_socket_unbuffered_write: Enabling POLLOUT for socket
nc DEBUG: SSH: ssh_packet_socket_callback: packet: read type 94 [len=24,padding=8,comp=15,payload=15]
nc DEBUG: SSH: ssh_packet_process: Dispatching handler for packet type 94
nc DEBUG: SSH: channel_rcv_data: Channel receiving 6 bytes data in 0 (local win=1212216 remote win=1239873)
nc DEBUG: SSH: channel_default_bufferize: placing 6 bytes into channel buffer (stdout)
nc DEBUG: SSH: channel_rcv_data: Channel windows are now (local win=1212210 remote win=1239873)
nc DEBUG: SSH: ssh_packet_need_rekey: rekey: [data_rekey_needed=0, out_blocks=5232, in_blocks=9254]
nc DEBUG: SSH: ssh_channel_read_timeout: Read (2) buffered : 6 bytes. Window: 1212210
nc DEBUG: SSH: ssh_channel_read_timeout: Read (1) buffered : 4 bytes. Window: 1212210
nc DEBUG: SSH: ssh_channel_read_timeout: Read (1) buffered : 3 bytes. Window: 1212210
nc DEBUG: SSH: ssh_channel_read_timeout: Read (1) buffered : 2 bytes. Window: 1212210
nc DEBUG: SSH: ssh_channel_read_timeout: Read (1) buffered : 1 bytes. Window: 1212210
nc DEBUG: SSH: ssh_channel_read_timeout: Read (180) buffered : 0 bytes. Window: 1212210
nc DEBUG: SSH: ssh_packet_socket_callback: packet: read type 94 [len=200,padding=10,comp=189,payload=189]
nc DEBUG: SSH: ssh_packet_process: Dispatching handler for packet type 94
nc DEBUG: SSH: channel_rcv_data: Channel receiving 180 bytes data in 0 (local win=1212210 remote win=1239873)
nc DEBUG: SSH: channel_default_bufferize: placing 180 bytes into channel buffer (stdout)
nc DEBUG: SSH: channel_rcv_data: Channel windows are now (local win=1212030 remote win=1239873)
nc DEBUG: SSH: ssh_packet_need_rekey: rekey: [data_rekey_needed=0, out_blocks=5232, in_blocks=9277]
nc DEBUG: SSH: ssh_channel_read_timeout: Read (2) buffered : 0 bytes. Window: 1212030
nc DEBUG: SSH: ssh_packet_socket_callback: packet: read type 94 [len=24,padding=10,comp=13,payload=13]
nc DEBUG: SSH: ssh_packet_process: Dispatching handler for packet type 94
nc DEBUG: SSH: channel_rcv_data: Channel receiving 4 bytes data in 0 (local win=1212030 remote win=1239873)
nc DEBUG: SSH: channel_default_bufferize: placing 4 bytes into channel buffer (stdout)
nc DEBUG: SSH: channel_rcv_data: Channel windows are now (local win=1212026 remote win=1239873)
nc DEBUG: SSH: ssh_packet_need_rekey: rekey: [data_rekey_needed=0, out_blocks=5232, in_blocks=9278]
nc DEBUG: SSH: ssh_channel_read_timeout: Read (1) buffered : 2 bytes. Window: 1212026
nc DEBUG: SSH: ssh_channel_read_timeout: Read (1) buffered : 1 bytes. Window: 1212026
nc DEBUG: Received message:
<rpc-reply xmlns="urn:ietf:params:xml:ns:netconf:base:1.0" message-id="136"><next-update-at xmlns="urn:o-ran:supervision:1.0">2026-04-14T11:21:24+00:00</next-update-at></rpc-reply>

DATA
<next-update-at xmlns="urn:o-ran:supervision:1.0">2026-04-14T20:21:24+09:00</next-update-at>

nc DEBUG: Received message:
<notification xmlns="urn:ietf:params:xml:ns:netconf:notification:1.0"><eventTime>2026-04-14T11:21:24Z</eventTime><supervision-notification xmlns="urn:o-ran:supervision:1.0"/></notification>

notification (2026-04-14T11:21:24Z)
<supervision-notification xmlns="urn:o-ran:supervision:1.0"/>

Client SENT :  user-rpc --content /mplane_automation/conformance_test/watchdog.xml
nc DEBUG: Sending message:

#287


nc DEBUG: SSH: ssh_packet_need_rekey: rekey: [data_rekey_needed=0, out_blocks=5233, in_blocks=9305]
nc DEBUG: SSH: ssh_socket_unbuffered_write: Enabling POLLOUT for socket
nc DEBUG: SSH: packet_send2: packet: wrote [type=94, len=24, padding_size=8, comp=15, payload=15]
nc DEBUG: SSH: channel_write_common: ssh_channel_write wrote 6 bytes
nc DEBUG: Sending message:
<rpc xmlns="urn:ietf:params:xml:ns:netconf:base:1.0" message-id="137"><supervision-watchdog-reset xmlns="urn:o-ran:supervision:1.0"><supervision-notification-interval>10</supervision-notification-interval><guard-timer-overhead>10</guard-timer-overhead></supervision-watchdog-reset></rpc>

nc DEBUG: SSH: ssh_packet_need_rekey: rekey: [data_rekey_needed=0, out_blocks=5270, in_blocks=9341]
nc DEBUG: SSH: packet_send2: packet: wrote [type=94, len=304, padding_size=7, comp=296, payload=296]
nc DEBUG: SSH: channel_write_common: ssh_channel_write wrote 287 bytes
nc DEBUG: SSH: ssh_socket_unbuffered_write: Enabling POLLOUT for socket
nc DEBUG: Sending message:

##


nc DEBUG: SSH: ssh_packet_need_rekey: rekey: [data_rekey_needed=0, out_blocks=5271, in_blocks=9305]
nc DEBUG: SSH: packet_send2: packet: wrote [type=94, len=24, padding_size=10, comp=13, payload=13]
nc DEBUG: SSH: channel_write_common: ssh_channel_write wrote 4 bytes
nc DEBUG: SSH: ssh_socket_unbuffered_write: Enabling POLLOUT for socket
nc DEBUG: SSH: ssh_packet_socket_callback: packet: read type 94 [len=24,padding=8,comp=15,payload=15]
nc DEBUG: SSH: ssh_packet_process: Dispatching handler for packet type 94
nc DEBUG: SSH: channel_rcv_data: Channel receiving 6 bytes data in 0 (local win=1211827 remote win=1239576)
nc DEBUG: SSH: channel_default_bufferize: placing 6 bytes into channel buffer (stdout)
nc DEBUG: SSH: channel_rcv_data: Channel windows are now (local win=1211821 remote win=1239576)
nc DEBUG: SSH: ssh_packet_need_rekey: rekey: [data_rekey_needed=0, out_blocks=5271, in_blocks=9305]
nc DEBUG: SSH: ssh_channel_read_timeout: Read (2) buffered : 6 bytes. Window: 1211821
nc DEBUG: SSH: ssh_channel_read_timeout: Read (1) buffered : 4 bytes. Window: 1211821
nc DEBUG: SSH: ssh_channel_read_timeout: Read (1) buffered : 3 bytes. Window: 1211821
nc DEBUG: SSH: ssh_channel_read_timeout: Read (1) buffered : 2 bytes. Window: 1211821
nc DEBUG: SSH: ssh_channel_read_timeout: Read (1) buffered : 1 bytes. Window: 1211821
nc DEBUG: SSH: ssh_channel_read_timeout: Read (180) buffered : 0 bytes. Window: 1211821
nc DEBUG: SSH: ssh_packet_socket_callback: packet: read type 94 [len=200,padding=10,comp=189,payload=189]
nc DEBUG: SSH: ssh_packet_process: Dispatching handler for packet type 94
nc DEBUG: SSH: channel_rcv_data: Channel receiving 180 bytes data in 0 (local win=1211821 remote win=1239576)
nc DEBUG: SSH: channel_default_bufferize: placing 180 bytes into channel buffer (stdout)
nc DEBUG: SSH: channel_rcv_data: Channel windows are now (local win=1211641 remote win=1239576)
nc DEBUG: SSH: ssh_packet_need_rekey: rekey: [data_rekey_needed=0, out_blocks=5271, in_blocks=9328]
nc DEBUG: SSH: ssh_channel_read_timeout: Read (2) buffered : 0 bytes. Window: 1211641
nc DEBUG: SSH: ssh_packet_socket_callback: packet: read type 94 [len=24,padding=10,comp=13,payload=13]
nc DEBUG: SSH: ssh_packet_process: Dispatching handler for packet type 94
nc DEBUG: SSH: channel_rcv_data: Channel receiving 4 bytes data in 0 (local win=1211641 remote win=1239576)
nc DEBUG: SSH: channel_default_bufferize: placing 4 bytes into channel buffer (stdout)
nc DEBUG: SSH: channel_rcv_data: Channel windows are now (local win=1211637 remote win=1239576)
nc DEBUG: SSH: ssh_packet_need_rekey: rekey: [data_rekey_needed=0, out_blocks=5271, in_blocks=9329]
nc DEBUG: SSH: ssh_channel_read_timeout: Read (1) buffered : 2 bytes. Window: 1211637
nc DEBUG: SSH: ssh_channel_read_timeout: Read (1) buffered : 1 bytes. Window: 1211637
nc DEBUG: Received message:
<rpc-reply xmlns="urn:ietf:params:xml:ns:netconf:base:1.0" message-id="137"><next-update-at xmlns="urn:o-ran:supervision:1.0">2026-04-14T11:21:34+00:00</next-update-at></rpc-reply>

DATA
<next-update-at xmlns="urn:o-ran:supervision:1.0">2026-04-14T20:21:34+09:00</next-update-at>

nc DEBUG: Received message:
<notification xmlns="urn:ietf:params:xml:ns:netconf:notification:1.0"><eventTime>2026-04-14T11:21:34Z</eventTime><supervision-notification xmlns="urn:o-ran:supervision:1.0"/></notification>

notification (2026-04-14T11:21:34Z)
<supervision-notification xmlns="urn:o-ran:supervision:1.0"/>

Client SENT :  user-rpc --content /mplane_automation/conformance_test/watchdog.xml
nc DEBUG: Sending message:

#287


nc DEBUG: SSH: ssh_packet_need_rekey: rekey: [data_rekey_needed=0, out_blocks=5272, in_blocks=9356]
nc DEBUG: SSH: ssh_socket_unbuffered_write: Enabling POLLOUT for socket
nc DEBUG: SSH: packet_send2: packet: wrote [type=94, len=24, padding_size=8, comp=15, payload=15]
nc DEBUG: SSH: channel_write_common: ssh_channel_write wrote 6 bytes
nc DEBUG: Sending message:
<rpc xmlns="urn:ietf:params:xml:ns:netconf:base:1.0" message-id="138"><supervision-watchdog-reset xmlns="urn:o-ran:supervision:1.0"><supervision-notification-interval>10</supervision-notification-interval><guard-timer-overhead>10</guard-timer-overhead></supervision-watchdog-reset></rpc>

nc DEBUG: SSH: ssh_packet_need_rekey: rekey: [data_rekey_needed=0, out_blocks=5309, in_blocks=9392]
nc DEBUG: SSH: packet_send2: packet: wrote [type=94, len=304, padding_size=7, comp=296, payload=296]
nc DEBUG: SSH: channel_write_common: ssh_channel_write wrote 287 bytes
nc DEBUG: SSH: ssh_socket_unbuffered_write: Enabling POLLOUT for socket
nc DEBUG: Sending message:

##


nc DEBUG: SSH: ssh_packet_need_rekey: rekey: [data_rekey_needed=0, out_blocks=5310, in_blocks=9356]
nc DEBUG: SSH: packet_send2: packet: wrote [type=94, len=24, padding_size=10, comp=13, payload=13]
nc DEBUG: SSH: channel_write_common: ssh_channel_write wrote 4 bytes
nc DEBUG: SSH: ssh_socket_unbuffered_write: Enabling POLLOUT for socket
nc DEBUG: SSH: ssh_packet_socket_callback: packet: read type 94 [len=24,padding=8,comp=15,payload=15]
nc DEBUG: SSH: ssh_packet_process: Dispatching handler for packet type 94
nc DEBUG: SSH: channel_rcv_data: Channel receiving 6 bytes data in 0 (local win=1211438 remote win=1239279)
nc DEBUG: SSH: channel_default_bufferize: placing 6 bytes into channel buffer (stdout)
nc DEBUG: SSH: channel_rcv_data: Channel windows are now (local win=1211432 remote win=1239279)
nc DEBUG: SSH: ssh_packet_need_rekey: rekey: [data_rekey_needed=0, out_blocks=5310, in_blocks=9356]
nc DEBUG: SSH: ssh_channel_read_timeout: Read (2) buffered : 6 bytes. Window: 1211432
nc DEBUG: SSH: ssh_channel_read_timeout: Read (1) buffered : 4 bytes. Window: 1211432
nc DEBUG: SSH: ssh_channel_read_timeout: Read (1) buffered : 3 bytes. Window: 1211432
nc DEBUG: SSH: ssh_channel_read_timeout: Read (1) buffered : 2 bytes. Window: 1211432
nc DEBUG: SSH: ssh_channel_read_timeout: Read (1) buffered : 1 bytes. Window: 1211432
nc DEBUG: SSH: ssh_channel_read_timeout: Read (180) buffered : 0 bytes. Window: 1211432
nc DEBUG: SSH: ssh_packet_socket_callback: packet: read type 94 [len=200,padding=10,comp=189,payload=189]
nc DEBUG: SSH: ssh_packet_process: Dispatching handler for packet type 94
nc DEBUG: SSH: channel_rcv_data: Channel receiving 180 bytes data in 0 (local win=1211432 remote win=1239279)
nc DEBUG: SSH: channel_default_bufferize: placing 180 bytes into channel buffer (stdout)
nc DEBUG: SSH: channel_rcv_data: Channel windows are now (local win=1211252 remote win=1239279)
nc DEBUG: SSH: ssh_packet_need_rekey: rekey: [data_rekey_needed=0, out_blocks=5310, in_blocks=9379]
nc DEBUG: SSH: ssh_channel_read_timeout: Read (2) buffered : 0 bytes. Window: 1211252
nc DEBUG: SSH: ssh_packet_socket_callback: packet: read type 94 [len=24,padding=10,comp=13,payload=13]
nc DEBUG: SSH: ssh_packet_process: Dispatching handler for packet type 94
nc DEBUG: SSH: channel_rcv_data: Channel receiving 4 bytes data in 0 (local win=1211252 remote win=1239279)
nc DEBUG: SSH: channel_default_bufferize: placing 4 bytes into channel buffer (stdout)
nc DEBUG: SSH: channel_rcv_data: Channel windows are now (local win=1211248 remote win=1239279)
nc DEBUG: SSH: ssh_packet_need_rekey: rekey: [data_rekey_needed=0, out_blocks=5310, in_blocks=9380]
nc DEBUG: SSH: ssh_channel_read_timeout: Read (1) buffered : 2 bytes. Window: 1211248
nc DEBUG: SSH: ssh_channel_read_timeout: Read (1) buffered : 1 bytes. Window: 1211248
nc DEBUG: Received message:
<rpc-reply xmlns="urn:ietf:params:xml:ns:netconf:base:1.0" message-id="138"><next-update-at xmlns="urn:o-ran:supervision:1.0">2026-04-14T11:21:44+00:00</next-update-at></rpc-reply>

DATA
<next-update-at xmlns="urn:o-ran:supervision:1.0">2026-04-14T20:21:44+09:00</next-update-at>

nc DEBUG: Received message:
<notification xmlns="urn:ietf:params:xml:ns:netconf:notification:1.0"><eventTime>2026-04-14T11:21:44Z</eventTime><supervision-notification xmlns="urn:o-ran:supervision:1.0"/></notification>

notification (2026-04-14T11:21:44Z)
<supervision-notification xmlns="urn:o-ran:supervision:1.0"/>

Client SENT :  user-rpc --content /mplane_automation/conformance_test/watchdog.xml
nc DEBUG: Sending message:

#287


nc DEBUG: SSH: ssh_packet_need_rekey: rekey: [data_rekey_needed=0, out_blocks=5311, in_blocks=9407]
nc DEBUG: SSH: ssh_socket_unbuffered_write: Enabling POLLOUT for socket
nc DEBUG: SSH: packet_send2: packet: wrote [type=94, len=24, padding_size=8, comp=15, payload=15]
nc DEBUG: SSH: channel_write_common: ssh_channel_write wrote 6 bytes
nc DEBUG: Sending message:
<rpc xmlns="urn:ietf:params:xml:ns:netconf:base:1.0" message-id="139"><supervision-watchdog-reset xmlns="urn:o-ran:supervision:1.0"><supervision-notification-interval>10</supervision-notification-interval><guard-timer-overhead>10</guard-timer-overhead></supervision-watchdog-reset></rpc>

nc DEBUG: SSH: ssh_packet_need_rekey: rekey: [data_rekey_needed=0, out_blocks=5348, in_blocks=9443]
nc DEBUG: SSH: packet_send2: packet: wrote [type=94, len=304, padding_size=7, comp=296, payload=296]
nc DEBUG: SSH: channel_write_common: ssh_channel_write wrote 287 bytes
nc DEBUG: SSH: ssh_socket_unbuffered_write: Enabling POLLOUT for socket
nc DEBUG: Sending message:

##


nc DEBUG: SSH: ssh_packet_need_rekey: rekey: [data_rekey_needed=0, out_blocks=5349, in_blocks=9407]
nc DEBUG: SSH: packet_send2: packet: wrote [type=94, len=24, padding_size=10, comp=13, payload=13]
nc DEBUG: SSH: channel_write_common: ssh_channel_write wrote 4 bytes
nc DEBUG: SSH: ssh_socket_unbuffered_write: Enabling POLLOUT for socket
nc DEBUG: SSH: ssh_packet_socket_callback: packet: read type 94 [len=24,padding=8,comp=15,payload=15]
nc DEBUG: SSH: ssh_packet_process: Dispatching handler for packet type 94
nc DEBUG: SSH: channel_rcv_data: Channel receiving 6 bytes data in 0 (local win=1211049 remote win=1238982)
nc DEBUG: SSH: channel_default_bufferize: placing 6 bytes into channel buffer (stdout)
nc DEBUG: SSH: channel_rcv_data: Channel windows are now (local win=1211043 remote win=1238982)
nc DEBUG: SSH: ssh_packet_need_rekey: rekey: [data_rekey_needed=0, out_blocks=5349, in_blocks=9407]
nc DEBUG: SSH: ssh_channel_read_timeout: Read (2) buffered : 6 bytes. Window: 1211043
nc DEBUG: SSH: ssh_channel_read_timeout: Read (1) buffered : 4 bytes. Window: 1211043
nc DEBUG: SSH: ssh_channel_read_timeout: Read (1) buffered : 3 bytes. Window: 1211043
nc DEBUG: SSH: ssh_channel_read_timeout: Read (1) buffered : 2 bytes. Window: 1211043
nc DEBUG: SSH: ssh_channel_read_timeout: Read (1) buffered : 1 bytes. Window: 1211043
nc DEBUG: SSH: ssh_channel_read_timeout: Read (180) buffered : 0 bytes. Window: 1211043
nc DEBUG: SSH: ssh_packet_socket_callback: packet: read type 94 [len=200,padding=10,comp=189,payload=189]
nc DEBUG: SSH: ssh_packet_process: Dispatching handler for packet type 94
nc DEBUG: SSH: channel_rcv_data: Channel receiving 180 bytes data in 0 (local win=1211043 remote win=1238982)
nc DEBUG: SSH: channel_default_bufferize: placing 180 bytes into channel buffer (stdout)
nc DEBUG: SSH: channel_rcv_data: Channel windows are now (local win=1210863 remote win=1238982)
nc DEBUG: SSH: ssh_packet_socket_callback: Processing 44 bytes left in socket buffer
nc DEBUG: SSH: ssh_packet_socket_callback: packet: read type 94 [len=24,padding=10,comp=13,payload=13]
nc DEBUG: SSH: ssh_packet_process: Dispatching handler for packet type 94
nc DEBUG: SSH: channel_rcv_data: Channel receiving 4 bytes data in 0 (local win=1210863 remote win=1238982)
nc DEBUG: SSH: channel_default_bufferize: placing 4 bytes into channel buffer (stdout)
nc DEBUG: SSH: channel_rcv_data: Channel windows are now (local win=1210859 remote win=1238982)
nc DEBUG: SSH: ssh_packet_need_rekey: rekey: [data_rekey_needed=0, out_blocks=5349, in_blocks=9431]
nc DEBUG: SSH: ssh_packet_need_rekey: rekey: [data_rekey_needed=0, out_blocks=5349, in_blocks=9431]
nc DEBUG: SSH: ssh_channel_read_timeout: Read (2) buffered : 4 bytes. Window: 1210859
nc DEBUG: SSH: ssh_channel_read_timeout: Read (1) buffered : 2 bytes. Window: 1210859
nc DEBUG: SSH: ssh_channel_read_timeout: Read (1) buffered : 1 bytes. Window: 1210859
nc DEBUG: Received message:
<rpc-reply xmlns="urn:ietf:params:xml:ns:netconf:base:1.0" message-id="139"><next-update-at xmlns="urn:o-ran:supervision:1.0">2026-04-14T11:21:54+00:00</next-update-at></rpc-reply>

DATA
<next-update-at xmlns="urn:o-ran:supervision:1.0">2026-04-14T20:21:54+09:00</next-update-at>

nc DEBUG: Received message:
<notification xmlns="urn:ietf:params:xml:ns:netconf:notification:1.0"><eventTime>2026-04-14T11:21:54Z</eventTime><supervision-notification xmlns="urn:o-ran:supervision:1.0"/></notification>

notification (2026-04-14T11:21:54Z)
<supervision-notification xmlns="urn:o-ran:supervision:1.0"/>

Client SENT :  user-rpc --content /mplane_automation/conformance_test/watchdog.xml
nc DEBUG: Sending message:

#287


nc DEBUG: SSH: ssh_packet_need_rekey: rekey: [data_rekey_needed=0, out_blocks=5350, in_blocks=9458]
nc DEBUG: SSH: ssh_socket_unbuffered_write: Enabling POLLOUT for socket
nc DEBUG: SSH: packet_send2: packet: wrote [type=94, len=24, padding_size=8, comp=15, payload=15]
nc DEBUG: SSH: channel_write_common: ssh_channel_write wrote 6 bytes
nc DEBUG: Sending message:
<rpc xmlns="urn:ietf:params:xml:ns:netconf:base:1.0" message-id="140"><supervision-watchdog-reset xmlns="urn:o-ran:supervision:1.0"><supervision-notification-interval>10</supervision-notification-interval><guard-timer-overhead>10</guard-timer-overhead></supervision-watchdog-reset></rpc>

nc DEBUG: SSH: ssh_packet_need_rekey: rekey: [data_rekey_needed=0, out_blocks=5387, in_blocks=9494]
nc DEBUG: SSH: packet_send2: packet: wrote [type=94, len=304, padding_size=7, comp=296, payload=296]
nc DEBUG: SSH: channel_write_common: ssh_channel_write wrote 287 bytes
nc DEBUG: SSH: ssh_socket_unbuffered_write: Enabling POLLOUT for socket
nc DEBUG: Sending message:

##


nc DEBUG: SSH: ssh_packet_need_rekey: rekey: [data_rekey_needed=0, out_blocks=5388, in_blocks=9458]
nc DEBUG: SSH: packet_send2: packet: wrote [type=94, len=24, padding_size=10, comp=13, payload=13]
nc DEBUG: SSH: channel_write_common: ssh_channel_write wrote 4 bytes
nc DEBUG: SSH: ssh_socket_unbuffered_write: Enabling POLLOUT for socket
nc DEBUG: SSH: ssh_packet_socket_callback: packet: read type 94 [len=24,padding=8,comp=15,payload=15]
nc DEBUG: SSH: ssh_packet_process: Dispatching handler for packet type 94
nc DEBUG: SSH: channel_rcv_data: Channel receiving 6 bytes data in 0 (local win=1210660 remote win=1238685)
nc DEBUG: SSH: channel_default_bufferize: placing 6 bytes into channel buffer (stdout)
nc DEBUG: SSH: channel_rcv_data: Channel windows are now (local win=1210654 remote win=1238685)
nc DEBUG: SSH: ssh_packet_need_rekey: rekey: [data_rekey_needed=0, out_blocks=5388, in_blocks=9458]
nc DEBUG: SSH: ssh_channel_read_timeout: Read (2) buffered : 6 bytes. Window: 1210654
nc DEBUG: SSH: ssh_channel_read_timeout: Read (1) buffered : 4 bytes. Window: 1210654
nc DEBUG: SSH: ssh_channel_read_timeout: Read (1) buffered : 3 bytes. Window: 1210654
nc DEBUG: SSH: ssh_channel_read_timeout: Read (1) buffered : 2 bytes. Window: 1210654
nc DEBUG: SSH: ssh_channel_read_timeout: Read (1) buffered : 1 bytes. Window: 1210654
nc DEBUG: SSH: ssh_channel_read_timeout: Read (180) buffered : 0 bytes. Window: 1210654
nc DEBUG: SSH: ssh_packet_socket_callback: packet: read type 94 [len=200,padding=10,comp=189,payload=189]
nc DEBUG: SSH: ssh_packet_process: Dispatching handler for packet type 94
nc DEBUG: SSH: channel_rcv_data: Channel receiving 180 bytes data in 0 (local win=1210654 remote win=1238685)
nc DEBUG: SSH: channel_default_bufferize: placing 180 bytes into channel buffer (stdout)
nc DEBUG: SSH: channel_rcv_data: Channel windows are now (local win=1210474 remote win=1238685)
nc DEBUG: SSH: ssh_packet_need_rekey: rekey: [data_rekey_needed=0, out_blocks=5388, in_blocks=9481]
nc DEBUG: SSH: ssh_channel_read_timeout: Read (2) buffered : 0 bytes. Window: 1210474
nc DEBUG: SSH: ssh_channel_read_timeout: Read (2) buffered : 0 bytes. Window: 1210474
nc DEBUG: SSH: ssh_packet_socket_callback: packet: read type 94 [len=24,padding=10,comp=13,payload=13]
nc DEBUG: SSH: ssh_packet_process: Dispatching handler for packet type 94
nc DEBUG: SSH: channel_rcv_data: Channel receiving 4 bytes data in 0 (local win=1210474 remote win=1238685)
nc DEBUG: SSH: channel_default_bufferize: placing 4 bytes into channel buffer (stdout)
nc DEBUG: SSH: channel_rcv_data: Channel windows are now (local win=1210470 remote win=1238685)
nc DEBUG: SSH: ssh_packet_need_rekey: rekey: [data_rekey_needed=0, out_blocks=5388, in_blocks=9482]
nc DEBUG: SSH: ssh_channel_read_timeout: Read (1) buffered : 2 bytes. Window: 1210470
nc DEBUG: SSH: ssh_channel_read_timeout: Read (1) buffered : 1 bytes. Window: 1210470
nc DEBUG: Received message:
<rpc-reply xmlns="urn:ietf:params:xml:ns:netconf:base:1.0" message-id="140"><next-update-at xmlns="urn:o-ran:supervision:1.0">2026-04-14T11:22:04+00:00</next-update-at></rpc-reply>

DATA
<next-update-at xmlns="urn:o-ran:supervision:1.0">2026-04-14T20:22:04+09:00</next-update-at>

nc DEBUG: Received message:
<notification xmlns="urn:ietf:params:xml:ns:netconf:notification:1.0"><eventTime>2026-04-14T11:22:04Z</eventTime><supervision-notification xmlns="urn:o-ran:supervision:1.0"/></notification>

notification (2026-04-14T11:22:04Z)
<supervision-notification xmlns="urn:o-ran:supervision:1.0"/>

Client SENT :  user-rpc --content /mplane_automation/conformance_test/watchdog.xml
nc DEBUG: Sending message:

#287


nc DEBUG: SSH: ssh_packet_need_rekey: rekey: [data_rekey_needed=0, out_blocks=5389, in_blocks=9509]
nc DEBUG: SSH: ssh_socket_unbuffered_write: Enabling POLLOUT for socket
nc DEBUG: SSH: packet_send2: packet: wrote [type=94, len=24, padding_size=8, comp=15, payload=15]
nc DEBUG: SSH: channel_write_common: ssh_channel_write wrote 6 bytes
nc DEBUG: Sending message:
<rpc xmlns="urn:ietf:params:xml:ns:netconf:base:1.0" message-id="141"><supervision-watchdog-reset xmlns="urn:o-ran:supervision:1.0"><supervision-notification-interval>10</supervision-notification-interval><guard-timer-overhead>10</guard-timer-overhead></supervision-watchdog-reset></rpc>

nc DEBUG: SSH: ssh_packet_need_rekey: rekey: [data_rekey_needed=0, out_blocks=5426, in_blocks=9545]
nc DEBUG: SSH: packet_send2: packet: wrote [type=94, len=304, padding_size=7, comp=296, payload=296]
nc DEBUG: SSH: channel_write_common: ssh_channel_write wrote 287 bytes
nc DEBUG: SSH: ssh_socket_unbuffered_write: Enabling POLLOUT for socket
nc DEBUG: Sending message:

##


nc DEBUG: SSH: ssh_packet_need_rekey: rekey: [data_rekey_needed=0, out_blocks=5427, in_blocks=9509]
nc DEBUG: SSH: packet_send2: packet: wrote [type=94, len=24, padding_size=10, comp=13, payload=13]
nc DEBUG: SSH: channel_write_common: ssh_channel_write wrote 4 bytes
nc DEBUG: SSH: ssh_socket_unbuffered_write: Enabling POLLOUT for socket
nc DEBUG: SSH: ssh_packet_socket_callback: packet: read type 94 [len=24,padding=8,comp=15,payload=15]
nc DEBUG: SSH: ssh_packet_process: Dispatching handler for packet type 94
nc DEBUG: SSH: channel_rcv_data: Channel receiving 6 bytes data in 0 (local win=1210271 remote win=1238388)
nc DEBUG: SSH: channel_default_bufferize: placing 6 bytes into channel buffer (stdout)
nc DEBUG: SSH: channel_rcv_data: Channel windows are now (local win=1210265 remote win=1238388)
nc DEBUG: SSH: ssh_packet_need_rekey: rekey: [data_rekey_needed=0, out_blocks=5427, in_blocks=9509]
nc DEBUG: SSH: ssh_channel_read_timeout: Read (2) buffered : 6 bytes. Window: 1210265
nc DEBUG: SSH: ssh_channel_read_timeout: Read (1) buffered : 4 bytes. Window: 1210265
nc DEBUG: SSH: ssh_channel_read_timeout: Read (1) buffered : 3 bytes. Window: 1210265
nc DEBUG: SSH: ssh_channel_read_timeout: Read (1) buffered : 2 bytes. Window: 1210265
nc DEBUG: SSH: ssh_channel_read_timeout: Read (1) buffered : 1 bytes. Window: 1210265
nc DEBUG: SSH: ssh_channel_read_timeout: Read (180) buffered : 0 bytes. Window: 1210265
nc DEBUG: SSH: ssh_packet_socket_callback: packet: read type 94 [len=200,padding=10,comp=189,payload=189]
nc DEBUG: SSH: ssh_packet_process: Dispatching handler for packet type 94
nc DEBUG: SSH: channel_rcv_data: Channel receiving 180 bytes data in 0 (local win=1210265 remote win=1238388)
nc DEBUG: SSH: channel_default_bufferize: placing 180 bytes into channel buffer (stdout)
nc DEBUG: SSH: channel_rcv_data: Channel windows are now (local win=1210085 remote win=1238388)
nc DEBUG: SSH: ssh_packet_socket_callback: Processing 44 bytes left in socket buffer
nc DEBUG: SSH: ssh_packet_socket_callback: packet: read type 94 [len=24,padding=10,comp=13,payload=13]
nc DEBUG: SSH: ssh_packet_process: Dispatching handler for packet type 94
nc DEBUG: SSH: channel_rcv_data: Channel receiving 4 bytes data in 0 (local win=1210085 remote win=1238388)
nc DEBUG: SSH: channel_default_bufferize: placing 4 bytes into channel buffer (stdout)
nc DEBUG: SSH: channel_rcv_data: Channel windows are now (local win=1210081 remote win=1238388)
nc DEBUG: SSH: ssh_packet_need_rekey: rekey: [data_rekey_needed=0, out_blocks=5427, in_blocks=9533]
nc DEBUG: SSH: ssh_packet_need_rekey: rekey: [data_rekey_needed=0, out_blocks=5427, in_blocks=9533]
nc DEBUG: SSH: ssh_channel_read_timeout: Read (2) buffered : 4 bytes. Window: 1210081
nc DEBUG: SSH: ssh_channel_read_timeout: Read (1) buffered : 2 bytes. Window: 1210081
nc DEBUG: SSH: ssh_channel_read_timeout: Read (1) buffered : 1 bytes. Window: 1210081
nc DEBUG: Received message:
<rpc-reply xmlns="urn:ietf:params:xml:ns:netconf:base:1.0" message-id="141"><next-update-at xmlns="urn:o-ran:supervision:1.0">2026-04-14T11:22:14+00:00</next-update-at></rpc-reply>

DATA
<next-update-at xmlns="urn:o-ran:supervision:1.0">2026-04-14T20:22:14+09:00</next-update-at>

nc DEBUG: Received message:
<notification xmlns="urn:ietf:params:xml:ns:netconf:notification:1.0"><eventTime>2026-04-14T11:22:14Z</eventTime><supervision-notification xmlns="urn:o-ran:supervision:1.0"/></notification>

notification (2026-04-14T11:22:14Z)
<supervision-notification xmlns="urn:o-ran:supervision:1.0"/>

Client SENT :  user-rpc --content /mplane_automation/conformance_test/watchdog.xml
nc DEBUG: Sending message:

#287


nc DEBUG: SSH: ssh_packet_need_rekey: rekey: [data_rekey_needed=0, out_blocks=5428, in_blocks=9560]
nc DEBUG: SSH: ssh_socket_unbuffered_write: Enabling POLLOUT for socket
nc DEBUG: SSH: packet_send2: packet: wrote [type=94, len=24, padding_size=8, comp=15, payload=15]
nc DEBUG: SSH: channel_write_common: ssh_channel_write wrote 6 bytes
nc DEBUG: Sending message:
<rpc xmlns="urn:ietf:params:xml:ns:netconf:base:1.0" message-id="142"><supervision-watchdog-reset xmlns="urn:o-ran:supervision:1.0"><supervision-notification-interval>10</supervision-notification-interval><guard-timer-overhead>10</guard-timer-overhead></supervision-watchdog-reset></rpc>

nc DEBUG: SSH: ssh_packet_need_rekey: rekey: [data_rekey_needed=0, out_blocks=5465, in_blocks=9596]
nc DEBUG: SSH: packet_send2: packet: wrote [type=94, len=304, padding_size=7, comp=296, payload=296]
nc DEBUG: SSH: channel_write_common: ssh_channel_write wrote 287 bytes
nc DEBUG: SSH: ssh_socket_unbuffered_write: Enabling POLLOUT for socket
nc DEBUG: Sending message:

##


nc DEBUG: SSH: ssh_packet_need_rekey: rekey: [data_rekey_needed=0, out_blocks=5466, in_blocks=9560]
nc DEBUG: SSH: packet_send2: packet: wrote [type=94, len=24, padding_size=10, comp=13, payload=13]
nc DEBUG: SSH: channel_write_common: ssh_channel_write wrote 4 bytes
nc DEBUG: SSH: ssh_socket_unbuffered_write: Enabling POLLOUT for socket
nc DEBUG: SSH: ssh_packet_socket_callback: packet: read type 94 [len=24,padding=8,comp=15,payload=15]
nc DEBUG: SSH: ssh_packet_process: Dispatching handler for packet type 94
nc DEBUG: SSH: channel_rcv_data: Channel receiving 6 bytes data in 0 (local win=1209882 remote win=1238091)
nc DEBUG: SSH: channel_default_bufferize: placing 6 bytes into channel buffer (stdout)
nc DEBUG: SSH: channel_rcv_data: Channel windows are now (local win=1209876 remote win=1238091)
nc DEBUG: SSH: ssh_packet_need_rekey: rekey: [data_rekey_needed=0, out_blocks=5466, in_blocks=9560]
nc DEBUG: SSH: ssh_channel_read_timeout: Read (2) buffered : 6 bytes. Window: 1209876
nc DEBUG: SSH: ssh_channel_read_timeout: Read (1) buffered : 4 bytes. Window: 1209876
nc DEBUG: SSH: ssh_channel_read_timeout: Read (1) buffered : 3 bytes. Window: 1209876
nc DEBUG: SSH: ssh_channel_read_timeout: Read (1) buffered : 2 bytes. Window: 1209876
nc DEBUG: SSH: ssh_channel_read_timeout: Read (1) buffered : 1 bytes. Window: 1209876
nc DEBUG: SSH: ssh_channel_read_timeout: Read (180) buffered : 0 bytes. Window: 1209876
nc DEBUG: SSH: ssh_packet_socket_callback: packet: read type 94 [len=200,padding=10,comp=189,payload=189]
nc DEBUG: SSH: ssh_packet_process: Dispatching handler for packet type 94
nc DEBUG: SSH: channel_rcv_data: Channel receiving 180 bytes data in 0 (local win=1209876 remote win=1238091)
nc DEBUG: SSH: channel_default_bufferize: placing 180 bytes into channel buffer (stdout)
nc DEBUG: SSH: channel_rcv_data: Channel windows are now (local win=1209696 remote win=1238091)
nc DEBUG: SSH: ssh_packet_need_rekey: rekey: [data_rekey_needed=0, out_blocks=5466, in_blocks=9583]
nc DEBUG: SSH: ssh_channel_read_timeout: Read (2) buffered : 0 bytes. Window: 1209696
nc DEBUG: SSH: ssh_channel_read_timeout: Read (2) buffered : 0 bytes. Window: 1209696
nc DEBUG: SSH: ssh_packet_socket_callback: packet: read type 94 [len=24,padding=10,comp=13,payload=13]
nc DEBUG: SSH: ssh_packet_process: Dispatching handler for packet type 94
nc DEBUG: SSH: channel_rcv_data: Channel receiving 4 bytes data in 0 (local win=1209696 remote win=1238091)
nc DEBUG: SSH: channel_default_bufferize: placing 4 bytes into channel buffer (stdout)
nc DEBUG: SSH: channel_rcv_data: Channel windows are now (local win=1209692 remote win=1238091)
nc DEBUG: SSH: ssh_packet_need_rekey: rekey: [data_rekey_needed=0, out_blocks=5466, in_blocks=9584]
nc DEBUG: SSH: ssh_channel_read_timeout: Read (1) buffered : 2 bytes. Window: 1209692
nc DEBUG: SSH: ssh_channel_read_timeout: Read (1) buffered : 1 bytes. Window: 1209692
nc DEBUG: Received message:
<rpc-reply xmlns="urn:ietf:params:xml:ns:netconf:base:1.0" message-id="142"><next-update-at xmlns="urn:o-ran:supervision:1.0">2026-04-14T11:22:24+00:00</next-update-at></rpc-reply>

DATA
<next-update-at xmlns="urn:o-ran:supervision:1.0">2026-04-14T20:22:24+09:00</next-update-at>

nc DEBUG: Received message:
<notification xmlns="urn:ietf:params:xml:ns:netconf:notification:1.0"><eventTime>2026-04-14T11:22:24Z</eventTime><supervision-notification xmlns="urn:o-ran:supervision:1.0"/></notification>

notification (2026-04-14T11:22:24Z)
<supervision-notification xmlns="urn:o-ran:supervision:1.0"/>

Client SENT :  user-rpc --content /mplane_automation/conformance_test/watchdog.xml
nc DEBUG: Sending message:

#287


nc DEBUG: SSH: ssh_packet_need_rekey: rekey: [data_rekey_needed=0, out_blocks=5467, in_blocks=9611]
nc DEBUG: SSH: ssh_socket_unbuffered_write: Enabling POLLOUT for socket
nc DEBUG: SSH: packet_send2: packet: wrote [type=94, len=24, padding_size=8, comp=15, payload=15]
nc DEBUG: SSH: channel_write_common: ssh_channel_write wrote 6 bytes
nc DEBUG: Sending message:
<rpc xmlns="urn:ietf:params:xml:ns:netconf:base:1.0" message-id="143"><supervision-watchdog-reset xmlns="urn:o-ran:supervision:1.0"><supervision-notification-interval>10</supervision-notification-interval><guard-timer-overhead>10</guard-timer-overhead></supervision-watchdog-reset></rpc>

nc DEBUG: SSH: ssh_packet_need_rekey: rekey: [data_rekey_needed=0, out_blocks=5504, in_blocks=9647]
nc DEBUG: SSH: packet_send2: packet: wrote [type=94, len=304, padding_size=7, comp=296, payload=296]
nc DEBUG: SSH: channel_write_common: ssh_channel_write wrote 287 bytes
nc DEBUG: SSH: ssh_socket_unbuffered_write: Enabling POLLOUT for socket
nc DEBUG: Sending message:

##


nc DEBUG: SSH: ssh_packet_need_rekey: rekey: [data_rekey_needed=0, out_blocks=5505, in_blocks=9611]
nc DEBUG: SSH: packet_send2: packet: wrote [type=94, len=24, padding_size=10, comp=13, payload=13]
nc DEBUG: SSH: channel_write_common: ssh_channel_write wrote 4 bytes
nc DEBUG: SSH: ssh_socket_unbuffered_write: Enabling POLLOUT for socket
nc DEBUG: SSH: ssh_packet_socket_callback: packet: read type 94 [len=24,padding=8,comp=15,payload=15]
nc DEBUG: SSH: ssh_packet_process: Dispatching handler for packet type 94
nc DEBUG: SSH: channel_rcv_data: Channel receiving 6 bytes data in 0 (local win=1209493 remote win=1237794)
nc DEBUG: SSH: channel_default_bufferize: placing 6 bytes into channel buffer (stdout)
nc DEBUG: SSH: channel_rcv_data: Channel windows are now (local win=1209487 remote win=1237794)
nc DEBUG: SSH: ssh_packet_need_rekey: rekey: [data_rekey_needed=0, out_blocks=5505, in_blocks=9611]
nc DEBUG: SSH: ssh_channel_read_timeout: Read (2) buffered : 6 bytes. Window: 1209487
nc DEBUG: SSH: ssh_channel_read_timeout: Read (1) buffered : 4 bytes. Window: 1209487
nc DEBUG: SSH: ssh_channel_read_timeout: Read (1) buffered : 3 bytes. Window: 1209487
nc DEBUG: SSH: ssh_channel_read_timeout: Read (1) buffered : 2 bytes. Window: 1209487
nc DEBUG: SSH: ssh_channel_read_timeout: Read (1) buffered : 1 bytes. Window: 1209487
nc DEBUG: SSH: ssh_channel_read_timeout: Read (180) buffered : 0 bytes. Window: 1209487
nc DEBUG: SSH: ssh_packet_socket_callback: packet: read type 94 [len=200,padding=10,comp=189,payload=189]
nc DEBUG: SSH: ssh_packet_process: Dispatching handler for packet type 94
nc DEBUG: SSH: channel_rcv_data: Channel receiving 180 bytes data in 0 (local win=1209487 remote win=1237794)
nc DEBUG: SSH: channel_default_bufferize: placing 180 bytes into channel buffer (stdout)
nc DEBUG: SSH: channel_rcv_data: Channel windows are now (local win=1209307 remote win=1237794)
nc DEBUG: SSH: ssh_packet_socket_callback: Processing 44 bytes left in socket buffer
nc DEBUG: SSH: ssh_packet_socket_callback: packet: read type 94 [len=24,padding=10,comp=13,payload=13]
nc DEBUG: SSH: ssh_packet_process: Dispatching handler for packet type 94
nc DEBUG: SSH: channel_rcv_data: Channel receiving 4 bytes data in 0 (local win=1209307 remote win=1237794)
nc DEBUG: SSH: channel_default_bufferize: placing 4 bytes into channel buffer (stdout)
nc DEBUG: SSH: channel_rcv_data: Channel windows are now (local win=1209303 remote win=1237794)
nc DEBUG: SSH: ssh_packet_need_rekey: rekey: [data_rekey_needed=0, out_blocks=5505, in_blocks=9635]
nc DEBUG: SSH: ssh_packet_need_rekey: rekey: [data_rekey_needed=0, out_blocks=5505, in_blocks=9635]
nc DEBUG: SSH: ssh_channel_read_timeout: Read (2) buffered : 4 bytes. Window: 1209303
nc DEBUG: SSH: ssh_channel_read_timeout: Read (1) buffered : 2 bytes. Window: 1209303
nc DEBUG: SSH: ssh_channel_read_timeout: Read (1) buffered : 1 bytes. Window: 1209303
nc DEBUG: Received message:
<rpc-reply xmlns="urn:ietf:params:xml:ns:netconf:base:1.0" message-id="143"><next-update-at xmlns="urn:o-ran:supervision:1.0">2026-04-14T11:22:34+00:00</next-update-at></rpc-reply>

DATA
<next-update-at xmlns="urn:o-ran:supervision:1.0">2026-04-14T20:22:34+09:00</next-update-at>

nc DEBUG: Received message:
<notification xmlns="urn:ietf:params:xml:ns:netconf:notification:1.0"><eventTime>2026-04-14T11:22:34Z</eventTime><supervision-notification xmlns="urn:o-ran:supervision:1.0"/></notification>

notification (2026-04-14T11:22:34Z)
<supervision-notification xmlns="urn:o-ran:supervision:1.0"/>

Client SENT :  user-rpc --content /mplane_automation/conformance_test/watchdog.xml
nc DEBUG: Sending message:

#287


nc DEBUG: SSH: ssh_packet_need_rekey: rekey: [data_rekey_needed=0, out_blocks=5506, in_blocks=9662]
nc DEBUG: SSH: ssh_socket_unbuffered_write: Enabling POLLOUT for socket
nc DEBUG: SSH: packet_send2: packet: wrote [type=94, len=24, padding_size=8, comp=15, payload=15]
nc DEBUG: SSH: channel_write_common: ssh_channel_write wrote 6 bytes
nc DEBUG: Sending message:
<rpc xmlns="urn:ietf:params:xml:ns:netconf:base:1.0" message-id="144"><supervision-watchdog-reset xmlns="urn:o-ran:supervision:1.0"><supervision-notification-interval>10</supervision-notification-interval><guard-timer-overhead>10</guard-timer-overhead></supervision-watchdog-reset></rpc>

nc DEBUG: SSH: ssh_packet_need_rekey: rekey: [data_rekey_needed=0, out_blocks=5543, in_blocks=9698]
nc DEBUG: SSH: packet_send2: packet: wrote [type=94, len=304, padding_size=7, comp=296, payload=296]
nc DEBUG: SSH: channel_write_common: ssh_channel_write wrote 287 bytes
nc DEBUG: SSH: ssh_socket_unbuffered_write: Enabling POLLOUT for socket
nc DEBUG: Sending message:

##


nc DEBUG: SSH: ssh_packet_need_rekey: rekey: [data_rekey_needed=0, out_blocks=5544, in_blocks=9662]
nc DEBUG: SSH: packet_send2: packet: wrote [type=94, len=24, padding_size=10, comp=13, payload=13]
nc DEBUG: SSH: channel_write_common: ssh_channel_write wrote 4 bytes
nc DEBUG: SSH: ssh_socket_unbuffered_write: Enabling POLLOUT for socket
nc DEBUG: SSH: ssh_packet_socket_callback: packet: read type 94 [len=24,padding=8,comp=15,payload=15]
nc DEBUG: SSH: ssh_packet_process: Dispatching handler for packet type 94
nc DEBUG: SSH: channel_rcv_data: Channel receiving 6 bytes data in 0 (local win=1209104 remote win=1237497)
nc DEBUG: SSH: channel_default_bufferize: placing 6 bytes into channel buffer (stdout)
nc DEBUG: SSH: channel_rcv_data: Channel windows are now (local win=1209098 remote win=1237497)
nc DEBUG: SSH: ssh_packet_socket_callback: Processing 220 bytes left in socket buffer
nc DEBUG: SSH: ssh_packet_socket_callback: packet: read type 94 [len=200,padding=10,comp=189,payload=189]
nc DEBUG: SSH: ssh_packet_process: Dispatching handler for packet type 94
nc DEBUG: SSH: channel_rcv_data: Channel receiving 180 bytes data in 0 (local win=1209098 remote win=1237497)
nc DEBUG: SSH: channel_default_bufferize: placing 180 bytes into channel buffer (stdout)
nc DEBUG: SSH: channel_rcv_data: Channel windows are now (local win=1208918 remote win=1237497)
nc DEBUG: SSH: ssh_packet_need_rekey: rekey: [data_rekey_needed=0, out_blocks=5544, in_blocks=9685]
nc DEBUG: SSH: ssh_packet_need_rekey: rekey: [data_rekey_needed=0, out_blocks=5544, in_blocks=9685]
nc DEBUG: SSH: ssh_channel_read_timeout: Read (2) buffered : 186 bytes. Window: 1208918
nc DEBUG: SSH: ssh_channel_read_timeout: Read (1) buffered : 184 bytes. Window: 1208918
nc DEBUG: SSH: ssh_channel_read_timeout: Read (1) buffered : 183 bytes. Window: 1208918
nc DEBUG: SSH: ssh_channel_read_timeout: Read (1) buffered : 182 bytes. Window: 1208918
nc DEBUG: SSH: ssh_channel_read_timeout: Read (1) buffered : 181 bytes. Window: 1208918
nc DEBUG: SSH: ssh_channel_read_timeout: Read (180) buffered : 180 bytes. Window: 1208918
nc DEBUG: SSH: ssh_channel_read_timeout: Read (2) buffered : 0 bytes. Window: 1208918
nc DEBUG: SSH: ssh_packet_socket_callback: packet: read type 94 [len=24,padding=10,comp=13,payload=13]
nc DEBUG: SSH: ssh_packet_process: Dispatching handler for packet type 94
nc DEBUG: SSH: channel_rcv_data: Channel receiving 4 bytes data in 0 (local win=1208918 remote win=1237497)
nc DEBUG: SSH: channel_default_bufferize: placing 4 bytes into channel buffer (stdout)
nc DEBUG: SSH: channel_rcv_data: Channel windows are now (local win=1208914 remote win=1237497)
nc DEBUG: SSH: ssh_packet_need_rekey: rekey: [data_rekey_needed=0, out_blocks=5544, in_blocks=9686]
nc DEBUG: SSH: ssh_channel_read_timeout: Read (1) buffered : 2 bytes. Window: 1208914
nc DEBUG: SSH: ssh_channel_read_timeout: Read (1) buffered : 1 bytes. Window: 1208914
nc DEBUG: Received message:
<rpc-reply xmlns="urn:ietf:params:xml:ns:netconf:base:1.0" message-id="144"><next-update-at xmlns="urn:o-ran:supervision:1.0">2026-04-14T11:22:44+00:00</next-update-at></rpc-reply>

DATA
<next-update-at xmlns="urn:o-ran:supervision:1.0">2026-04-14T20:22:44+09:00</next-update-at>

nc DEBUG: Received message:
<notification xmlns="urn:ietf:params:xml:ns:netconf:notification:1.0"><eventTime>2026-04-14T11:22:44Z</eventTime><supervision-notification xmlns="urn:o-ran:supervision:1.0"/></notification>

notification (2026-04-14T11:22:44Z)
<supervision-notification xmlns="urn:o-ran:supervision:1.0"/>

Client SENT :  user-rpc --content /mplane_automation/conformance_test/watchdog.xml
nc DEBUG: Sending message:

#287


nc DEBUG: SSH: ssh_packet_need_rekey: rekey: [data_rekey_needed=0, out_blocks=5545, in_blocks=9713]
nc DEBUG: SSH: ssh_socket_unbuffered_write: Enabling POLLOUT for socket
nc DEBUG: SSH: packet_send2: packet: wrote [type=94, len=24, padding_size=8, comp=15, payload=15]
nc DEBUG: SSH: channel_write_common: ssh_channel_write wrote 6 bytes
nc DEBUG: Sending message:
<rpc xmlns="urn:ietf:params:xml:ns:netconf:base:1.0" message-id="145"><supervision-watchdog-reset xmlns="urn:o-ran:supervision:1.0"><supervision-notification-interval>10</supervision-notification-interval><guard-timer-overhead>10</guard-timer-overhead></supervision-watchdog-reset></rpc>

nc DEBUG: SSH: ssh_packet_need_rekey: rekey: [data_rekey_needed=0, out_blocks=5582, in_blocks=9749]
nc DEBUG: SSH: packet_send2: packet: wrote [type=94, len=304, padding_size=7, comp=296, payload=296]
nc DEBUG: SSH: channel_write_common: ssh_channel_write wrote 287 bytes
nc DEBUG: SSH: ssh_socket_unbuffered_write: Enabling POLLOUT for socket
nc DEBUG: Sending message:

##


nc DEBUG: SSH: ssh_packet_need_rekey: rekey: [data_rekey_needed=0, out_blocks=5583, in_blocks=9713]
nc DEBUG: SSH: packet_send2: packet: wrote [type=94, len=24, padding_size=10, comp=13, payload=13]
nc DEBUG: SSH: channel_write_common: ssh_channel_write wrote 4 bytes
nc DEBUG: SSH: ssh_socket_unbuffered_write: Enabling POLLOUT for socket
nc DEBUG: SSH: ssh_packet_socket_callback: packet: read type 94 [len=24,padding=8,comp=15,payload=15]
nc DEBUG: SSH: ssh_packet_process: Dispatching handler for packet type 94
nc DEBUG: SSH: channel_rcv_data: Channel receiving 6 bytes data in 0 (local win=1208715 remote win=1237200)
nc DEBUG: SSH: channel_default_bufferize: placing 6 bytes into channel buffer (stdout)
nc DEBUG: SSH: channel_rcv_data: Channel windows are now (local win=1208709 remote win=1237200)
nc DEBUG: SSH: ssh_packet_socket_callback: Processing 220 bytes left in socket buffer
nc DEBUG: SSH: ssh_packet_socket_callback: packet: read type 94 [len=200,padding=10,comp=189,payload=189]
nc DEBUG: SSH: ssh_packet_process: Dispatching handler for packet type 94
nc DEBUG: SSH: channel_rcv_data: Channel receiving 180 bytes data in 0 (local win=1208709 remote win=1237200)
nc DEBUG: SSH: channel_default_bufferize: placing 180 bytes into channel buffer (stdout)
nc DEBUG: SSH: channel_rcv_data: Channel windows are now (local win=1208529 remote win=1237200)
nc DEBUG: SSH: ssh_packet_need_rekey: rekey: [data_rekey_needed=0, out_blocks=5583, in_blocks=9736]
nc DEBUG: SSH: ssh_packet_need_rekey: rekey: [data_rekey_needed=0, out_blocks=5583, in_blocks=9736]
nc DEBUG: SSH: ssh_channel_read_timeout: Read (2) buffered : 186 bytes. Window: 1208529
nc DEBUG: SSH: ssh_channel_read_timeout: Read (1) buffered : 184 bytes. Window: 1208529
nc DEBUG: SSH: ssh_channel_read_timeout: Read (1) buffered : 183 bytes. Window: 1208529
nc DEBUG: SSH: ssh_channel_read_timeout: Read (1) buffered : 182 bytes. Window: 1208529
nc DEBUG: SSH: ssh_channel_read_timeout: Read (1) buffered : 181 bytes. Window: 1208529
nc DEBUG: SSH: ssh_channel_read_timeout: Read (180) buffered : 180 bytes. Window: 1208529
nc DEBUG: SSH: ssh_channel_read_timeout: Read (2) buffered : 0 bytes. Window: 1208529
nc DEBUG: SSH: ssh_packet_socket_callback: packet: read type 94 [len=24,padding=10,comp=13,payload=13]
nc DEBUG: SSH: ssh_packet_process: Dispatching handler for packet type 94
nc DEBUG: SSH: channel_rcv_data: Channel receiving 4 bytes data in 0 (local win=1208529 remote win=1237200)
nc DEBUG: SSH: channel_default_bufferize: placing 4 bytes into channel buffer (stdout)
nc DEBUG: SSH: channel_rcv_data: Channel windows are now (local win=1208525 remote win=1237200)
nc DEBUG: SSH: ssh_packet_need_rekey: rekey: [data_rekey_needed=0, out_blocks=5583, in_blocks=9737]
nc DEBUG: SSH: ssh_channel_read_timeout: Read (1) buffered : 2 bytes. Window: 1208525
nc DEBUG: SSH: ssh_channel_read_timeout: Read (1) buffered : 1 bytes. Window: 1208525
nc DEBUG: Received message:
<rpc-reply xmlns="urn:ietf:params:xml:ns:netconf:base:1.0" message-id="145"><next-update-at xmlns="urn:o-ran:supervision:1.0">2026-04-14T11:22:54+00:00</next-update-at></rpc-reply>

DATA
<next-update-at xmlns="urn:o-ran:supervision:1.0">2026-04-14T20:22:54+09:00</next-update-at>

nc DEBUG: Received message:
<notification xmlns="urn:ietf:params:xml:ns:netconf:notification:1.0"><eventTime>2026-04-14T11:22:54Z</eventTime><supervision-notification xmlns="urn:o-ran:supervision:1.0"/></notification>

notification (2026-04-14T11:22:54Z)
<supervision-notification xmlns="urn:o-ran:supervision:1.0"/>

Client SENT :  user-rpc --content /mplane_automation/conformance_test/watchdog.xml
nc DEBUG: Sending message:

#287


nc DEBUG: SSH: ssh_packet_need_rekey: rekey: [data_rekey_needed=0, out_blocks=5584, in_blocks=9764]
nc DEBUG: SSH: ssh_socket_unbuffered_write: Enabling POLLOUT for socket
nc DEBUG: SSH: packet_send2: packet: wrote [type=94, len=24, padding_size=8, comp=15, payload=15]
nc DEBUG: SSH: channel_write_common: ssh_channel_write wrote 6 bytes
nc DEBUG: Sending message:
<rpc xmlns="urn:ietf:params:xml:ns:netconf:base:1.0" message-id="146"><supervision-watchdog-reset xmlns="urn:o-ran:supervision:1.0"><supervision-notification-interval>10</supervision-notification-interval><guard-timer-overhead>10</guard-timer-overhead></supervision-watchdog-reset></rpc>

nc DEBUG: SSH: ssh_packet_need_rekey: rekey: [data_rekey_needed=0, out_blocks=5621, in_blocks=9800]
nc DEBUG: SSH: packet_send2: packet: wrote [type=94, len=304, padding_size=7, comp=296, payload=296]
nc DEBUG: SSH: channel_write_common: ssh_channel_write wrote 287 bytes
nc DEBUG: SSH: ssh_socket_unbuffered_write: Enabling POLLOUT for socket
nc DEBUG: Sending message:

##


nc DEBUG: SSH: ssh_packet_need_rekey: rekey: [data_rekey_needed=0, out_blocks=5622, in_blocks=9764]
nc DEBUG: SSH: packet_send2: packet: wrote [type=94, len=24, padding_size=10, comp=13, payload=13]
nc DEBUG: SSH: channel_write_common: ssh_channel_write wrote 4 bytes
nc DEBUG: SSH: ssh_socket_unbuffered_write: Enabling POLLOUT for socket
nc DEBUG: SSH: ssh_packet_socket_callback: packet: read type 94 [len=24,padding=8,comp=15,payload=15]
nc DEBUG: SSH: ssh_packet_process: Dispatching handler for packet type 94
nc DEBUG: SSH: channel_rcv_data: Channel receiving 6 bytes data in 0 (local win=1208326 remote win=1236903)
nc DEBUG: SSH: channel_default_bufferize: placing 6 bytes into channel buffer (stdout)
nc DEBUG: SSH: channel_rcv_data: Channel windows are now (local win=1208320 remote win=1236903)
nc DEBUG: SSH: ssh_packet_socket_callback: Processing 220 bytes left in socket buffer
nc DEBUG: SSH: ssh_packet_socket_callback: packet: read type 94 [len=200,padding=10,comp=189,payload=189]
nc DEBUG: SSH: ssh_packet_process: Dispatching handler for packet type 94
nc DEBUG: SSH: channel_rcv_data: Channel receiving 180 bytes data in 0 (local win=1208320 remote win=1236903)
nc DEBUG: SSH: channel_default_bufferize: placing 180 bytes into channel buffer (stdout)
nc DEBUG: SSH: channel_rcv_data: Channel windows are now (local win=1208140 remote win=1236903)
nc DEBUG: SSH: ssh_packet_need_rekey: rekey: [data_rekey_needed=0, out_blocks=5622, in_blocks=9787]
nc DEBUG: SSH: ssh_packet_need_rekey: rekey: [data_rekey_needed=0, out_blocks=5622, in_blocks=9787]
nc DEBUG: SSH: ssh_channel_read_timeout: Read (2) buffered : 186 bytes. Window: 1208140
nc DEBUG: SSH: ssh_channel_read_timeout: Read (1) buffered : 184 bytes. Window: 1208140
nc DEBUG: SSH: ssh_channel_read_timeout: Read (1) buffered : 183 bytes. Window: 1208140
nc DEBUG: SSH: ssh_channel_read_timeout: Read (1) buffered : 182 bytes. Window: 1208140
nc DEBUG: SSH: ssh_channel_read_timeout: Read (1) buffered : 181 bytes. Window: 1208140
nc DEBUG: SSH: ssh_channel_read_timeout: Read (180) buffered : 180 bytes. Window: 1208140
nc DEBUG: SSH: ssh_channel_read_timeout: Read (2) buffered : 0 bytes. Window: 1208140
nc DEBUG: SSH: ssh_packet_socket_callback: packet: read type 94 [len=24,padding=10,comp=13,payload=13]
nc DEBUG: SSH: ssh_packet_process: Dispatching handler for packet type 94
nc DEBUG: SSH: channel_rcv_data: Channel receiving 4 bytes data in 0 (local win=1208140 remote win=1236903)
nc DEBUG: SSH: channel_default_bufferize: placing 4 bytes into channel buffer (stdout)
nc DEBUG: SSH: channel_rcv_data: Channel windows are now (local win=1208136 remote win=1236903)
nc DEBUG: SSH: ssh_packet_need_rekey: rekey: [data_rekey_needed=0, out_blocks=5622, in_blocks=9788]
nc DEBUG: SSH: ssh_channel_read_timeout: Read (1) buffered : 2 bytes. Window: 1208136
nc DEBUG: SSH: ssh_channel_read_timeout: Read (1) buffered : 1 bytes. Window: 1208136
nc DEBUG: Received message:
<rpc-reply xmlns="urn:ietf:params:xml:ns:netconf:base:1.0" message-id="146"><next-update-at xmlns="urn:o-ran:supervision:1.0">2026-04-14T11:23:04+00:00</next-update-at></rpc-reply>

DATA
<next-update-at xmlns="urn:o-ran:supervision:1.0">2026-04-14T20:23:04+09:00</next-update-at>

nc DEBUG: Received message:
<notification xmlns="urn:ietf:params:xml:ns:netconf:notification:1.0"><eventTime>2026-04-14T11:23:04Z</eventTime><supervision-notification xmlns="urn:o-ran:supervision:1.0"/></notification>

notification (2026-04-14T11:23:04Z)
<supervision-notification xmlns="urn:o-ran:supervision:1.0"/>

Client SENT :  user-rpc --content /mplane_automation/conformance_test/watchdog.xml
nc DEBUG: Sending message:

#287


nc DEBUG: SSH: ssh_packet_need_rekey: rekey: [data_rekey_needed=0, out_blocks=5623, in_blocks=9815]
nc DEBUG: SSH: ssh_socket_unbuffered_write: Enabling POLLOUT for socket
nc DEBUG: SSH: packet_send2: packet: wrote [type=94, len=24, padding_size=8, comp=15, payload=15]
nc DEBUG: SSH: channel_write_common: ssh_channel_write wrote 6 bytes
nc DEBUG: Sending message:
<rpc xmlns="urn:ietf:params:xml:ns:netconf:base:1.0" message-id="147"><supervision-watchdog-reset xmlns="urn:o-ran:supervision:1.0"><supervision-notification-interval>10</supervision-notification-interval><guard-timer-overhead>10</guard-timer-overhead></supervision-watchdog-reset></rpc>

nc DEBUG: SSH: ssh_packet_need_rekey: rekey: [data_rekey_needed=0, out_blocks=5660, in_blocks=9851]
nc DEBUG: SSH: packet_send2: packet: wrote [type=94, len=304, padding_size=7, comp=296, payload=296]
nc DEBUG: SSH: channel_write_common: ssh_channel_write wrote 287 bytes
nc DEBUG: SSH: ssh_socket_unbuffered_write: Enabling POLLOUT for socket
nc DEBUG: Sending message:

##


nc DEBUG: SSH: ssh_packet_need_rekey: rekey: [data_rekey_needed=0, out_blocks=5661, in_blocks=9815]
nc DEBUG: SSH: packet_send2: packet: wrote [type=94, len=24, padding_size=10, comp=13, payload=13]
nc DEBUG: SSH: channel_write_common: ssh_channel_write wrote 4 bytes
nc DEBUG: SSH: ssh_socket_unbuffered_write: Enabling POLLOUT for socket
nc DEBUG: SSH: ssh_packet_socket_callback: packet: read type 94 [len=24,padding=8,comp=15,payload=15]
nc DEBUG: SSH: ssh_packet_process: Dispatching handler for packet type 94
nc DEBUG: SSH: channel_rcv_data: Channel receiving 6 bytes data in 0 (local win=1207937 remote win=1236606)
nc DEBUG: SSH: channel_default_bufferize: placing 6 bytes into channel buffer (stdout)
nc DEBUG: SSH: channel_rcv_data: Channel windows are now (local win=1207931 remote win=1236606)
nc DEBUG: SSH: ssh_packet_socket_callback: Processing 220 bytes left in socket buffer
nc DEBUG: SSH: ssh_packet_socket_callback: packet: read type 94 [len=200,padding=10,comp=189,payload=189]
nc DEBUG: SSH: ssh_packet_process: Dispatching handler for packet type 94
nc DEBUG: SSH: channel_rcv_data: Channel receiving 180 bytes data in 0 (local win=1207931 remote win=1236606)
nc DEBUG: SSH: channel_default_bufferize: placing 180 bytes into channel buffer (stdout)
nc DEBUG: SSH: channel_rcv_data: Channel windows are now (local win=1207751 remote win=1236606)
nc DEBUG: SSH: ssh_packet_need_rekey: rekey: [data_rekey_needed=0, out_blocks=5661, in_blocks=9838]
nc DEBUG: SSH: ssh_packet_need_rekey: rekey: [data_rekey_needed=0, out_blocks=5661, in_blocks=9838]
nc DEBUG: SSH: ssh_channel_read_timeout: Read (2) buffered : 186 bytes. Window: 1207751
nc DEBUG: SSH: ssh_channel_read_timeout: Read (1) buffered : 184 bytes. Window: 1207751
nc DEBUG: SSH: ssh_channel_read_timeout: Read (1) buffered : 183 bytes. Window: 1207751
nc DEBUG: SSH: ssh_channel_read_timeout: Read (1) buffered : 182 bytes. Window: 1207751
nc DEBUG: SSH: ssh_channel_read_timeout: Read (1) buffered : 181 bytes. Window: 1207751
nc DEBUG: SSH: ssh_channel_read_timeout: Read (180) buffered : 180 bytes. Window: 1207751
nc DEBUG: SSH: ssh_channel_read_timeout: Read (2) buffered : 0 bytes. Window: 1207751
nc DEBUG: SSH: ssh_packet_socket_callback: packet: read type 94 [len=24,padding=10,comp=13,payload=13]
nc DEBUG: SSH: ssh_packet_process: Dispatching handler for packet type 94
nc DEBUG: SSH: channel_rcv_data: Channel receiving 4 bytes data in 0 (local win=1207751 remote win=1236606)
nc DEBUG: SSH: channel_default_bufferize: placing 4 bytes into channel buffer (stdout)
nc DEBUG: SSH: channel_rcv_data: Channel windows are now (local win=1207747 remote win=1236606)
nc DEBUG: SSH: ssh_packet_need_rekey: rekey: [data_rekey_needed=0, out_blocks=5661, in_blocks=9839]
nc DEBUG: SSH: ssh_channel_read_timeout: Read (1) buffered : 2 bytes. Window: 1207747
nc DEBUG: SSH: ssh_channel_read_timeout: Read (1) buffered : 1 bytes. Window: 1207747
nc DEBUG: Received message:
<rpc-reply xmlns="urn:ietf:params:xml:ns:netconf:base:1.0" message-id="147"><next-update-at xmlns="urn:o-ran:supervision:1.0">2026-04-14T11:23:14+00:00</next-update-at></rpc-reply>

DATA
<next-update-at xmlns="urn:o-ran:supervision:1.0">2026-04-14T20:23:14+09:00</next-update-at>

nc DEBUG: Received message:
<notification xmlns="urn:ietf:params:xml:ns:netconf:notification:1.0"><eventTime>2026-04-14T11:23:14Z</eventTime><supervision-notification xmlns="urn:o-ran:supervision:1.0"/></notification>

notification (2026-04-14T11:23:14Z)
<supervision-notification xmlns="urn:o-ran:supervision:1.0"/>

Client SENT :  user-rpc --content /mplane_automation/conformance_test/watchdog.xml
nc DEBUG: Sending message:

#287


nc DEBUG: SSH: ssh_packet_need_rekey: rekey: [data_rekey_needed=0, out_blocks=5662, in_blocks=9866]
nc DEBUG: SSH: ssh_socket_unbuffered_write: Enabling POLLOUT for socket
nc DEBUG: SSH: packet_send2: packet: wrote [type=94, len=24, padding_size=8, comp=15, payload=15]
nc DEBUG: SSH: channel_write_common: ssh_channel_write wrote 6 bytes
nc DEBUG: Sending message:
<rpc xmlns="urn:ietf:params:xml:ns:netconf:base:1.0" message-id="148"><supervision-watchdog-reset xmlns="urn:o-ran:supervision:1.0"><supervision-notification-interval>10</supervision-notification-interval><guard-timer-overhead>10</guard-timer-overhead></supervision-watchdog-reset></rpc>

nc DEBUG: SSH: ssh_packet_need_rekey: rekey: [data_rekey_needed=0, out_blocks=5699, in_blocks=9902]
nc DEBUG: SSH: packet_send2: packet: wrote [type=94, len=304, padding_size=7, comp=296, payload=296]
nc DEBUG: SSH: channel_write_common: ssh_channel_write wrote 287 bytes
nc DEBUG: SSH: ssh_socket_unbuffered_write: Enabling POLLOUT for socket
nc DEBUG: Sending message:

##


nc DEBUG: SSH: ssh_packet_need_rekey: rekey: [data_rekey_needed=0, out_blocks=5700, in_blocks=9866]
nc DEBUG: SSH: packet_send2: packet: wrote [type=94, len=24, padding_size=10, comp=13, payload=13]
nc DEBUG: SSH: channel_write_common: ssh_channel_write wrote 4 bytes
nc DEBUG: SSH: ssh_socket_unbuffered_write: Enabling POLLOUT for socket
nc DEBUG: SSH: ssh_packet_socket_callback: packet: read type 94 [len=24,padding=8,comp=15,payload=15]
nc DEBUG: SSH: ssh_packet_process: Dispatching handler for packet type 94
nc DEBUG: SSH: channel_rcv_data: Channel receiving 6 bytes data in 0 (local win=1207548 remote win=1236309)
nc DEBUG: SSH: channel_default_bufferize: placing 6 bytes into channel buffer (stdout)
nc DEBUG: SSH: channel_rcv_data: Channel windows are now (local win=1207542 remote win=1236309)
nc DEBUG: SSH: ssh_packet_socket_callback: Processing 220 bytes left in socket buffer
nc DEBUG: SSH: ssh_packet_socket_callback: packet: read type 94 [len=200,padding=10,comp=189,payload=189]
nc DEBUG: SSH: ssh_packet_process: Dispatching handler for packet type 94
nc DEBUG: SSH: channel_rcv_data: Channel receiving 180 bytes data in 0 (local win=1207542 remote win=1236309)
nc DEBUG: SSH: channel_default_bufferize: placing 180 bytes into channel buffer (stdout)
nc DEBUG: SSH: channel_rcv_data: Channel windows are now (local win=1207362 remote win=1236309)
nc DEBUG: SSH: ssh_packet_need_rekey: rekey: [data_rekey_needed=0, out_blocks=5700, in_blocks=9889]
nc DEBUG: SSH: ssh_packet_need_rekey: rekey: [data_rekey_needed=0, out_blocks=5700, in_blocks=9889]
nc DEBUG: SSH: ssh_channel_read_timeout: Read (2) buffered : 186 bytes. Window: 1207362
nc DEBUG: SSH: ssh_channel_read_timeout: Read (1) buffered : 184 bytes. Window: 1207362
nc DEBUG: SSH: ssh_channel_read_timeout: Read (1) buffered : 183 bytes. Window: 1207362
nc DEBUG: SSH: ssh_channel_read_timeout: Read (1) buffered : 182 bytes. Window: 1207362
nc DEBUG: SSH: ssh_channel_read_timeout: Read (1) buffered : 181 bytes. Window: 1207362
nc DEBUG: SSH: ssh_channel_read_timeout: Read (180) buffered : 180 bytes. Window: 1207362
nc DEBUG: SSH: ssh_channel_read_timeout: Read (2) buffered : 0 bytes. Window: 1207362
nc DEBUG: SSH: ssh_packet_socket_callback: packet: read type 94 [len=24,padding=10,comp=13,payload=13]
nc DEBUG: SSH: ssh_packet_process: Dispatching handler for packet type 94
nc DEBUG: SSH: channel_rcv_data: Channel receiving 4 bytes data in 0 (local win=1207362 remote win=1236309)
nc DEBUG: SSH: channel_default_bufferize: placing 4 bytes into channel buffer (stdout)
nc DEBUG: SSH: channel_rcv_data: Channel windows are now (local win=1207358 remote win=1236309)
nc DEBUG: SSH: ssh_packet_need_rekey: rekey: [data_rekey_needed=0, out_blocks=5700, in_blocks=9890]
nc DEBUG: SSH: ssh_channel_read_timeout: Read (1) buffered : 2 bytes. Window: 1207358
nc DEBUG: SSH: ssh_channel_read_timeout: Read (1) buffered : 1 bytes. Window: 1207358
nc DEBUG: Received message:
<rpc-reply xmlns="urn:ietf:params:xml:ns:netconf:base:1.0" message-id="148"><next-update-at xmlns="urn:o-ran:supervision:1.0">2026-04-14T11:23:24+00:00</next-update-at></rpc-reply>

DATA
<next-update-at xmlns="urn:o-ran:supervision:1.0">2026-04-14T20:23:24+09:00</next-update-at>

nc DEBUG: Received message:
<notification xmlns="urn:ietf:params:xml:ns:netconf:notification:1.0"><eventTime>2026-04-14T11:23:24Z</eventTime><supervision-notification xmlns="urn:o-ran:supervision:1.0"/></notification>

notification (2026-04-14T11:23:24Z)
<supervision-notification xmlns="urn:o-ran:supervision:1.0"/>

Client SENT :  user-rpc --content /mplane_automation/conformance_test/watchdog.xml
nc DEBUG: Sending message:

#287


nc DEBUG: SSH: ssh_packet_need_rekey: rekey: [data_rekey_needed=0, out_blocks=5701, in_blocks=9917]
nc DEBUG: SSH: ssh_socket_unbuffered_write: Enabling POLLOUT for socket
nc DEBUG: SSH: packet_send2: packet: wrote [type=94, len=24, padding_size=8, comp=15, payload=15]
nc DEBUG: SSH: channel_write_common: ssh_channel_write wrote 6 bytes
nc DEBUG: Sending message:
<rpc xmlns="urn:ietf:params:xml:ns:netconf:base:1.0" message-id="149"><supervision-watchdog-reset xmlns="urn:o-ran:supervision:1.0"><supervision-notification-interval>10</supervision-notification-interval><guard-timer-overhead>10</guard-timer-overhead></supervision-watchdog-reset></rpc>

nc DEBUG: SSH: ssh_packet_need_rekey: rekey: [data_rekey_needed=0, out_blocks=5738, in_blocks=9953]
nc DEBUG: SSH: packet_send2: packet: wrote [type=94, len=304, padding_size=7, comp=296, payload=296]
nc DEBUG: SSH: channel_write_common: ssh_channel_write wrote 287 bytes
nc DEBUG: SSH: ssh_socket_unbuffered_write: Enabling POLLOUT for socket
nc DEBUG: Sending message:

##


nc DEBUG: SSH: ssh_packet_need_rekey: rekey: [data_rekey_needed=0, out_blocks=5739, in_blocks=9917]
nc DEBUG: SSH: packet_send2: packet: wrote [type=94, len=24, padding_size=10, comp=13, payload=13]
nc DEBUG: SSH: channel_write_common: ssh_channel_write wrote 4 bytes
nc DEBUG: SSH: ssh_socket_unbuffered_write: Enabling POLLOUT for socket
nc DEBUG: SSH: ssh_packet_socket_callback: packet: read type 94 [len=24,padding=8,comp=15,payload=15]
nc DEBUG: SSH: ssh_packet_process: Dispatching handler for packet type 94
nc DEBUG: SSH: channel_rcv_data: Channel receiving 6 bytes data in 0 (local win=1207159 remote win=1236012)
nc DEBUG: SSH: channel_default_bufferize: placing 6 bytes into channel buffer (stdout)
nc DEBUG: SSH: channel_rcv_data: Channel windows are now (local win=1207153 remote win=1236012)
nc DEBUG: SSH: ssh_packet_socket_callback: Processing 220 bytes left in socket buffer
nc DEBUG: SSH: ssh_packet_socket_callback: packet: read type 94 [len=200,padding=10,comp=189,payload=189]
nc DEBUG: SSH: ssh_packet_process: Dispatching handler for packet type 94
nc DEBUG: SSH: channel_rcv_data: Channel receiving 180 bytes data in 0 (local win=1207153 remote win=1236012)
nc DEBUG: SSH: channel_default_bufferize: placing 180 bytes into channel buffer (stdout)
nc DEBUG: SSH: channel_rcv_data: Channel windows are now (local win=1206973 remote win=1236012)
nc DEBUG: SSH: ssh_packet_need_rekey: rekey: [data_rekey_needed=0, out_blocks=5739, in_blocks=9940]
nc DEBUG: SSH: ssh_packet_need_rekey: rekey: [data_rekey_needed=0, out_blocks=5739, in_blocks=9940]
nc DEBUG: SSH: ssh_channel_read_timeout: Read (2) buffered : 186 bytes. Window: 1206973
nc DEBUG: SSH: ssh_channel_read_timeout: Read (1) buffered : 184 bytes. Window: 1206973
nc DEBUG: SSH: ssh_channel_read_timeout: Read (1) buffered : 183 bytes. Window: 1206973
nc DEBUG: SSH: ssh_channel_read_timeout: Read (1) buffered : 182 bytes. Window: 1206973
nc DEBUG: SSH: ssh_channel_read_timeout: Read (1) buffered : 181 bytes. Window: 1206973
nc DEBUG: SSH: ssh_channel_read_timeout: Read (180) buffered : 180 bytes. Window: 1206973
nc DEBUG: SSH: ssh_channel_read_timeout: Read (2) buffered : 0 bytes. Window: 1206973
nc DEBUG: SSH: ssh_packet_socket_callback: packet: read type 94 [len=24,padding=10,comp=13,payload=13]
nc DEBUG: SSH: ssh_packet_process: Dispatching handler for packet type 94
nc DEBUG: SSH: channel_rcv_data: Channel receiving 4 bytes data in 0 (local win=1206973 remote win=1236012)
nc DEBUG: SSH: channel_default_bufferize: placing 4 bytes into channel buffer (stdout)
nc DEBUG: SSH: channel_rcv_data: Channel windows are now (local win=1206969 remote win=1236012)
nc DEBUG: SSH: ssh_packet_need_rekey: rekey: [data_rekey_needed=0, out_blocks=5739, in_blocks=9941]
nc DEBUG: SSH: ssh_channel_read_timeout: Read (1) buffered : 2 bytes. Window: 1206969
nc DEBUG: SSH: ssh_channel_read_timeout: Read (1) buffered : 1 bytes. Window: 1206969
nc DEBUG: Received message:
<rpc-reply xmlns="urn:ietf:params:xml:ns:netconf:base:1.0" message-id="149"><next-update-at xmlns="urn:o-ran:supervision:1.0">2026-04-14T11:23:35+00:00</next-update-at></rpc-reply>

DATA
<next-update-at xmlns="urn:o-ran:supervision:1.0">2026-04-14T20:23:35+09:00</next-update-at>

nc DEBUG: Received message:
<notification xmlns="urn:ietf:params:xml:ns:netconf:notification:1.0"><eventTime>2026-04-14T11:23:35Z</eventTime><supervision-notification xmlns="urn:o-ran:supervision:1.0"/></notification>

notification (2026-04-14T11:23:35Z)
<supervision-notification xmlns="urn:o-ran:supervision:1.0"/>

Client SENT :  user-rpc --content /mplane_automation/conformance_test/watchdog.xml
nc DEBUG: Sending message:

#287


nc DEBUG: SSH: ssh_packet_need_rekey: rekey: [data_rekey_needed=0, out_blocks=5740, in_blocks=9968]
nc DEBUG: SSH: ssh_socket_unbuffered_write: Enabling POLLOUT for socket
nc DEBUG: SSH: packet_send2: packet: wrote [type=94, len=24, padding_size=8, comp=15, payload=15]
nc DEBUG: SSH: channel_write_common: ssh_channel_write wrote 6 bytes
nc DEBUG: Sending message:
<rpc xmlns="urn:ietf:params:xml:ns:netconf:base:1.0" message-id="150"><supervision-watchdog-reset xmlns="urn:o-ran:supervision:1.0"><supervision-notification-interval>10</supervision-notification-interval><guard-timer-overhead>10</guard-timer-overhead></supervision-watchdog-reset></rpc>

nc DEBUG: SSH: ssh_packet_need_rekey: rekey: [data_rekey_needed=0, out_blocks=5777, in_blocks=10004]
nc DEBUG: SSH: packet_send2: packet: wrote [type=94, len=304, padding_size=7, comp=296, payload=296]
nc DEBUG: SSH: channel_write_common: ssh_channel_write wrote 287 bytes
nc DEBUG: SSH: ssh_socket_unbuffered_write: Enabling POLLOUT for socket
nc DEBUG: Sending message:

##


nc DEBUG: SSH: ssh_packet_need_rekey: rekey: [data_rekey_needed=0, out_blocks=5778, in_blocks=9968]
nc DEBUG: SSH: packet_send2: packet: wrote [type=94, len=24, padding_size=10, comp=13, payload=13]
nc DEBUG: SSH: channel_write_common: ssh_channel_write wrote 4 bytes
nc DEBUG: SSH: ssh_socket_unbuffered_write: Enabling POLLOUT for socket
nc DEBUG: SSH: ssh_packet_socket_callback: packet: read type 94 [len=24,padding=8,comp=15,payload=15]
nc DEBUG: SSH: ssh_packet_process: Dispatching handler for packet type 94
nc DEBUG: SSH: channel_rcv_data: Channel receiving 6 bytes data in 0 (local win=1206770 remote win=1235715)
nc DEBUG: SSH: channel_default_bufferize: placing 6 bytes into channel buffer (stdout)
nc DEBUG: SSH: channel_rcv_data: Channel windows are now (local win=1206764 remote win=1235715)
nc DEBUG: SSH: ssh_packet_socket_callback: Processing 220 bytes left in socket buffer
nc DEBUG: SSH: ssh_packet_socket_callback: packet: read type 94 [len=200,padding=10,comp=189,payload=189]
nc DEBUG: SSH: ssh_packet_process: Dispatching handler for packet type 94
nc DEBUG: SSH: channel_rcv_data: Channel receiving 180 bytes data in 0 (local win=1206764 remote win=1235715)
nc DEBUG: SSH: channel_default_bufferize: placing 180 bytes into channel buffer (stdout)
nc DEBUG: SSH: channel_rcv_data: Channel windows are now (local win=1206584 remote win=1235715)
nc DEBUG: SSH: ssh_packet_need_rekey: rekey: [data_rekey_needed=0, out_blocks=5778, in_blocks=9991]
nc DEBUG: SSH: ssh_packet_need_rekey: rekey: [data_rekey_needed=0, out_blocks=5778, in_blocks=9991]
nc DEBUG: SSH: ssh_channel_read_timeout: Read (2) buffered : 186 bytes. Window: 1206584
nc DEBUG: SSH: ssh_channel_read_timeout: Read (1) buffered : 184 bytes. Window: 1206584
nc DEBUG: SSH: ssh_channel_read_timeout: Read (1) buffered : 183 bytes. Window: 1206584
nc DEBUG: SSH: ssh_channel_read_timeout: Read (1) buffered : 182 bytes. Window: 1206584
nc DEBUG: SSH: ssh_channel_read_timeout: Read (1) buffered : 181 bytes. Window: 1206584
nc DEBUG: SSH: ssh_channel_read_timeout: Read (180) buffered : 180 bytes. Window: 1206584
nc DEBUG: SSH: ssh_channel_read_timeout: Read (2) buffered : 0 bytes. Window: 1206584
nc DEBUG: SSH: ssh_packet_socket_callback: packet: read type 94 [len=24,padding=10,comp=13,payload=13]
nc DEBUG: SSH: ssh_packet_process: Dispatching handler for packet type 94
nc DEBUG: SSH: channel_rcv_data: Channel receiving 4 bytes data in 0 (local win=1206584 remote win=1235715)
nc DEBUG: SSH: channel_default_bufferize: placing 4 bytes into channel buffer (stdout)
nc DEBUG: SSH: channel_rcv_data: Channel windows are now (local win=1206580 remote win=1235715)
nc DEBUG: SSH: ssh_packet_need_rekey: rekey: [data_rekey_needed=0, out_blocks=5778, in_blocks=9992]
nc DEBUG: SSH: ssh_channel_read_timeout: Read (1) buffered : 2 bytes. Window: 1206580
nc DEBUG: SSH: ssh_channel_read_timeout: Read (1) buffered : 1 bytes. Window: 1206580
nc DEBUG: Received message:
<rpc-reply xmlns="urn:ietf:params:xml:ns:netconf:base:1.0" message-id="150"><next-update-at xmlns="urn:o-ran:supervision:1.0">2026-04-14T11:23:45+00:00</next-update-at></rpc-reply>

DATA
<next-update-at xmlns="urn:o-ran:supervision:1.0">2026-04-14T20:23:45+09:00</next-update-at>

nc DEBUG: Received message:
<notification xmlns="urn:ietf:params:xml:ns:netconf:notification:1.0"><eventTime>2026-04-14T11:23:45Z</eventTime><supervision-notification xmlns="urn:o-ran:supervision:1.0"/></notification>

notification (2026-04-14T11:23:45Z)
<supervision-notification xmlns="urn:o-ran:supervision:1.0"/>

Client SENT :  user-rpc --content /mplane_automation/conformance_test/watchdog.xml
nc DEBUG: Sending message:

#287


nc DEBUG: SSH: ssh_packet_need_rekey: rekey: [data_rekey_needed=0, out_blocks=5779, in_blocks=10019]
nc DEBUG: SSH: ssh_socket_unbuffered_write: Enabling POLLOUT for socket
nc DEBUG: SSH: packet_send2: packet: wrote [type=94, len=24, padding_size=8, comp=15, payload=15]
nc DEBUG: SSH: channel_write_common: ssh_channel_write wrote 6 bytes
nc DEBUG: Sending message:
<rpc xmlns="urn:ietf:params:xml:ns:netconf:base:1.0" message-id="151"><supervision-watchdog-reset xmlns="urn:o-ran:supervision:1.0"><supervision-notification-interval>10</supervision-notification-interval><guard-timer-overhead>10</guard-timer-overhead></supervision-watchdog-reset></rpc>

nc DEBUG: SSH: ssh_packet_need_rekey: rekey: [data_rekey_needed=0, out_blocks=5816, in_blocks=10055]
nc DEBUG: SSH: packet_send2: packet: wrote [type=94, len=304, padding_size=7, comp=296, payload=296]
nc DEBUG: SSH: channel_write_common: ssh_channel_write wrote 287 bytes
nc DEBUG: SSH: ssh_socket_unbuffered_write: Enabling POLLOUT for socket
nc DEBUG: Sending message:

##


nc DEBUG: SSH: ssh_packet_need_rekey: rekey: [data_rekey_needed=0, out_blocks=5817, in_blocks=10019]
nc DEBUG: SSH: packet_send2: packet: wrote [type=94, len=24, padding_size=10, comp=13, payload=13]
nc DEBUG: SSH: channel_write_common: ssh_channel_write wrote 4 bytes
nc DEBUG: SSH: ssh_socket_unbuffered_write: Enabling POLLOUT for socket
nc DEBUG: SSH: ssh_packet_socket_callback: packet: read type 94 [len=24,padding=8,comp=15,payload=15]
nc DEBUG: SSH: ssh_packet_process: Dispatching handler for packet type 94
nc DEBUG: SSH: channel_rcv_data: Channel receiving 6 bytes data in 0 (local win=1206381 remote win=1235418)
nc DEBUG: SSH: channel_default_bufferize: placing 6 bytes into channel buffer (stdout)
nc DEBUG: SSH: channel_rcv_data: Channel windows are now (local win=1206375 remote win=1235418)
nc DEBUG: SSH: ssh_packet_socket_callback: Processing 220 bytes left in socket buffer
nc DEBUG: SSH: ssh_packet_socket_callback: packet: read type 94 [len=200,padding=10,comp=189,payload=189]
nc DEBUG: SSH: ssh_packet_process: Dispatching handler for packet type 94
nc DEBUG: SSH: channel_rcv_data: Channel receiving 180 bytes data in 0 (local win=1206375 remote win=1235418)
nc DEBUG: SSH: channel_default_bufferize: placing 180 bytes into channel buffer (stdout)
nc DEBUG: SSH: channel_rcv_data: Channel windows are now (local win=1206195 remote win=1235418)
nc DEBUG: SSH: ssh_packet_need_rekey: rekey: [data_rekey_needed=0, out_blocks=5817, in_blocks=10042]
nc DEBUG: SSH: ssh_packet_need_rekey: rekey: [data_rekey_needed=0, out_blocks=5817, in_blocks=10042]
nc DEBUG: SSH: ssh_channel_read_timeout: Read (2) buffered : 186 bytes. Window: 1206195
nc DEBUG: SSH: ssh_channel_read_timeout: Read (1) buffered : 184 bytes. Window: 1206195
nc DEBUG: SSH: ssh_channel_read_timeout: Read (1) buffered : 183 bytes. Window: 1206195
nc DEBUG: SSH: ssh_channel_read_timeout: Read (1) buffered : 182 bytes. Window: 1206195
nc DEBUG: SSH: ssh_channel_read_timeout: Read (1) buffered : 181 bytes. Window: 1206195
nc DEBUG: SSH: ssh_channel_read_timeout: Read (180) buffered : 180 bytes. Window: 1206195
nc DEBUG: SSH: ssh_channel_read_timeout: Read (2) buffered : 0 bytes. Window: 1206195
nc DEBUG: SSH: ssh_packet_socket_callback: packet: read type 94 [len=24,padding=10,comp=13,payload=13]
nc DEBUG: SSH: ssh_packet_process: Dispatching handler for packet type 94
nc DEBUG: SSH: channel_rcv_data: Channel receiving 4 bytes data in 0 (local win=1206195 remote win=1235418)
nc DEBUG: SSH: channel_default_bufferize: placing 4 bytes into channel buffer (stdout)
nc DEBUG: SSH: channel_rcv_data: Channel windows are now (local win=1206191 remote win=1235418)
nc DEBUG: SSH: ssh_packet_need_rekey: rekey: [data_rekey_needed=0, out_blocks=5817, in_blocks=10043]
nc DEBUG: SSH: ssh_channel_read_timeout: Read (1) buffered : 2 bytes. Window: 1206191
nc DEBUG: SSH: ssh_channel_read_timeout: Read (1) buffered : 1 bytes. Window: 1206191
nc DEBUG: Received message:
<rpc-reply xmlns="urn:ietf:params:xml:ns:netconf:base:1.0" message-id="151"><next-update-at xmlns="urn:o-ran:supervision:1.0">2026-04-14T11:23:55+00:00</next-update-at></rpc-reply>

DATA
<next-update-at xmlns="urn:o-ran:supervision:1.0">2026-04-14T20:23:55+09:00</next-update-at>

nc DEBUG: Received message:
<notification xmlns="urn:ietf:params:xml:ns:netconf:notification:1.0"><eventTime>2026-04-14T11:23:55Z</eventTime><supervision-notification xmlns="urn:o-ran:supervision:1.0"/></notification>

notification (2026-04-14T11:23:55Z)
<supervision-notification xmlns="urn:o-ran:supervision:1.0"/>

Client SENT :  user-rpc --content /mplane_automation/conformance_test/watchdog.xml
nc DEBUG: Sending message:

#287


nc DEBUG: SSH: ssh_packet_need_rekey: rekey: [data_rekey_needed=0, out_blocks=5818, in_blocks=10070]
nc DEBUG: SSH: ssh_socket_unbuffered_write: Enabling POLLOUT for socket
nc DEBUG: SSH: packet_send2: packet: wrote [type=94, len=24, padding_size=8, comp=15, payload=15]
nc DEBUG: SSH: channel_write_common: ssh_channel_write wrote 6 bytes
nc DEBUG: Sending message:
<rpc xmlns="urn:ietf:params:xml:ns:netconf:base:1.0" message-id="152"><supervision-watchdog-reset xmlns="urn:o-ran:supervision:1.0"><supervision-notification-interval>10</supervision-notification-interval><guard-timer-overhead>10</guard-timer-overhead></supervision-watchdog-reset></rpc>

nc DEBUG: SSH: ssh_packet_need_rekey: rekey: [data_rekey_needed=0, out_blocks=5855, in_blocks=10106]
nc DEBUG: SSH: packet_send2: packet: wrote [type=94, len=304, padding_size=7, comp=296, payload=296]
nc DEBUG: SSH: channel_write_common: ssh_channel_write wrote 287 bytes
nc DEBUG: SSH: ssh_socket_unbuffered_write: Enabling POLLOUT for socket
nc DEBUG: Sending message:

##


nc DEBUG: SSH: ssh_packet_need_rekey: rekey: [data_rekey_needed=0, out_blocks=5856, in_blocks=10070]
nc DEBUG: SSH: packet_send2: packet: wrote [type=94, len=24, padding_size=10, comp=13, payload=13]
nc DEBUG: SSH: channel_write_common: ssh_channel_write wrote 4 bytes
nc DEBUG: SSH: ssh_socket_unbuffered_write: Enabling POLLOUT for socket
nc DEBUG: SSH: ssh_packet_socket_callback: packet: read type 94 [len=24,padding=8,comp=15,payload=15]
nc DEBUG: SSH: ssh_packet_process: Dispatching handler for packet type 94
nc DEBUG: SSH: channel_rcv_data: Channel receiving 6 bytes data in 0 (local win=1205992 remote win=1235121)
nc DEBUG: SSH: channel_default_bufferize: placing 6 bytes into channel buffer (stdout)
nc DEBUG: SSH: channel_rcv_data: Channel windows are now (local win=1205986 remote win=1235121)
nc DEBUG: SSH: ssh_packet_socket_callback: Processing 220 bytes left in socket buffer
nc DEBUG: SSH: ssh_packet_socket_callback: packet: read type 94 [len=200,padding=10,comp=189,payload=189]
nc DEBUG: SSH: ssh_packet_process: Dispatching handler for packet type 94
nc DEBUG: SSH: channel_rcv_data: Channel receiving 180 bytes data in 0 (local win=1205986 remote win=1235121)
nc DEBUG: SSH: channel_default_bufferize: placing 180 bytes into channel buffer (stdout)
nc DEBUG: SSH: channel_rcv_data: Channel windows are now (local win=1205806 remote win=1235121)
nc DEBUG: SSH: ssh_packet_need_rekey: rekey: [data_rekey_needed=0, out_blocks=5856, in_blocks=10093]
nc DEBUG: SSH: ssh_packet_need_rekey: rekey: [data_rekey_needed=0, out_blocks=5856, in_blocks=10093]
nc DEBUG: SSH: ssh_channel_read_timeout: Read (2) buffered : 186 bytes. Window: 1205806
nc DEBUG: SSH: ssh_channel_read_timeout: Read (1) buffered : 184 bytes. Window: 1205806
nc DEBUG: SSH: ssh_channel_read_timeout: Read (1) buffered : 183 bytes. Window: 1205806
nc DEBUG: SSH: ssh_channel_read_timeout: Read (1) buffered : 182 bytes. Window: 1205806
nc DEBUG: SSH: ssh_channel_read_timeout: Read (1) buffered : 181 bytes. Window: 1205806
nc DEBUG: SSH: ssh_channel_read_timeout: Read (180) buffered : 180 bytes. Window: 1205806
nc DEBUG: SSH: ssh_channel_read_timeout: Read (2) buffered : 0 bytes. Window: 1205806
nc DEBUG: SSH: ssh_packet_socket_callback: packet: read type 94 [len=24,padding=10,comp=13,payload=13]
nc DEBUG: SSH: ssh_packet_process: Dispatching handler for packet type 94
nc DEBUG: SSH: channel_rcv_data: Channel receiving 4 bytes data in 0 (local win=1205806 remote win=1235121)
nc DEBUG: SSH: channel_default_bufferize: placing 4 bytes into channel buffer (stdout)
nc DEBUG: SSH: channel_rcv_data: Channel windows are now (local win=1205802 remote win=1235121)
nc DEBUG: SSH: ssh_packet_need_rekey: rekey: [data_rekey_needed=0, out_blocks=5856, in_blocks=10094]
nc DEBUG: SSH: ssh_channel_read_timeout: Read (1) buffered : 2 bytes. Window: 1205802
nc DEBUG: SSH: ssh_channel_read_timeout: Read (1) buffered : 1 bytes. Window: 1205802
nc DEBUG: Received message:
<rpc-reply xmlns="urn:ietf:params:xml:ns:netconf:base:1.0" message-id="152"><next-update-at xmlns="urn:o-ran:supervision:1.0">2026-04-14T11:24:05+00:00</next-update-at></rpc-reply>

DATA
<next-update-at xmlns="urn:o-ran:supervision:1.0">2026-04-14T20:24:05+09:00</next-update-at>

nc DEBUG: Received message:
<notification xmlns="urn:ietf:params:xml:ns:netconf:notification:1.0"><eventTime>2026-04-14T11:24:05Z</eventTime><supervision-notification xmlns="urn:o-ran:supervision:1.0"/></notification>

notification (2026-04-14T11:24:05Z)
<supervision-notification xmlns="urn:o-ran:supervision:1.0"/>

Client SENT :  user-rpc --content /mplane_automation/conformance_test/watchdog.xml
nc DEBUG: Sending message:

#287


nc DEBUG: SSH: ssh_packet_need_rekey: rekey: [data_rekey_needed=0, out_blocks=5857, in_blocks=10121]
nc DEBUG: SSH: ssh_socket_unbuffered_write: Enabling POLLOUT for socket
nc DEBUG: SSH: packet_send2: packet: wrote [type=94, len=24, padding_size=8, comp=15, payload=15]
nc DEBUG: SSH: channel_write_common: ssh_channel_write wrote 6 bytes
nc DEBUG: Sending message:
<rpc xmlns="urn:ietf:params:xml:ns:netconf:base:1.0" message-id="153"><supervision-watchdog-reset xmlns="urn:o-ran:supervision:1.0"><supervision-notification-interval>10</supervision-notification-interval><guard-timer-overhead>10</guard-timer-overhead></supervision-watchdog-reset></rpc>

nc DEBUG: SSH: ssh_packet_need_rekey: rekey: [data_rekey_needed=0, out_blocks=5894, in_blocks=10157]
nc DEBUG: SSH: packet_send2: packet: wrote [type=94, len=304, padding_size=7, comp=296, payload=296]
nc DEBUG: SSH: channel_write_common: ssh_channel_write wrote 287 bytes
nc DEBUG: SSH: ssh_socket_unbuffered_write: Enabling POLLOUT for socket
nc DEBUG: Sending message:

##


nc DEBUG: SSH: ssh_packet_need_rekey: rekey: [data_rekey_needed=0, out_blocks=5895, in_blocks=10121]
nc DEBUG: SSH: packet_send2: packet: wrote [type=94, len=24, padding_size=10, comp=13, payload=13]
nc DEBUG: SSH: channel_write_common: ssh_channel_write wrote 4 bytes
nc DEBUG: SSH: ssh_socket_unbuffered_write: Enabling POLLOUT for socket
nc DEBUG: SSH: ssh_packet_socket_callback: packet: read type 94 [len=24,padding=8,comp=15,payload=15]
nc DEBUG: SSH: ssh_packet_process: Dispatching handler for packet type 94
nc DEBUG: SSH: channel_rcv_data: Channel receiving 6 bytes data in 0 (local win=1205603 remote win=1234824)
nc DEBUG: SSH: channel_default_bufferize: placing 6 bytes into channel buffer (stdout)
nc DEBUG: SSH: channel_rcv_data: Channel windows are now (local win=1205597 remote win=1234824)
nc DEBUG: SSH: ssh_packet_socket_callback: Processing 220 bytes left in socket buffer
nc DEBUG: SSH: ssh_packet_socket_callback: packet: read type 94 [len=200,padding=10,comp=189,payload=189]
nc DEBUG: SSH: ssh_packet_process: Dispatching handler for packet type 94
nc DEBUG: SSH: channel_rcv_data: Channel receiving 180 bytes data in 0 (local win=1205597 remote win=1234824)
nc DEBUG: SSH: channel_default_bufferize: placing 180 bytes into channel buffer (stdout)
nc DEBUG: SSH: channel_rcv_data: Channel windows are now (local win=1205417 remote win=1234824)
nc DEBUG: SSH: ssh_packet_need_rekey: rekey: [data_rekey_needed=0, out_blocks=5895, in_blocks=10144]
nc DEBUG: SSH: ssh_packet_need_rekey: rekey: [data_rekey_needed=0, out_blocks=5895, in_blocks=10144]
nc DEBUG: SSH: ssh_channel_read_timeout: Read (2) buffered : 186 bytes. Window: 1205417
nc DEBUG: SSH: ssh_channel_read_timeout: Read (1) buffered : 184 bytes. Window: 1205417
nc DEBUG: SSH: ssh_channel_read_timeout: Read (1) buffered : 183 bytes. Window: 1205417
nc DEBUG: SSH: ssh_channel_read_timeout: Read (1) buffered : 182 bytes. Window: 1205417
nc DEBUG: SSH: ssh_channel_read_timeout: Read (1) buffered : 181 bytes. Window: 1205417
nc DEBUG: SSH: ssh_channel_read_timeout: Read (180) buffered : 180 bytes. Window: 1205417
nc DEBUG: SSH: ssh_channel_read_timeout: Read (2) buffered : 0 bytes. Window: 1205417
nc DEBUG: SSH: ssh_packet_socket_callback: packet: read type 94 [len=24,padding=10,comp=13,payload=13]
nc DEBUG: SSH: ssh_packet_process: Dispatching handler for packet type 94
nc DEBUG: SSH: channel_rcv_data: Channel receiving 4 bytes data in 0 (local win=1205417 remote win=1234824)
nc DEBUG: SSH: channel_default_bufferize: placing 4 bytes into channel buffer (stdout)
nc DEBUG: SSH: channel_rcv_data: Channel windows are now (local win=1205413 remote win=1234824)
nc DEBUG: SSH: ssh_packet_need_rekey: rekey: [data_rekey_needed=0, out_blocks=5895, in_blocks=10145]
nc DEBUG: SSH: ssh_channel_read_timeout: Read (1) buffered : 2 bytes. Window: 1205413
nc DEBUG: SSH: ssh_channel_read_timeout: Read (1) buffered : 1 bytes. Window: 1205413
nc DEBUG: Received message:
<rpc-reply xmlns="urn:ietf:params:xml:ns:netconf:base:1.0" message-id="153"><next-update-at xmlns="urn:o-ran:supervision:1.0">2026-04-14T11:24:15+00:00</next-update-at></rpc-reply>

DATA
<next-update-at xmlns="urn:o-ran:supervision:1.0">2026-04-14T20:24:15+09:00</next-update-at>

nc DEBUG: Received message:
<notification xmlns="urn:ietf:params:xml:ns:netconf:notification:1.0"><eventTime>2026-04-14T11:24:15Z</eventTime><supervision-notification xmlns="urn:o-ran:supervision:1.0"/></notification>

notification (2026-04-14T11:24:15Z)
<supervision-notification xmlns="urn:o-ran:supervision:1.0"/>

Client SENT :  user-rpc --content /mplane_automation/conformance_test/watchdog.xml
nc DEBUG: Sending message:

#287


nc DEBUG: SSH: ssh_packet_need_rekey: rekey: [data_rekey_needed=0, out_blocks=5896, in_blocks=10172]
nc DEBUG: SSH: ssh_socket_unbuffered_write: Enabling POLLOUT for socket
nc DEBUG: SSH: packet_send2: packet: wrote [type=94, len=24, padding_size=8, comp=15, payload=15]
nc DEBUG: SSH: channel_write_common: ssh_channel_write wrote 6 bytes
nc DEBUG: Sending message:
<rpc xmlns="urn:ietf:params:xml:ns:netconf:base:1.0" message-id="154"><supervision-watchdog-reset xmlns="urn:o-ran:supervision:1.0"><supervision-notification-interval>10</supervision-notification-interval><guard-timer-overhead>10</guard-timer-overhead></supervision-watchdog-reset></rpc>

nc DEBUG: SSH: ssh_packet_need_rekey: rekey: [data_rekey_needed=0, out_blocks=5933, in_blocks=10208]
nc DEBUG: SSH: packet_send2: packet: wrote [type=94, len=304, padding_size=7, comp=296, payload=296]
nc DEBUG: SSH: channel_write_common: ssh_channel_write wrote 287 bytes
nc DEBUG: SSH: ssh_socket_unbuffered_write: Enabling POLLOUT for socket
nc DEBUG: Sending message:

##


nc DEBUG: SSH: ssh_packet_need_rekey: rekey: [data_rekey_needed=0, out_blocks=5934, in_blocks=10172]
nc DEBUG: SSH: packet_send2: packet: wrote [type=94, len=24, padding_size=10, comp=13, payload=13]
nc DEBUG: SSH: channel_write_common: ssh_channel_write wrote 4 bytes
nc DEBUG: SSH: ssh_socket_unbuffered_write: Enabling POLLOUT for socket
nc DEBUG: SSH: ssh_packet_socket_callback: packet: read type 94 [len=24,padding=8,comp=15,payload=15]
nc DEBUG: SSH: ssh_packet_process: Dispatching handler for packet type 94
nc DEBUG: SSH: channel_rcv_data: Channel receiving 6 bytes data in 0 (local win=1205214 remote win=1234527)
nc DEBUG: SSH: channel_default_bufferize: placing 6 bytes into channel buffer (stdout)
nc DEBUG: SSH: channel_rcv_data: Channel windows are now (local win=1205208 remote win=1234527)
nc DEBUG: SSH: ssh_packet_socket_callback: Processing 220 bytes left in socket buffer
nc DEBUG: SSH: ssh_packet_socket_callback: packet: read type 94 [len=200,padding=10,comp=189,payload=189]
nc DEBUG: SSH: ssh_packet_process: Dispatching handler for packet type 94
nc DEBUG: SSH: channel_rcv_data: Channel receiving 180 bytes data in 0 (local win=1205208 remote win=1234527)
nc DEBUG: SSH: channel_default_bufferize: placing 180 bytes into channel buffer (stdout)
nc DEBUG: SSH: channel_rcv_data: Channel windows are now (local win=1205028 remote win=1234527)
nc DEBUG: SSH: ssh_packet_need_rekey: rekey: [data_rekey_needed=0, out_blocks=5934, in_blocks=10195]
nc DEBUG: SSH: ssh_packet_need_rekey: rekey: [data_rekey_needed=0, out_blocks=5934, in_blocks=10195]
nc DEBUG: SSH: ssh_channel_read_timeout: Read (2) buffered : 186 bytes. Window: 1205028
nc DEBUG: SSH: ssh_channel_read_timeout: Read (1) buffered : 184 bytes. Window: 1205028
nc DEBUG: SSH: ssh_channel_read_timeout: Read (1) buffered : 183 bytes. Window: 1205028
nc DEBUG: SSH: ssh_channel_read_timeout: Read (1) buffered : 182 bytes. Window: 1205028
nc DEBUG: SSH: ssh_channel_read_timeout: Read (1) buffered : 181 bytes. Window: 1205028
nc DEBUG: SSH: ssh_channel_read_timeout: Read (180) buffered : 180 bytes. Window: 1205028
nc DEBUG: SSH: ssh_channel_read_timeout: Read (2) buffered : 0 bytes. Window: 1205028
nc DEBUG: SSH: ssh_packet_socket_callback: packet: read type 94 [len=24,padding=10,comp=13,payload=13]
nc DEBUG: SSH: ssh_packet_process: Dispatching handler for packet type 94
nc DEBUG: SSH: channel_rcv_data: Channel receiving 4 bytes data in 0 (local win=1205028 remote win=1234527)
nc DEBUG: SSH: channel_default_bufferize: placing 4 bytes into channel buffer (stdout)
nc DEBUG: SSH: channel_rcv_data: Channel windows are now (local win=1205024 remote win=1234527)
nc DEBUG: SSH: ssh_packet_need_rekey: rekey: [data_rekey_needed=0, out_blocks=5934, in_blocks=10196]
nc DEBUG: SSH: ssh_channel_read_timeout: Read (1) buffered : 2 bytes. Window: 1205024
nc DEBUG: SSH: ssh_channel_read_timeout: Read (1) buffered : 1 bytes. Window: 1205024
nc DEBUG: Received message:
<rpc-reply xmlns="urn:ietf:params:xml:ns:netconf:base:1.0" message-id="154"><next-update-at xmlns="urn:o-ran:supervision:1.0">2026-04-14T11:24:25+00:00</next-update-at></rpc-reply>

DATA
<next-update-at xmlns="urn:o-ran:supervision:1.0">2026-04-14T20:24:25+09:00</next-update-at>

nc DEBUG: Received message:
<notification xmlns="urn:ietf:params:xml:ns:netconf:notification:1.0"><eventTime>2026-04-14T11:24:25Z</eventTime><supervision-notification xmlns="urn:o-ran:supervision:1.0"/></notification>

notification (2026-04-14T11:24:25Z)
<supervision-notification xmlns="urn:o-ran:supervision:1.0"/>

Client SENT :  user-rpc --content /mplane_automation/conformance_test/watchdog.xml
nc DEBUG: Sending message:

#287


nc DEBUG: SSH: ssh_packet_need_rekey: rekey: [data_rekey_needed=0, out_blocks=5935, in_blocks=10223]
nc DEBUG: SSH: ssh_socket_unbuffered_write: Enabling POLLOUT for socket
nc DEBUG: SSH: packet_send2: packet: wrote [type=94, len=24, padding_size=8, comp=15, payload=15]
nc DEBUG: SSH: channel_write_common: ssh_channel_write wrote 6 bytes
nc DEBUG: Sending message:
<rpc xmlns="urn:ietf:params:xml:ns:netconf:base:1.0" message-id="155"><supervision-watchdog-reset xmlns="urn:o-ran:supervision:1.0"><supervision-notification-interval>10</supervision-notification-interval><guard-timer-overhead>10</guard-timer-overhead></supervision-watchdog-reset></rpc>

nc DEBUG: SSH: ssh_packet_need_rekey: rekey: [data_rekey_needed=0, out_blocks=5972, in_blocks=10259]
nc DEBUG: SSH: packet_send2: packet: wrote [type=94, len=304, padding_size=7, comp=296, payload=296]
nc DEBUG: SSH: channel_write_common: ssh_channel_write wrote 287 bytes
nc DEBUG: SSH: ssh_socket_unbuffered_write: Enabling POLLOUT for socket
nc DEBUG: Sending message:

##


nc DEBUG: SSH: ssh_packet_need_rekey: rekey: [data_rekey_needed=0, out_blocks=5973, in_blocks=10223]
nc DEBUG: SSH: packet_send2: packet: wrote [type=94, len=24, padding_size=10, comp=13, payload=13]
nc DEBUG: SSH: channel_write_common: ssh_channel_write wrote 4 bytes
nc DEBUG: SSH: ssh_socket_unbuffered_write: Enabling POLLOUT for socket
nc DEBUG: SSH: ssh_packet_socket_callback: packet: read type 94 [len=24,padding=8,comp=15,payload=15]
nc DEBUG: SSH: ssh_packet_process: Dispatching handler for packet type 94
nc DEBUG: SSH: channel_rcv_data: Channel receiving 6 bytes data in 0 (local win=1204825 remote win=1234230)
nc DEBUG: SSH: channel_default_bufferize: placing 6 bytes into channel buffer (stdout)
nc DEBUG: SSH: channel_rcv_data: Channel windows are now (local win=1204819 remote win=1234230)
nc DEBUG: SSH: ssh_packet_need_rekey: rekey: [data_rekey_needed=0, out_blocks=5973, in_blocks=10223]
nc DEBUG: SSH: ssh_channel_read_timeout: Read (2) buffered : 6 bytes. Window: 1204819
nc DEBUG: SSH: ssh_channel_read_timeout: Read (1) buffered : 4 bytes. Window: 1204819
nc DEBUG: SSH: ssh_channel_read_timeout: Read (1) buffered : 3 bytes. Window: 1204819
nc DEBUG: SSH: ssh_channel_read_timeout: Read (1) buffered : 2 bytes. Window: 1204819
nc DEBUG: SSH: ssh_channel_read_timeout: Read (1) buffered : 1 bytes. Window: 1204819
nc DEBUG: SSH: ssh_channel_read_timeout: Read (180) buffered : 0 bytes. Window: 1204819
nc DEBUG: SSH: ssh_packet_socket_callback: packet: read type 94 [len=200,padding=10,comp=189,payload=189]
nc DEBUG: SSH: ssh_packet_process: Dispatching handler for packet type 94
nc DEBUG: SSH: channel_rcv_data: Channel receiving 180 bytes data in 0 (local win=1204819 remote win=1234230)
nc DEBUG: SSH: channel_default_bufferize: placing 180 bytes into channel buffer (stdout)
nc DEBUG: SSH: channel_rcv_data: Channel windows are now (local win=1204639 remote win=1234230)
nc DEBUG: SSH: ssh_packet_socket_callback: Processing 44 bytes left in socket buffer
nc DEBUG: SSH: ssh_packet_socket_callback: packet: read type 94 [len=24,padding=10,comp=13,payload=13]
nc DEBUG: SSH: ssh_packet_process: Dispatching handler for packet type 94
nc DEBUG: SSH: channel_rcv_data: Channel receiving 4 bytes data in 0 (local win=1204639 remote win=1234230)
nc DEBUG: SSH: channel_default_bufferize: placing 4 bytes into channel buffer (stdout)
nc DEBUG: SSH: channel_rcv_data: Channel windows are now (local win=1204635 remote win=1234230)
nc DEBUG: SSH: ssh_packet_need_rekey: rekey: [data_rekey_needed=0, out_blocks=5973, in_blocks=10247]
nc DEBUG: SSH: ssh_packet_need_rekey: rekey: [data_rekey_needed=0, out_blocks=5973, in_blocks=10247]
nc DEBUG: SSH: ssh_channel_read_timeout: Read (2) buffered : 4 bytes. Window: 1204635
nc DEBUG: SSH: ssh_channel_read_timeout: Read (1) buffered : 2 bytes. Window: 1204635
nc DEBUG: SSH: ssh_channel_read_timeout: Read (1) buffered : 1 bytes. Window: 1204635
nc DEBUG: Received message:
<rpc-reply xmlns="urn:ietf:params:xml:ns:netconf:base:1.0" message-id="155"><next-update-at xmlns="urn:o-ran:supervision:1.0">2026-04-14T11:24:35+00:00</next-update-at></rpc-reply>

DATA
<next-update-at xmlns="urn:o-ran:supervision:1.0">2026-04-14T20:24:35+09:00</next-update-at>

nc DEBUG: Received message:
<notification xmlns="urn:ietf:params:xml:ns:netconf:notification:1.0"><eventTime>2026-04-14T11:24:35Z</eventTime><supervision-notification xmlns="urn:o-ran:supervision:1.0"/></notification>

notification (2026-04-14T11:24:35Z)
<supervision-notification xmlns="urn:o-ran:supervision:1.0"/>

Client SENT :  user-rpc --content /mplane_automation/conformance_test/watchdog.xml
nc DEBUG: Sending message:

#287


nc DEBUG: SSH: ssh_packet_need_rekey: rekey: [data_rekey_needed=0, out_blocks=5974, in_blocks=10274]
nc DEBUG: SSH: ssh_socket_unbuffered_write: Enabling POLLOUT for socket
nc DEBUG: SSH: packet_send2: packet: wrote [type=94, len=24, padding_size=8, comp=15, payload=15]
nc DEBUG: SSH: channel_write_common: ssh_channel_write wrote 6 bytes
nc DEBUG: Sending message:
<rpc xmlns="urn:ietf:params:xml:ns:netconf:base:1.0" message-id="156"><supervision-watchdog-reset xmlns="urn:o-ran:supervision:1.0"><supervision-notification-interval>10</supervision-notification-interval><guard-timer-overhead>10</guard-timer-overhead></supervision-watchdog-reset></rpc>

nc DEBUG: SSH: ssh_packet_need_rekey: rekey: [data_rekey_needed=0, out_blocks=6011, in_blocks=10310]
nc DEBUG: SSH: packet_send2: packet: wrote [type=94, len=304, padding_size=7, comp=296, payload=296]
nc DEBUG: SSH: channel_write_common: ssh_channel_write wrote 287 bytes
nc DEBUG: SSH: ssh_socket_unbuffered_write: Enabling POLLOUT for socket
nc DEBUG: Sending message:

##


nc DEBUG: SSH: ssh_packet_need_rekey: rekey: [data_rekey_needed=0, out_blocks=6012, in_blocks=10274]
nc DEBUG: SSH: packet_send2: packet: wrote [type=94, len=24, padding_size=10, comp=13, payload=13]
nc DEBUG: SSH: channel_write_common: ssh_channel_write wrote 4 bytes
nc DEBUG: SSH: ssh_socket_unbuffered_write: Enabling POLLOUT for socket
nc DEBUG: SSH: ssh_packet_socket_callback: packet: read type 94 [len=24,padding=8,comp=15,payload=15]
nc DEBUG: SSH: ssh_packet_process: Dispatching handler for packet type 94
nc DEBUG: SSH: channel_rcv_data: Channel receiving 6 bytes data in 0 (local win=1204436 remote win=1233933)
nc DEBUG: SSH: channel_default_bufferize: placing 6 bytes into channel buffer (stdout)
nc DEBUG: SSH: channel_rcv_data: Channel windows are now (local win=1204430 remote win=1233933)
nc DEBUG: SSH: ssh_packet_socket_callback: Processing 220 bytes left in socket buffer
nc DEBUG: SSH: ssh_packet_socket_callback: packet: read type 94 [len=200,padding=10,comp=189,payload=189]
nc DEBUG: SSH: ssh_packet_process: Dispatching handler for packet type 94
nc DEBUG: SSH: channel_rcv_data: Channel receiving 180 bytes data in 0 (local win=1204430 remote win=1233933)
nc DEBUG: SSH: channel_default_bufferize: placing 180 bytes into channel buffer (stdout)
nc DEBUG: SSH: channel_rcv_data: Channel windows are now (local win=1204250 remote win=1233933)
nc DEBUG: SSH: ssh_packet_need_rekey: rekey: [data_rekey_needed=0, out_blocks=6012, in_blocks=10297]
nc DEBUG: SSH: ssh_packet_need_rekey: rekey: [data_rekey_needed=0, out_blocks=6012, in_blocks=10297]
nc DEBUG: SSH: ssh_channel_read_timeout: Read (2) buffered : 186 bytes. Window: 1204250
nc DEBUG: SSH: ssh_channel_read_timeout: Read (1) buffered : 184 bytes. Window: 1204250
nc DEBUG: SSH: ssh_channel_read_timeout: Read (1) buffered : 183 bytes. Window: 1204250
nc DEBUG: SSH: ssh_channel_read_timeout: Read (1) buffered : 182 bytes. Window: 1204250
nc DEBUG: SSH: ssh_channel_read_timeout: Read (1) buffered : 181 bytes. Window: 1204250
nc DEBUG: SSH: ssh_channel_read_timeout: Read (180) buffered : 180 bytes. Window: 1204250
nc DEBUG: SSH: ssh_channel_read_timeout: Read (2) buffered : 0 bytes. Window: 1204250
nc DEBUG: SSH: ssh_packet_socket_callback: packet: read type 94 [len=24,padding=10,comp=13,payload=13]
nc DEBUG: SSH: ssh_packet_process: Dispatching handler for packet type 94
nc DEBUG: SSH: channel_rcv_data: Channel receiving 4 bytes data in 0 (local win=1204250 remote win=1233933)
nc DEBUG: SSH: channel_default_bufferize: placing 4 bytes into channel buffer (stdout)
nc DEBUG: SSH: channel_rcv_data: Channel windows are now (local win=1204246 remote win=1233933)
nc DEBUG: SSH: ssh_packet_need_rekey: rekey: [data_rekey_needed=0, out_blocks=6012, in_blocks=10298]
nc DEBUG: SSH: ssh_channel_read_timeout: Read (1) buffered : 2 bytes. Window: 1204246
nc DEBUG: SSH: ssh_channel_read_timeout: Read (1) buffered : 1 bytes. Window: 1204246
nc DEBUG: Received message:
<rpc-reply xmlns="urn:ietf:params:xml:ns:netconf:base:1.0" message-id="156"><next-update-at xmlns="urn:o-ran:supervision:1.0">2026-04-14T11:24:45+00:00</next-update-at></rpc-reply>

DATA
<next-update-at xmlns="urn:o-ran:supervision:1.0">2026-04-14T20:24:45+09:00</next-update-at>

nc DEBUG: Received message:
<notification xmlns="urn:ietf:params:xml:ns:netconf:notification:1.0"><eventTime>2026-04-14T11:24:45Z</eventTime><supervision-notification xmlns="urn:o-ran:supervision:1.0"/></notification>

notification (2026-04-14T11:24:45Z)
<supervision-notification xmlns="urn:o-ran:supervision:1.0"/>

Client SENT :  user-rpc --content /mplane_automation/conformance_test/watchdog.xml
nc DEBUG: Sending message:

#287


nc DEBUG: SSH: ssh_packet_need_rekey: rekey: [data_rekey_needed=0, out_blocks=6013, in_blocks=10325]
nc DEBUG: SSH: ssh_socket_unbuffered_write: Enabling POLLOUT for socket
nc DEBUG: SSH: packet_send2: packet: wrote [type=94, len=24, padding_size=8, comp=15, payload=15]
nc DEBUG: SSH: channel_write_common: ssh_channel_write wrote 6 bytes
nc DEBUG: Sending message:
<rpc xmlns="urn:ietf:params:xml:ns:netconf:base:1.0" message-id="157"><supervision-watchdog-reset xmlns="urn:o-ran:supervision:1.0"><supervision-notification-interval>10</supervision-notification-interval><guard-timer-overhead>10</guard-timer-overhead></supervision-watchdog-reset></rpc>

nc DEBUG: SSH: ssh_packet_need_rekey: rekey: [data_rekey_needed=0, out_blocks=6050, in_blocks=10361]
nc DEBUG: SSH: packet_send2: packet: wrote [type=94, len=304, padding_size=7, comp=296, payload=296]
nc DEBUG: SSH: channel_write_common: ssh_channel_write wrote 287 bytes
nc DEBUG: SSH: ssh_socket_unbuffered_write: Enabling POLLOUT for socket
nc DEBUG: Sending message:

##


nc DEBUG: SSH: ssh_packet_need_rekey: rekey: [data_rekey_needed=0, out_blocks=6051, in_blocks=10325]
nc DEBUG: SSH: packet_send2: packet: wrote [type=94, len=24, padding_size=10, comp=13, payload=13]
nc DEBUG: SSH: channel_write_common: ssh_channel_write wrote 4 bytes
nc DEBUG: SSH: ssh_socket_unbuffered_write: Enabling POLLOUT for socket
nc DEBUG: SSH: ssh_packet_socket_callback: packet: read type 94 [len=24,padding=8,comp=15,payload=15]
nc DEBUG: SSH: ssh_packet_process: Dispatching handler for packet type 94
nc DEBUG: SSH: channel_rcv_data: Channel receiving 6 bytes data in 0 (local win=1204047 remote win=1233636)
nc DEBUG: SSH: channel_default_bufferize: placing 6 bytes into channel buffer (stdout)
nc DEBUG: SSH: channel_rcv_data: Channel windows are now (local win=1204041 remote win=1233636)
nc DEBUG: SSH: ssh_packet_socket_callback: Processing 220 bytes left in socket buffer
nc DEBUG: SSH: ssh_packet_socket_callback: packet: read type 94 [len=200,padding=10,comp=189,payload=189]
nc DEBUG: SSH: ssh_packet_process: Dispatching handler for packet type 94
nc DEBUG: SSH: channel_rcv_data: Channel receiving 180 bytes data in 0 (local win=1204041 remote win=1233636)
nc DEBUG: SSH: channel_default_bufferize: placing 180 bytes into channel buffer (stdout)
nc DEBUG: SSH: channel_rcv_data: Channel windows are now (local win=1203861 remote win=1233636)
nc DEBUG: SSH: ssh_packet_need_rekey: rekey: [data_rekey_needed=0, out_blocks=6051, in_blocks=10348]
nc DEBUG: SSH: ssh_packet_need_rekey: rekey: [data_rekey_needed=0, out_blocks=6051, in_blocks=10348]
nc DEBUG: SSH: ssh_channel_read_timeout: Read (2) buffered : 186 bytes. Window: 1203861
nc DEBUG: SSH: ssh_channel_read_timeout: Read (1) buffered : 184 bytes. Window: 1203861
nc DEBUG: SSH: ssh_channel_read_timeout: Read (1) buffered : 183 bytes. Window: 1203861
nc DEBUG: SSH: ssh_channel_read_timeout: Read (1) buffered : 182 bytes. Window: 1203861
nc DEBUG: SSH: ssh_channel_read_timeout: Read (1) buffered : 181 bytes. Window: 1203861
nc DEBUG: SSH: ssh_channel_read_timeout: Read (180) buffered : 180 bytes. Window: 1203861
nc DEBUG: SSH: ssh_channel_read_timeout: Read (2) buffered : 0 bytes. Window: 1203861
nc DEBUG: SSH: ssh_packet_socket_callback: packet: read type 94 [len=24,padding=10,comp=13,payload=13]
nc DEBUG: SSH: ssh_packet_process: Dispatching handler for packet type 94
nc DEBUG: SSH: channel_rcv_data: Channel receiving 4 bytes data in 0 (local win=1203861 remote win=1233636)
nc DEBUG: SSH: channel_default_bufferize: placing 4 bytes into channel buffer (stdout)
nc DEBUG: SSH: channel_rcv_data: Channel windows are now (local win=1203857 remote win=1233636)
nc DEBUG: SSH: ssh_packet_need_rekey: rekey: [data_rekey_needed=0, out_blocks=6051, in_blocks=10349]
nc DEBUG: SSH: ssh_channel_read_timeout: Read (1) buffered : 2 bytes. Window: 1203857
nc DEBUG: SSH: ssh_channel_read_timeout: Read (1) buffered : 1 bytes. Window: 1203857
nc DEBUG: Received message:
<rpc-reply xmlns="urn:ietf:params:xml:ns:netconf:base:1.0" message-id="157"><next-update-at xmlns="urn:o-ran:supervision:1.0">2026-04-14T11:24:55+00:00</next-update-at></rpc-reply>

DATA
<next-update-at xmlns="urn:o-ran:supervision:1.0">2026-04-14T20:24:55+09:00</next-update-at>

nc DEBUG: Received message:
<notification xmlns="urn:ietf:params:xml:ns:netconf:notification:1.0"><eventTime>2026-04-14T11:24:55Z</eventTime><supervision-notification xmlns="urn:o-ran:supervision:1.0"/></notification>

notification (2026-04-14T11:24:55Z)
<supervision-notification xmlns="urn:o-ran:supervision:1.0"/>

Client SENT :  user-rpc --content /mplane_automation/conformance_test/watchdog.xml
nc DEBUG: Sending message:

#287


nc DEBUG: SSH: ssh_packet_need_rekey: rekey: [data_rekey_needed=0, out_blocks=6052, in_blocks=10376]
nc DEBUG: SSH: ssh_socket_unbuffered_write: Enabling POLLOUT for socket
nc DEBUG: SSH: packet_send2: packet: wrote [type=94, len=24, padding_size=8, comp=15, payload=15]
nc DEBUG: SSH: channel_write_common: ssh_channel_write wrote 6 bytes
nc DEBUG: Sending message:
<rpc xmlns="urn:ietf:params:xml:ns:netconf:base:1.0" message-id="158"><supervision-watchdog-reset xmlns="urn:o-ran:supervision:1.0"><supervision-notification-interval>10</supervision-notification-interval><guard-timer-overhead>10</guard-timer-overhead></supervision-watchdog-reset></rpc>

nc DEBUG: SSH: ssh_packet_need_rekey: rekey: [data_rekey_needed=0, out_blocks=6089, in_blocks=10412]
nc DEBUG: SSH: packet_send2: packet: wrote [type=94, len=304, padding_size=7, comp=296, payload=296]
nc DEBUG: SSH: channel_write_common: ssh_channel_write wrote 287 bytes
nc DEBUG: SSH: ssh_socket_unbuffered_write: Enabling POLLOUT for socket
nc DEBUG: Sending message:

##


nc DEBUG: SSH: ssh_packet_need_rekey: rekey: [data_rekey_needed=0, out_blocks=6090, in_blocks=10376]
nc DEBUG: SSH: packet_send2: packet: wrote [type=94, len=24, padding_size=10, comp=13, payload=13]
nc DEBUG: SSH: channel_write_common: ssh_channel_write wrote 4 bytes
nc DEBUG: SSH: ssh_socket_unbuffered_write: Enabling POLLOUT for socket
nc DEBUG: SSH: ssh_packet_socket_callback: packet: read type 94 [len=24,padding=8,comp=15,payload=15]
nc DEBUG: SSH: ssh_packet_process: Dispatching handler for packet type 94
nc DEBUG: SSH: channel_rcv_data: Channel receiving 6 bytes data in 0 (local win=1203658 remote win=1233339)
nc DEBUG: SSH: channel_default_bufferize: placing 6 bytes into channel buffer (stdout)
nc DEBUG: SSH: channel_rcv_data: Channel windows are now (local win=1203652 remote win=1233339)
nc DEBUG: SSH: ssh_packet_socket_callback: Processing 220 bytes left in socket buffer
nc DEBUG: SSH: ssh_packet_socket_callback: packet: read type 94 [len=200,padding=10,comp=189,payload=189]
nc DEBUG: SSH: ssh_packet_process: Dispatching handler for packet type 94
nc DEBUG: SSH: channel_rcv_data: Channel receiving 180 bytes data in 0 (local win=1203652 remote win=1233339)
nc DEBUG: SSH: channel_default_bufferize: placing 180 bytes into channel buffer (stdout)
nc DEBUG: SSH: channel_rcv_data: Channel windows are now (local win=1203472 remote win=1233339)
nc DEBUG: SSH: ssh_packet_need_rekey: rekey: [data_rekey_needed=0, out_blocks=6090, in_blocks=10399]
nc DEBUG: SSH: ssh_packet_need_rekey: rekey: [data_rekey_needed=0, out_blocks=6090, in_blocks=10399]
nc DEBUG: SSH: ssh_channel_read_timeout: Read (2) buffered : 186 bytes. Window: 1203472
nc DEBUG: SSH: ssh_channel_read_timeout: Read (1) buffered : 184 bytes. Window: 1203472
nc DEBUG: SSH: ssh_channel_read_timeout: Read (1) buffered : 183 bytes. Window: 1203472
nc DEBUG: SSH: ssh_channel_read_timeout: Read (1) buffered : 182 bytes. Window: 1203472
nc DEBUG: SSH: ssh_channel_read_timeout: Read (1) buffered : 181 bytes. Window: 1203472
nc DEBUG: SSH: ssh_channel_read_timeout: Read (180) buffered : 180 bytes. Window: 1203472
nc DEBUG: SSH: ssh_channel_read_timeout: Read (2) buffered : 0 bytes. Window: 1203472
nc DEBUG: SSH: ssh_packet_socket_callback: packet: read type 94 [len=24,padding=10,comp=13,payload=13]
nc DEBUG: SSH: ssh_packet_process: Dispatching handler for packet type 94
nc DEBUG: SSH: channel_rcv_data: Channel receiving 4 bytes data in 0 (local win=1203472 remote win=1233339)
nc DEBUG: SSH: channel_default_bufferize: placing 4 bytes into channel buffer (stdout)
nc DEBUG: SSH: channel_rcv_data: Channel windows are now (local win=1203468 remote win=1233339)
nc DEBUG: SSH: ssh_packet_need_rekey: rekey: [data_rekey_needed=0, out_blocks=6090, in_blocks=10400]
nc DEBUG: SSH: ssh_channel_read_timeout: Read (1) buffered : 2 bytes. Window: 1203468
nc DEBUG: SSH: ssh_channel_read_timeout: Read (1) buffered : 1 bytes. Window: 1203468
nc DEBUG: Received message:
<rpc-reply xmlns="urn:ietf:params:xml:ns:netconf:base:1.0" message-id="158"><next-update-at xmlns="urn:o-ran:supervision:1.0">2026-04-14T11:25:05+00:00</next-update-at></rpc-reply>

DATA
<next-update-at xmlns="urn:o-ran:supervision:1.0">2026-04-14T20:25:05+09:00</next-update-at>

nc DEBUG: Received message:
<notification xmlns="urn:ietf:params:xml:ns:netconf:notification:1.0"><eventTime>2026-04-14T11:25:05Z</eventTime><supervision-notification xmlns="urn:o-ran:supervision:1.0"/></notification>

notification (2026-04-14T11:25:05Z)
<supervision-notification xmlns="urn:o-ran:supervision:1.0"/>

Client SENT :  user-rpc --content /mplane_automation/conformance_test/watchdog.xml
nc DEBUG: Sending message:

#287


nc DEBUG: SSH: ssh_packet_need_rekey: rekey: [data_rekey_needed=0, out_blocks=6091, in_blocks=10427]
nc DEBUG: SSH: ssh_socket_unbuffered_write: Enabling POLLOUT for socket
nc DEBUG: SSH: packet_send2: packet: wrote [type=94, len=24, padding_size=8, comp=15, payload=15]
nc DEBUG: SSH: channel_write_common: ssh_channel_write wrote 6 bytes
nc DEBUG: Sending message:
<rpc xmlns="urn:ietf:params:xml:ns:netconf:base:1.0" message-id="159"><supervision-watchdog-reset xmlns="urn:o-ran:supervision:1.0"><supervision-notification-interval>10</supervision-notification-interval><guard-timer-overhead>10</guard-timer-overhead></supervision-watchdog-reset></rpc>

nc DEBUG: SSH: ssh_packet_need_rekey: rekey: [data_rekey_needed=0, out_blocks=6128, in_blocks=10463]
nc DEBUG: SSH: packet_send2: packet: wrote [type=94, len=304, padding_size=7, comp=296, payload=296]
nc DEBUG: SSH: channel_write_common: ssh_channel_write wrote 287 bytes
nc DEBUG: SSH: ssh_socket_unbuffered_write: Enabling POLLOUT for socket
nc DEBUG: Sending message:

##


nc DEBUG: SSH: ssh_packet_need_rekey: rekey: [data_rekey_needed=0, out_blocks=6129, in_blocks=10427]
nc DEBUG: SSH: packet_send2: packet: wrote [type=94, len=24, padding_size=10, comp=13, payload=13]
nc DEBUG: SSH: channel_write_common: ssh_channel_write wrote 4 bytes
nc DEBUG: SSH: ssh_socket_unbuffered_write: Enabling POLLOUT for socket
nc DEBUG: SSH: ssh_packet_socket_callback: packet: read type 94 [len=24,padding=8,comp=15,payload=15]
nc DEBUG: SSH: ssh_packet_process: Dispatching handler for packet type 94
nc DEBUG: SSH: channel_rcv_data: Channel receiving 6 bytes data in 0 (local win=1203269 remote win=1233042)
nc DEBUG: SSH: channel_default_bufferize: placing 6 bytes into channel buffer (stdout)
nc DEBUG: SSH: channel_rcv_data: Channel windows are now (local win=1203263 remote win=1233042)
nc DEBUG: SSH: ssh_packet_socket_callback: Processing 220 bytes left in socket buffer
nc DEBUG: SSH: ssh_packet_socket_callback: packet: read type 94 [len=200,padding=10,comp=189,payload=189]
nc DEBUG: SSH: ssh_packet_process: Dispatching handler for packet type 94
nc DEBUG: SSH: channel_rcv_data: Channel receiving 180 bytes data in 0 (local win=1203263 remote win=1233042)
nc DEBUG: SSH: channel_default_bufferize: placing 180 bytes into channel buffer (stdout)
nc DEBUG: SSH: channel_rcv_data: Channel windows are now (local win=1203083 remote win=1233042)
nc DEBUG: SSH: ssh_packet_need_rekey: rekey: [data_rekey_needed=0, out_blocks=6129, in_blocks=10450]
nc DEBUG: SSH: ssh_packet_need_rekey: rekey: [data_rekey_needed=0, out_blocks=6129, in_blocks=10450]
nc DEBUG: SSH: ssh_channel_read_timeout: Read (2) buffered : 186 bytes. Window: 1203083
nc DEBUG: SSH: ssh_channel_read_timeout: Read (1) buffered : 184 bytes. Window: 1203083
nc DEBUG: SSH: ssh_channel_read_timeout: Read (1) buffered : 183 bytes. Window: 1203083
nc DEBUG: SSH: ssh_channel_read_timeout: Read (1) buffered : 182 bytes. Window: 1203083
nc DEBUG: SSH: ssh_channel_read_timeout: Read (1) buffered : 181 bytes. Window: 1203083
nc DEBUG: SSH: ssh_channel_read_timeout: Read (180) buffered : 180 bytes. Window: 1203083
nc DEBUG: SSH: ssh_channel_read_timeout: Read (2) buffered : 0 bytes. Window: 1203083
nc DEBUG: SSH: ssh_packet_socket_callback: packet: read type 94 [len=24,padding=10,comp=13,payload=13]
nc DEBUG: SSH: ssh_packet_process: Dispatching handler for packet type 94
nc DEBUG: SSH: channel_rcv_data: Channel receiving 4 bytes data in 0 (local win=1203083 remote win=1233042)
nc DEBUG: SSH: channel_default_bufferize: placing 4 bytes into channel buffer (stdout)
nc DEBUG: SSH: channel_rcv_data: Channel windows are now (local win=1203079 remote win=1233042)
nc DEBUG: SSH: ssh_packet_need_rekey: rekey: [data_rekey_needed=0, out_blocks=6129, in_blocks=10451]
nc DEBUG: SSH: ssh_channel_read_timeout: Read (1) buffered : 2 bytes. Window: 1203079
nc DEBUG: SSH: ssh_channel_read_timeout: Read (1) buffered : 1 bytes. Window: 1203079
nc DEBUG: Received message:
<rpc-reply xmlns="urn:ietf:params:xml:ns:netconf:base:1.0" message-id="159"><next-update-at xmlns="urn:o-ran:supervision:1.0">2026-04-14T11:25:15+00:00</next-update-at></rpc-reply>

DATA
<next-update-at xmlns="urn:o-ran:supervision:1.0">2026-04-14T20:25:15+09:00</next-update-at>

nc DEBUG: Received message:
<notification xmlns="urn:ietf:params:xml:ns:netconf:notification:1.0"><eventTime>2026-04-14T11:25:15Z</eventTime><supervision-notification xmlns="urn:o-ran:supervision:1.0"/></notification>

notification (2026-04-14T11:25:15Z)
<supervision-notification xmlns="urn:o-ran:supervision:1.0"/>

Client SENT :  user-rpc --content /mplane_automation/conformance_test/watchdog.xml
nc DEBUG: Sending message:

#287


nc DEBUG: SSH: ssh_packet_need_rekey: rekey: [data_rekey_needed=0, out_blocks=6130, in_blocks=10478]
nc DEBUG: SSH: ssh_socket_unbuffered_write: Enabling POLLOUT for socket
nc DEBUG: SSH: packet_send2: packet: wrote [type=94, len=24, padding_size=8, comp=15, payload=15]
nc DEBUG: SSH: channel_write_common: ssh_channel_write wrote 6 bytes
nc DEBUG: Sending message:
<rpc xmlns="urn:ietf:params:xml:ns:netconf:base:1.0" message-id="160"><supervision-watchdog-reset xmlns="urn:o-ran:supervision:1.0"><supervision-notification-interval>10</supervision-notification-interval><guard-timer-overhead>10</guard-timer-overhead></supervision-watchdog-reset></rpc>

nc DEBUG: SSH: ssh_packet_need_rekey: rekey: [data_rekey_needed=0, out_blocks=6167, in_blocks=10514]
nc DEBUG: SSH: packet_send2: packet: wrote [type=94, len=304, padding_size=7, comp=296, payload=296]
nc DEBUG: SSH: channel_write_common: ssh_channel_write wrote 287 bytes
nc DEBUG: SSH: ssh_socket_unbuffered_write: Enabling POLLOUT for socket
nc DEBUG: Sending message:

##


nc DEBUG: SSH: ssh_packet_need_rekey: rekey: [data_rekey_needed=0, out_blocks=6168, in_blocks=10478]
nc DEBUG: SSH: packet_send2: packet: wrote [type=94, len=24, padding_size=10, comp=13, payload=13]
nc DEBUG: SSH: channel_write_common: ssh_channel_write wrote 4 bytes
nc DEBUG: SSH: ssh_socket_unbuffered_write: Enabling POLLOUT for socket
nc DEBUG: SSH: ssh_packet_socket_callback: packet: read type 94 [len=24,padding=8,comp=15,payload=15]
nc DEBUG: SSH: ssh_packet_process: Dispatching handler for packet type 94
nc DEBUG: SSH: channel_rcv_data: Channel receiving 6 bytes data in 0 (local win=1202880 remote win=1232745)
nc DEBUG: SSH: channel_default_bufferize: placing 6 bytes into channel buffer (stdout)
nc DEBUG: SSH: channel_rcv_data: Channel windows are now (local win=1202874 remote win=1232745)
nc DEBUG: SSH: ssh_packet_socket_callback: Processing 220 bytes left in socket buffer
nc DEBUG: SSH: ssh_packet_socket_callback: packet: read type 94 [len=200,padding=10,comp=189,payload=189]
nc DEBUG: SSH: ssh_packet_process: Dispatching handler for packet type 94
nc DEBUG: SSH: channel_rcv_data: Channel receiving 180 bytes data in 0 (local win=1202874 remote win=1232745)
nc DEBUG: SSH: channel_default_bufferize: placing 180 bytes into channel buffer (stdout)
nc DEBUG: SSH: channel_rcv_data: Channel windows are now (local win=1202694 remote win=1232745)
nc DEBUG: SSH: ssh_packet_need_rekey: rekey: [data_rekey_needed=0, out_blocks=6168, in_blocks=10501]
nc DEBUG: SSH: ssh_packet_need_rekey: rekey: [data_rekey_needed=0, out_blocks=6168, in_blocks=10501]
nc DEBUG: SSH: ssh_channel_read_timeout: Read (2) buffered : 186 bytes. Window: 1202694
nc DEBUG: SSH: ssh_channel_read_timeout: Read (1) buffered : 184 bytes. Window: 1202694
nc DEBUG: SSH: ssh_channel_read_timeout: Read (1) buffered : 183 bytes. Window: 1202694
nc DEBUG: SSH: ssh_channel_read_timeout: Read (1) buffered : 182 bytes. Window: 1202694
nc DEBUG: SSH: ssh_channel_read_timeout: Read (1) buffered : 181 bytes. Window: 1202694
nc DEBUG: SSH: ssh_channel_read_timeout: Read (180) buffered : 180 bytes. Window: 1202694
nc DEBUG: SSH: ssh_channel_read_timeout: Read (2) buffered : 0 bytes. Window: 1202694
nc DEBUG: SSH: ssh_packet_socket_callback: packet: read type 94 [len=24,padding=10,comp=13,payload=13]
nc DEBUG: SSH: ssh_packet_process: Dispatching handler for packet type 94
nc DEBUG: SSH: channel_rcv_data: Channel receiving 4 bytes data in 0 (local win=1202694 remote win=1232745)
nc DEBUG: SSH: channel_default_bufferize: placing 4 bytes into channel buffer (stdout)
nc DEBUG: SSH: channel_rcv_data: Channel windows are now (local win=1202690 remote win=1232745)
nc DEBUG: SSH: ssh_packet_need_rekey: rekey: [data_rekey_needed=0, out_blocks=6168, in_blocks=10502]
nc DEBUG: SSH: ssh_channel_read_timeout: Read (1) buffered : 2 bytes. Window: 1202690
nc DEBUG: SSH: ssh_channel_read_timeout: Read (1) buffered : 1 bytes. Window: 1202690
nc DEBUG: Received message:
<rpc-reply xmlns="urn:ietf:params:xml:ns:netconf:base:1.0" message-id="160"><next-update-at xmlns="urn:o-ran:supervision:1.0">2026-04-14T11:25:25+00:00</next-update-at></rpc-reply>

DATA
<next-update-at xmlns="urn:o-ran:supervision:1.0">2026-04-14T20:25:25+09:00</next-update-at>

nc DEBUG: Received message:
<notification xmlns="urn:ietf:params:xml:ns:netconf:notification:1.0"><eventTime>2026-04-14T11:25:25Z</eventTime><supervision-notification xmlns="urn:o-ran:supervision:1.0"/></notification>

notification (2026-04-14T11:25:25Z)
<supervision-notification xmlns="urn:o-ran:supervision:1.0"/>

Client SENT :  user-rpc --content /mplane_automation/conformance_test/watchdog.xml
nc DEBUG: Sending message:

#287


nc DEBUG: SSH: ssh_packet_need_rekey: rekey: [data_rekey_needed=0, out_blocks=6169, in_blocks=10529]
nc DEBUG: SSH: ssh_socket_unbuffered_write: Enabling POLLOUT for socket
nc DEBUG: SSH: packet_send2: packet: wrote [type=94, len=24, padding_size=8, comp=15, payload=15]
nc DEBUG: SSH: channel_write_common: ssh_channel_write wrote 6 bytes
nc DEBUG: Sending message:
<rpc xmlns="urn:ietf:params:xml:ns:netconf:base:1.0" message-id="161"><supervision-watchdog-reset xmlns="urn:o-ran:supervision:1.0"><supervision-notification-interval>10</supervision-notification-interval><guard-timer-overhead>10</guard-timer-overhead></supervision-watchdog-reset></rpc>

nc DEBUG: SSH: ssh_packet_need_rekey: rekey: [data_rekey_needed=0, out_blocks=6206, in_blocks=10565]
nc DEBUG: SSH: packet_send2: packet: wrote [type=94, len=304, padding_size=7, comp=296, payload=296]
nc DEBUG: SSH: channel_write_common: ssh_channel_write wrote 287 bytes
nc DEBUG: SSH: ssh_socket_unbuffered_write: Enabling POLLOUT for socket
nc DEBUG: Sending message:

##


nc DEBUG: SSH: ssh_packet_need_rekey: rekey: [data_rekey_needed=0, out_blocks=6207, in_blocks=10529]
nc DEBUG: SSH: packet_send2: packet: wrote [type=94, len=24, padding_size=10, comp=13, payload=13]
nc DEBUG: SSH: channel_write_common: ssh_channel_write wrote 4 bytes
nc DEBUG: SSH: ssh_socket_unbuffered_write: Enabling POLLOUT for socket
nc DEBUG: SSH: ssh_packet_socket_callback: packet: read type 94 [len=24,padding=8,comp=15,payload=15]
nc DEBUG: SSH: ssh_packet_process: Dispatching handler for packet type 94
nc DEBUG: SSH: channel_rcv_data: Channel receiving 6 bytes data in 0 (local win=1202491 remote win=1232448)
nc DEBUG: SSH: channel_default_bufferize: placing 6 bytes into channel buffer (stdout)
nc DEBUG: SSH: channel_rcv_data: Channel windows are now (local win=1202485 remote win=1232448)
nc DEBUG: SSH: ssh_packet_socket_callback: Processing 220 bytes left in socket buffer
nc DEBUG: SSH: ssh_packet_socket_callback: packet: read type 94 [len=200,padding=10,comp=189,payload=189]
nc DEBUG: SSH: ssh_packet_process: Dispatching handler for packet type 94
nc DEBUG: SSH: channel_rcv_data: Channel receiving 180 bytes data in 0 (local win=1202485 remote win=1232448)
nc DEBUG: SSH: channel_default_bufferize: placing 180 bytes into channel buffer (stdout)
nc DEBUG: SSH: channel_rcv_data: Channel windows are now (local win=1202305 remote win=1232448)
nc DEBUG: SSH: ssh_packet_need_rekey: rekey: [data_rekey_needed=0, out_blocks=6207, in_blocks=10552]
nc DEBUG: SSH: ssh_packet_need_rekey: rekey: [data_rekey_needed=0, out_blocks=6207, in_blocks=10552]
nc DEBUG: SSH: ssh_channel_read_timeout: Read (2) buffered : 186 bytes. Window: 1202305
nc DEBUG: SSH: ssh_channel_read_timeout: Read (1) buffered : 184 bytes. Window: 1202305
nc DEBUG: SSH: ssh_channel_read_timeout: Read (1) buffered : 183 bytes. Window: 1202305
nc DEBUG: SSH: ssh_channel_read_timeout: Read (1) buffered : 182 bytes. Window: 1202305
nc DEBUG: SSH: ssh_channel_read_timeout: Read (1) buffered : 181 bytes. Window: 1202305
nc DEBUG: SSH: ssh_channel_read_timeout: Read (180) buffered : 180 bytes. Window: 1202305
nc DEBUG: SSH: ssh_channel_read_timeout: Read (2) buffered : 0 bytes. Window: 1202305
nc DEBUG: SSH: ssh_packet_socket_callback: packet: read type 94 [len=24,padding=10,comp=13,payload=13]
nc DEBUG: SSH: ssh_packet_process: Dispatching handler for packet type 94
nc DEBUG: SSH: channel_rcv_data: Channel receiving 4 bytes data in 0 (local win=1202305 remote win=1232448)
nc DEBUG: SSH: channel_default_bufferize: placing 4 bytes into channel buffer (stdout)
nc DEBUG: SSH: channel_rcv_data: Channel windows are now (local win=1202301 remote win=1232448)
nc DEBUG: SSH: ssh_packet_need_rekey: rekey: [data_rekey_needed=0, out_blocks=6207, in_blocks=10553]
nc DEBUG: SSH: ssh_channel_read_timeout: Read (1) buffered : 2 bytes. Window: 1202301
nc DEBUG: SSH: ssh_channel_read_timeout: Read (1) buffered : 1 bytes. Window: 1202301
nc DEBUG: Received message:
<rpc-reply xmlns="urn:ietf:params:xml:ns:netconf:base:1.0" message-id="161"><next-update-at xmlns="urn:o-ran:supervision:1.0">2026-04-14T11:25:35+00:00</next-update-at></rpc-reply>

DATA
<next-update-at xmlns="urn:o-ran:supervision:1.0">2026-04-14T20:25:35+09:00</next-update-at>

nc DEBUG: Received message:
<notification xmlns="urn:ietf:params:xml:ns:netconf:notification:1.0"><eventTime>2026-04-14T11:25:35Z</eventTime><supervision-notification xmlns="urn:o-ran:supervision:1.0"/></notification>

notification (2026-04-14T11:25:35Z)
<supervision-notification xmlns="urn:o-ran:supervision:1.0"/>

Client SENT :  user-rpc --content /mplane_automation/conformance_test/watchdog.xml
nc DEBUG: Sending message:

#287


nc DEBUG: SSH: ssh_packet_need_rekey: rekey: [data_rekey_needed=0, out_blocks=6208, in_blocks=10580]
nc DEBUG: SSH: ssh_socket_unbuffered_write: Enabling POLLOUT for socket
nc DEBUG: SSH: packet_send2: packet: wrote [type=94, len=24, padding_size=8, comp=15, payload=15]
nc DEBUG: SSH: channel_write_common: ssh_channel_write wrote 6 bytes
nc DEBUG: Sending message:
<rpc xmlns="urn:ietf:params:xml:ns:netconf:base:1.0" message-id="162"><supervision-watchdog-reset xmlns="urn:o-ran:supervision:1.0"><supervision-notification-interval>10</supervision-notification-interval><guard-timer-overhead>10</guard-timer-overhead></supervision-watchdog-reset></rpc>

nc DEBUG: SSH: ssh_packet_need_rekey: rekey: [data_rekey_needed=0, out_blocks=6245, in_blocks=10616]
nc DEBUG: SSH: packet_send2: packet: wrote [type=94, len=304, padding_size=7, comp=296, payload=296]
nc DEBUG: SSH: channel_write_common: ssh_channel_write wrote 287 bytes
nc DEBUG: SSH: ssh_socket_unbuffered_write: Enabling POLLOUT for socket
nc DEBUG: Sending message:

##


nc DEBUG: SSH: ssh_packet_need_rekey: rekey: [data_rekey_needed=0, out_blocks=6246, in_blocks=10580]
nc DEBUG: SSH: packet_send2: packet: wrote [type=94, len=24, padding_size=10, comp=13, payload=13]
nc DEBUG: SSH: channel_write_common: ssh_channel_write wrote 4 bytes
nc DEBUG: SSH: ssh_socket_unbuffered_write: Enabling POLLOUT for socket
nc DEBUG: SSH: ssh_packet_socket_callback: packet: read type 94 [len=24,padding=8,comp=15,payload=15]
nc DEBUG: SSH: ssh_packet_process: Dispatching handler for packet type 94
nc DEBUG: SSH: channel_rcv_data: Channel receiving 6 bytes data in 0 (local win=1202102 remote win=1232151)
nc DEBUG: SSH: channel_default_bufferize: placing 6 bytes into channel buffer (stdout)
nc DEBUG: SSH: channel_rcv_data: Channel windows are now (local win=1202096 remote win=1232151)
nc DEBUG: SSH: ssh_packet_socket_callback: Processing 220 bytes left in socket buffer
nc DEBUG: SSH: ssh_packet_socket_callback: packet: read type 94 [len=200,padding=10,comp=189,payload=189]
nc DEBUG: SSH: ssh_packet_process: Dispatching handler for packet type 94
nc DEBUG: SSH: channel_rcv_data: Channel receiving 180 bytes data in 0 (local win=1202096 remote win=1232151)
nc DEBUG: SSH: channel_default_bufferize: placing 180 bytes into channel buffer (stdout)
nc DEBUG: SSH: channel_rcv_data: Channel windows are now (local win=1201916 remote win=1232151)
nc DEBUG: SSH: ssh_packet_need_rekey: rekey: [data_rekey_needed=0, out_blocks=6246, in_blocks=10603]
nc DEBUG: SSH: ssh_packet_need_rekey: rekey: [data_rekey_needed=0, out_blocks=6246, in_blocks=10603]
nc DEBUG: SSH: ssh_channel_read_timeout: Read (2) buffered : 186 bytes. Window: 1201916
nc DEBUG: SSH: ssh_channel_read_timeout: Read (1) buffered : 184 bytes. Window: 1201916
nc DEBUG: SSH: ssh_channel_read_timeout: Read (1) buffered : 183 bytes. Window: 1201916
nc DEBUG: SSH: ssh_channel_read_timeout: Read (1) buffered : 182 bytes. Window: 1201916
nc DEBUG: SSH: ssh_channel_read_timeout: Read (1) buffered : 181 bytes. Window: 1201916
nc DEBUG: SSH: ssh_channel_read_timeout: Read (180) buffered : 180 bytes. Window: 1201916
nc DEBUG: SSH: ssh_channel_read_timeout: Read (2) buffered : 0 bytes. Window: 1201916
nc DEBUG: SSH: ssh_packet_socket_callback: packet: read type 94 [len=24,padding=10,comp=13,payload=13]
nc DEBUG: SSH: ssh_packet_process: Dispatching handler for packet type 94
nc DEBUG: SSH: channel_rcv_data: Channel receiving 4 bytes data in 0 (local win=1201916 remote win=1232151)
nc DEBUG: SSH: channel_default_bufferize: placing 4 bytes into channel buffer (stdout)
nc DEBUG: SSH: channel_rcv_data: Channel windows are now (local win=1201912 remote win=1232151)
nc DEBUG: SSH: ssh_packet_need_rekey: rekey: [data_rekey_needed=0, out_blocks=6246, in_blocks=10604]
nc DEBUG: SSH: ssh_channel_read_timeout: Read (1) buffered : 2 bytes. Window: 1201912
nc DEBUG: SSH: ssh_channel_read_timeout: Read (1) buffered : 1 bytes. Window: 1201912
nc DEBUG: Received message:
<rpc-reply xmlns="urn:ietf:params:xml:ns:netconf:base:1.0" message-id="162"><next-update-at xmlns="urn:o-ran:supervision:1.0">2026-04-14T11:25:45+00:00</next-update-at></rpc-reply>

DATA
<next-update-at xmlns="urn:o-ran:supervision:1.0">2026-04-14T20:25:45+09:00</next-update-at>

nc DEBUG: Received message:
<notification xmlns="urn:ietf:params:xml:ns:netconf:notification:1.0"><eventTime>2026-04-14T11:25:45Z</eventTime><supervision-notification xmlns="urn:o-ran:supervision:1.0"/></notification>

notification (2026-04-14T11:25:45Z)
<supervision-notification xmlns="urn:o-ran:supervision:1.0"/>

Client SENT :  user-rpc --content /mplane_automation/conformance_test/watchdog.xml
nc DEBUG: Sending message:

#287


nc DEBUG: SSH: ssh_packet_need_rekey: rekey: [data_rekey_needed=0, out_blocks=6247, in_blocks=10631]
nc DEBUG: SSH: ssh_socket_unbuffered_write: Enabling POLLOUT for socket
nc DEBUG: SSH: packet_send2: packet: wrote [type=94, len=24, padding_size=8, comp=15, payload=15]
nc DEBUG: SSH: channel_write_common: ssh_channel_write wrote 6 bytes
nc DEBUG: Sending message:
<rpc xmlns="urn:ietf:params:xml:ns:netconf:base:1.0" message-id="163"><supervision-watchdog-reset xmlns="urn:o-ran:supervision:1.0"><supervision-notification-interval>10</supervision-notification-interval><guard-timer-overhead>10</guard-timer-overhead></supervision-watchdog-reset></rpc>

nc DEBUG: SSH: ssh_packet_need_rekey: rekey: [data_rekey_needed=0, out_blocks=6284, in_blocks=10667]
nc DEBUG: SSH: packet_send2: packet: wrote [type=94, len=304, padding_size=7, comp=296, payload=296]
nc DEBUG: SSH: channel_write_common: ssh_channel_write wrote 287 bytes
nc DEBUG: SSH: ssh_socket_unbuffered_write: Enabling POLLOUT for socket
nc DEBUG: Sending message:

##


nc DEBUG: SSH: ssh_packet_need_rekey: rekey: [data_rekey_needed=0, out_blocks=6285, in_blocks=10631]
nc DEBUG: SSH: packet_send2: packet: wrote [type=94, len=24, padding_size=10, comp=13, payload=13]
nc DEBUG: SSH: channel_write_common: ssh_channel_write wrote 4 bytes
nc DEBUG: SSH: ssh_socket_unbuffered_write: Enabling POLLOUT for socket
nc DEBUG: SSH: ssh_packet_socket_callback: packet: read type 94 [len=24,padding=8,comp=15,payload=15]
nc DEBUG: SSH: ssh_packet_process: Dispatching handler for packet type 94
nc DEBUG: SSH: channel_rcv_data: Channel receiving 6 bytes data in 0 (local win=1201713 remote win=1231854)
nc DEBUG: SSH: channel_default_bufferize: placing 6 bytes into channel buffer (stdout)
nc DEBUG: SSH: channel_rcv_data: Channel windows are now (local win=1201707 remote win=1231854)
nc DEBUG: SSH: ssh_packet_need_rekey: rekey: [data_rekey_needed=0, out_blocks=6285, in_blocks=10631]
nc DEBUG: SSH: ssh_channel_read_timeout: Read (2) buffered : 6 bytes. Window: 1201707
nc DEBUG: SSH: ssh_channel_read_timeout: Read (1) buffered : 4 bytes. Window: 1201707
nc DEBUG: SSH: ssh_channel_read_timeout: Read (1) buffered : 3 bytes. Window: 1201707
nc DEBUG: SSH: ssh_channel_read_timeout: Read (1) buffered : 2 bytes. Window: 1201707
nc DEBUG: SSH: ssh_channel_read_timeout: Read (1) buffered : 1 bytes. Window: 1201707
nc DEBUG: SSH: ssh_channel_read_timeout: Read (180) buffered : 0 bytes. Window: 1201707
nc DEBUG: SSH: ssh_packet_socket_callback: packet: read type 94 [len=200,padding=10,comp=189,payload=189]
nc DEBUG: SSH: ssh_packet_process: Dispatching handler for packet type 94
nc DEBUG: SSH: channel_rcv_data: Channel receiving 180 bytes data in 0 (local win=1201707 remote win=1231854)
nc DEBUG: SSH: channel_default_bufferize: placing 180 bytes into channel buffer (stdout)
nc DEBUG: SSH: channel_rcv_data: Channel windows are now (local win=1201527 remote win=1231854)
nc DEBUG: SSH: ssh_packet_socket_callback: Processing 44 bytes left in socket buffer
nc DEBUG: SSH: ssh_packet_socket_callback: packet: read type 94 [len=24,padding=10,comp=13,payload=13]
nc DEBUG: SSH: ssh_packet_process: Dispatching handler for packet type 94
nc DEBUG: SSH: channel_rcv_data: Channel receiving 4 bytes data in 0 (local win=1201527 remote win=1231854)
nc DEBUG: SSH: channel_default_bufferize: placing 4 bytes into channel buffer (stdout)
nc DEBUG: SSH: channel_rcv_data: Channel windows are now (local win=1201523 remote win=1231854)
nc DEBUG: SSH: ssh_packet_need_rekey: rekey: [data_rekey_needed=0, out_blocks=6285, in_blocks=10655]
nc DEBUG: SSH: ssh_packet_need_rekey: rekey: [data_rekey_needed=0, out_blocks=6285, in_blocks=10655]
nc DEBUG: SSH: ssh_channel_read_timeout: Read (2) buffered : 4 bytes. Window: 1201523
nc DEBUG: SSH: ssh_channel_read_timeout: Read (1) buffered : 2 bytes. Window: 1201523
nc DEBUG: SSH: ssh_channel_read_timeout: Read (1) buffered : 1 bytes. Window: 1201523
nc DEBUG: Received message:
<rpc-reply xmlns="urn:ietf:params:xml:ns:netconf:base:1.0" message-id="163"><next-update-at xmlns="urn:o-ran:supervision:1.0">2026-04-14T11:25:55+00:00</next-update-at></rpc-reply>

DATA
<next-update-at xmlns="urn:o-ran:supervision:1.0">2026-04-14T20:25:55+09:00</next-update-at>

nc DEBUG: Received message:
<notification xmlns="urn:ietf:params:xml:ns:netconf:notification:1.0"><eventTime>2026-04-14T11:25:55Z</eventTime><supervision-notification xmlns="urn:o-ran:supervision:1.0"/></notification>

notification (2026-04-14T11:25:55Z)
<supervision-notification xmlns="urn:o-ran:supervision:1.0"/>

Client SENT :  user-rpc --content /mplane_automation/conformance_test/watchdog.xml
nc DEBUG: Sending message:

#287


nc DEBUG: SSH: ssh_packet_need_rekey: rekey: [data_rekey_needed=0, out_blocks=6286, in_blocks=10682]
nc DEBUG: SSH: ssh_socket_unbuffered_write: Enabling POLLOUT for socket
nc DEBUG: SSH: packet_send2: packet: wrote [type=94, len=24, padding_size=8, comp=15, payload=15]
nc DEBUG: SSH: channel_write_common: ssh_channel_write wrote 6 bytes
nc DEBUG: Sending message:
<rpc xmlns="urn:ietf:params:xml:ns:netconf:base:1.0" message-id="164"><supervision-watchdog-reset xmlns="urn:o-ran:supervision:1.0"><supervision-notification-interval>10</supervision-notification-interval><guard-timer-overhead>10</guard-timer-overhead></supervision-watchdog-reset></rpc>

nc DEBUG: SSH: ssh_packet_need_rekey: rekey: [data_rekey_needed=0, out_blocks=6323, in_blocks=10718]
nc DEBUG: SSH: packet_send2: packet: wrote [type=94, len=304, padding_size=7, comp=296, payload=296]
nc DEBUG: SSH: channel_write_common: ssh_channel_write wrote 287 bytes
nc DEBUG: SSH: ssh_socket_unbuffered_write: Enabling POLLOUT for socket
nc DEBUG: Sending message:

##


nc DEBUG: SSH: ssh_packet_need_rekey: rekey: [data_rekey_needed=0, out_blocks=6324, in_blocks=10682]
nc DEBUG: SSH: packet_send2: packet: wrote [type=94, len=24, padding_size=10, comp=13, payload=13]
nc DEBUG: SSH: channel_write_common: ssh_channel_write wrote 4 bytes
nc DEBUG: SSH: ssh_socket_unbuffered_write: Enabling POLLOUT for socket
nc DEBUG: SSH: ssh_packet_socket_callback: packet: read type 94 [len=24,padding=8,comp=15,payload=15]
nc DEBUG: SSH: ssh_packet_process: Dispatching handler for packet type 94
nc DEBUG: SSH: channel_rcv_data: Channel receiving 6 bytes data in 0 (local win=1201324 remote win=1231557)
nc DEBUG: SSH: channel_default_bufferize: placing 6 bytes into channel buffer (stdout)
nc DEBUG: SSH: channel_rcv_data: Channel windows are now (local win=1201318 remote win=1231557)
nc DEBUG: SSH: ssh_packet_socket_callback: Processing 220 bytes left in socket buffer
nc DEBUG: SSH: ssh_packet_socket_callback: packet: read type 94 [len=200,padding=10,comp=189,payload=189]
nc DEBUG: SSH: ssh_packet_process: Dispatching handler for packet type 94
nc DEBUG: SSH: channel_rcv_data: Channel receiving 180 bytes data in 0 (local win=1201318 remote win=1231557)
nc DEBUG: SSH: channel_default_bufferize: placing 180 bytes into channel buffer (stdout)
nc DEBUG: SSH: channel_rcv_data: Channel windows are now (local win=1201138 remote win=1231557)
nc DEBUG: SSH: ssh_packet_need_rekey: rekey: [data_rekey_needed=0, out_blocks=6324, in_blocks=10705]
nc DEBUG: SSH: ssh_packet_need_rekey: rekey: [data_rekey_needed=0, out_blocks=6324, in_blocks=10705]
nc DEBUG: SSH: ssh_channel_read_timeout: Read (2) buffered : 186 bytes. Window: 1201138
nc DEBUG: SSH: ssh_channel_read_timeout: Read (1) buffered : 184 bytes. Window: 1201138
nc DEBUG: SSH: ssh_channel_read_timeout: Read (1) buffered : 183 bytes. Window: 1201138
nc DEBUG: SSH: ssh_channel_read_timeout: Read (1) buffered : 182 bytes. Window: 1201138
nc DEBUG: SSH: ssh_channel_read_timeout: Read (1) buffered : 181 bytes. Window: 1201138
nc DEBUG: SSH: ssh_channel_read_timeout: Read (180) buffered : 180 bytes. Window: 1201138
nc DEBUG: SSH: ssh_channel_read_timeout: Read (2) buffered : 0 bytes. Window: 1201138
nc DEBUG: SSH: ssh_packet_socket_callback: packet: read type 94 [len=24,padding=10,comp=13,payload=13]
nc DEBUG: SSH: ssh_packet_process: Dispatching handler for packet type 94
nc DEBUG: SSH: channel_rcv_data: Channel receiving 4 bytes data in 0 (local win=1201138 remote win=1231557)
nc DEBUG: SSH: channel_default_bufferize: placing 4 bytes into channel buffer (stdout)
nc DEBUG: SSH: channel_rcv_data: Channel windows are now (local win=1201134 remote win=1231557)
nc DEBUG: SSH: ssh_packet_need_rekey: rekey: [data_rekey_needed=0, out_blocks=6324, in_blocks=10706]
nc DEBUG: SSH: ssh_channel_read_timeout: Read (1) buffered : 2 bytes. Window: 1201134
nc DEBUG: SSH: ssh_channel_read_timeout: Read (1) buffered : 1 bytes. Window: 1201134
nc DEBUG: Received message:
<rpc-reply xmlns="urn:ietf:params:xml:ns:netconf:base:1.0" message-id="164"><next-update-at xmlns="urn:o-ran:supervision:1.0">2026-04-14T11:26:05+00:00</next-update-at></rpc-reply>

DATA
<next-update-at xmlns="urn:o-ran:supervision:1.0">2026-04-14T20:26:05+09:00</next-update-at>

nc DEBUG: Received message:
<notification xmlns="urn:ietf:params:xml:ns:netconf:notification:1.0"><eventTime>2026-04-14T11:26:05Z</eventTime><supervision-notification xmlns="urn:o-ran:supervision:1.0"/></notification>

notification (2026-04-14T11:26:05Z)
<supervision-notification xmlns="urn:o-ran:supervision:1.0"/>

Client SENT :  user-rpc --content /mplane_automation/conformance_test/watchdog.xml
nc DEBUG: Sending message:

#287


nc DEBUG: SSH: ssh_packet_need_rekey: rekey: [data_rekey_needed=0, out_blocks=6325, in_blocks=10733]
nc DEBUG: SSH: ssh_socket_unbuffered_write: Enabling POLLOUT for socket
nc DEBUG: SSH: packet_send2: packet: wrote [type=94, len=24, padding_size=8, comp=15, payload=15]
nc DEBUG: SSH: channel_write_common: ssh_channel_write wrote 6 bytes
nc DEBUG: Sending message:
<rpc xmlns="urn:ietf:params:xml:ns:netconf:base:1.0" message-id="165"><supervision-watchdog-reset xmlns="urn:o-ran:supervision:1.0"><supervision-notification-interval>10</supervision-notification-interval><guard-timer-overhead>10</guard-timer-overhead></supervision-watchdog-reset></rpc>

nc DEBUG: SSH: ssh_packet_need_rekey: rekey: [data_rekey_needed=0, out_blocks=6362, in_blocks=10769]
nc DEBUG: SSH: packet_send2: packet: wrote [type=94, len=304, padding_size=7, comp=296, payload=296]
nc DEBUG: SSH: channel_write_common: ssh_channel_write wrote 287 bytes
nc DEBUG: SSH: ssh_socket_unbuffered_write: Enabling POLLOUT for socket
nc DEBUG: Sending message:

##


nc DEBUG: SSH: ssh_packet_need_rekey: rekey: [data_rekey_needed=0, out_blocks=6363, in_blocks=10733]
nc DEBUG: SSH: packet_send2: packet: wrote [type=94, len=24, padding_size=10, comp=13, payload=13]
nc DEBUG: SSH: channel_write_common: ssh_channel_write wrote 4 bytes
nc DEBUG: SSH: ssh_socket_unbuffered_write: Enabling POLLOUT for socket
nc DEBUG: SSH: ssh_packet_socket_callback: packet: read type 94 [len=24,padding=8,comp=15,payload=15]
nc DEBUG: SSH: ssh_packet_process: Dispatching handler for packet type 94
nc DEBUG: SSH: channel_rcv_data: Channel receiving 6 bytes data in 0 (local win=1200935 remote win=1231260)
nc DEBUG: SSH: channel_default_bufferize: placing 6 bytes into channel buffer (stdout)
nc DEBUG: SSH: channel_rcv_data: Channel windows are now (local win=1200929 remote win=1231260)
nc DEBUG: SSH: ssh_packet_socket_callback: Processing 220 bytes left in socket buffer
nc DEBUG: SSH: ssh_packet_socket_callback: packet: read type 94 [len=200,padding=10,comp=189,payload=189]
nc DEBUG: SSH: ssh_packet_process: Dispatching handler for packet type 94
nc DEBUG: SSH: channel_rcv_data: Channel receiving 180 bytes data in 0 (local win=1200929 remote win=1231260)
nc DEBUG: SSH: channel_default_bufferize: placing 180 bytes into channel buffer (stdout)
nc DEBUG: SSH: channel_rcv_data: Channel windows are now (local win=1200749 remote win=1231260)
nc DEBUG: SSH: ssh_packet_need_rekey: rekey: [data_rekey_needed=0, out_blocks=6363, in_blocks=10756]
nc DEBUG: SSH: ssh_packet_need_rekey: rekey: [data_rekey_needed=0, out_blocks=6363, in_blocks=10756]
nc DEBUG: SSH: ssh_channel_read_timeout: Read (2) buffered : 186 bytes. Window: 1200749
nc DEBUG: SSH: ssh_channel_read_timeout: Read (1) buffered : 184 bytes. Window: 1200749
nc DEBUG: SSH: ssh_channel_read_timeout: Read (1) buffered : 183 bytes. Window: 1200749
nc DEBUG: SSH: ssh_channel_read_timeout: Read (1) buffered : 182 bytes. Window: 1200749
nc DEBUG: SSH: ssh_channel_read_timeout: Read (1) buffered : 181 bytes. Window: 1200749
nc DEBUG: SSH: ssh_channel_read_timeout: Read (180) buffered : 180 bytes. Window: 1200749
nc DEBUG: SSH: ssh_channel_read_timeout: Read (2) buffered : 0 bytes. Window: 1200749
nc DEBUG: SSH: ssh_packet_socket_callback: packet: read type 94 [len=24,padding=10,comp=13,payload=13]
nc DEBUG: SSH: ssh_packet_process: Dispatching handler for packet type 94
nc DEBUG: SSH: channel_rcv_data: Channel receiving 4 bytes data in 0 (local win=1200749 remote win=1231260)
nc DEBUG: SSH: channel_default_bufferize: placing 4 bytes into channel buffer (stdout)
nc DEBUG: SSH: channel_rcv_data: Channel windows are now (local win=1200745 remote win=1231260)
nc DEBUG: SSH: ssh_packet_need_rekey: rekey: [data_rekey_needed=0, out_blocks=6363, in_blocks=10757]
nc DEBUG: SSH: ssh_channel_read_timeout: Read (1) buffered : 2 bytes. Window: 1200745
nc DEBUG: SSH: ssh_channel_read_timeout: Read (1) buffered : 1 bytes. Window: 1200745
nc DEBUG: Received message:
<rpc-reply xmlns="urn:ietf:params:xml:ns:netconf:base:1.0" message-id="165"><next-update-at xmlns="urn:o-ran:supervision:1.0">2026-04-14T11:26:15+00:00</next-update-at></rpc-reply>

DATA
<next-update-at xmlns="urn:o-ran:supervision:1.0">2026-04-14T20:26:15+09:00</next-update-at>

nc DEBUG: Received message:
<notification xmlns="urn:ietf:params:xml:ns:netconf:notification:1.0"><eventTime>2026-04-14T11:26:15Z</eventTime><supervision-notification xmlns="urn:o-ran:supervision:1.0"/></notification>

notification (2026-04-14T11:26:15Z)
<supervision-notification xmlns="urn:o-ran:supervision:1.0"/>

Client SENT :  user-rpc --content /mplane_automation/conformance_test/watchdog.xml
nc DEBUG: Sending message:

#287


nc DEBUG: SSH: ssh_packet_need_rekey: rekey: [data_rekey_needed=0, out_blocks=6364, in_blocks=10784]
nc DEBUG: SSH: ssh_socket_unbuffered_write: Enabling POLLOUT for socket
nc DEBUG: SSH: packet_send2: packet: wrote [type=94, len=24, padding_size=8, comp=15, payload=15]
nc DEBUG: SSH: channel_write_common: ssh_channel_write wrote 6 bytes
nc DEBUG: Sending message:
<rpc xmlns="urn:ietf:params:xml:ns:netconf:base:1.0" message-id="166"><supervision-watchdog-reset xmlns="urn:o-ran:supervision:1.0"><supervision-notification-interval>10</supervision-notification-interval><guard-timer-overhead>10</guard-timer-overhead></supervision-watchdog-reset></rpc>

nc DEBUG: SSH: ssh_packet_need_rekey: rekey: [data_rekey_needed=0, out_blocks=6401, in_blocks=10820]
nc DEBUG: SSH: packet_send2: packet: wrote [type=94, len=304, padding_size=7, comp=296, payload=296]
nc DEBUG: SSH: channel_write_common: ssh_channel_write wrote 287 bytes
nc DEBUG: SSH: ssh_socket_unbuffered_write: Enabling POLLOUT for socket
nc DEBUG: Sending message:

##


nc DEBUG: SSH: ssh_packet_need_rekey: rekey: [data_rekey_needed=0, out_blocks=6402, in_blocks=10784]
nc DEBUG: SSH: packet_send2: packet: wrote [type=94, len=24, padding_size=10, comp=13, payload=13]
nc DEBUG: SSH: channel_write_common: ssh_channel_write wrote 4 bytes
nc DEBUG: SSH: ssh_socket_unbuffered_write: Enabling POLLOUT for socket
nc DEBUG: SSH: ssh_packet_socket_callback: packet: read type 94 [len=24,padding=8,comp=15,payload=15]
nc DEBUG: SSH: ssh_packet_process: Dispatching handler for packet type 94
nc DEBUG: SSH: channel_rcv_data: Channel receiving 6 bytes data in 0 (local win=1200546 remote win=1230963)
nc DEBUG: SSH: channel_default_bufferize: placing 6 bytes into channel buffer (stdout)
nc DEBUG: SSH: channel_rcv_data: Channel windows are now (local win=1200540 remote win=1230963)
nc DEBUG: SSH: ssh_packet_socket_callback: Processing 220 bytes left in socket buffer
nc DEBUG: SSH: ssh_packet_socket_callback: packet: read type 94 [len=200,padding=10,comp=189,payload=189]
nc DEBUG: SSH: ssh_packet_process: Dispatching handler for packet type 94
nc DEBUG: SSH: channel_rcv_data: Channel receiving 180 bytes data in 0 (local win=1200540 remote win=1230963)
nc DEBUG: SSH: channel_default_bufferize: placing 180 bytes into channel buffer (stdout)
nc DEBUG: SSH: channel_rcv_data: Channel windows are now (local win=1200360 remote win=1230963)
nc DEBUG: SSH: ssh_packet_need_rekey: rekey: [data_rekey_needed=0, out_blocks=6402, in_blocks=10807]
nc DEBUG: SSH: ssh_packet_need_rekey: rekey: [data_rekey_needed=0, out_blocks=6402, in_blocks=10807]
nc DEBUG: SSH: ssh_channel_read_timeout: Read (2) buffered : 186 bytes. Window: 1200360
nc DEBUG: SSH: ssh_channel_read_timeout: Read (1) buffered : 184 bytes. Window: 1200360
nc DEBUG: SSH: ssh_channel_read_timeout: Read (1) buffered : 183 bytes. Window: 1200360
nc DEBUG: SSH: ssh_channel_read_timeout: Read (1) buffered : 182 bytes. Window: 1200360
nc DEBUG: SSH: ssh_channel_read_timeout: Read (1) buffered : 181 bytes. Window: 1200360
nc DEBUG: SSH: ssh_channel_read_timeout: Read (180) buffered : 180 bytes. Window: 1200360
nc DEBUG: SSH: ssh_channel_read_timeout: Read (2) buffered : 0 bytes. Window: 1200360
nc DEBUG: SSH: ssh_packet_socket_callback: packet: read type 94 [len=24,padding=10,comp=13,payload=13]
nc DEBUG: SSH: ssh_packet_process: Dispatching handler for packet type 94
nc DEBUG: SSH: channel_rcv_data: Channel receiving 4 bytes data in 0 (local win=1200360 remote win=1230963)
nc DEBUG: SSH: channel_default_bufferize: placing 4 bytes into channel buffer (stdout)
nc DEBUG: SSH: channel_rcv_data: Channel windows are now (local win=1200356 remote win=1230963)
nc DEBUG: SSH: ssh_packet_need_rekey: rekey: [data_rekey_needed=0, out_blocks=6402, in_blocks=10808]
nc DEBUG: SSH: ssh_channel_read_timeout: Read (1) buffered : 2 bytes. Window: 1200356
nc DEBUG: SSH: ssh_channel_read_timeout: Read (1) buffered : 1 bytes. Window: 1200356
nc DEBUG: Received message:
<rpc-reply xmlns="urn:ietf:params:xml:ns:netconf:base:1.0" message-id="166"><next-update-at xmlns="urn:o-ran:supervision:1.0">2026-04-14T11:26:25+00:00</next-update-at></rpc-reply>

DATA
<next-update-at xmlns="urn:o-ran:supervision:1.0">2026-04-14T20:26:25+09:00</next-update-at>

nc DEBUG: Received message:
<notification xmlns="urn:ietf:params:xml:ns:netconf:notification:1.0"><eventTime>2026-04-14T11:26:25Z</eventTime><supervision-notification xmlns="urn:o-ran:supervision:1.0"/></notification>

notification (2026-04-14T11:26:25Z)
<supervision-notification xmlns="urn:o-ran:supervision:1.0"/>

Client SENT :  user-rpc --content /mplane_automation/conformance_test/watchdog.xml
nc DEBUG: Sending message:

#287


nc DEBUG: SSH: ssh_packet_need_rekey: rekey: [data_rekey_needed=0, out_blocks=6403, in_blocks=10835]
nc DEBUG: SSH: ssh_socket_unbuffered_write: Enabling POLLOUT for socket
nc DEBUG: SSH: packet_send2: packet: wrote [type=94, len=24, padding_size=8, comp=15, payload=15]
nc DEBUG: SSH: channel_write_common: ssh_channel_write wrote 6 bytes
nc DEBUG: Sending message:
<rpc xmlns="urn:ietf:params:xml:ns:netconf:base:1.0" message-id="167"><supervision-watchdog-reset xmlns="urn:o-ran:supervision:1.0"><supervision-notification-interval>10</supervision-notification-interval><guard-timer-overhead>10</guard-timer-overhead></supervision-watchdog-reset></rpc>

nc DEBUG: SSH: ssh_packet_need_rekey: rekey: [data_rekey_needed=0, out_blocks=6440, in_blocks=10871]
nc DEBUG: SSH: packet_send2: packet: wrote [type=94, len=304, padding_size=7, comp=296, payload=296]
nc DEBUG: SSH: channel_write_common: ssh_channel_write wrote 287 bytes
nc DEBUG: SSH: ssh_socket_unbuffered_write: Enabling POLLOUT for socket
nc DEBUG: Sending message:

##


nc DEBUG: SSH: ssh_packet_need_rekey: rekey: [data_rekey_needed=0, out_blocks=6441, in_blocks=10835]
nc DEBUG: SSH: packet_send2: packet: wrote [type=94, len=24, padding_size=10, comp=13, payload=13]
nc DEBUG: SSH: channel_write_common: ssh_channel_write wrote 4 bytes
nc DEBUG: SSH: ssh_socket_unbuffered_write: Enabling POLLOUT for socket
nc DEBUG: SSH: ssh_packet_socket_callback: packet: read type 94 [len=24,padding=8,comp=15,payload=15]
nc DEBUG: SSH: ssh_packet_process: Dispatching handler for packet type 94
nc DEBUG: SSH: channel_rcv_data: Channel receiving 6 bytes data in 0 (local win=1200157 remote win=1230666)
nc DEBUG: SSH: channel_default_bufferize: placing 6 bytes into channel buffer (stdout)
nc DEBUG: SSH: channel_rcv_data: Channel windows are now (local win=1200151 remote win=1230666)
nc DEBUG: SSH: ssh_packet_socket_callback: Processing 220 bytes left in socket buffer
nc DEBUG: SSH: ssh_packet_socket_callback: packet: read type 94 [len=200,padding=10,comp=189,payload=189]
nc DEBUG: SSH: ssh_packet_process: Dispatching handler for packet type 94
nc DEBUG: SSH: channel_rcv_data: Channel receiving 180 bytes data in 0 (local win=1200151 remote win=1230666)
nc DEBUG: SSH: channel_default_bufferize: placing 180 bytes into channel buffer (stdout)
nc DEBUG: SSH: channel_rcv_data: Channel windows are now (local win=1199971 remote win=1230666)
nc DEBUG: SSH: ssh_packet_need_rekey: rekey: [data_rekey_needed=0, out_blocks=6441, in_blocks=10858]
nc DEBUG: SSH: ssh_packet_need_rekey: rekey: [data_rekey_needed=0, out_blocks=6441, in_blocks=10858]
nc DEBUG: SSH: ssh_channel_read_timeout: Read (2) buffered : 186 bytes. Window: 1199971
nc DEBUG: SSH: ssh_channel_read_timeout: Read (1) buffered : 184 bytes. Window: 1199971
nc DEBUG: SSH: ssh_channel_read_timeout: Read (1) buffered : 183 bytes. Window: 1199971
nc DEBUG: SSH: ssh_channel_read_timeout: Read (1) buffered : 182 bytes. Window: 1199971
nc DEBUG: SSH: ssh_channel_read_timeout: Read (1) buffered : 181 bytes. Window: 1199971
nc DEBUG: SSH: ssh_channel_read_timeout: Read (180) buffered : 180 bytes. Window: 1199971
nc DEBUG: SSH: ssh_channel_read_timeout: Read (2) buffered : 0 bytes. Window: 1199971
nc DEBUG: SSH: ssh_packet_socket_callback: packet: read type 94 [len=24,padding=10,comp=13,payload=13]
nc DEBUG: SSH: ssh_packet_process: Dispatching handler for packet type 94
nc DEBUG: SSH: channel_rcv_data: Channel receiving 4 bytes data in 0 (local win=1199971 remote win=1230666)
nc DEBUG: SSH: channel_default_bufferize: placing 4 bytes into channel buffer (stdout)
nc DEBUG: SSH: channel_rcv_data: Channel windows are now (local win=1199967 remote win=1230666)
nc DEBUG: SSH: ssh_packet_need_rekey: rekey: [data_rekey_needed=0, out_blocks=6441, in_blocks=10859]
nc DEBUG: SSH: ssh_channel_read_timeout: Read (1) buffered : 2 bytes. Window: 1199967
nc DEBUG: SSH: ssh_channel_read_timeout: Read (1) buffered : 1 bytes. Window: 1199967
nc DEBUG: Received message:
<rpc-reply xmlns="urn:ietf:params:xml:ns:netconf:base:1.0" message-id="167"><next-update-at xmlns="urn:o-ran:supervision:1.0">2026-04-14T11:26:35+00:00</next-update-at></rpc-reply>

DATA
<next-update-at xmlns="urn:o-ran:supervision:1.0">2026-04-14T20:26:35+09:00</next-update-at>

nc DEBUG: Received message:
<notification xmlns="urn:ietf:params:xml:ns:netconf:notification:1.0"><eventTime>2026-04-14T11:26:35Z</eventTime><supervision-notification xmlns="urn:o-ran:supervision:1.0"/></notification>

notification (2026-04-14T11:26:35Z)
<supervision-notification xmlns="urn:o-ran:supervision:1.0"/>

Client SENT :  user-rpc --content /mplane_automation/conformance_test/watchdog.xml
nc DEBUG: Sending message:

#287


nc DEBUG: SSH: ssh_packet_need_rekey: rekey: [data_rekey_needed=0, out_blocks=6442, in_blocks=10886]
nc DEBUG: SSH: ssh_socket_unbuffered_write: Enabling POLLOUT for socket
nc DEBUG: SSH: packet_send2: packet: wrote [type=94, len=24, padding_size=8, comp=15, payload=15]
nc DEBUG: SSH: channel_write_common: ssh_channel_write wrote 6 bytes
nc DEBUG: Sending message:
<rpc xmlns="urn:ietf:params:xml:ns:netconf:base:1.0" message-id="168"><supervision-watchdog-reset xmlns="urn:o-ran:supervision:1.0"><supervision-notification-interval>10</supervision-notification-interval><guard-timer-overhead>10</guard-timer-overhead></supervision-watchdog-reset></rpc>

nc DEBUG: SSH: ssh_packet_need_rekey: rekey: [data_rekey_needed=0, out_blocks=6479, in_blocks=10922]
nc DEBUG: SSH: packet_send2: packet: wrote [type=94, len=304, padding_size=7, comp=296, payload=296]
nc DEBUG: SSH: channel_write_common: ssh_channel_write wrote 287 bytes
nc DEBUG: SSH: ssh_socket_unbuffered_write: Enabling POLLOUT for socket
nc DEBUG: Sending message:

##


nc DEBUG: SSH: ssh_packet_need_rekey: rekey: [data_rekey_needed=0, out_blocks=6480, in_blocks=10886]
nc DEBUG: SSH: packet_send2: packet: wrote [type=94, len=24, padding_size=10, comp=13, payload=13]
nc DEBUG: SSH: channel_write_common: ssh_channel_write wrote 4 bytes
nc DEBUG: SSH: ssh_socket_unbuffered_write: Enabling POLLOUT for socket
nc DEBUG: SSH: ssh_packet_socket_callback: packet: read type 94 [len=24,padding=8,comp=15,payload=15]
nc DEBUG: SSH: ssh_packet_process: Dispatching handler for packet type 94
nc DEBUG: SSH: channel_rcv_data: Channel receiving 6 bytes data in 0 (local win=1199768 remote win=1230369)
nc DEBUG: SSH: channel_default_bufferize: placing 6 bytes into channel buffer (stdout)
nc DEBUG: SSH: channel_rcv_data: Channel windows are now (local win=1199762 remote win=1230369)
nc DEBUG: SSH: ssh_packet_socket_callback: Processing 220 bytes left in socket buffer
nc DEBUG: SSH: ssh_packet_socket_callback: packet: read type 94 [len=200,padding=10,comp=189,payload=189]
nc DEBUG: SSH: ssh_packet_process: Dispatching handler for packet type 94
nc DEBUG: SSH: channel_rcv_data: Channel receiving 180 bytes data in 0 (local win=1199762 remote win=1230369)
nc DEBUG: SSH: channel_default_bufferize: placing 180 bytes into channel buffer (stdout)
nc DEBUG: SSH: channel_rcv_data: Channel windows are now (local win=1199582 remote win=1230369)
nc DEBUG: SSH: ssh_packet_need_rekey: rekey: [data_rekey_needed=0, out_blocks=6480, in_blocks=10909]
nc DEBUG: SSH: ssh_packet_need_rekey: rekey: [data_rekey_needed=0, out_blocks=6480, in_blocks=10909]
nc DEBUG: SSH: ssh_channel_read_timeout: Read (2) buffered : 186 bytes. Window: 1199582
nc DEBUG: SSH: ssh_channel_read_timeout: Read (1) buffered : 184 bytes. Window: 1199582
nc DEBUG: SSH: ssh_channel_read_timeout: Read (1) buffered : 183 bytes. Window: 1199582
nc DEBUG: SSH: ssh_channel_read_timeout: Read (1) buffered : 182 bytes. Window: 1199582
nc DEBUG: SSH: ssh_channel_read_timeout: Read (1) buffered : 181 bytes. Window: 1199582
nc DEBUG: SSH: ssh_channel_read_timeout: Read (180) buffered : 180 bytes. Window: 1199582
nc DEBUG: SSH: ssh_channel_read_timeout: Read (2) buffered : 0 bytes. Window: 1199582
nc DEBUG: SSH: ssh_packet_socket_callback: packet: read type 94 [len=24,padding=10,comp=13,payload=13]
nc DEBUG: SSH: ssh_packet_process: Dispatching handler for packet type 94
nc DEBUG: SSH: channel_rcv_data: Channel receiving 4 bytes data in 0 (local win=1199582 remote win=1230369)
nc DEBUG: SSH: channel_default_bufferize: placing 4 bytes into channel buffer (stdout)
nc DEBUG: SSH: channel_rcv_data: Channel windows are now (local win=1199578 remote win=1230369)
nc DEBUG: SSH: ssh_packet_need_rekey: rekey: [data_rekey_needed=0, out_blocks=6480, in_blocks=10910]
nc DEBUG: SSH: ssh_channel_read_timeout: Read (1) buffered : 2 bytes. Window: 1199578
nc DEBUG: SSH: ssh_channel_read_timeout: Read (1) buffered : 1 bytes. Window: 1199578
nc DEBUG: Received message:
<rpc-reply xmlns="urn:ietf:params:xml:ns:netconf:base:1.0" message-id="168"><next-update-at xmlns="urn:o-ran:supervision:1.0">2026-04-14T11:26:45+00:00</next-update-at></rpc-reply>

DATA
<next-update-at xmlns="urn:o-ran:supervision:1.0">2026-04-14T20:26:45+09:00</next-update-at>

nc DEBUG: Received message:
<notification xmlns="urn:ietf:params:xml:ns:netconf:notification:1.0"><eventTime>2026-04-14T11:26:45Z</eventTime><supervision-notification xmlns="urn:o-ran:supervision:1.0"/></notification>

notification (2026-04-14T11:26:45Z)
<supervision-notification xmlns="urn:o-ran:supervision:1.0"/>

Client SENT :  user-rpc --content /mplane_automation/conformance_test/watchdog.xml
nc DEBUG: Sending message:

#287


nc DEBUG: SSH: ssh_packet_need_rekey: rekey: [data_rekey_needed=0, out_blocks=6481, in_blocks=10937]
nc DEBUG: SSH: ssh_socket_unbuffered_write: Enabling POLLOUT for socket
nc DEBUG: SSH: packet_send2: packet: wrote [type=94, len=24, padding_size=8, comp=15, payload=15]
nc DEBUG: SSH: channel_write_common: ssh_channel_write wrote 6 bytes
nc DEBUG: Sending message:
<rpc xmlns="urn:ietf:params:xml:ns:netconf:base:1.0" message-id="169"><supervision-watchdog-reset xmlns="urn:o-ran:supervision:1.0"><supervision-notification-interval>10</supervision-notification-interval><guard-timer-overhead>10</guard-timer-overhead></supervision-watchdog-reset></rpc>

nc DEBUG: SSH: ssh_packet_need_rekey: rekey: [data_rekey_needed=0, out_blocks=6518, in_blocks=10973]
nc DEBUG: SSH: packet_send2: packet: wrote [type=94, len=304, padding_size=7, comp=296, payload=296]
nc DEBUG: SSH: channel_write_common: ssh_channel_write wrote 287 bytes
nc DEBUG: SSH: ssh_socket_unbuffered_write: Enabling POLLOUT for socket
nc DEBUG: Sending message:

##


nc DEBUG: SSH: ssh_packet_need_rekey: rekey: [data_rekey_needed=0, out_blocks=6519, in_blocks=10937]
nc DEBUG: SSH: packet_send2: packet: wrote [type=94, len=24, padding_size=10, comp=13, payload=13]
nc DEBUG: SSH: channel_write_common: ssh_channel_write wrote 4 bytes
nc DEBUG: SSH: ssh_socket_unbuffered_write: Enabling POLLOUT for socket
nc DEBUG: SSH: ssh_packet_socket_callback: packet: read type 94 [len=24,padding=8,comp=15,payload=15]
nc DEBUG: SSH: ssh_packet_process: Dispatching handler for packet type 94
nc DEBUG: SSH: channel_rcv_data: Channel receiving 6 bytes data in 0 (local win=1199379 remote win=1230072)
nc DEBUG: SSH: channel_default_bufferize: placing 6 bytes into channel buffer (stdout)
nc DEBUG: SSH: channel_rcv_data: Channel windows are now (local win=1199373 remote win=1230072)
nc DEBUG: SSH: ssh_packet_socket_callback: Processing 220 bytes left in socket buffer
nc DEBUG: SSH: ssh_packet_socket_callback: packet: read type 94 [len=200,padding=10,comp=189,payload=189]
nc DEBUG: SSH: ssh_packet_process: Dispatching handler for packet type 94
nc DEBUG: SSH: channel_rcv_data: Channel receiving 180 bytes data in 0 (local win=1199373 remote win=1230072)
nc DEBUG: SSH: channel_default_bufferize: placing 180 bytes into channel buffer (stdout)
nc DEBUG: SSH: channel_rcv_data: Channel windows are now (local win=1199193 remote win=1230072)
nc DEBUG: SSH: ssh_packet_need_rekey: rekey: [data_rekey_needed=0, out_blocks=6519, in_blocks=10960]
nc DEBUG: SSH: ssh_packet_need_rekey: rekey: [data_rekey_needed=0, out_blocks=6519, in_blocks=10960]
nc DEBUG: SSH: ssh_channel_read_timeout: Read (2) buffered : 186 bytes. Window: 1199193
nc DEBUG: SSH: ssh_channel_read_timeout: Read (1) buffered : 184 bytes. Window: 1199193
nc DEBUG: SSH: ssh_channel_read_timeout: Read (1) buffered : 183 bytes. Window: 1199193
nc DEBUG: SSH: ssh_channel_read_timeout: Read (1) buffered : 182 bytes. Window: 1199193
nc DEBUG: SSH: ssh_channel_read_timeout: Read (1) buffered : 181 bytes. Window: 1199193
nc DEBUG: SSH: ssh_channel_read_timeout: Read (180) buffered : 180 bytes. Window: 1199193
nc DEBUG: SSH: ssh_channel_read_timeout: Read (2) buffered : 0 bytes. Window: 1199193
nc DEBUG: SSH: ssh_packet_socket_callback: packet: read type 94 [len=24,padding=10,comp=13,payload=13]
nc DEBUG: SSH: ssh_packet_process: Dispatching handler for packet type 94
nc DEBUG: SSH: channel_rcv_data: Channel receiving 4 bytes data in 0 (local win=1199193 remote win=1230072)
nc DEBUG: SSH: channel_default_bufferize: placing 4 bytes into channel buffer (stdout)
nc DEBUG: SSH: channel_rcv_data: Channel windows are now (local win=1199189 remote win=1230072)
nc DEBUG: SSH: ssh_packet_need_rekey: rekey: [data_rekey_needed=0, out_blocks=6519, in_blocks=10961]
nc DEBUG: SSH: ssh_channel_read_timeout: Read (1) buffered : 2 bytes. Window: 1199189
nc DEBUG: SSH: ssh_channel_read_timeout: Read (1) buffered : 1 bytes. Window: 1199189
nc DEBUG: Received message:
<rpc-reply xmlns="urn:ietf:params:xml:ns:netconf:base:1.0" message-id="169"><next-update-at xmlns="urn:o-ran:supervision:1.0">2026-04-14T11:26:55+00:00</next-update-at></rpc-reply>

DATA
<next-update-at xmlns="urn:o-ran:supervision:1.0">2026-04-14T20:26:55+09:00</next-update-at>

nc DEBUG: Received message:
<notification xmlns="urn:ietf:params:xml:ns:netconf:notification:1.0"><eventTime>2026-04-14T11:26:55Z</eventTime><supervision-notification xmlns="urn:o-ran:supervision:1.0"/></notification>

notification (2026-04-14T11:26:55Z)
<supervision-notification xmlns="urn:o-ran:supervision:1.0"/>

Client SENT :  user-rpc --content /mplane_automation/conformance_test/watchdog.xml
nc DEBUG: Sending message:

#287


nc DEBUG: SSH: ssh_packet_need_rekey: rekey: [data_rekey_needed=0, out_blocks=6520, in_blocks=10988]
nc DEBUG: SSH: ssh_socket_unbuffered_write: Enabling POLLOUT for socket
nc DEBUG: SSH: packet_send2: packet: wrote [type=94, len=24, padding_size=8, comp=15, payload=15]
nc DEBUG: SSH: channel_write_common: ssh_channel_write wrote 6 bytes
nc DEBUG: Sending message:
<rpc xmlns="urn:ietf:params:xml:ns:netconf:base:1.0" message-id="170"><supervision-watchdog-reset xmlns="urn:o-ran:supervision:1.0"><supervision-notification-interval>10</supervision-notification-interval><guard-timer-overhead>10</guard-timer-overhead></supervision-watchdog-reset></rpc>

nc DEBUG: SSH: ssh_packet_need_rekey: rekey: [data_rekey_needed=0, out_blocks=6557, in_blocks=11024]
nc DEBUG: SSH: packet_send2: packet: wrote [type=94, len=304, padding_size=7, comp=296, payload=296]
nc DEBUG: SSH: channel_write_common: ssh_channel_write wrote 287 bytes
nc DEBUG: SSH: ssh_socket_unbuffered_write: Enabling POLLOUT for socket
nc DEBUG: Sending message:

##


nc DEBUG: SSH: ssh_packet_need_rekey: rekey: [data_rekey_needed=0, out_blocks=6558, in_blocks=10988]
nc DEBUG: SSH: packet_send2: packet: wrote [type=94, len=24, padding_size=10, comp=13, payload=13]
nc DEBUG: SSH: channel_write_common: ssh_channel_write wrote 4 bytes
nc DEBUG: SSH: ssh_socket_unbuffered_write: Enabling POLLOUT for socket
nc DEBUG: SSH: ssh_packet_socket_callback: packet: read type 94 [len=24,padding=8,comp=15,payload=15]
nc DEBUG: SSH: ssh_packet_process: Dispatching handler for packet type 94
nc DEBUG: SSH: channel_rcv_data: Channel receiving 6 bytes data in 0 (local win=1198990 remote win=1229775)
nc DEBUG: SSH: channel_default_bufferize: placing 6 bytes into channel buffer (stdout)
nc DEBUG: SSH: channel_rcv_data: Channel windows are now (local win=1198984 remote win=1229775)
nc DEBUG: SSH: ssh_packet_socket_callback: Processing 220 bytes left in socket buffer
nc DEBUG: SSH: ssh_packet_socket_callback: packet: read type 94 [len=200,padding=10,comp=189,payload=189]
nc DEBUG: SSH: ssh_packet_process: Dispatching handler for packet type 94
nc DEBUG: SSH: channel_rcv_data: Channel receiving 180 bytes data in 0 (local win=1198984 remote win=1229775)
nc DEBUG: SSH: channel_default_bufferize: placing 180 bytes into channel buffer (stdout)
nc DEBUG: SSH: channel_rcv_data: Channel windows are now (local win=1198804 remote win=1229775)
nc DEBUG: SSH: ssh_packet_need_rekey: rekey: [data_rekey_needed=0, out_blocks=6558, in_blocks=11011]
nc DEBUG: SSH: ssh_packet_need_rekey: rekey: [data_rekey_needed=0, out_blocks=6558, in_blocks=11011]
nc DEBUG: SSH: ssh_channel_read_timeout: Read (2) buffered : 186 bytes. Window: 1198804
nc DEBUG: SSH: ssh_channel_read_timeout: Read (1) buffered : 184 bytes. Window: 1198804
nc DEBUG: SSH: ssh_channel_read_timeout: Read (1) buffered : 183 bytes. Window: 1198804
nc DEBUG: SSH: ssh_channel_read_timeout: Read (1) buffered : 182 bytes. Window: 1198804
nc DEBUG: SSH: ssh_channel_read_timeout: Read (1) buffered : 181 bytes. Window: 1198804
nc DEBUG: SSH: ssh_channel_read_timeout: Read (180) buffered : 180 bytes. Window: 1198804
nc DEBUG: SSH: ssh_channel_read_timeout: Read (2) buffered : 0 bytes. Window: 1198804
nc DEBUG: SSH: ssh_packet_socket_callback: packet: read type 94 [len=24,padding=10,comp=13,payload=13]
nc DEBUG: SSH: ssh_packet_process: Dispatching handler for packet type 94
nc DEBUG: SSH: channel_rcv_data: Channel receiving 4 bytes data in 0 (local win=1198804 remote win=1229775)
nc DEBUG: SSH: channel_default_bufferize: placing 4 bytes into channel buffer (stdout)
nc DEBUG: SSH: channel_rcv_data: Channel windows are now (local win=1198800 remote win=1229775)
nc DEBUG: SSH: ssh_packet_need_rekey: rekey: [data_rekey_needed=0, out_blocks=6558, in_blocks=11012]
nc DEBUG: SSH: ssh_channel_read_timeout: Read (1) buffered : 2 bytes. Window: 1198800
nc DEBUG: SSH: ssh_channel_read_timeout: Read (1) buffered : 1 bytes. Window: 1198800
nc DEBUG: Received message:
<rpc-reply xmlns="urn:ietf:params:xml:ns:netconf:base:1.0" message-id="170"><next-update-at xmlns="urn:o-ran:supervision:1.0">2026-04-14T11:27:05+00:00</next-update-at></rpc-reply>

DATA
<next-update-at xmlns="urn:o-ran:supervision:1.0">2026-04-14T20:27:05+09:00</next-update-at>

nc DEBUG: Received message:
<notification xmlns="urn:ietf:params:xml:ns:netconf:notification:1.0"><eventTime>2026-04-14T11:27:05Z</eventTime><supervision-notification xmlns="urn:o-ran:supervision:1.0"/></notification>

notification (2026-04-14T11:27:05Z)
<supervision-notification xmlns="urn:o-ran:supervision:1.0"/>

Client SENT :  user-rpc --content /mplane_automation/conformance_test/watchdog.xml
nc DEBUG: Sending message:

#287


nc DEBUG: SSH: ssh_packet_need_rekey: rekey: [data_rekey_needed=0, out_blocks=6559, in_blocks=11039]
nc DEBUG: SSH: ssh_socket_unbuffered_write: Enabling POLLOUT for socket
nc DEBUG: SSH: packet_send2: packet: wrote [type=94, len=24, padding_size=8, comp=15, payload=15]
nc DEBUG: SSH: channel_write_common: ssh_channel_write wrote 6 bytes
nc DEBUG: Sending message:
<rpc xmlns="urn:ietf:params:xml:ns:netconf:base:1.0" message-id="171"><supervision-watchdog-reset xmlns="urn:o-ran:supervision:1.0"><supervision-notification-interval>10</supervision-notification-interval><guard-timer-overhead>10</guard-timer-overhead></supervision-watchdog-reset></rpc>

nc DEBUG: SSH: ssh_packet_need_rekey: rekey: [data_rekey_needed=0, out_blocks=6596, in_blocks=11075]
nc DEBUG: SSH: packet_send2: packet: wrote [type=94, len=304, padding_size=7, comp=296, payload=296]
nc DEBUG: SSH: channel_write_common: ssh_channel_write wrote 287 bytes
nc DEBUG: SSH: ssh_socket_unbuffered_write: Enabling POLLOUT for socket
nc DEBUG: Sending message:

##


nc DEBUG: SSH: ssh_packet_need_rekey: rekey: [data_rekey_needed=0, out_blocks=6597, in_blocks=11039]
nc DEBUG: SSH: packet_send2: packet: wrote [type=94, len=24, padding_size=10, comp=13, payload=13]
nc DEBUG: SSH: channel_write_common: ssh_channel_write wrote 4 bytes
nc DEBUG: SSH: ssh_socket_unbuffered_write: Enabling POLLOUT for socket
nc DEBUG: SSH: ssh_packet_socket_callback: packet: read type 94 [len=24,padding=8,comp=15,payload=15]
nc DEBUG: SSH: ssh_packet_process: Dispatching handler for packet type 94
nc DEBUG: SSH: channel_rcv_data: Channel receiving 6 bytes data in 0 (local win=1198601 remote win=1229478)
nc DEBUG: SSH: channel_default_bufferize: placing 6 bytes into channel buffer (stdout)
nc DEBUG: SSH: channel_rcv_data: Channel windows are now (local win=1198595 remote win=1229478)
nc DEBUG: SSH: ssh_packet_socket_callback: Processing 220 bytes left in socket buffer
nc DEBUG: SSH: ssh_packet_socket_callback: packet: read type 94 [len=200,padding=10,comp=189,payload=189]
nc DEBUG: SSH: ssh_packet_process: Dispatching handler for packet type 94
nc DEBUG: SSH: channel_rcv_data: Channel receiving 180 bytes data in 0 (local win=1198595 remote win=1229478)
nc DEBUG: SSH: channel_default_bufferize: placing 180 bytes into channel buffer (stdout)
nc DEBUG: SSH: channel_rcv_data: Channel windows are now (local win=1198415 remote win=1229478)
nc DEBUG: SSH: ssh_packet_need_rekey: rekey: [data_rekey_needed=0, out_blocks=6597, in_blocks=11062]
nc DEBUG: SSH: ssh_packet_need_rekey: rekey: [data_rekey_needed=0, out_blocks=6597, in_blocks=11062]
nc DEBUG: SSH: ssh_channel_read_timeout: Read (2) buffered : 186 bytes. Window: 1198415
nc DEBUG: SSH: ssh_channel_read_timeout: Read (1) buffered : 184 bytes. Window: 1198415
nc DEBUG: SSH: ssh_channel_read_timeout: Read (1) buffered : 183 bytes. Window: 1198415
nc DEBUG: SSH: ssh_channel_read_timeout: Read (1) buffered : 182 bytes. Window: 1198415
nc DEBUG: SSH: ssh_channel_read_timeout: Read (1) buffered : 181 bytes. Window: 1198415
nc DEBUG: SSH: ssh_channel_read_timeout: Read (180) buffered : 180 bytes. Window: 1198415
nc DEBUG: SSH: ssh_channel_read_timeout: Read (2) buffered : 0 bytes. Window: 1198415
nc DEBUG: SSH: ssh_packet_socket_callback: packet: read type 94 [len=24,padding=10,comp=13,payload=13]
nc DEBUG: SSH: ssh_packet_process: Dispatching handler for packet type 94
nc DEBUG: SSH: channel_rcv_data: Channel receiving 4 bytes data in 0 (local win=1198415 remote win=1229478)
nc DEBUG: SSH: channel_default_bufferize: placing 4 bytes into channel buffer (stdout)
nc DEBUG: SSH: channel_rcv_data: Channel windows are now (local win=1198411 remote win=1229478)
nc DEBUG: SSH: ssh_packet_need_rekey: rekey: [data_rekey_needed=0, out_blocks=6597, in_blocks=11063]
nc DEBUG: SSH: ssh_channel_read_timeout: Read (1) buffered : 2 bytes. Window: 1198411
nc DEBUG: SSH: ssh_channel_read_timeout: Read (1) buffered : 1 bytes. Window: 1198411
nc DEBUG: Received message:
<rpc-reply xmlns="urn:ietf:params:xml:ns:netconf:base:1.0" message-id="171"><next-update-at xmlns="urn:o-ran:supervision:1.0">2026-04-14T11:27:15+00:00</next-update-at></rpc-reply>

DATA
<next-update-at xmlns="urn:o-ran:supervision:1.0">2026-04-14T20:27:15+09:00</next-update-at>

nc DEBUG: Received message:
<notification xmlns="urn:ietf:params:xml:ns:netconf:notification:1.0"><eventTime>2026-04-14T11:27:15Z</eventTime><supervision-notification xmlns="urn:o-ran:supervision:1.0"/></notification>

notification (2026-04-14T11:27:15Z)
<supervision-notification xmlns="urn:o-ran:supervision:1.0"/>

Client SENT :  user-rpc --content /mplane_automation/conformance_test/watchdog.xml
nc DEBUG: Sending message:

#287


nc DEBUG: SSH: ssh_packet_need_rekey: rekey: [data_rekey_needed=0, out_blocks=6598, in_blocks=11090]
nc DEBUG: SSH: ssh_socket_unbuffered_write: Enabling POLLOUT for socket
nc DEBUG: SSH: packet_send2: packet: wrote [type=94, len=24, padding_size=8, comp=15, payload=15]
nc DEBUG: SSH: channel_write_common: ssh_channel_write wrote 6 bytes
nc DEBUG: Sending message:
<rpc xmlns="urn:ietf:params:xml:ns:netconf:base:1.0" message-id="172"><supervision-watchdog-reset xmlns="urn:o-ran:supervision:1.0"><supervision-notification-interval>10</supervision-notification-interval><guard-timer-overhead>10</guard-timer-overhead></supervision-watchdog-reset></rpc>

nc DEBUG: SSH: ssh_packet_need_rekey: rekey: [data_rekey_needed=0, out_blocks=6635, in_blocks=11126]
nc DEBUG: SSH: packet_send2: packet: wrote [type=94, len=304, padding_size=7, comp=296, payload=296]
nc DEBUG: SSH: channel_write_common: ssh_channel_write wrote 287 bytes
nc DEBUG: SSH: ssh_socket_unbuffered_write: Enabling POLLOUT for socket
nc DEBUG: Sending message:

##


nc DEBUG: SSH: ssh_packet_need_rekey: rekey: [data_rekey_needed=0, out_blocks=6636, in_blocks=11090]
nc DEBUG: SSH: packet_send2: packet: wrote [type=94, len=24, padding_size=10, comp=13, payload=13]
nc DEBUG: SSH: channel_write_common: ssh_channel_write wrote 4 bytes
nc DEBUG: SSH: ssh_socket_unbuffered_write: Enabling POLLOUT for socket
nc DEBUG: SSH: ssh_packet_socket_callback: packet: read type 94 [len=24,padding=8,comp=15,payload=15]
nc DEBUG: SSH: ssh_packet_process: Dispatching handler for packet type 94
nc DEBUG: SSH: channel_rcv_data: Channel receiving 6 bytes data in 0 (local win=1198212 remote win=1229181)
nc DEBUG: SSH: channel_default_bufferize: placing 6 bytes into channel buffer (stdout)
nc DEBUG: SSH: channel_rcv_data: Channel windows are now (local win=1198206 remote win=1229181)
nc DEBUG: SSH: ssh_packet_socket_callback: Processing 220 bytes left in socket buffer
nc DEBUG: SSH: ssh_packet_socket_callback: packet: read type 94 [len=200,padding=10,comp=189,payload=189]
nc DEBUG: SSH: ssh_packet_process: Dispatching handler for packet type 94
nc DEBUG: SSH: channel_rcv_data: Channel receiving 180 bytes data in 0 (local win=1198206 remote win=1229181)
nc DEBUG: SSH: channel_default_bufferize: placing 180 bytes into channel buffer (stdout)
nc DEBUG: SSH: channel_rcv_data: Channel windows are now (local win=1198026 remote win=1229181)
nc DEBUG: SSH: ssh_packet_need_rekey: rekey: [data_rekey_needed=0, out_blocks=6636, in_blocks=11113]
nc DEBUG: SSH: ssh_packet_need_rekey: rekey: [data_rekey_needed=0, out_blocks=6636, in_blocks=11113]
nc DEBUG: SSH: ssh_channel_read_timeout: Read (2) buffered : 186 bytes. Window: 1198026
nc DEBUG: SSH: ssh_channel_read_timeout: Read (1) buffered : 184 bytes. Window: 1198026
nc DEBUG: SSH: ssh_channel_read_timeout: Read (1) buffered : 183 bytes. Window: 1198026
nc DEBUG: SSH: ssh_channel_read_timeout: Read (1) buffered : 182 bytes. Window: 1198026
nc DEBUG: SSH: ssh_channel_read_timeout: Read (1) buffered : 181 bytes. Window: 1198026
nc DEBUG: SSH: ssh_channel_read_timeout: Read (180) buffered : 180 bytes. Window: 1198026
nc DEBUG: SSH: ssh_channel_read_timeout: Read (2) buffered : 0 bytes. Window: 1198026
nc DEBUG: SSH: ssh_packet_socket_callback: packet: read type 94 [len=24,padding=10,comp=13,payload=13]
nc DEBUG: SSH: ssh_packet_process: Dispatching handler for packet type 94
nc DEBUG: SSH: channel_rcv_data: Channel receiving 4 bytes data in 0 (local win=1198026 remote win=1229181)
nc DEBUG: SSH: channel_default_bufferize: placing 4 bytes into channel buffer (stdout)
nc DEBUG: SSH: channel_rcv_data: Channel windows are now (local win=1198022 remote win=1229181)
nc DEBUG: SSH: ssh_packet_need_rekey: rekey: [data_rekey_needed=0, out_blocks=6636, in_blocks=11114]
nc DEBUG: SSH: ssh_channel_read_timeout: Read (1) buffered : 2 bytes. Window: 1198022
nc DEBUG: SSH: ssh_channel_read_timeout: Read (1) buffered : 1 bytes. Window: 1198022
nc DEBUG: Received message:
<rpc-reply xmlns="urn:ietf:params:xml:ns:netconf:base:1.0" message-id="172"><next-update-at xmlns="urn:o-ran:supervision:1.0">2026-04-14T11:27:25+00:00</next-update-at></rpc-reply>

DATA
<next-update-at xmlns="urn:o-ran:supervision:1.0">2026-04-14T20:27:25+09:00</next-update-at>

nc DEBUG: Received message:
<notification xmlns="urn:ietf:params:xml:ns:netconf:notification:1.0"><eventTime>2026-04-14T11:27:25Z</eventTime><supervision-notification xmlns="urn:o-ran:supervision:1.0"/></notification>

notification (2026-04-14T11:27:25Z)
<supervision-notification xmlns="urn:o-ran:supervision:1.0"/>

Client SENT :  user-rpc --content /mplane_automation/conformance_test/watchdog.xml
nc DEBUG: Sending message:

#287


nc DEBUG: SSH: ssh_packet_need_rekey: rekey: [data_rekey_needed=0, out_blocks=6637, in_blocks=11141]
nc DEBUG: SSH: ssh_socket_unbuffered_write: Enabling POLLOUT for socket
nc DEBUG: SSH: packet_send2: packet: wrote [type=94, len=24, padding_size=8, comp=15, payload=15]
nc DEBUG: SSH: channel_write_common: ssh_channel_write wrote 6 bytes
nc DEBUG: Sending message:
<rpc xmlns="urn:ietf:params:xml:ns:netconf:base:1.0" message-id="173"><supervision-watchdog-reset xmlns="urn:o-ran:supervision:1.0"><supervision-notification-interval>10</supervision-notification-interval><guard-timer-overhead>10</guard-timer-overhead></supervision-watchdog-reset></rpc>

nc DEBUG: SSH: ssh_packet_need_rekey: rekey: [data_rekey_needed=0, out_blocks=6674, in_blocks=11177]
nc DEBUG: SSH: packet_send2: packet: wrote [type=94, len=304, padding_size=7, comp=296, payload=296]
nc DEBUG: SSH: channel_write_common: ssh_channel_write wrote 287 bytes
nc DEBUG: SSH: ssh_socket_unbuffered_write: Enabling POLLOUT for socket
nc DEBUG: Sending message:

##


nc DEBUG: SSH: ssh_packet_need_rekey: rekey: [data_rekey_needed=0, out_blocks=6675, in_blocks=11141]
nc DEBUG: SSH: packet_send2: packet: wrote [type=94, len=24, padding_size=10, comp=13, payload=13]
nc DEBUG: SSH: channel_write_common: ssh_channel_write wrote 4 bytes
nc DEBUG: SSH: ssh_socket_unbuffered_write: Enabling POLLOUT for socket
nc DEBUG: SSH: ssh_packet_socket_callback: packet: read type 94 [len=24,padding=8,comp=15,payload=15]
nc DEBUG: SSH: ssh_packet_process: Dispatching handler for packet type 94
nc DEBUG: SSH: channel_rcv_data: Channel receiving 6 bytes data in 0 (local win=1197823 remote win=1228884)
nc DEBUG: SSH: channel_default_bufferize: placing 6 bytes into channel buffer (stdout)
nc DEBUG: SSH: channel_rcv_data: Channel windows are now (local win=1197817 remote win=1228884)
nc DEBUG: SSH: ssh_packet_socket_callback: Processing 220 bytes left in socket buffer
nc DEBUG: SSH: ssh_packet_socket_callback: packet: read type 94 [len=200,padding=10,comp=189,payload=189]
nc DEBUG: SSH: ssh_packet_process: Dispatching handler for packet type 94
nc DEBUG: SSH: channel_rcv_data: Channel receiving 180 bytes data in 0 (local win=1197817 remote win=1228884)
nc DEBUG: SSH: channel_default_bufferize: placing 180 bytes into channel buffer (stdout)
nc DEBUG: SSH: channel_rcv_data: Channel windows are now (local win=1197637 remote win=1228884)
nc DEBUG: SSH: ssh_packet_need_rekey: rekey: [data_rekey_needed=0, out_blocks=6675, in_blocks=11164]
nc DEBUG: SSH: ssh_packet_need_rekey: rekey: [data_rekey_needed=0, out_blocks=6675, in_blocks=11164]
nc DEBUG: SSH: ssh_channel_read_timeout: Read (2) buffered : 186 bytes. Window: 1197637
nc DEBUG: SSH: ssh_channel_read_timeout: Read (1) buffered : 184 bytes. Window: 1197637
nc DEBUG: SSH: ssh_channel_read_timeout: Read (1) buffered : 183 bytes. Window: 1197637
nc DEBUG: SSH: ssh_channel_read_timeout: Read (1) buffered : 182 bytes. Window: 1197637
nc DEBUG: SSH: ssh_channel_read_timeout: Read (1) buffered : 181 bytes. Window: 1197637
nc DEBUG: SSH: ssh_channel_read_timeout: Read (180) buffered : 180 bytes. Window: 1197637
nc DEBUG: SSH: ssh_channel_read_timeout: Read (2) buffered : 0 bytes. Window: 1197637
nc DEBUG: SSH: ssh_packet_socket_callback: packet: read type 94 [len=24,padding=10,comp=13,payload=13]
nc DEBUG: SSH: ssh_packet_process: Dispatching handler for packet type 94
nc DEBUG: SSH: channel_rcv_data: Channel receiving 4 bytes data in 0 (local win=1197637 remote win=1228884)
nc DEBUG: SSH: channel_default_bufferize: placing 4 bytes into channel buffer (stdout)
nc DEBUG: SSH: channel_rcv_data: Channel windows are now (local win=1197633 remote win=1228884)
nc DEBUG: SSH: ssh_packet_need_rekey: rekey: [data_rekey_needed=0, out_blocks=6675, in_blocks=11165]
nc DEBUG: SSH: ssh_channel_read_timeout: Read (1) buffered : 2 bytes. Window: 1197633
nc DEBUG: SSH: ssh_channel_read_timeout: Read (1) buffered : 1 bytes. Window: 1197633
nc DEBUG: Received message:
<rpc-reply xmlns="urn:ietf:params:xml:ns:netconf:base:1.0" message-id="173"><next-update-at xmlns="urn:o-ran:supervision:1.0">2026-04-14T11:27:35+00:00</next-update-at></rpc-reply>

DATA
<next-update-at xmlns="urn:o-ran:supervision:1.0">2026-04-14T20:27:35+09:00</next-update-at>

nc DEBUG: Received message:
<notification xmlns="urn:ietf:params:xml:ns:netconf:notification:1.0"><eventTime>2026-04-14T11:27:35Z</eventTime><supervision-notification xmlns="urn:o-ran:supervision:1.0"/></notification>

notification (2026-04-14T11:27:35Z)
<supervision-notification xmlns="urn:o-ran:supervision:1.0"/>

Client SENT :  user-rpc --content /mplane_automation/conformance_test/watchdog.xml
nc DEBUG: Sending message:

#287


nc DEBUG: SSH: ssh_packet_need_rekey: rekey: [data_rekey_needed=0, out_blocks=6676, in_blocks=11192]
nc DEBUG: SSH: ssh_socket_unbuffered_write: Enabling POLLOUT for socket
nc DEBUG: SSH: packet_send2: packet: wrote [type=94, len=24, padding_size=8, comp=15, payload=15]
nc DEBUG: SSH: channel_write_common: ssh_channel_write wrote 6 bytes
nc DEBUG: Sending message:
<rpc xmlns="urn:ietf:params:xml:ns:netconf:base:1.0" message-id="174"><supervision-watchdog-reset xmlns="urn:o-ran:supervision:1.0"><supervision-notification-interval>10</supervision-notification-interval><guard-timer-overhead>10</guard-timer-overhead></supervision-watchdog-reset></rpc>

nc DEBUG: SSH: ssh_packet_need_rekey: rekey: [data_rekey_needed=0, out_blocks=6713, in_blocks=11228]
nc DEBUG: SSH: packet_send2: packet: wrote [type=94, len=304, padding_size=7, comp=296, payload=296]
nc DEBUG: SSH: channel_write_common: ssh_channel_write wrote 287 bytes
nc DEBUG: SSH: ssh_socket_unbuffered_write: Enabling POLLOUT for socket
nc DEBUG: Sending message:

##


nc DEBUG: SSH: ssh_packet_need_rekey: rekey: [data_rekey_needed=0, out_blocks=6714, in_blocks=11192]
nc DEBUG: SSH: packet_send2: packet: wrote [type=94, len=24, padding_size=10, comp=13, payload=13]
nc DEBUG: SSH: channel_write_common: ssh_channel_write wrote 4 bytes
nc DEBUG: SSH: ssh_socket_unbuffered_write: Enabling POLLOUT for socket
nc DEBUG: SSH: ssh_packet_socket_callback: packet: read type 94 [len=24,padding=8,comp=15,payload=15]
nc DEBUG: SSH: ssh_packet_process: Dispatching handler for packet type 94
nc DEBUG: SSH: channel_rcv_data: Channel receiving 6 bytes data in 0 (local win=1197434 remote win=1228587)
nc DEBUG: SSH: channel_default_bufferize: placing 6 bytes into channel buffer (stdout)
nc DEBUG: SSH: channel_rcv_data: Channel windows are now (local win=1197428 remote win=1228587)
nc DEBUG: SSH: ssh_packet_socket_callback: Processing 220 bytes left in socket buffer
nc DEBUG: SSH: ssh_packet_socket_callback: packet: read type 94 [len=200,padding=10,comp=189,payload=189]
nc DEBUG: SSH: ssh_packet_process: Dispatching handler for packet type 94
nc DEBUG: SSH: channel_rcv_data: Channel receiving 180 bytes data in 0 (local win=1197428 remote win=1228587)
nc DEBUG: SSH: channel_default_bufferize: placing 180 bytes into channel buffer (stdout)
nc DEBUG: SSH: channel_rcv_data: Channel windows are now (local win=1197248 remote win=1228587)
nc DEBUG: SSH: ssh_packet_need_rekey: rekey: [data_rekey_needed=0, out_blocks=6714, in_blocks=11215]
nc DEBUG: SSH: ssh_packet_need_rekey: rekey: [data_rekey_needed=0, out_blocks=6714, in_blocks=11215]
nc DEBUG: SSH: ssh_channel_read_timeout: Read (2) buffered : 186 bytes. Window: 1197248
nc DEBUG: SSH: ssh_channel_read_timeout: Read (1) buffered : 184 bytes. Window: 1197248
nc DEBUG: SSH: ssh_channel_read_timeout: Read (1) buffered : 183 bytes. Window: 1197248
nc DEBUG: SSH: ssh_channel_read_timeout: Read (1) buffered : 182 bytes. Window: 1197248
nc DEBUG: SSH: ssh_channel_read_timeout: Read (1) buffered : 181 bytes. Window: 1197248
nc DEBUG: SSH: ssh_channel_read_timeout: Read (180) buffered : 180 bytes. Window: 1197248
nc DEBUG: SSH: ssh_channel_read_timeout: Read (2) buffered : 0 bytes. Window: 1197248
nc DEBUG: SSH: ssh_packet_socket_callback: packet: read type 94 [len=24,padding=10,comp=13,payload=13]
nc DEBUG: SSH: ssh_packet_process: Dispatching handler for packet type 94
nc DEBUG: SSH: channel_rcv_data: Channel receiving 4 bytes data in 0 (local win=1197248 remote win=1228587)
nc DEBUG: SSH: channel_default_bufferize: placing 4 bytes into channel buffer (stdout)
nc DEBUG: SSH: channel_rcv_data: Channel windows are now (local win=1197244 remote win=1228587)
nc DEBUG: SSH: ssh_packet_need_rekey: rekey: [data_rekey_needed=0, out_blocks=6714, in_blocks=11216]
nc DEBUG: SSH: ssh_channel_read_timeout: Read (1) buffered : 2 bytes. Window: 1197244
nc DEBUG: SSH: ssh_channel_read_timeout: Read (1) buffered : 1 bytes. Window: 1197244
nc DEBUG: Received message:
<rpc-reply xmlns="urn:ietf:params:xml:ns:netconf:base:1.0" message-id="174"><next-update-at xmlns="urn:o-ran:supervision:1.0">2026-04-14T11:27:45+00:00</next-update-at></rpc-reply>

DATA
<next-update-at xmlns="urn:o-ran:supervision:1.0">2026-04-14T20:27:45+09:00</next-update-at>

nc DEBUG: Received message:
<notification xmlns="urn:ietf:params:xml:ns:netconf:notification:1.0"><eventTime>2026-04-14T11:27:45Z</eventTime><supervision-notification xmlns="urn:o-ran:supervision:1.0"/></notification>

notification (2026-04-14T11:27:45Z)
<supervision-notification xmlns="urn:o-ran:supervision:1.0"/>

Client SENT :  user-rpc --content /mplane_automation/conformance_test/watchdog.xml
nc DEBUG: Sending message:

#287


nc DEBUG: SSH: ssh_packet_need_rekey: rekey: [data_rekey_needed=0, out_blocks=6715, in_blocks=11243]
nc DEBUG: SSH: ssh_socket_unbuffered_write: Enabling POLLOUT for socket
nc DEBUG: SSH: packet_send2: packet: wrote [type=94, len=24, padding_size=8, comp=15, payload=15]
nc DEBUG: SSH: channel_write_common: ssh_channel_write wrote 6 bytes
nc DEBUG: Sending message:
<rpc xmlns="urn:ietf:params:xml:ns:netconf:base:1.0" message-id="175"><supervision-watchdog-reset xmlns="urn:o-ran:supervision:1.0"><supervision-notification-interval>10</supervision-notification-interval><guard-timer-overhead>10</guard-timer-overhead></supervision-watchdog-reset></rpc>

nc DEBUG: SSH: ssh_packet_need_rekey: rekey: [data_rekey_needed=0, out_blocks=6752, in_blocks=11279]
nc DEBUG: SSH: packet_send2: packet: wrote [type=94, len=304, padding_size=7, comp=296, payload=296]
nc DEBUG: SSH: channel_write_common: ssh_channel_write wrote 287 bytes
nc DEBUG: SSH: ssh_socket_unbuffered_write: Enabling POLLOUT for socket
nc DEBUG: Sending message:

##


nc DEBUG: SSH: ssh_packet_need_rekey: rekey: [data_rekey_needed=0, out_blocks=6753, in_blocks=11243]
nc DEBUG: SSH: packet_send2: packet: wrote [type=94, len=24, padding_size=10, comp=13, payload=13]
nc DEBUG: SSH: channel_write_common: ssh_channel_write wrote 4 bytes
nc DEBUG: SSH: ssh_socket_unbuffered_write: Enabling POLLOUT for socket
nc DEBUG: SSH: ssh_packet_socket_callback: packet: read type 94 [len=24,padding=8,comp=15,payload=15]
nc DEBUG: SSH: ssh_packet_process: Dispatching handler for packet type 94
nc DEBUG: SSH: channel_rcv_data: Channel receiving 6 bytes data in 0 (local win=1197045 remote win=1228290)
nc DEBUG: SSH: channel_default_bufferize: placing 6 bytes into channel buffer (stdout)
nc DEBUG: SSH: channel_rcv_data: Channel windows are now (local win=1197039 remote win=1228290)
nc DEBUG: SSH: ssh_packet_socket_callback: Processing 220 bytes left in socket buffer
nc DEBUG: SSH: ssh_packet_socket_callback: packet: read type 94 [len=200,padding=10,comp=189,payload=189]
nc DEBUG: SSH: ssh_packet_process: Dispatching handler for packet type 94
nc DEBUG: SSH: channel_rcv_data: Channel receiving 180 bytes data in 0 (local win=1197039 remote win=1228290)
nc DEBUG: SSH: channel_default_bufferize: placing 180 bytes into channel buffer (stdout)
nc DEBUG: SSH: channel_rcv_data: Channel windows are now (local win=1196859 remote win=1228290)
nc DEBUG: SSH: ssh_packet_need_rekey: rekey: [data_rekey_needed=0, out_blocks=6753, in_blocks=11266]
nc DEBUG: SSH: ssh_packet_need_rekey: rekey: [data_rekey_needed=0, out_blocks=6753, in_blocks=11266]
nc DEBUG: SSH: ssh_channel_read_timeout: Read (2) buffered : 186 bytes. Window: 1196859
nc DEBUG: SSH: ssh_channel_read_timeout: Read (1) buffered : 184 bytes. Window: 1196859
nc DEBUG: SSH: ssh_channel_read_timeout: Read (1) buffered : 183 bytes. Window: 1196859
nc DEBUG: SSH: ssh_channel_read_timeout: Read (1) buffered : 182 bytes. Window: 1196859
nc DEBUG: SSH: ssh_channel_read_timeout: Read (1) buffered : 181 bytes. Window: 1196859
nc DEBUG: SSH: ssh_channel_read_timeout: Read (180) buffered : 180 bytes. Window: 1196859
nc DEBUG: SSH: ssh_channel_read_timeout: Read (2) buffered : 0 bytes. Window: 1196859
nc DEBUG: SSH: ssh_packet_socket_callback: packet: read type 94 [len=24,padding=10,comp=13,payload=13]
nc DEBUG: SSH: ssh_packet_process: Dispatching handler for packet type 94
nc DEBUG: SSH: channel_rcv_data: Channel receiving 4 bytes data in 0 (local win=1196859 remote win=1228290)
nc DEBUG: SSH: channel_default_bufferize: placing 4 bytes into channel buffer (stdout)
nc DEBUG: SSH: channel_rcv_data: Channel windows are now (local win=1196855 remote win=1228290)
nc DEBUG: SSH: ssh_packet_need_rekey: rekey: [data_rekey_needed=0, out_blocks=6753, in_blocks=11267]
nc DEBUG: SSH: ssh_channel_read_timeout: Read (1) buffered : 2 bytes. Window: 1196855
nc DEBUG: SSH: ssh_channel_read_timeout: Read (1) buffered : 1 bytes. Window: 1196855
nc DEBUG: Received message:
<rpc-reply xmlns="urn:ietf:params:xml:ns:netconf:base:1.0" message-id="175"><next-update-at xmlns="urn:o-ran:supervision:1.0">2026-04-14T11:27:55+00:00</next-update-at></rpc-reply>

DATA
<next-update-at xmlns="urn:o-ran:supervision:1.0">2026-04-14T20:27:55+09:00</next-update-at>

nc DEBUG: Received message:
<notification xmlns="urn:ietf:params:xml:ns:netconf:notification:1.0"><eventTime>2026-04-14T11:27:55Z</eventTime><supervision-notification xmlns="urn:o-ran:supervision:1.0"/></notification>

notification (2026-04-14T11:27:55Z)
<supervision-notification xmlns="urn:o-ran:supervision:1.0"/>

Client SENT :  user-rpc --content /mplane_automation/conformance_test/watchdog.xml
nc DEBUG: Sending message:

#287


nc DEBUG: SSH: ssh_packet_need_rekey: rekey: [data_rekey_needed=0, out_blocks=6754, in_blocks=11294]
nc DEBUG: SSH: ssh_socket_unbuffered_write: Enabling POLLOUT for socket
nc DEBUG: SSH: packet_send2: packet: wrote [type=94, len=24, padding_size=8, comp=15, payload=15]
nc DEBUG: SSH: channel_write_common: ssh_channel_write wrote 6 bytes
nc DEBUG: Sending message:
<rpc xmlns="urn:ietf:params:xml:ns:netconf:base:1.0" message-id="176"><supervision-watchdog-reset xmlns="urn:o-ran:supervision:1.0"><supervision-notification-interval>10</supervision-notification-interval><guard-timer-overhead>10</guard-timer-overhead></supervision-watchdog-reset></rpc>

nc DEBUG: SSH: ssh_packet_need_rekey: rekey: [data_rekey_needed=0, out_blocks=6791, in_blocks=11330]
nc DEBUG: SSH: packet_send2: packet: wrote [type=94, len=304, padding_size=7, comp=296, payload=296]
nc DEBUG: SSH: channel_write_common: ssh_channel_write wrote 287 bytes
nc DEBUG: SSH: ssh_socket_unbuffered_write: Enabling POLLOUT for socket
nc DEBUG: Sending message:

##


nc DEBUG: SSH: ssh_packet_need_rekey: rekey: [data_rekey_needed=0, out_blocks=6792, in_blocks=11294]
nc DEBUG: SSH: packet_send2: packet: wrote [type=94, len=24, padding_size=10, comp=13, payload=13]
nc DEBUG: SSH: channel_write_common: ssh_channel_write wrote 4 bytes
nc DEBUG: SSH: ssh_socket_unbuffered_write: Enabling POLLOUT for socket
nc DEBUG: SSH: ssh_packet_socket_callback: packet: read type 94 [len=24,padding=8,comp=15,payload=15]
nc DEBUG: SSH: ssh_packet_process: Dispatching handler for packet type 94
nc DEBUG: SSH: channel_rcv_data: Channel receiving 6 bytes data in 0 (local win=1196656 remote win=1227993)
nc DEBUG: SSH: channel_default_bufferize: placing 6 bytes into channel buffer (stdout)
nc DEBUG: SSH: channel_rcv_data: Channel windows are now (local win=1196650 remote win=1227993)
nc DEBUG: SSH: ssh_packet_socket_callback: Processing 220 bytes left in socket buffer
nc DEBUG: SSH: ssh_packet_socket_callback: packet: read type 94 [len=200,padding=10,comp=189,payload=189]
nc DEBUG: SSH: ssh_packet_process: Dispatching handler for packet type 94
nc DEBUG: SSH: channel_rcv_data: Channel receiving 180 bytes data in 0 (local win=1196650 remote win=1227993)
nc DEBUG: SSH: channel_default_bufferize: placing 180 bytes into channel buffer (stdout)
nc DEBUG: SSH: channel_rcv_data: Channel windows are now (local win=1196470 remote win=1227993)
nc DEBUG: SSH: ssh_packet_need_rekey: rekey: [data_rekey_needed=0, out_blocks=6792, in_blocks=11317]
nc DEBUG: SSH: ssh_packet_need_rekey: rekey: [data_rekey_needed=0, out_blocks=6792, in_blocks=11317]
nc DEBUG: SSH: ssh_channel_read_timeout: Read (2) buffered : 186 bytes. Window: 1196470
nc DEBUG: SSH: ssh_channel_read_timeout: Read (1) buffered : 184 bytes. Window: 1196470
nc DEBUG: SSH: ssh_channel_read_timeout: Read (1) buffered : 183 bytes. Window: 1196470
nc DEBUG: SSH: ssh_channel_read_timeout: Read (1) buffered : 182 bytes. Window: 1196470
nc DEBUG: SSH: ssh_channel_read_timeout: Read (1) buffered : 181 bytes. Window: 1196470
nc DEBUG: SSH: ssh_channel_read_timeout: Read (180) buffered : 180 bytes. Window: 1196470
nc DEBUG: SSH: ssh_channel_read_timeout: Read (2) buffered : 0 bytes. Window: 1196470
nc DEBUG: SSH: ssh_packet_socket_callback: packet: read type 94 [len=24,padding=10,comp=13,payload=13]
nc DEBUG: SSH: ssh_packet_process: Dispatching handler for packet type 94
nc DEBUG: SSH: channel_rcv_data: Channel receiving 4 bytes data in 0 (local win=1196470 remote win=1227993)
nc DEBUG: SSH: channel_default_bufferize: placing 4 bytes into channel buffer (stdout)
nc DEBUG: SSH: channel_rcv_data: Channel windows are now (local win=1196466 remote win=1227993)
nc DEBUG: SSH: ssh_packet_need_rekey: rekey: [data_rekey_needed=0, out_blocks=6792, in_blocks=11318]
nc DEBUG: SSH: ssh_channel_read_timeout: Read (1) buffered : 2 bytes. Window: 1196466
nc DEBUG: SSH: ssh_channel_read_timeout: Read (1) buffered : 1 bytes. Window: 1196466
nc DEBUG: Received message:
<rpc-reply xmlns="urn:ietf:params:xml:ns:netconf:base:1.0" message-id="176"><next-update-at xmlns="urn:o-ran:supervision:1.0">2026-04-14T11:28:05+00:00</next-update-at></rpc-reply>

DATA
<next-update-at xmlns="urn:o-ran:supervision:1.0">2026-04-14T20:28:05+09:00</next-update-at>

nc DEBUG: Received message:
<notification xmlns="urn:ietf:params:xml:ns:netconf:notification:1.0"><eventTime>2026-04-14T11:28:05Z</eventTime><supervision-notification xmlns="urn:o-ran:supervision:1.0"/></notification>

notification (2026-04-14T11:28:05Z)
<supervision-notification xmlns="urn:o-ran:supervision:1.0"/>

Client SENT :  user-rpc --content /mplane_automation/conformance_test/watchdog.xml
nc DEBUG: Sending message:

#287


nc DEBUG: SSH: ssh_packet_need_rekey: rekey: [data_rekey_needed=0, out_blocks=6793, in_blocks=11345]
nc DEBUG: SSH: ssh_socket_unbuffered_write: Enabling POLLOUT for socket
nc DEBUG: SSH: packet_send2: packet: wrote [type=94, len=24, padding_size=8, comp=15, payload=15]
nc DEBUG: SSH: channel_write_common: ssh_channel_write wrote 6 bytes
nc DEBUG: Sending message:
<rpc xmlns="urn:ietf:params:xml:ns:netconf:base:1.0" message-id="177"><supervision-watchdog-reset xmlns="urn:o-ran:supervision:1.0"><supervision-notification-interval>10</supervision-notification-interval><guard-timer-overhead>10</guard-timer-overhead></supervision-watchdog-reset></rpc>

nc DEBUG: SSH: ssh_packet_need_rekey: rekey: [data_rekey_needed=0, out_blocks=6830, in_blocks=11381]
nc DEBUG: SSH: packet_send2: packet: wrote [type=94, len=304, padding_size=7, comp=296, payload=296]
nc DEBUG: SSH: channel_write_common: ssh_channel_write wrote 287 bytes
nc DEBUG: SSH: ssh_socket_unbuffered_write: Enabling POLLOUT for socket
nc DEBUG: Sending message:

##


nc DEBUG: SSH: ssh_packet_need_rekey: rekey: [data_rekey_needed=0, out_blocks=6831, in_blocks=11345]
nc DEBUG: SSH: packet_send2: packet: wrote [type=94, len=24, padding_size=10, comp=13, payload=13]
nc DEBUG: SSH: channel_write_common: ssh_channel_write wrote 4 bytes
nc DEBUG: SSH: ssh_socket_unbuffered_write: Enabling POLLOUT for socket
nc DEBUG: SSH: ssh_packet_socket_callback: packet: read type 94 [len=24,padding=8,comp=15,payload=15]
nc DEBUG: SSH: ssh_packet_process: Dispatching handler for packet type 94
nc DEBUG: SSH: channel_rcv_data: Channel receiving 6 bytes data in 0 (local win=1196267 remote win=1227696)
nc DEBUG: SSH: channel_default_bufferize: placing 6 bytes into channel buffer (stdout)
nc DEBUG: SSH: channel_rcv_data: Channel windows are now (local win=1196261 remote win=1227696)
nc DEBUG: SSH: ssh_packet_socket_callback: Processing 220 bytes left in socket buffer
nc DEBUG: SSH: ssh_packet_socket_callback: packet: read type 94 [len=200,padding=10,comp=189,payload=189]
nc DEBUG: SSH: ssh_packet_process: Dispatching handler for packet type 94
nc DEBUG: SSH: channel_rcv_data: Channel receiving 180 bytes data in 0 (local win=1196261 remote win=1227696)
nc DEBUG: SSH: channel_default_bufferize: placing 180 bytes into channel buffer (stdout)
nc DEBUG: SSH: channel_rcv_data: Channel windows are now (local win=1196081 remote win=1227696)
nc DEBUG: SSH: ssh_packet_need_rekey: rekey: [data_rekey_needed=0, out_blocks=6831, in_blocks=11368]
nc DEBUG: SSH: ssh_packet_need_rekey: rekey: [data_rekey_needed=0, out_blocks=6831, in_blocks=11368]
nc DEBUG: SSH: ssh_channel_read_timeout: Read (2) buffered : 186 bytes. Window: 1196081
nc DEBUG: SSH: ssh_channel_read_timeout: Read (1) buffered : 184 bytes. Window: 1196081
nc DEBUG: SSH: ssh_channel_read_timeout: Read (1) buffered : 183 bytes. Window: 1196081
nc DEBUG: SSH: ssh_channel_read_timeout: Read (1) buffered : 182 bytes. Window: 1196081
nc DEBUG: SSH: ssh_channel_read_timeout: Read (1) buffered : 181 bytes. Window: 1196081
nc DEBUG: SSH: ssh_channel_read_timeout: Read (180) buffered : 180 bytes. Window: 1196081
nc DEBUG: SSH: ssh_channel_read_timeout: Read (2) buffered : 0 bytes. Window: 1196081
nc DEBUG: SSH: ssh_packet_socket_callback: packet: read type 94 [len=24,padding=10,comp=13,payload=13]
nc DEBUG: SSH: ssh_packet_process: Dispatching handler for packet type 94
nc DEBUG: SSH: channel_rcv_data: Channel receiving 4 bytes data in 0 (local win=1196081 remote win=1227696)
nc DEBUG: SSH: channel_default_bufferize: placing 4 bytes into channel buffer (stdout)
nc DEBUG: SSH: channel_rcv_data: Channel windows are now (local win=1196077 remote win=1227696)
nc DEBUG: SSH: ssh_packet_need_rekey: rekey: [data_rekey_needed=0, out_blocks=6831, in_blocks=11369]
nc DEBUG: SSH: ssh_channel_read_timeout: Read (1) buffered : 2 bytes. Window: 1196077
nc DEBUG: SSH: ssh_channel_read_timeout: Read (1) buffered : 1 bytes. Window: 1196077
nc DEBUG: Received message:
<rpc-reply xmlns="urn:ietf:params:xml:ns:netconf:base:1.0" message-id="177"><next-update-at xmlns="urn:o-ran:supervision:1.0">2026-04-14T11:28:15+00:00</next-update-at></rpc-reply>

DATA
<next-update-at xmlns="urn:o-ran:supervision:1.0">2026-04-14T20:28:15+09:00</next-update-at>

nc DEBUG: Received message:
<notification xmlns="urn:ietf:params:xml:ns:netconf:notification:1.0"><eventTime>2026-04-14T11:28:15Z</eventTime><supervision-notification xmlns="urn:o-ran:supervision:1.0"/></notification>

notification (2026-04-14T11:28:15Z)
<supervision-notification xmlns="urn:o-ran:supervision:1.0"/>

Client SENT :  user-rpc --content /mplane_automation/conformance_test/watchdog.xml
nc DEBUG: Sending message:

#287


nc DEBUG: SSH: ssh_packet_need_rekey: rekey: [data_rekey_needed=0, out_blocks=6832, in_blocks=11396]
nc DEBUG: SSH: ssh_socket_unbuffered_write: Enabling POLLOUT for socket
nc DEBUG: SSH: packet_send2: packet: wrote [type=94, len=24, padding_size=8, comp=15, payload=15]
nc DEBUG: SSH: channel_write_common: ssh_channel_write wrote 6 bytes
nc DEBUG: Sending message:
<rpc xmlns="urn:ietf:params:xml:ns:netconf:base:1.0" message-id="178"><supervision-watchdog-reset xmlns="urn:o-ran:supervision:1.0"><supervision-notification-interval>10</supervision-notification-interval><guard-timer-overhead>10</guard-timer-overhead></supervision-watchdog-reset></rpc>

nc DEBUG: SSH: ssh_packet_need_rekey: rekey: [data_rekey_needed=0, out_blocks=6869, in_blocks=11432]
nc DEBUG: SSH: packet_send2: packet: wrote [type=94, len=304, padding_size=7, comp=296, payload=296]
nc DEBUG: SSH: channel_write_common: ssh_channel_write wrote 287 bytes
nc DEBUG: SSH: ssh_socket_unbuffered_write: Enabling POLLOUT for socket
nc DEBUG: Sending message:

##


nc DEBUG: SSH: ssh_packet_need_rekey: rekey: [data_rekey_needed=0, out_blocks=6870, in_blocks=11396]
nc DEBUG: SSH: packet_send2: packet: wrote [type=94, len=24, padding_size=10, comp=13, payload=13]
nc DEBUG: SSH: channel_write_common: ssh_channel_write wrote 4 bytes
nc DEBUG: SSH: ssh_socket_unbuffered_write: Enabling POLLOUT for socket
nc DEBUG: SSH: ssh_packet_socket_callback: packet: read type 94 [len=24,padding=8,comp=15,payload=15]
nc DEBUG: SSH: ssh_packet_process: Dispatching handler for packet type 94
nc DEBUG: SSH: channel_rcv_data: Channel receiving 6 bytes data in 0 (local win=1195878 remote win=1227399)
nc DEBUG: SSH: channel_default_bufferize: placing 6 bytes into channel buffer (stdout)
nc DEBUG: SSH: channel_rcv_data: Channel windows are now (local win=1195872 remote win=1227399)
nc DEBUG: SSH: ssh_packet_socket_callback: Processing 220 bytes left in socket buffer
nc DEBUG: SSH: ssh_packet_socket_callback: packet: read type 94 [len=200,padding=10,comp=189,payload=189]
nc DEBUG: SSH: ssh_packet_process: Dispatching handler for packet type 94
nc DEBUG: SSH: channel_rcv_data: Channel receiving 180 bytes data in 0 (local win=1195872 remote win=1227399)
nc DEBUG: SSH: channel_default_bufferize: placing 180 bytes into channel buffer (stdout)
nc DEBUG: SSH: channel_rcv_data: Channel windows are now (local win=1195692 remote win=1227399)
nc DEBUG: SSH: ssh_packet_need_rekey: rekey: [data_rekey_needed=0, out_blocks=6870, in_blocks=11419]
nc DEBUG: SSH: ssh_packet_need_rekey: rekey: [data_rekey_needed=0, out_blocks=6870, in_blocks=11419]
nc DEBUG: SSH: ssh_channel_read_timeout: Read (2) buffered : 186 bytes. Window: 1195692
nc DEBUG: SSH: ssh_channel_read_timeout: Read (1) buffered : 184 bytes. Window: 1195692
nc DEBUG: SSH: ssh_channel_read_timeout: Read (1) buffered : 183 bytes. Window: 1195692
nc DEBUG: SSH: ssh_channel_read_timeout: Read (1) buffered : 182 bytes. Window: 1195692
nc DEBUG: SSH: ssh_channel_read_timeout: Read (1) buffered : 181 bytes. Window: 1195692
nc DEBUG: SSH: ssh_channel_read_timeout: Read (180) buffered : 180 bytes. Window: 1195692
nc DEBUG: SSH: ssh_channel_read_timeout: Read (2) buffered : 0 bytes. Window: 1195692
nc DEBUG: SSH: ssh_packet_socket_callback: packet: read type 94 [len=24,padding=10,comp=13,payload=13]
nc DEBUG: SSH: ssh_packet_process: Dispatching handler for packet type 94
nc DEBUG: SSH: channel_rcv_data: Channel receiving 4 bytes data in 0 (local win=1195692 remote win=1227399)
nc DEBUG: SSH: channel_default_bufferize: placing 4 bytes into channel buffer (stdout)
nc DEBUG: SSH: channel_rcv_data: Channel windows are now (local win=1195688 remote win=1227399)
nc DEBUG: SSH: ssh_packet_need_rekey: rekey: [data_rekey_needed=0, out_blocks=6870, in_blocks=11420]
nc DEBUG: SSH: ssh_channel_read_timeout: Read (1) buffered : 2 bytes. Window: 1195688
nc DEBUG: SSH: ssh_channel_read_timeout: Read (1) buffered : 1 bytes. Window: 1195688
nc DEBUG: Received message:
<rpc-reply xmlns="urn:ietf:params:xml:ns:netconf:base:1.0" message-id="178"><next-update-at xmlns="urn:o-ran:supervision:1.0">2026-04-14T11:28:25+00:00</next-update-at></rpc-reply>

DATA
<next-update-at xmlns="urn:o-ran:supervision:1.0">2026-04-14T20:28:25+09:00</next-update-at>

nc DEBUG: Received message:
<notification xmlns="urn:ietf:params:xml:ns:netconf:notification:1.0"><eventTime>2026-04-14T11:28:25Z</eventTime><supervision-notification xmlns="urn:o-ran:supervision:1.0"/></notification>

notification (2026-04-14T11:28:25Z)
<supervision-notification xmlns="urn:o-ran:supervision:1.0"/>

Client SENT :  user-rpc --content /mplane_automation/conformance_test/watchdog.xml
nc DEBUG: Sending message:

#287


nc DEBUG: SSH: ssh_packet_need_rekey: rekey: [data_rekey_needed=0, out_blocks=6871, in_blocks=11447]
nc DEBUG: SSH: ssh_socket_unbuffered_write: Enabling POLLOUT for socket
nc DEBUG: SSH: packet_send2: packet: wrote [type=94, len=24, padding_size=8, comp=15, payload=15]
nc DEBUG: SSH: channel_write_common: ssh_channel_write wrote 6 bytes
nc DEBUG: Sending message:
<rpc xmlns="urn:ietf:params:xml:ns:netconf:base:1.0" message-id="179"><supervision-watchdog-reset xmlns="urn:o-ran:supervision:1.0"><supervision-notification-interval>10</supervision-notification-interval><guard-timer-overhead>10</guard-timer-overhead></supervision-watchdog-reset></rpc>

nc DEBUG: SSH: ssh_packet_need_rekey: rekey: [data_rekey_needed=0, out_blocks=6908, in_blocks=11483]
nc DEBUG: SSH: packet_send2: packet: wrote [type=94, len=304, padding_size=7, comp=296, payload=296]
nc DEBUG: SSH: channel_write_common: ssh_channel_write wrote 287 bytes
nc DEBUG: SSH: ssh_socket_unbuffered_write: Enabling POLLOUT for socket
nc DEBUG: Sending message:

##


nc DEBUG: SSH: ssh_packet_need_rekey: rekey: [data_rekey_needed=0, out_blocks=6909, in_blocks=11447]
nc DEBUG: SSH: packet_send2: packet: wrote [type=94, len=24, padding_size=10, comp=13, payload=13]
nc DEBUG: SSH: channel_write_common: ssh_channel_write wrote 4 bytes
nc DEBUG: SSH: ssh_socket_unbuffered_write: Enabling POLLOUT for socket
nc DEBUG: SSH: ssh_packet_socket_callback: packet: read type 94 [len=24,padding=8,comp=15,payload=15]
nc DEBUG: SSH: ssh_packet_process: Dispatching handler for packet type 94
nc DEBUG: SSH: channel_rcv_data: Channel receiving 6 bytes data in 0 (local win=1195489 remote win=1227102)
nc DEBUG: SSH: channel_default_bufferize: placing 6 bytes into channel buffer (stdout)
nc DEBUG: SSH: channel_rcv_data: Channel windows are now (local win=1195483 remote win=1227102)
nc DEBUG: SSH: ssh_packet_socket_callback: Processing 220 bytes left in socket buffer
nc DEBUG: SSH: ssh_packet_socket_callback: packet: read type 94 [len=200,padding=10,comp=189,payload=189]
nc DEBUG: SSH: ssh_packet_process: Dispatching handler for packet type 94
nc DEBUG: SSH: channel_rcv_data: Channel receiving 180 bytes data in 0 (local win=1195483 remote win=1227102)
nc DEBUG: SSH: channel_default_bufferize: placing 180 bytes into channel buffer (stdout)
nc DEBUG: SSH: channel_rcv_data: Channel windows are now (local win=1195303 remote win=1227102)
nc DEBUG: SSH: ssh_packet_need_rekey: rekey: [data_rekey_needed=0, out_blocks=6909, in_blocks=11470]
nc DEBUG: SSH: ssh_packet_need_rekey: rekey: [data_rekey_needed=0, out_blocks=6909, in_blocks=11470]
nc DEBUG: SSH: ssh_channel_read_timeout: Read (2) buffered : 186 bytes. Window: 1195303
nc DEBUG: SSH: ssh_channel_read_timeout: Read (1) buffered : 184 bytes. Window: 1195303
nc DEBUG: SSH: ssh_channel_read_timeout: Read (1) buffered : 183 bytes. Window: 1195303
nc DEBUG: SSH: ssh_channel_read_timeout: Read (1) buffered : 182 bytes. Window: 1195303
nc DEBUG: SSH: ssh_channel_read_timeout: Read (1) buffered : 181 bytes. Window: 1195303
nc DEBUG: SSH: ssh_channel_read_timeout: Read (180) buffered : 180 bytes. Window: 1195303
nc DEBUG: SSH: ssh_channel_read_timeout: Read (2) buffered : 0 bytes. Window: 1195303
nc DEBUG: SSH: ssh_packet_socket_callback: packet: read type 94 [len=24,padding=10,comp=13,payload=13]
nc DEBUG: SSH: ssh_packet_process: Dispatching handler for packet type 94
nc DEBUG: SSH: channel_rcv_data: Channel receiving 4 bytes data in 0 (local win=1195303 remote win=1227102)
nc DEBUG: SSH: channel_default_bufferize: placing 4 bytes into channel buffer (stdout)
nc DEBUG: SSH: channel_rcv_data: Channel windows are now (local win=1195299 remote win=1227102)
nc DEBUG: SSH: ssh_packet_need_rekey: rekey: [data_rekey_needed=0, out_blocks=6909, in_blocks=11471]
nc DEBUG: SSH: ssh_channel_read_timeout: Read (1) buffered : 2 bytes. Window: 1195299
nc DEBUG: SSH: ssh_channel_read_timeout: Read (1) buffered : 1 bytes. Window: 1195299
nc DEBUG: Received message:
<rpc-reply xmlns="urn:ietf:params:xml:ns:netconf:base:1.0" message-id="179"><next-update-at xmlns="urn:o-ran:supervision:1.0">2026-04-14T11:28:35+00:00</next-update-at></rpc-reply>

DATA
<next-update-at xmlns="urn:o-ran:supervision:1.0">2026-04-14T20:28:35+09:00</next-update-at>

nc DEBUG: Received message:
<notification xmlns="urn:ietf:params:xml:ns:netconf:notification:1.0"><eventTime>2026-04-14T11:28:35Z</eventTime><supervision-notification xmlns="urn:o-ran:supervision:1.0"/></notification>

notification (2026-04-14T11:28:35Z)
<supervision-notification xmlns="urn:o-ran:supervision:1.0"/>

Client SENT :  user-rpc --content /mplane_automation/conformance_test/watchdog.xml
nc DEBUG: Sending message:

#287


nc DEBUG: SSH: ssh_packet_need_rekey: rekey: [data_rekey_needed=0, out_blocks=6910, in_blocks=11498]
nc DEBUG: SSH: ssh_socket_unbuffered_write: Enabling POLLOUT for socket
nc DEBUG: SSH: packet_send2: packet: wrote [type=94, len=24, padding_size=8, comp=15, payload=15]
nc DEBUG: SSH: channel_write_common: ssh_channel_write wrote 6 bytes
nc DEBUG: Sending message:
<rpc xmlns="urn:ietf:params:xml:ns:netconf:base:1.0" message-id="180"><supervision-watchdog-reset xmlns="urn:o-ran:supervision:1.0"><supervision-notification-interval>10</supervision-notification-interval><guard-timer-overhead>10</guard-timer-overhead></supervision-watchdog-reset></rpc>

nc DEBUG: SSH: ssh_packet_need_rekey: rekey: [data_rekey_needed=0, out_blocks=6947, in_blocks=11534]
nc DEBUG: SSH: packet_send2: packet: wrote [type=94, len=304, padding_size=7, comp=296, payload=296]
nc DEBUG: SSH: channel_write_common: ssh_channel_write wrote 287 bytes
nc DEBUG: SSH: ssh_socket_unbuffered_write: Enabling POLLOUT for socket
nc DEBUG: Sending message:

##


nc DEBUG: SSH: ssh_packet_need_rekey: rekey: [data_rekey_needed=0, out_blocks=6948, in_blocks=11498]
nc DEBUG: SSH: packet_send2: packet: wrote [type=94, len=24, padding_size=10, comp=13, payload=13]
nc DEBUG: SSH: channel_write_common: ssh_channel_write wrote 4 bytes
nc DEBUG: SSH: ssh_socket_unbuffered_write: Enabling POLLOUT for socket
nc DEBUG: SSH: ssh_packet_socket_callback: packet: read type 94 [len=24,padding=8,comp=15,payload=15]
nc DEBUG: SSH: ssh_packet_process: Dispatching handler for packet type 94
nc DEBUG: SSH: channel_rcv_data: Channel receiving 6 bytes data in 0 (local win=1195100 remote win=1226805)
nc DEBUG: SSH: channel_default_bufferize: placing 6 bytes into channel buffer (stdout)
nc DEBUG: SSH: channel_rcv_data: Channel windows are now (local win=1195094 remote win=1226805)
nc DEBUG: SSH: ssh_packet_socket_callback: Processing 220 bytes left in socket buffer
nc DEBUG: SSH: ssh_packet_socket_callback: packet: read type 94 [len=200,padding=10,comp=189,payload=189]
nc DEBUG: SSH: ssh_packet_process: Dispatching handler for packet type 94
nc DEBUG: SSH: channel_rcv_data: Channel receiving 180 bytes data in 0 (local win=1195094 remote win=1226805)
nc DEBUG: SSH: channel_default_bufferize: placing 180 bytes into channel buffer (stdout)
nc DEBUG: SSH: channel_rcv_data: Channel windows are now (local win=1194914 remote win=1226805)
nc DEBUG: SSH: ssh_packet_need_rekey: rekey: [data_rekey_needed=0, out_blocks=6948, in_blocks=11521]
nc DEBUG: SSH: ssh_packet_need_rekey: rekey: [data_rekey_needed=0, out_blocks=6948, in_blocks=11521]
nc DEBUG: SSH: ssh_channel_read_timeout: Read (2) buffered : 186 bytes. Window: 1194914
nc DEBUG: SSH: ssh_channel_read_timeout: Read (1) buffered : 184 bytes. Window: 1194914
nc DEBUG: SSH: ssh_channel_read_timeout: Read (1) buffered : 183 bytes. Window: 1194914
nc DEBUG: SSH: ssh_channel_read_timeout: Read (1) buffered : 182 bytes. Window: 1194914
nc DEBUG: SSH: ssh_channel_read_timeout: Read (1) buffered : 181 bytes. Window: 1194914
nc DEBUG: SSH: ssh_channel_read_timeout: Read (180) buffered : 180 bytes. Window: 1194914
nc DEBUG: SSH: ssh_channel_read_timeout: Read (2) buffered : 0 bytes. Window: 1194914
nc DEBUG: SSH: ssh_packet_socket_callback: packet: read type 94 [len=24,padding=10,comp=13,payload=13]
nc DEBUG: SSH: ssh_packet_process: Dispatching handler for packet type 94
nc DEBUG: SSH: channel_rcv_data: Channel receiving 4 bytes data in 0 (local win=1194914 remote win=1226805)
nc DEBUG: SSH: channel_default_bufferize: placing 4 bytes into channel buffer (stdout)
nc DEBUG: SSH: channel_rcv_data: Channel windows are now (local win=1194910 remote win=1226805)
nc DEBUG: SSH: ssh_packet_need_rekey: rekey: [data_rekey_needed=0, out_blocks=6948, in_blocks=11522]
nc DEBUG: SSH: ssh_channel_read_timeout: Read (1) buffered : 2 bytes. Window: 1194910
nc DEBUG: SSH: ssh_channel_read_timeout: Read (1) buffered : 1 bytes. Window: 1194910
nc DEBUG: Received message:
<rpc-reply xmlns="urn:ietf:params:xml:ns:netconf:base:1.0" message-id="180"><next-update-at xmlns="urn:o-ran:supervision:1.0">2026-04-14T11:28:45+00:00</next-update-at></rpc-reply>

DATA
<next-update-at xmlns="urn:o-ran:supervision:1.0">2026-04-14T20:28:45+09:00</next-update-at>

nc DEBUG: Received message:
<notification xmlns="urn:ietf:params:xml:ns:netconf:notification:1.0"><eventTime>2026-04-14T11:28:45Z</eventTime><supervision-notification xmlns="urn:o-ran:supervision:1.0"/></notification>

notification (2026-04-14T11:28:45Z)
<supervision-notification xmlns="urn:o-ran:supervision:1.0"/>

Client SENT :  user-rpc --content /mplane_automation/conformance_test/watchdog.xml
nc DEBUG: Sending message:

#287


nc DEBUG: SSH: ssh_packet_need_rekey: rekey: [data_rekey_needed=0, out_blocks=6949, in_blocks=11549]
nc DEBUG: SSH: ssh_socket_unbuffered_write: Enabling POLLOUT for socket
nc DEBUG: SSH: packet_send2: packet: wrote [type=94, len=24, padding_size=8, comp=15, payload=15]
nc DEBUG: SSH: channel_write_common: ssh_channel_write wrote 6 bytes
nc DEBUG: Sending message:
<rpc xmlns="urn:ietf:params:xml:ns:netconf:base:1.0" message-id="181"><supervision-watchdog-reset xmlns="urn:o-ran:supervision:1.0"><supervision-notification-interval>10</supervision-notification-interval><guard-timer-overhead>10</guard-timer-overhead></supervision-watchdog-reset></rpc>

nc DEBUG: SSH: ssh_packet_need_rekey: rekey: [data_rekey_needed=0, out_blocks=6986, in_blocks=11585]
nc DEBUG: SSH: packet_send2: packet: wrote [type=94, len=304, padding_size=7, comp=296, payload=296]
nc DEBUG: SSH: channel_write_common: ssh_channel_write wrote 287 bytes
nc DEBUG: SSH: ssh_socket_unbuffered_write: Enabling POLLOUT for socket
nc DEBUG: Sending message:

##


nc DEBUG: SSH: ssh_packet_need_rekey: rekey: [data_rekey_needed=0, out_blocks=6987, in_blocks=11549]
nc DEBUG: SSH: packet_send2: packet: wrote [type=94, len=24, padding_size=10, comp=13, payload=13]
nc DEBUG: SSH: channel_write_common: ssh_channel_write wrote 4 bytes
nc DEBUG: SSH: ssh_socket_unbuffered_write: Enabling POLLOUT for socket
nc DEBUG: SSH: ssh_packet_socket_callback: packet: read type 94 [len=24,padding=8,comp=15,payload=15]
nc DEBUG: SSH: ssh_packet_process: Dispatching handler for packet type 94
nc DEBUG: SSH: channel_rcv_data: Channel receiving 6 bytes data in 0 (local win=1194711 remote win=1226508)
nc DEBUG: SSH: channel_default_bufferize: placing 6 bytes into channel buffer (stdout)
nc DEBUG: SSH: channel_rcv_data: Channel windows are now (local win=1194705 remote win=1226508)
nc DEBUG: SSH: ssh_packet_socket_callback: Processing 220 bytes left in socket buffer
nc DEBUG: SSH: ssh_packet_socket_callback: packet: read type 94 [len=200,padding=10,comp=189,payload=189]
nc DEBUG: SSH: ssh_packet_process: Dispatching handler for packet type 94
nc DEBUG: SSH: channel_rcv_data: Channel receiving 180 bytes data in 0 (local win=1194705 remote win=1226508)
nc DEBUG: SSH: channel_default_bufferize: placing 180 bytes into channel buffer (stdout)
nc DEBUG: SSH: channel_rcv_data: Channel windows are now (local win=1194525 remote win=1226508)
nc DEBUG: SSH: ssh_packet_need_rekey: rekey: [data_rekey_needed=0, out_blocks=6987, in_blocks=11572]
nc DEBUG: SSH: ssh_packet_need_rekey: rekey: [data_rekey_needed=0, out_blocks=6987, in_blocks=11572]
nc DEBUG: SSH: ssh_channel_read_timeout: Read (2) buffered : 186 bytes. Window: 1194525
nc DEBUG: SSH: ssh_channel_read_timeout: Read (1) buffered : 184 bytes. Window: 1194525
nc DEBUG: SSH: ssh_channel_read_timeout: Read (1) buffered : 183 bytes. Window: 1194525
nc DEBUG: SSH: ssh_channel_read_timeout: Read (1) buffered : 182 bytes. Window: 1194525
nc DEBUG: SSH: ssh_channel_read_timeout: Read (1) buffered : 181 bytes. Window: 1194525
nc DEBUG: SSH: ssh_channel_read_timeout: Read (180) buffered : 180 bytes. Window: 1194525
nc DEBUG: SSH: ssh_channel_read_timeout: Read (2) buffered : 0 bytes. Window: 1194525
nc DEBUG: SSH: ssh_packet_socket_callback: packet: read type 94 [len=24,padding=10,comp=13,payload=13]
nc DEBUG: SSH: ssh_packet_process: Dispatching handler for packet type 94
nc DEBUG: SSH: channel_rcv_data: Channel receiving 4 bytes data in 0 (local win=1194525 remote win=1226508)
nc DEBUG: SSH: channel_default_bufferize: placing 4 bytes into channel buffer (stdout)
nc DEBUG: SSH: channel_rcv_data: Channel windows are now (local win=1194521 remote win=1226508)
nc DEBUG: SSH: ssh_packet_need_rekey: rekey: [data_rekey_needed=0, out_blocks=6987, in_blocks=11573]
nc DEBUG: SSH: ssh_channel_read_timeout: Read (1) buffered : 2 bytes. Window: 1194521
nc DEBUG: SSH: ssh_channel_read_timeout: Read (1) buffered : 1 bytes. Window: 1194521
nc DEBUG: Received message:
<rpc-reply xmlns="urn:ietf:params:xml:ns:netconf:base:1.0" message-id="181"><next-update-at xmlns="urn:o-ran:supervision:1.0">2026-04-14T11:28:55+00:00</next-update-at></rpc-reply>

DATA
<next-update-at xmlns="urn:o-ran:supervision:1.0">2026-04-14T20:28:55+09:00</next-update-at>

nc DEBUG: Received message:
<notification xmlns="urn:ietf:params:xml:ns:netconf:notification:1.0"><eventTime>2026-04-14T11:28:55Z</eventTime><supervision-notification xmlns="urn:o-ran:supervision:1.0"/></notification>

notification (2026-04-14T11:28:55Z)
<supervision-notification xmlns="urn:o-ran:supervision:1.0"/>

Client SENT :  user-rpc --content /mplane_automation/conformance_test/watchdog.xml
nc DEBUG: Sending message:

#287


nc DEBUG: SSH: ssh_packet_need_rekey: rekey: [data_rekey_needed=0, out_blocks=6988, in_blocks=11600]
nc DEBUG: SSH: ssh_socket_unbuffered_write: Enabling POLLOUT for socket
nc DEBUG: SSH: packet_send2: packet: wrote [type=94, len=24, padding_size=8, comp=15, payload=15]
nc DEBUG: SSH: channel_write_common: ssh_channel_write wrote 6 bytes
nc DEBUG: Sending message:
<rpc xmlns="urn:ietf:params:xml:ns:netconf:base:1.0" message-id="182"><supervision-watchdog-reset xmlns="urn:o-ran:supervision:1.0"><supervision-notification-interval>10</supervision-notification-interval><guard-timer-overhead>10</guard-timer-overhead></supervision-watchdog-reset></rpc>

nc DEBUG: SSH: ssh_packet_need_rekey: rekey: [data_rekey_needed=0, out_blocks=7025, in_blocks=11636]
nc DEBUG: SSH: packet_send2: packet: wrote [type=94, len=304, padding_size=7, comp=296, payload=296]
nc DEBUG: SSH: channel_write_common: ssh_channel_write wrote 287 bytes
nc DEBUG: SSH: ssh_socket_unbuffered_write: Enabling POLLOUT for socket
nc DEBUG: Sending message:

##


nc DEBUG: SSH: ssh_packet_need_rekey: rekey: [data_rekey_needed=0, out_blocks=7026, in_blocks=11600]
nc DEBUG: SSH: packet_send2: packet: wrote [type=94, len=24, padding_size=10, comp=13, payload=13]
nc DEBUG: SSH: channel_write_common: ssh_channel_write wrote 4 bytes
nc DEBUG: SSH: ssh_socket_unbuffered_write: Enabling POLLOUT for socket
nc DEBUG: SSH: ssh_packet_socket_callback: packet: read type 94 [len=24,padding=8,comp=15,payload=15]
nc DEBUG: SSH: ssh_packet_process: Dispatching handler for packet type 94
nc DEBUG: SSH: channel_rcv_data: Channel receiving 6 bytes data in 0 (local win=1194322 remote win=1226211)
nc DEBUG: SSH: channel_default_bufferize: placing 6 bytes into channel buffer (stdout)
nc DEBUG: SSH: channel_rcv_data: Channel windows are now (local win=1194316 remote win=1226211)
nc DEBUG: SSH: ssh_packet_socket_callback: Processing 220 bytes left in socket buffer
nc DEBUG: SSH: ssh_packet_socket_callback: packet: read type 94 [len=200,padding=10,comp=189,payload=189]
nc DEBUG: SSH: ssh_packet_process: Dispatching handler for packet type 94
nc DEBUG: SSH: channel_rcv_data: Channel receiving 180 bytes data in 0 (local win=1194316 remote win=1226211)
nc DEBUG: SSH: channel_default_bufferize: placing 180 bytes into channel buffer (stdout)
nc DEBUG: SSH: channel_rcv_data: Channel windows are now (local win=1194136 remote win=1226211)
nc DEBUG: SSH: ssh_packet_need_rekey: rekey: [data_rekey_needed=0, out_blocks=7026, in_blocks=11623]
nc DEBUG: SSH: ssh_packet_need_rekey: rekey: [data_rekey_needed=0, out_blocks=7026, in_blocks=11623]
nc DEBUG: SSH: ssh_channel_read_timeout: Read (2) buffered : 186 bytes. Window: 1194136
nc DEBUG: SSH: ssh_channel_read_timeout: Read (1) buffered : 184 bytes. Window: 1194136
nc DEBUG: SSH: ssh_channel_read_timeout: Read (1) buffered : 183 bytes. Window: 1194136
nc DEBUG: SSH: ssh_channel_read_timeout: Read (1) buffered : 182 bytes. Window: 1194136
nc DEBUG: SSH: ssh_channel_read_timeout: Read (1) buffered : 181 bytes. Window: 1194136
nc DEBUG: SSH: ssh_channel_read_timeout: Read (180) buffered : 180 bytes. Window: 1194136
nc DEBUG: SSH: ssh_channel_read_timeout: Read (2) buffered : 0 bytes. Window: 1194136
nc DEBUG: SSH: ssh_packet_socket_callback: packet: read type 94 [len=24,padding=10,comp=13,payload=13]
nc DEBUG: SSH: ssh_packet_process: Dispatching handler for packet type 94
nc DEBUG: SSH: channel_rcv_data: Channel receiving 4 bytes data in 0 (local win=1194136 remote win=1226211)
nc DEBUG: SSH: channel_default_bufferize: placing 4 bytes into channel buffer (stdout)
nc DEBUG: SSH: channel_rcv_data: Channel windows are now (local win=1194132 remote win=1226211)
nc DEBUG: SSH: ssh_packet_need_rekey: rekey: [data_rekey_needed=0, out_blocks=7026, in_blocks=11624]
nc DEBUG: SSH: ssh_channel_read_timeout: Read (1) buffered : 2 bytes. Window: 1194132
nc DEBUG: SSH: ssh_channel_read_timeout: Read (1) buffered : 1 bytes. Window: 1194132
nc DEBUG: Received message:
<rpc-reply xmlns="urn:ietf:params:xml:ns:netconf:base:1.0" message-id="182"><next-update-at xmlns="urn:o-ran:supervision:1.0">2026-04-14T11:29:05+00:00</next-update-at></rpc-reply>

DATA
<next-update-at xmlns="urn:o-ran:supervision:1.0">2026-04-14T20:29:05+09:00</next-update-at>

nc DEBUG: Received message:
<notification xmlns="urn:ietf:params:xml:ns:netconf:notification:1.0"><eventTime>2026-04-14T11:29:05Z</eventTime><supervision-notification xmlns="urn:o-ran:supervision:1.0"/></notification>

notification (2026-04-14T11:29:05Z)
<supervision-notification xmlns="urn:o-ran:supervision:1.0"/>

Client SENT :  user-rpc --content /mplane_automation/conformance_test/watchdog.xml
nc DEBUG: Sending message:

#287


nc DEBUG: SSH: ssh_packet_need_rekey: rekey: [data_rekey_needed=0, out_blocks=7027, in_blocks=11651]
nc DEBUG: SSH: ssh_socket_unbuffered_write: Enabling POLLOUT for socket
nc DEBUG: SSH: packet_send2: packet: wrote [type=94, len=24, padding_size=8, comp=15, payload=15]
nc DEBUG: SSH: channel_write_common: ssh_channel_write wrote 6 bytes
nc DEBUG: Sending message:
<rpc xmlns="urn:ietf:params:xml:ns:netconf:base:1.0" message-id="183"><supervision-watchdog-reset xmlns="urn:o-ran:supervision:1.0"><supervision-notification-interval>10</supervision-notification-interval><guard-timer-overhead>10</guard-timer-overhead></supervision-watchdog-reset></rpc>

nc DEBUG: SSH: ssh_packet_need_rekey: rekey: [data_rekey_needed=0, out_blocks=7064, in_blocks=11687]
nc DEBUG: SSH: packet_send2: packet: wrote [type=94, len=304, padding_size=7, comp=296, payload=296]
nc DEBUG: SSH: channel_write_common: ssh_channel_write wrote 287 bytes
nc DEBUG: SSH: ssh_socket_unbuffered_write: Enabling POLLOUT for socket
nc DEBUG: Sending message:

##


nc DEBUG: SSH: ssh_packet_need_rekey: rekey: [data_rekey_needed=0, out_blocks=7065, in_blocks=11651]
nc DEBUG: SSH: packet_send2: packet: wrote [type=94, len=24, padding_size=10, comp=13, payload=13]
nc DEBUG: SSH: channel_write_common: ssh_channel_write wrote 4 bytes
nc DEBUG: SSH: ssh_socket_unbuffered_write: Enabling POLLOUT for socket
nc DEBUG: SSH: ssh_packet_socket_callback: packet: read type 94 [len=24,padding=8,comp=15,payload=15]
nc DEBUG: SSH: ssh_packet_process: Dispatching handler for packet type 94
nc DEBUG: SSH: channel_rcv_data: Channel receiving 6 bytes data in 0 (local win=1193933 remote win=1225914)
nc DEBUG: SSH: channel_default_bufferize: placing 6 bytes into channel buffer (stdout)
nc DEBUG: SSH: channel_rcv_data: Channel windows are now (local win=1193927 remote win=1225914)
nc DEBUG: SSH: ssh_packet_socket_callback: Processing 220 bytes left in socket buffer
nc DEBUG: SSH: ssh_packet_socket_callback: packet: read type 94 [len=200,padding=10,comp=189,payload=189]
nc DEBUG: SSH: ssh_packet_process: Dispatching handler for packet type 94
nc DEBUG: SSH: channel_rcv_data: Channel receiving 180 bytes data in 0 (local win=1193927 remote win=1225914)
nc DEBUG: SSH: channel_default_bufferize: placing 180 bytes into channel buffer (stdout)
nc DEBUG: SSH: channel_rcv_data: Channel windows are now (local win=1193747 remote win=1225914)
nc DEBUG: SSH: ssh_packet_need_rekey: rekey: [data_rekey_needed=0, out_blocks=7065, in_blocks=11674]
nc DEBUG: SSH: ssh_packet_need_rekey: rekey: [data_rekey_needed=0, out_blocks=7065, in_blocks=11674]
nc DEBUG: SSH: ssh_channel_read_timeout: Read (2) buffered : 186 bytes. Window: 1193747
nc DEBUG: SSH: ssh_channel_read_timeout: Read (1) buffered : 184 bytes. Window: 1193747
nc DEBUG: SSH: ssh_channel_read_timeout: Read (1) buffered : 183 bytes. Window: 1193747
nc DEBUG: SSH: ssh_channel_read_timeout: Read (1) buffered : 182 bytes. Window: 1193747
nc DEBUG: SSH: ssh_channel_read_timeout: Read (1) buffered : 181 bytes. Window: 1193747
nc DEBUG: SSH: ssh_channel_read_timeout: Read (180) buffered : 180 bytes. Window: 1193747
nc DEBUG: SSH: ssh_channel_read_timeout: Read (2) buffered : 0 bytes. Window: 1193747
nc DEBUG: SSH: ssh_packet_socket_callback: packet: read type 94 [len=24,padding=10,comp=13,payload=13]
nc DEBUG: SSH: ssh_packet_process: Dispatching handler for packet type 94
nc DEBUG: SSH: channel_rcv_data: Channel receiving 4 bytes data in 0 (local win=1193747 remote win=1225914)
nc DEBUG: SSH: channel_default_bufferize: placing 4 bytes into channel buffer (stdout)
nc DEBUG: SSH: channel_rcv_data: Channel windows are now (local win=1193743 remote win=1225914)
nc DEBUG: SSH: ssh_packet_need_rekey: rekey: [data_rekey_needed=0, out_blocks=7065, in_blocks=11675]
nc DEBUG: SSH: ssh_channel_read_timeout: Read (1) buffered : 2 bytes. Window: 1193743
nc DEBUG: SSH: ssh_channel_read_timeout: Read (1) buffered : 1 bytes. Window: 1193743
nc DEBUG: Received message:
<rpc-reply xmlns="urn:ietf:params:xml:ns:netconf:base:1.0" message-id="183"><next-update-at xmlns="urn:o-ran:supervision:1.0">2026-04-14T11:29:15+00:00</next-update-at></rpc-reply>

DATA
<next-update-at xmlns="urn:o-ran:supervision:1.0">2026-04-14T20:29:15+09:00</next-update-at>

nc DEBUG: Received message:
<notification xmlns="urn:ietf:params:xml:ns:netconf:notification:1.0"><eventTime>2026-04-14T11:29:15Z</eventTime><supervision-notification xmlns="urn:o-ran:supervision:1.0"/></notification>

notification (2026-04-14T11:29:15Z)
<supervision-notification xmlns="urn:o-ran:supervision:1.0"/>

Client SENT :  user-rpc --content /mplane_automation/conformance_test/watchdog.xml
nc DEBUG: Sending message:

#287


nc DEBUG: SSH: ssh_packet_need_rekey: rekey: [data_rekey_needed=0, out_blocks=7066, in_blocks=11702]
nc DEBUG: SSH: ssh_socket_unbuffered_write: Enabling POLLOUT for socket
nc DEBUG: SSH: packet_send2: packet: wrote [type=94, len=24, padding_size=8, comp=15, payload=15]
nc DEBUG: SSH: channel_write_common: ssh_channel_write wrote 6 bytes
nc DEBUG: Sending message:
<rpc xmlns="urn:ietf:params:xml:ns:netconf:base:1.0" message-id="184"><supervision-watchdog-reset xmlns="urn:o-ran:supervision:1.0"><supervision-notification-interval>10</supervision-notification-interval><guard-timer-overhead>10</guard-timer-overhead></supervision-watchdog-reset></rpc>

nc DEBUG: SSH: ssh_packet_need_rekey: rekey: [data_rekey_needed=0, out_blocks=7103, in_blocks=11738]
nc DEBUG: SSH: packet_send2: packet: wrote [type=94, len=304, padding_size=7, comp=296, payload=296]
nc DEBUG: SSH: channel_write_common: ssh_channel_write wrote 287 bytes
nc DEBUG: SSH: ssh_socket_unbuffered_write: Enabling POLLOUT for socket
nc DEBUG: Sending message:

##


nc DEBUG: SSH: ssh_packet_need_rekey: rekey: [data_rekey_needed=0, out_blocks=7104, in_blocks=11702]
nc DEBUG: SSH: packet_send2: packet: wrote [type=94, len=24, padding_size=10, comp=13, payload=13]
nc DEBUG: SSH: channel_write_common: ssh_channel_write wrote 4 bytes
nc DEBUG: SSH: ssh_socket_unbuffered_write: Enabling POLLOUT for socket
nc DEBUG: SSH: ssh_packet_socket_callback: packet: read type 94 [len=24,padding=8,comp=15,payload=15]
nc DEBUG: SSH: ssh_packet_process: Dispatching handler for packet type 94
nc DEBUG: SSH: channel_rcv_data: Channel receiving 6 bytes data in 0 (local win=1193544 remote win=1225617)
nc DEBUG: SSH: channel_default_bufferize: placing 6 bytes into channel buffer (stdout)
nc DEBUG: SSH: channel_rcv_data: Channel windows are now (local win=1193538 remote win=1225617)
nc DEBUG: SSH: ssh_packet_socket_callback: Processing 220 bytes left in socket buffer
nc DEBUG: SSH: ssh_packet_socket_callback: packet: read type 94 [len=200,padding=10,comp=189,payload=189]
nc DEBUG: SSH: ssh_packet_process: Dispatching handler for packet type 94
nc DEBUG: SSH: channel_rcv_data: Channel receiving 180 bytes data in 0 (local win=1193538 remote win=1225617)
nc DEBUG: SSH: channel_default_bufferize: placing 180 bytes into channel buffer (stdout)
nc DEBUG: SSH: channel_rcv_data: Channel windows are now (local win=1193358 remote win=1225617)
nc DEBUG: SSH: ssh_packet_need_rekey: rekey: [data_rekey_needed=0, out_blocks=7104, in_blocks=11725]
nc DEBUG: SSH: ssh_packet_need_rekey: rekey: [data_rekey_needed=0, out_blocks=7104, in_blocks=11725]
nc DEBUG: SSH: ssh_channel_read_timeout: Read (2) buffered : 186 bytes. Window: 1193358
nc DEBUG: SSH: ssh_channel_read_timeout: Read (1) buffered : 184 bytes. Window: 1193358
nc DEBUG: SSH: ssh_channel_read_timeout: Read (1) buffered : 183 bytes. Window: 1193358
nc DEBUG: SSH: ssh_channel_read_timeout: Read (1) buffered : 182 bytes. Window: 1193358
nc DEBUG: SSH: ssh_channel_read_timeout: Read (1) buffered : 181 bytes. Window: 1193358
nc DEBUG: SSH: ssh_channel_read_timeout: Read (180) buffered : 180 bytes. Window: 1193358
nc DEBUG: SSH: ssh_channel_read_timeout: Read (2) buffered : 0 bytes. Window: 1193358
nc DEBUG: SSH: ssh_packet_socket_callback: packet: read type 94 [len=24,padding=10,comp=13,payload=13]
nc DEBUG: SSH: ssh_packet_process: Dispatching handler for packet type 94
nc DEBUG: SSH: channel_rcv_data: Channel receiving 4 bytes data in 0 (local win=1193358 remote win=1225617)
nc DEBUG: SSH: channel_default_bufferize: placing 4 bytes into channel buffer (stdout)
nc DEBUG: SSH: channel_rcv_data: Channel windows are now (local win=1193354 remote win=1225617)
nc DEBUG: SSH: ssh_packet_need_rekey: rekey: [data_rekey_needed=0, out_blocks=7104, in_blocks=11726]
nc DEBUG: SSH: ssh_channel_read_timeout: Read (1) buffered : 2 bytes. Window: 1193354
nc DEBUG: SSH: ssh_channel_read_timeout: Read (1) buffered : 1 bytes. Window: 1193354
nc DEBUG: Received message:
<rpc-reply xmlns="urn:ietf:params:xml:ns:netconf:base:1.0" message-id="184"><next-update-at xmlns="urn:o-ran:supervision:1.0">2026-04-14T11:29:25+00:00</next-update-at></rpc-reply>

DATA
<next-update-at xmlns="urn:o-ran:supervision:1.0">2026-04-14T20:29:25+09:00</next-update-at>

nc DEBUG: Received message:
<notification xmlns="urn:ietf:params:xml:ns:netconf:notification:1.0"><eventTime>2026-04-14T11:29:25Z</eventTime><supervision-notification xmlns="urn:o-ran:supervision:1.0"/></notification>

notification (2026-04-14T11:29:25Z)
<supervision-notification xmlns="urn:o-ran:supervision:1.0"/>

Client SENT :  user-rpc --content /mplane_automation/conformance_test/watchdog.xml
nc DEBUG: Sending message:

#287


nc DEBUG: SSH: ssh_packet_need_rekey: rekey: [data_rekey_needed=0, out_blocks=7105, in_blocks=11753]
nc DEBUG: SSH: ssh_socket_unbuffered_write: Enabling POLLOUT for socket
nc DEBUG: SSH: packet_send2: packet: wrote [type=94, len=24, padding_size=8, comp=15, payload=15]
nc DEBUG: SSH: channel_write_common: ssh_channel_write wrote 6 bytes
nc DEBUG: Sending message:
<rpc xmlns="urn:ietf:params:xml:ns:netconf:base:1.0" message-id="185"><supervision-watchdog-reset xmlns="urn:o-ran:supervision:1.0"><supervision-notification-interval>10</supervision-notification-interval><guard-timer-overhead>10</guard-timer-overhead></supervision-watchdog-reset></rpc>

nc DEBUG: SSH: ssh_packet_need_rekey: rekey: [data_rekey_needed=0, out_blocks=7142, in_blocks=11789]
nc DEBUG: SSH: packet_send2: packet: wrote [type=94, len=304, padding_size=7, comp=296, payload=296]
nc DEBUG: SSH: channel_write_common: ssh_channel_write wrote 287 bytes
nc DEBUG: SSH: ssh_socket_unbuffered_write: Enabling POLLOUT for socket
nc DEBUG: Sending message:

##


nc DEBUG: SSH: ssh_packet_need_rekey: rekey: [data_rekey_needed=0, out_blocks=7143, in_blocks=11753]
nc DEBUG: SSH: packet_send2: packet: wrote [type=94, len=24, padding_size=10, comp=13, payload=13]
nc DEBUG: SSH: channel_write_common: ssh_channel_write wrote 4 bytes
nc DEBUG: SSH: ssh_socket_unbuffered_write: Enabling POLLOUT for socket
nc DEBUG: SSH: ssh_packet_socket_callback: packet: read type 94 [len=24,padding=8,comp=15,payload=15]
nc DEBUG: SSH: ssh_packet_process: Dispatching handler for packet type 94
nc DEBUG: SSH: channel_rcv_data: Channel receiving 6 bytes data in 0 (local win=1193155 remote win=1225320)
nc DEBUG: SSH: channel_default_bufferize: placing 6 bytes into channel buffer (stdout)
nc DEBUG: SSH: channel_rcv_data: Channel windows are now (local win=1193149 remote win=1225320)
nc DEBUG: SSH: ssh_packet_socket_callback: Processing 220 bytes left in socket buffer
nc DEBUG: SSH: ssh_packet_socket_callback: packet: read type 94 [len=200,padding=10,comp=189,payload=189]
nc DEBUG: SSH: ssh_packet_process: Dispatching handler for packet type 94
nc DEBUG: SSH: channel_rcv_data: Channel receiving 180 bytes data in 0 (local win=1193149 remote win=1225320)
nc DEBUG: SSH: channel_default_bufferize: placing 180 bytes into channel buffer (stdout)
nc DEBUG: SSH: channel_rcv_data: Channel windows are now (local win=1192969 remote win=1225320)
nc DEBUG: SSH: ssh_packet_need_rekey: rekey: [data_rekey_needed=0, out_blocks=7143, in_blocks=11776]
nc DEBUG: SSH: ssh_packet_need_rekey: rekey: [data_rekey_needed=0, out_blocks=7143, in_blocks=11776]
nc DEBUG: SSH: ssh_channel_read_timeout: Read (2) buffered : 186 bytes. Window: 1192969
nc DEBUG: SSH: ssh_channel_read_timeout: Read (1) buffered : 184 bytes. Window: 1192969
nc DEBUG: SSH: ssh_channel_read_timeout: Read (1) buffered : 183 bytes. Window: 1192969
nc DEBUG: SSH: ssh_channel_read_timeout: Read (1) buffered : 182 bytes. Window: 1192969
nc DEBUG: SSH: ssh_channel_read_timeout: Read (1) buffered : 181 bytes. Window: 1192969
nc DEBUG: SSH: ssh_channel_read_timeout: Read (180) buffered : 180 bytes. Window: 1192969
nc DEBUG: SSH: ssh_channel_read_timeout: Read (2) buffered : 0 bytes. Window: 1192969
nc DEBUG: SSH: ssh_packet_socket_callback: packet: read type 94 [len=24,padding=10,comp=13,payload=13]
nc DEBUG: SSH: ssh_packet_process: Dispatching handler for packet type 94
nc DEBUG: SSH: channel_rcv_data: Channel receiving 4 bytes data in 0 (local win=1192969 remote win=1225320)
nc DEBUG: SSH: channel_default_bufferize: placing 4 bytes into channel buffer (stdout)
nc DEBUG: SSH: channel_rcv_data: Channel windows are now (local win=1192965 remote win=1225320)
nc DEBUG: SSH: ssh_packet_need_rekey: rekey: [data_rekey_needed=0, out_blocks=7143, in_blocks=11777]
nc DEBUG: SSH: ssh_channel_read_timeout: Read (1) buffered : 2 bytes. Window: 1192965
nc DEBUG: SSH: ssh_channel_read_timeout: Read (1) buffered : 1 bytes. Window: 1192965
nc DEBUG: Received message:
<rpc-reply xmlns="urn:ietf:params:xml:ns:netconf:base:1.0" message-id="185"><next-update-at xmlns="urn:o-ran:supervision:1.0">2026-04-14T11:29:35+00:00</next-update-at></rpc-reply>

DATA
<next-update-at xmlns="urn:o-ran:supervision:1.0">2026-04-14T20:29:35+09:00</next-update-at>

nc DEBUG: Received message:
<notification xmlns="urn:ietf:params:xml:ns:netconf:notification:1.0"><eventTime>2026-04-14T11:29:35Z</eventTime><supervision-notification xmlns="urn:o-ran:supervision:1.0"/></notification>

notification (2026-04-14T11:29:35Z)
<supervision-notification xmlns="urn:o-ran:supervision:1.0"/>

Client SENT :  user-rpc --content /mplane_automation/conformance_test/watchdog.xml
nc DEBUG: Sending message:

#287


nc DEBUG: SSH: ssh_packet_need_rekey: rekey: [data_rekey_needed=0, out_blocks=7144, in_blocks=11804]
nc DEBUG: SSH: ssh_socket_unbuffered_write: Enabling POLLOUT for socket
nc DEBUG: SSH: packet_send2: packet: wrote [type=94, len=24, padding_size=8, comp=15, payload=15]
nc DEBUG: SSH: channel_write_common: ssh_channel_write wrote 6 bytes
nc DEBUG: Sending message:
<rpc xmlns="urn:ietf:params:xml:ns:netconf:base:1.0" message-id="186"><supervision-watchdog-reset xmlns="urn:o-ran:supervision:1.0"><supervision-notification-interval>10</supervision-notification-interval><guard-timer-overhead>10</guard-timer-overhead></supervision-watchdog-reset></rpc>

nc DEBUG: SSH: ssh_packet_need_rekey: rekey: [data_rekey_needed=0, out_blocks=7181, in_blocks=11840]
nc DEBUG: SSH: packet_send2: packet: wrote [type=94, len=304, padding_size=7, comp=296, payload=296]
nc DEBUG: SSH: channel_write_common: ssh_channel_write wrote 287 bytes
nc DEBUG: SSH: ssh_socket_unbuffered_write: Enabling POLLOUT for socket
nc DEBUG: Sending message:

##


nc DEBUG: SSH: ssh_packet_need_rekey: rekey: [data_rekey_needed=0, out_blocks=7182, in_blocks=11804]
nc DEBUG: SSH: packet_send2: packet: wrote [type=94, len=24, padding_size=10, comp=13, payload=13]
nc DEBUG: SSH: channel_write_common: ssh_channel_write wrote 4 bytes
nc DEBUG: SSH: ssh_socket_unbuffered_write: Enabling POLLOUT for socket
nc DEBUG: SSH: ssh_packet_socket_callback: packet: read type 94 [len=24,padding=8,comp=15,payload=15]
nc DEBUG: SSH: ssh_packet_process: Dispatching handler for packet type 94
nc DEBUG: SSH: channel_rcv_data: Channel receiving 6 bytes data in 0 (local win=1192766 remote win=1225023)
nc DEBUG: SSH: channel_default_bufferize: placing 6 bytes into channel buffer (stdout)
nc DEBUG: SSH: channel_rcv_data: Channel windows are now (local win=1192760 remote win=1225023)
nc DEBUG: SSH: ssh_packet_socket_callback: Processing 220 bytes left in socket buffer
nc DEBUG: SSH: ssh_packet_socket_callback: packet: read type 94 [len=200,padding=10,comp=189,payload=189]
nc DEBUG: SSH: ssh_packet_process: Dispatching handler for packet type 94
nc DEBUG: SSH: channel_rcv_data: Channel receiving 180 bytes data in 0 (local win=1192760 remote win=1225023)
nc DEBUG: SSH: channel_default_bufferize: placing 180 bytes into channel buffer (stdout)
nc DEBUG: SSH: channel_rcv_data: Channel windows are now (local win=1192580 remote win=1225023)
nc DEBUG: SSH: ssh_packet_need_rekey: rekey: [data_rekey_needed=0, out_blocks=7182, in_blocks=11827]
nc DEBUG: SSH: ssh_packet_need_rekey: rekey: [data_rekey_needed=0, out_blocks=7182, in_blocks=11827]
nc DEBUG: SSH: ssh_channel_read_timeout: Read (2) buffered : 186 bytes. Window: 1192580
nc DEBUG: SSH: ssh_channel_read_timeout: Read (1) buffered : 184 bytes. Window: 1192580
nc DEBUG: SSH: ssh_channel_read_timeout: Read (1) buffered : 183 bytes. Window: 1192580
nc DEBUG: SSH: ssh_channel_read_timeout: Read (1) buffered : 182 bytes. Window: 1192580
nc DEBUG: SSH: ssh_channel_read_timeout: Read (1) buffered : 181 bytes. Window: 1192580
nc DEBUG: SSH: ssh_channel_read_timeout: Read (180) buffered : 180 bytes. Window: 1192580
nc DEBUG: SSH: ssh_channel_read_timeout: Read (2) buffered : 0 bytes. Window: 1192580
nc DEBUG: SSH: ssh_packet_socket_callback: packet: read type 94 [len=24,padding=10,comp=13,payload=13]
nc DEBUG: SSH: ssh_packet_process: Dispatching handler for packet type 94
nc DEBUG: SSH: channel_rcv_data: Channel receiving 4 bytes data in 0 (local win=1192580 remote win=1225023)
nc DEBUG: SSH: channel_default_bufferize: placing 4 bytes into channel buffer (stdout)
nc DEBUG: SSH: channel_rcv_data: Channel windows are now (local win=1192576 remote win=1225023)
nc DEBUG: SSH: ssh_packet_need_rekey: rekey: [data_rekey_needed=0, out_blocks=7182, in_blocks=11828]
nc DEBUG: SSH: ssh_channel_read_timeout: Read (1) buffered : 2 bytes. Window: 1192576
nc DEBUG: SSH: ssh_channel_read_timeout: Read (1) buffered : 1 bytes. Window: 1192576
nc DEBUG: Received message:
<rpc-reply xmlns="urn:ietf:params:xml:ns:netconf:base:1.0" message-id="186"><next-update-at xmlns="urn:o-ran:supervision:1.0">2026-04-14T11:29:45+00:00</next-update-at></rpc-reply>

DATA
<next-update-at xmlns="urn:o-ran:supervision:1.0">2026-04-14T20:29:45+09:00</next-update-at>

nc DEBUG: Received message:
<notification xmlns="urn:ietf:params:xml:ns:netconf:notification:1.0"><eventTime>2026-04-14T11:29:45Z</eventTime><supervision-notification xmlns="urn:o-ran:supervision:1.0"/></notification>

notification (2026-04-14T11:29:45Z)
<supervision-notification xmlns="urn:o-ran:supervision:1.0"/>

Client SENT :  user-rpc --content /mplane_automation/conformance_test/watchdog.xml
nc DEBUG: Sending message:

#287


nc DEBUG: SSH: ssh_packet_need_rekey: rekey: [data_rekey_needed=0, out_blocks=7183, in_blocks=11855]
nc DEBUG: SSH: ssh_socket_unbuffered_write: Enabling POLLOUT for socket
nc DEBUG: SSH: packet_send2: packet: wrote [type=94, len=24, padding_size=8, comp=15, payload=15]
nc DEBUG: SSH: channel_write_common: ssh_channel_write wrote 6 bytes
nc DEBUG: Sending message:
<rpc xmlns="urn:ietf:params:xml:ns:netconf:base:1.0" message-id="187"><supervision-watchdog-reset xmlns="urn:o-ran:supervision:1.0"><supervision-notification-interval>10</supervision-notification-interval><guard-timer-overhead>10</guard-timer-overhead></supervision-watchdog-reset></rpc>

nc DEBUG: SSH: ssh_packet_need_rekey: rekey: [data_rekey_needed=0, out_blocks=7220, in_blocks=11891]
nc DEBUG: SSH: packet_send2: packet: wrote [type=94, len=304, padding_size=7, comp=296, payload=296]
nc DEBUG: SSH: channel_write_common: ssh_channel_write wrote 287 bytes
nc DEBUG: SSH: ssh_socket_unbuffered_write: Enabling POLLOUT for socket
nc DEBUG: Sending message:

##


nc DEBUG: SSH: ssh_packet_need_rekey: rekey: [data_rekey_needed=0, out_blocks=7221, in_blocks=11855]
nc DEBUG: SSH: packet_send2: packet: wrote [type=94, len=24, padding_size=10, comp=13, payload=13]
nc DEBUG: SSH: channel_write_common: ssh_channel_write wrote 4 bytes
nc DEBUG: SSH: ssh_socket_unbuffered_write: Enabling POLLOUT for socket
nc DEBUG: SSH: ssh_packet_socket_callback: packet: read type 94 [len=24,padding=8,comp=15,payload=15]
nc DEBUG: SSH: ssh_packet_process: Dispatching handler for packet type 94
nc DEBUG: SSH: channel_rcv_data: Channel receiving 6 bytes data in 0 (local win=1192377 remote win=1224726)
nc DEBUG: SSH: channel_default_bufferize: placing 6 bytes into channel buffer (stdout)
nc DEBUG: SSH: channel_rcv_data: Channel windows are now (local win=1192371 remote win=1224726)
nc DEBUG: SSH: ssh_packet_need_rekey: rekey: [data_rekey_needed=0, out_blocks=7221, in_blocks=11855]
nc DEBUG: SSH: ssh_channel_read_timeout: Read (2) buffered : 6 bytes. Window: 1192371
nc DEBUG: SSH: ssh_channel_read_timeout: Read (1) buffered : 4 bytes. Window: 1192371
nc DEBUG: SSH: ssh_channel_read_timeout: Read (1) buffered : 3 bytes. Window: 1192371
nc DEBUG: SSH: ssh_channel_read_timeout: Read (1) buffered : 2 bytes. Window: 1192371
nc DEBUG: SSH: ssh_channel_read_timeout: Read (1) buffered : 1 bytes. Window: 1192371
nc DEBUG: SSH: ssh_channel_read_timeout: Read (180) buffered : 0 bytes. Window: 1192371
nc DEBUG: SSH: ssh_packet_socket_callback: packet: read type 94 [len=200,padding=10,comp=189,payload=189]
nc DEBUG: SSH: ssh_packet_process: Dispatching handler for packet type 94
nc DEBUG: SSH: channel_rcv_data: Channel receiving 180 bytes data in 0 (local win=1192371 remote win=1224726)
nc DEBUG: SSH: channel_default_bufferize: placing 180 bytes into channel buffer (stdout)
nc DEBUG: SSH: channel_rcv_data: Channel windows are now (local win=1192191 remote win=1224726)
nc DEBUG: SSH: ssh_packet_socket_callback: Processing 44 bytes left in socket buffer
nc DEBUG: SSH: ssh_packet_socket_callback: packet: read type 94 [len=24,padding=10,comp=13,payload=13]
nc DEBUG: SSH: ssh_packet_process: Dispatching handler for packet type 94
nc DEBUG: SSH: channel_rcv_data: Channel receiving 4 bytes data in 0 (local win=1192191 remote win=1224726)
nc DEBUG: SSH: channel_default_bufferize: placing 4 bytes into channel buffer (stdout)
nc DEBUG: SSH: channel_rcv_data: Channel windows are now (local win=1192187 remote win=1224726)
nc DEBUG: SSH: ssh_packet_need_rekey: rekey: [data_rekey_needed=0, out_blocks=7221, in_blocks=11879]
nc DEBUG: SSH: ssh_packet_need_rekey: rekey: [data_rekey_needed=0, out_blocks=7221, in_blocks=11879]
nc DEBUG: SSH: ssh_channel_read_timeout: Read (2) buffered : 4 bytes. Window: 1192187
nc DEBUG: SSH: ssh_channel_read_timeout: Read (1) buffered : 2 bytes. Window: 1192187
nc DEBUG: SSH: ssh_channel_read_timeout: Read (1) buffered : 1 bytes. Window: 1192187
nc DEBUG: Received message:
<rpc-reply xmlns="urn:ietf:params:xml:ns:netconf:base:1.0" message-id="187"><next-update-at xmlns="urn:o-ran:supervision:1.0">2026-04-14T11:29:55+00:00</next-update-at></rpc-reply>

DATA
<next-update-at xmlns="urn:o-ran:supervision:1.0">2026-04-14T20:29:55+09:00</next-update-at>

nc DEBUG: Received message:
<notification xmlns="urn:ietf:params:xml:ns:netconf:notification:1.0"><eventTime>2026-04-14T11:29:55Z</eventTime><supervision-notification xmlns="urn:o-ran:supervision:1.0"/></notification>

notification (2026-04-14T11:29:55Z)
<supervision-notification xmlns="urn:o-ran:supervision:1.0"/>

Client SENT :  user-rpc --content /mplane_automation/conformance_test/watchdog.xml
nc DEBUG: Sending message:

#287


nc DEBUG: SSH: ssh_packet_need_rekey: rekey: [data_rekey_needed=0, out_blocks=7222, in_blocks=11906]
nc DEBUG: SSH: ssh_socket_unbuffered_write: Enabling POLLOUT for socket
nc DEBUG: SSH: packet_send2: packet: wrote [type=94, len=24, padding_size=8, comp=15, payload=15]
nc DEBUG: SSH: channel_write_common: ssh_channel_write wrote 6 bytes
nc DEBUG: Sending message:
<rpc xmlns="urn:ietf:params:xml:ns:netconf:base:1.0" message-id="188"><supervision-watchdog-reset xmlns="urn:o-ran:supervision:1.0"><supervision-notification-interval>10</supervision-notification-interval><guard-timer-overhead>10</guard-timer-overhead></supervision-watchdog-reset></rpc>

nc DEBUG: SSH: ssh_packet_need_rekey: rekey: [data_rekey_needed=0, out_blocks=7259, in_blocks=11942]
nc DEBUG: SSH: packet_send2: packet: wrote [type=94, len=304, padding_size=7, comp=296, payload=296]
nc DEBUG: SSH: channel_write_common: ssh_channel_write wrote 287 bytes
nc DEBUG: SSH: ssh_socket_unbuffered_write: Enabling POLLOUT for socket
nc DEBUG: Sending message:

##


nc DEBUG: SSH: ssh_packet_need_rekey: rekey: [data_rekey_needed=0, out_blocks=7260, in_blocks=11906]
nc DEBUG: SSH: packet_send2: packet: wrote [type=94, len=24, padding_size=10, comp=13, payload=13]
nc DEBUG: SSH: channel_write_common: ssh_channel_write wrote 4 bytes
nc DEBUG: SSH: ssh_socket_unbuffered_write: Enabling POLLOUT for socket
nc DEBUG: SSH: ssh_packet_socket_callback: packet: read type 94 [len=24,padding=8,comp=15,payload=15]
nc DEBUG: SSH: ssh_packet_process: Dispatching handler for packet type 94
nc DEBUG: SSH: channel_rcv_data: Channel receiving 6 bytes data in 0 (local win=1191988 remote win=1224429)
nc DEBUG: SSH: channel_default_bufferize: placing 6 bytes into channel buffer (stdout)
nc DEBUG: SSH: channel_rcv_data: Channel windows are now (local win=1191982 remote win=1224429)
nc DEBUG: SSH: ssh_packet_need_rekey: rekey: [data_rekey_needed=0, out_blocks=7260, in_blocks=11906]
nc DEBUG: SSH: ssh_channel_read_timeout: Read (2) buffered : 6 bytes. Window: 1191982
nc DEBUG: SSH: ssh_channel_read_timeout: Read (1) buffered : 4 bytes. Window: 1191982
nc DEBUG: SSH: ssh_channel_read_timeout: Read (1) buffered : 3 bytes. Window: 1191982
nc DEBUG: SSH: ssh_channel_read_timeout: Read (1) buffered : 2 bytes. Window: 1191982
nc DEBUG: SSH: ssh_channel_read_timeout: Read (1) buffered : 1 bytes. Window: 1191982
nc DEBUG: SSH: ssh_channel_read_timeout: Read (180) buffered : 0 bytes. Window: 1191982
nc DEBUG: SSH: ssh_packet_socket_callback: packet: read type 94 [len=200,padding=10,comp=189,payload=189]
nc DEBUG: SSH: ssh_packet_process: Dispatching handler for packet type 94
nc DEBUG: SSH: channel_rcv_data: Channel receiving 180 bytes data in 0 (local win=1191982 remote win=1224429)
nc DEBUG: SSH: channel_default_bufferize: placing 180 bytes into channel buffer (stdout)
nc DEBUG: SSH: channel_rcv_data: Channel windows are now (local win=1191802 remote win=1224429)
nc DEBUG: SSH: ssh_packet_socket_callback: Processing 44 bytes left in socket buffer
nc DEBUG: SSH: ssh_packet_socket_callback: packet: read type 94 [len=24,padding=10,comp=13,payload=13]
nc DEBUG: SSH: ssh_packet_process: Dispatching handler for packet type 94
nc DEBUG: SSH: channel_rcv_data: Channel receiving 4 bytes data in 0 (local win=1191802 remote win=1224429)
nc DEBUG: SSH: channel_default_bufferize: placing 4 bytes into channel buffer (stdout)
nc DEBUG: SSH: channel_rcv_data: Channel windows are now (local win=1191798 remote win=1224429)
nc DEBUG: SSH: ssh_packet_need_rekey: rekey: [data_rekey_needed=0, out_blocks=7260, in_blocks=11930]
nc DEBUG: SSH: ssh_packet_need_rekey: rekey: [data_rekey_needed=0, out_blocks=7260, in_blocks=11930]
nc DEBUG: SSH: ssh_channel_read_timeout: Read (2) buffered : 4 bytes. Window: 1191798
nc DEBUG: SSH: ssh_channel_read_timeout: Read (1) buffered : 2 bytes. Window: 1191798
nc DEBUG: SSH: ssh_channel_read_timeout: Read (1) buffered : 1 bytes. Window: 1191798
nc DEBUG: Received message:
<rpc-reply xmlns="urn:ietf:params:xml:ns:netconf:base:1.0" message-id="188"><next-update-at xmlns="urn:o-ran:supervision:1.0">2026-04-14T11:30:05+00:00</next-update-at></rpc-reply>

DATA
<next-update-at xmlns="urn:o-ran:supervision:1.0">2026-04-14T20:30:05+09:00</next-update-at>

nc DEBUG: Received message:
<notification xmlns="urn:ietf:params:xml:ns:netconf:notification:1.0"><eventTime>2026-04-14T11:30:05Z</eventTime><supervision-notification xmlns="urn:o-ran:supervision:1.0"/></notification>

notification (2026-04-14T11:30:05Z)
<supervision-notification xmlns="urn:o-ran:supervision:1.0"/>

Client SENT :  user-rpc --content /mplane_automation/conformance_test/watchdog.xml
nc DEBUG: Sending message:

#287


nc DEBUG: SSH: ssh_packet_need_rekey: rekey: [data_rekey_needed=0, out_blocks=7261, in_blocks=11957]
nc DEBUG: SSH: ssh_socket_unbuffered_write: Enabling POLLOUT for socket
nc DEBUG: SSH: packet_send2: packet: wrote [type=94, len=24, padding_size=8, comp=15, payload=15]
nc DEBUG: SSH: channel_write_common: ssh_channel_write wrote 6 bytes
nc DEBUG: Sending message:
<rpc xmlns="urn:ietf:params:xml:ns:netconf:base:1.0" message-id="189"><supervision-watchdog-reset xmlns="urn:o-ran:supervision:1.0"><supervision-notification-interval>10</supervision-notification-interval><guard-timer-overhead>10</guard-timer-overhead></supervision-watchdog-reset></rpc>

nc DEBUG: SSH: ssh_packet_need_rekey: rekey: [data_rekey_needed=0, out_blocks=7298, in_blocks=11993]
nc DEBUG: SSH: packet_send2: packet: wrote [type=94, len=304, padding_size=7, comp=296, payload=296]
nc DEBUG: SSH: channel_write_common: ssh_channel_write wrote 287 bytes
nc DEBUG: SSH: ssh_socket_unbuffered_write: Enabling POLLOUT for socket
nc DEBUG: Sending message:

##


nc DEBUG: SSH: ssh_packet_need_rekey: rekey: [data_rekey_needed=0, out_blocks=7299, in_blocks=11957]
nc DEBUG: SSH: packet_send2: packet: wrote [type=94, len=24, padding_size=10, comp=13, payload=13]
nc DEBUG: SSH: channel_write_common: ssh_channel_write wrote 4 bytes
nc DEBUG: SSH: ssh_socket_unbuffered_write: Enabling POLLOUT for socket
nc DEBUG: SSH: ssh_packet_socket_callback: packet: read type 94 [len=24,padding=8,comp=15,payload=15]
nc DEBUG: SSH: ssh_packet_process: Dispatching handler for packet type 94
nc DEBUG: SSH: channel_rcv_data: Channel receiving 6 bytes data in 0 (local win=1191599 remote win=1224132)
nc DEBUG: SSH: channel_default_bufferize: placing 6 bytes into channel buffer (stdout)
nc DEBUG: SSH: channel_rcv_data: Channel windows are now (local win=1191593 remote win=1224132)
nc DEBUG: SSH: ssh_packet_socket_callback: Processing 220 bytes left in socket buffer
nc DEBUG: SSH: ssh_packet_socket_callback: packet: read type 94 [len=200,padding=10,comp=189,payload=189]
nc DEBUG: SSH: ssh_packet_process: Dispatching handler for packet type 94
nc DEBUG: SSH: channel_rcv_data: Channel receiving 180 bytes data in 0 (local win=1191593 remote win=1224132)
nc DEBUG: SSH: channel_default_bufferize: placing 180 bytes into channel buffer (stdout)
nc DEBUG: SSH: channel_rcv_data: Channel windows are now (local win=1191413 remote win=1224132)
nc DEBUG: SSH: ssh_packet_need_rekey: rekey: [data_rekey_needed=0, out_blocks=7299, in_blocks=11980]
nc DEBUG: SSH: ssh_packet_need_rekey: rekey: [data_rekey_needed=0, out_blocks=7299, in_blocks=11980]
nc DEBUG: SSH: ssh_channel_read_timeout: Read (2) buffered : 186 bytes. Window: 1191413
nc DEBUG: SSH: ssh_channel_read_timeout: Read (1) buffered : 184 bytes. Window: 1191413
nc DEBUG: SSH: ssh_channel_read_timeout: Read (1) buffered : 183 bytes. Window: 1191413
nc DEBUG: SSH: ssh_channel_read_timeout: Read (1) buffered : 182 bytes. Window: 1191413
nc DEBUG: SSH: ssh_channel_read_timeout: Read (1) buffered : 181 bytes. Window: 1191413
nc DEBUG: SSH: ssh_channel_read_timeout: Read (180) buffered : 180 bytes. Window: 1191413
nc DEBUG: SSH: ssh_channel_read_timeout: Read (2) buffered : 0 bytes. Window: 1191413
nc DEBUG: SSH: ssh_packet_socket_callback: packet: read type 94 [len=24,padding=10,comp=13,payload=13]
nc DEBUG: SSH: ssh_packet_process: Dispatching handler for packet type 94
nc DEBUG: SSH: channel_rcv_data: Channel receiving 4 bytes data in 0 (local win=1191413 remote win=1224132)
nc DEBUG: SSH: channel_default_bufferize: placing 4 bytes into channel buffer (stdout)
nc DEBUG: SSH: channel_rcv_data: Channel windows are now (local win=1191409 remote win=1224132)
nc DEBUG: SSH: ssh_packet_need_rekey: rekey: [data_rekey_needed=0, out_blocks=7299, in_blocks=11981]
nc DEBUG: SSH: ssh_channel_read_timeout: Read (1) buffered : 2 bytes. Window: 1191409
nc DEBUG: SSH: ssh_channel_read_timeout: Read (1) buffered : 1 bytes. Window: 1191409
nc DEBUG: Received message:
<rpc-reply xmlns="urn:ietf:params:xml:ns:netconf:base:1.0" message-id="189"><next-update-at xmlns="urn:o-ran:supervision:1.0">2026-04-14T11:30:15+00:00</next-update-at></rpc-reply>

DATA
<next-update-at xmlns="urn:o-ran:supervision:1.0">2026-04-14T20:30:15+09:00</next-update-at>

nc DEBUG: Received message:
<notification xmlns="urn:ietf:params:xml:ns:netconf:notification:1.0"><eventTime>2026-04-14T11:30:15Z</eventTime><supervision-notification xmlns="urn:o-ran:supervision:1.0"/></notification>

notification (2026-04-14T11:30:15Z)
<supervision-notification xmlns="urn:o-ran:supervision:1.0"/>

Client SENT :  user-rpc --content /mplane_automation/conformance_test/watchdog.xml
nc DEBUG: Sending message:

#287


nc DEBUG: SSH: ssh_packet_need_rekey: rekey: [data_rekey_needed=0, out_blocks=7300, in_blocks=12008]
nc DEBUG: SSH: ssh_socket_unbuffered_write: Enabling POLLOUT for socket
nc DEBUG: SSH: packet_send2: packet: wrote [type=94, len=24, padding_size=8, comp=15, payload=15]
nc DEBUG: SSH: channel_write_common: ssh_channel_write wrote 6 bytes
nc DEBUG: Sending message:
<rpc xmlns="urn:ietf:params:xml:ns:netconf:base:1.0" message-id="190"><supervision-watchdog-reset xmlns="urn:o-ran:supervision:1.0"><supervision-notification-interval>10</supervision-notification-interval><guard-timer-overhead>10</guard-timer-overhead></supervision-watchdog-reset></rpc>

nc DEBUG: SSH: ssh_packet_need_rekey: rekey: [data_rekey_needed=0, out_blocks=7337, in_blocks=12044]
nc DEBUG: SSH: packet_send2: packet: wrote [type=94, len=304, padding_size=7, comp=296, payload=296]
nc DEBUG: SSH: channel_write_common: ssh_channel_write wrote 287 bytes
nc DEBUG: SSH: ssh_socket_unbuffered_write: Enabling POLLOUT for socket
nc DEBUG: Sending message:

##


nc DEBUG: SSH: ssh_packet_need_rekey: rekey: [data_rekey_needed=0, out_blocks=7338, in_blocks=12008]
nc DEBUG: SSH: packet_send2: packet: wrote [type=94, len=24, padding_size=10, comp=13, payload=13]
nc DEBUG: SSH: channel_write_common: ssh_channel_write wrote 4 bytes
nc DEBUG: SSH: ssh_socket_unbuffered_write: Enabling POLLOUT for socket
nc DEBUG: SSH: ssh_packet_socket_callback: packet: read type 94 [len=24,padding=8,comp=15,payload=15]
nc DEBUG: SSH: ssh_packet_process: Dispatching handler for packet type 94
nc DEBUG: SSH: channel_rcv_data: Channel receiving 6 bytes data in 0 (local win=1191210 remote win=1223835)
nc DEBUG: SSH: channel_default_bufferize: placing 6 bytes into channel buffer (stdout)
nc DEBUG: SSH: channel_rcv_data: Channel windows are now (local win=1191204 remote win=1223835)
nc DEBUG: SSH: ssh_packet_socket_callback: Processing 220 bytes left in socket buffer
nc DEBUG: SSH: ssh_packet_socket_callback: packet: read type 94 [len=200,padding=10,comp=189,payload=189]
nc DEBUG: SSH: ssh_packet_process: Dispatching handler for packet type 94
nc DEBUG: SSH: channel_rcv_data: Channel receiving 180 bytes data in 0 (local win=1191204 remote win=1223835)
nc DEBUG: SSH: channel_default_bufferize: placing 180 bytes into channel buffer (stdout)
nc DEBUG: SSH: channel_rcv_data: Channel windows are now (local win=1191024 remote win=1223835)
nc DEBUG: SSH: ssh_packet_need_rekey: rekey: [data_rekey_needed=0, out_blocks=7338, in_blocks=12031]
nc DEBUG: SSH: ssh_packet_need_rekey: rekey: [data_rekey_needed=0, out_blocks=7338, in_blocks=12031]
nc DEBUG: SSH: ssh_channel_read_timeout: Read (2) buffered : 186 bytes. Window: 1191024
nc DEBUG: SSH: ssh_channel_read_timeout: Read (1) buffered : 184 bytes. Window: 1191024
nc DEBUG: SSH: ssh_channel_read_timeout: Read (1) buffered : 183 bytes. Window: 1191024
nc DEBUG: SSH: ssh_channel_read_timeout: Read (1) buffered : 182 bytes. Window: 1191024
nc DEBUG: SSH: ssh_channel_read_timeout: Read (1) buffered : 181 bytes. Window: 1191024
nc DEBUG: SSH: ssh_channel_read_timeout: Read (180) buffered : 180 bytes. Window: 1191024
nc DEBUG: SSH: ssh_channel_read_timeout: Read (2) buffered : 0 bytes. Window: 1191024
nc DEBUG: SSH: ssh_packet_socket_callback: packet: read type 94 [len=24,padding=10,comp=13,payload=13]
nc DEBUG: SSH: ssh_packet_process: Dispatching handler for packet type 94
nc DEBUG: SSH: channel_rcv_data: Channel receiving 4 bytes data in 0 (local win=1191024 remote win=1223835)
nc DEBUG: SSH: channel_default_bufferize: placing 4 bytes into channel buffer (stdout)
nc DEBUG: SSH: channel_rcv_data: Channel windows are now (local win=1191020 remote win=1223835)
nc DEBUG: SSH: ssh_packet_need_rekey: rekey: [data_rekey_needed=0, out_blocks=7338, in_blocks=12032]
nc DEBUG: SSH: ssh_channel_read_timeout: Read (1) buffered : 2 bytes. Window: 1191020
nc DEBUG: SSH: ssh_channel_read_timeout: Read (1) buffered : 1 bytes. Window: 1191020
nc DEBUG: Received message:
<rpc-reply xmlns="urn:ietf:params:xml:ns:netconf:base:1.0" message-id="190"><next-update-at xmlns="urn:o-ran:supervision:1.0">2026-04-14T11:30:25+00:00</next-update-at></rpc-reply>

DATA
<next-update-at xmlns="urn:o-ran:supervision:1.0">2026-04-14T20:30:25+09:00</next-update-at>

nc DEBUG: Received message:
<notification xmlns="urn:ietf:params:xml:ns:netconf:notification:1.0"><eventTime>2026-04-14T11:30:25Z</eventTime><supervision-notification xmlns="urn:o-ran:supervision:1.0"/></notification>

notification (2026-04-14T11:30:25Z)
<supervision-notification xmlns="urn:o-ran:supervision:1.0"/>

Client SENT :  user-rpc --content /mplane_automation/conformance_test/watchdog.xml
nc DEBUG: Sending message:

#287


nc DEBUG: SSH: ssh_packet_need_rekey: rekey: [data_rekey_needed=0, out_blocks=7339, in_blocks=12059]
nc DEBUG: SSH: ssh_socket_unbuffered_write: Enabling POLLOUT for socket
nc DEBUG: SSH: packet_send2: packet: wrote [type=94, len=24, padding_size=8, comp=15, payload=15]
nc DEBUG: SSH: channel_write_common: ssh_channel_write wrote 6 bytes
nc DEBUG: Sending message:
<rpc xmlns="urn:ietf:params:xml:ns:netconf:base:1.0" message-id="191"><supervision-watchdog-reset xmlns="urn:o-ran:supervision:1.0"><supervision-notification-interval>10</supervision-notification-interval><guard-timer-overhead>10</guard-timer-overhead></supervision-watchdog-reset></rpc>

nc DEBUG: SSH: ssh_packet_need_rekey: rekey: [data_rekey_needed=0, out_blocks=7376, in_blocks=12095]
nc DEBUG: SSH: packet_send2: packet: wrote [type=94, len=304, padding_size=7, comp=296, payload=296]
nc DEBUG: SSH: channel_write_common: ssh_channel_write wrote 287 bytes
nc DEBUG: SSH: ssh_socket_unbuffered_write: Enabling POLLOUT for socket
nc DEBUG: Sending message:

##


nc DEBUG: SSH: ssh_packet_need_rekey: rekey: [data_rekey_needed=0, out_blocks=7377, in_blocks=12059]
nc DEBUG: SSH: packet_send2: packet: wrote [type=94, len=24, padding_size=10, comp=13, payload=13]
nc DEBUG: SSH: channel_write_common: ssh_channel_write wrote 4 bytes
nc DEBUG: SSH: ssh_socket_unbuffered_write: Enabling POLLOUT for socket
nc DEBUG: SSH: ssh_packet_socket_callback: packet: read type 94 [len=24,padding=8,comp=15,payload=15]
nc DEBUG: SSH: ssh_packet_process: Dispatching handler for packet type 94
nc DEBUG: SSH: channel_rcv_data: Channel receiving 6 bytes data in 0 (local win=1190821 remote win=1223538)
nc DEBUG: SSH: channel_default_bufferize: placing 6 bytes into channel buffer (stdout)
nc DEBUG: SSH: channel_rcv_data: Channel windows are now (local win=1190815 remote win=1223538)
nc DEBUG: SSH: ssh_packet_socket_callback: Processing 220 bytes left in socket buffer
nc DEBUG: SSH: ssh_packet_socket_callback: packet: read type 94 [len=200,padding=10,comp=189,payload=189]
nc DEBUG: SSH: ssh_packet_process: Dispatching handler for packet type 94
nc DEBUG: SSH: channel_rcv_data: Channel receiving 180 bytes data in 0 (local win=1190815 remote win=1223538)
nc DEBUG: SSH: channel_default_bufferize: placing 180 bytes into channel buffer (stdout)
nc DEBUG: SSH: channel_rcv_data: Channel windows are now (local win=1190635 remote win=1223538)
nc DEBUG: SSH: ssh_packet_need_rekey: rekey: [data_rekey_needed=0, out_blocks=7377, in_blocks=12082]
nc DEBUG: SSH: ssh_packet_need_rekey: rekey: [data_rekey_needed=0, out_blocks=7377, in_blocks=12082]
nc DEBUG: SSH: ssh_channel_read_timeout: Read (2) buffered : 186 bytes. Window: 1190635
nc DEBUG: SSH: ssh_channel_read_timeout: Read (1) buffered : 184 bytes. Window: 1190635
nc DEBUG: SSH: ssh_channel_read_timeout: Read (1) buffered : 183 bytes. Window: 1190635
nc DEBUG: SSH: ssh_channel_read_timeout: Read (1) buffered : 182 bytes. Window: 1190635
nc DEBUG: SSH: ssh_channel_read_timeout: Read (1) buffered : 181 bytes. Window: 1190635
nc DEBUG: SSH: ssh_channel_read_timeout: Read (180) buffered : 180 bytes. Window: 1190635
nc DEBUG: SSH: ssh_channel_read_timeout: Read (2) buffered : 0 bytes. Window: 1190635
nc DEBUG: SSH: ssh_packet_socket_callback: packet: read type 94 [len=24,padding=10,comp=13,payload=13]
nc DEBUG: SSH: ssh_packet_process: Dispatching handler for packet type 94
nc DEBUG: SSH: channel_rcv_data: Channel receiving 4 bytes data in 0 (local win=1190635 remote win=1223538)
nc DEBUG: SSH: channel_default_bufferize: placing 4 bytes into channel buffer (stdout)
nc DEBUG: SSH: channel_rcv_data: Channel windows are now (local win=1190631 remote win=1223538)
nc DEBUG: SSH: ssh_packet_need_rekey: rekey: [data_rekey_needed=0, out_blocks=7377, in_blocks=12083]
nc DEBUG: SSH: ssh_channel_read_timeout: Read (1) buffered : 2 bytes. Window: 1190631
nc DEBUG: SSH: ssh_channel_read_timeout: Read (1) buffered : 1 bytes. Window: 1190631
nc DEBUG: Received message:
<rpc-reply xmlns="urn:ietf:params:xml:ns:netconf:base:1.0" message-id="191"><next-update-at xmlns="urn:o-ran:supervision:1.0">2026-04-14T11:30:35+00:00</next-update-at></rpc-reply>

DATA
<next-update-at xmlns="urn:o-ran:supervision:1.0">2026-04-14T20:30:35+09:00</next-update-at>

