Client SENT :  verb 3
Client SENT :  knownhosts --mode skip
Client SENT :  listen --host 10.0.20.254 --port 4334 --login oranuser --timeout 300
Waiting 300s for an SSH Call Home connection on port 4334...
nc VERBOSE: Accepted a connection on 10.0.20.254:4334 from 10.0.20.108:37140.
nc DEBUG: SSH: ssh_config_parse_file: Reading configuration data from /root/.ssh/config
nc DEBUG: SSH: ssh_config_parse_file: Reading configuration data from /etc/ssh/ssh_config
nc VERBOSE: SSH: ssh_config_parse_line: Unapplicable option: SendEnv, line: 51
nc VERBOSE: SSH: ssh_config_parse_line: Unsupported option: HashKnownHosts, line: 52
nc VERBOSE: SSH: ssh_connect: libssh 0.10.6 (c) 2003-2023 Aris Adamantiadis, Andreas Schneider and libssh contributors. Distributed under the LGPL, please refer to COPYING file for information about your rights, using threading threads_pthread
nc VERBOSE: SSH: ssh_connect: Socket connecting, now waiting for the callbacks to work
nc DEBUG: SSH: ssh_socket_pollcallback: Received POLLOUT in connecting state
nc WARNING: SSH: socket_callback_connected: Socket connection callback: 1 (0)
nc DEBUG: SSH: ssh_client_connection_callback: session_state=2
nc DEBUG: SSH: ssh_socket_unbuffered_write: Enabling POLLOUT for socket
nc DEBUG: SSH: ssh_connect: current state : 2
nc DEBUG: SSH: callback_receive_banner: Received banner: SSH-2.0-libssh_0.8.8
nc DEBUG: SSH: ssh_client_connection_callback: session_state=3
nc VERBOSE: SSH: ssh_client_connection_callback: SSH server banner: SSH-2.0-libssh_0.8.8
nc VERBOSE: SSH: ssh_analyze_banner: Analyzing banner: SSH-2.0-libssh_0.8.8
nc DEBUG: SSH: ssh_client_select_hostkeys: Order of wanted host keys: "ssh-ed25519,ecdsa-sha2-nistp256,ecdsa-sha2-nistp384,ecdsa-sha2-nistp521,ssh-rsa,rsa-sha2-512,rsa-sha2-256"
nc DEBUG: SSH: ssh_client_select_hostkeys: No key found in known_hosts; changing host key method to "ssh-ed25519,ecdsa-sha2-nistp256,ecdsa-sha2-nistp384,ecdsa-sha2-nistp521,ssh-rsa,rsa-sha2-512,rsa-sha2-256"
nc DEBUG: SSH: packet_send2: packet: wrote [type=20, len=876, padding_size=4, comp=871, payload=871]
nc DEBUG: SSH: ssh_send_kex: SSH_MSG_KEXINIT sent
nc DEBUG: SSH: ssh_socket_unbuffered_write: Enabling POLLOUT for socket
nc DEBUG: SSH: ssh_connect: current state : 4
nc DEBUG: SSH: ssh_packet_socket_callback: packet: read type 20 [len=556,padding=4,comp=551,payload=551]
nc DEBUG: SSH: ssh_packet_process: Dispatching handler for packet type 20
nc DEBUG: SSH: ssh_client_connection_callback: session_state=5
nc VERBOSE: SSH: ssh_kex_select_methods: Negotiated curve25519-sha256,ssh-rsa,chacha20-poly1305@openssh.com,chacha20-poly1305@openssh.com,aead-poly1305,aead-poly1305,none,none,,
nc DEBUG: SSH: packet_send2: packet: wrote [type=30, len=44, padding_size=6, comp=37, payload=37]
nc DEBUG: SSH: ssh_socket_unbuffered_write: Enabling POLLOUT for socket
nc DEBUG: SSH: ssh_connect: current state : 6
nc DEBUG: SSH: ssh_connect: current state : 6
nc DEBUG: SSH: ssh_packet_socket_callback: packet: read type 31 [len=868,padding=11,comp=856,payload=856]
nc DEBUG: SSH: ssh_packet_process: Dispatching handler for packet type 31
nc DEBUG: SSH: ssh_socket_unbuffered_write: Enabling POLLOUT for socket
nc DEBUG: SSH: packet_send2: packet: wrote [type=21, len=12, padding_size=10, comp=1, payload=1]
nc DEBUG: SSH: crypt_set_algorithms2: Set output algorithm to chacha20-poly1305@openssh.com
nc DEBUG: SSH: crypt_set_algorithms2: Set HMAC output algorithm to aead-poly1305
nc DEBUG: SSH: crypt_set_algorithms2: Set input algorithm to chacha20-poly1305@openssh.com
nc DEBUG: SSH: crypt_set_algorithms2: Set HMAC input algorithm to aead-poly1305
nc VERBOSE: SSH: ssh_init_rekey_state: Set rekey after 134217728 blocks
nc VERBOSE: SSH: ssh_init_rekey_state: Set rekey after 134217728 blocks
nc DEBUG: SSH: ssh_packet_send_newkeys: SSH_MSG_NEWKEYS sent
nc DEBUG: SSH: ssh_connect: current state : 6
nc DEBUG: SSH: ssh_connect: current state : 6
nc DEBUG: SSH: ssh_packet_socket_callback: packet: read type 21 [len=12,padding=10,comp=1,payload=1]
nc DEBUG: SSH: ssh_packet_process: Dispatching handler for packet type 21
nc VERBOSE: SSH: ssh_packet_newkeys: Received SSH_MSG_NEWKEYS
nc VERBOSE: SSH: ssh_packet_newkeys: Signature verified and valid
nc DEBUG: SSH: ssh_client_connection_callback: session_state=6
nc DEBUG: SSH: ssh_packet_socket_callback: Processing 172 bytes left in socket buffer
nc DEBUG: SSH: ssh_packet_socket_callback: packet: read type 7 [len=152,padding=10,comp=141,payload=141]
nc DEBUG: SSH: ssh_packet_process: Dispatching handler for packet type 7
nc DEBUG: SSH: ssh_packet_ext_info: Received SSH_MSG_EXT_INFO
nc DEBUG: SSH: ssh_packet_ext_info: Follows 1 extensions
nc DEBUG: SSH: ssh_packet_ext_info: Extension: server-sig-algs=<ssh-ed25519,ecdsa-sha2-nistp256,ecdsa-sha2-nistp384,ecdsa-sha2-nistp521,ssh-rsa,rsa-sha2-512,rsa-sha2-256,ssh-dss>
nc DEBUG: SSH: ssh_connect: current state : 7
nc VERBOSE: Server hostkey check mode: skip.
nc DEBUG: SSH: ssh_socket_unbuffered_write: Enabling POLLOUT for socket
nc DEBUG: SSH: packet_send2: packet: wrote [type=5, len=24, padding_size=6, comp=17, payload=17]
nc DEBUG: SSH: ssh_service_request: Sent SSH_MSG_SERVICE_REQUEST (service ssh-userauth)
nc DEBUG: SSH: ssh_packet_socket_callback: packet: read type 6 [len=24,padding=6,comp=17,payload=17]
nc DEBUG: SSH: ssh_packet_process: Dispatching handler for packet type 6
nc DEBUG: SSH: ssh_packet_service_accept: Received SSH_MSG_SERVICE_ACCEPT
nc DEBUG: SSH: ssh_socket_unbuffered_write: Enabling POLLOUT for socket
nc DEBUG: SSH: packet_send2: packet: wrote [type=50, len=48, padding_size=8, comp=39, payload=39]
nc DEBUG: SSH: ssh_packet_socket_callback: packet: read type 51 [len=32,padding=7,comp=24,payload=24]
nc DEBUG: SSH: ssh_packet_process: Dispatching handler for packet type 51
nc WARNING: SSH: ssh_packet_userauth_failure: Access denied for 'none'. Authentication that can continue: publickey,password
nc VERBOSE: SSH: ssh_packet_userauth_failure: Access denied for 'none'. Authentication that can continue: publickey,password
nc VERBOSE: Publickey athentication.
nc VERBOSE: No key pair specified.
nc WARNING: Authentication denied.
nc VERBOSE: Password authentication (host "10.0.20.108", user "oranuser").
nc DEBUG: SSH: ssh_socket_unbuffered_write: Enabling POLLOUT for socket
nc DEBUG: SSH: packet_send2: packet: wrote [type=50, len=72, padding_size=9, comp=62, payload=62]
nc DEBUG: SSH: ssh_packet_socket_callback: packet: read type 52 [len=8,padding=6,comp=1,payload=1]
nc DEBUG: SSH: ssh_packet_process: Dispatching handler for packet type 52
nc DEBUG: SSH: ssh_packet_userauth_success: Authentication successful
nc DEBUG: SSH: ssh_packet_need_rekey: rekey: [data_rekey_needed=0, out_blocks=13, in_blocks=22]
nc VERBOSE: Authentication successful.
nc VERBOSE: SSH: channel_open: Creating a channel 43 with 64000 window and 32768 max packet
nc DEBUG: SSH: ssh_packet_need_rekey: rekey: [data_rekey_needed=0, out_blocks=16, in_blocks=25]
nc DEBUG: SSH: ssh_socket_unbuffered_write: Enabling POLLOUT for socket
nc DEBUG: SSH: packet_send2: packet: wrote [type=90, len=32, padding_size=7, comp=24, payload=24]
nc DEBUG: SSH: channel_open: Sent a SSH_MSG_CHANNEL_OPEN type session for channel 43
nc DEBUG: SSH: ssh_packet_socket_callback: packet: read type 91 [len=24,padding=6,comp=17,payload=17]
nc DEBUG: SSH: ssh_packet_process: Dispatching handler for packet type 91
nc DEBUG: SSH: ssh_packet_channel_open_conf: Received SSH2_MSG_CHANNEL_OPEN_CONFIRMATION
nc VERBOSE: SSH: ssh_packet_channel_open_conf: Received a CHANNEL_OPEN_CONFIRMATION for channel 43:43
nc VERBOSE: SSH: ssh_packet_channel_open_conf: Remote window : 32000, maxpacket : 35000
nc DEBUG: SSH: ssh_packet_need_rekey: rekey: [data_rekey_needed=0, out_blocks=16, in_blocks=24]
nc DEBUG: SSH: ssh_packet_need_rekey: rekey: [data_rekey_needed=0, out_blocks=19, in_blocks=27]
nc DEBUG: SSH: ssh_socket_unbuffered_write: Enabling POLLOUT for socket
nc DEBUG: SSH: packet_send2: packet: wrote [type=98, len=40, padding_size=9, comp=30, payload=30]
nc DEBUG: SSH: channel_request: Sent a SSH_MSG_CHANNEL_REQUEST subsystem
nc DEBUG: SSH: ssh_packet_socket_callback: packet: read type 99 [len=16,padding=10,comp=5,payload=5]
nc DEBUG: SSH: ssh_packet_process: Dispatching handler for packet type 99
nc DEBUG: SSH: ssh_packet_channel_success: Received SSH_CHANNEL_SUCCESS on channel (43:43)
nc DEBUG: SSH: ssh_packet_need_rekey: rekey: [data_rekey_needed=0, out_blocks=19, in_blocks=24]
nc VERBOSE: SSH: channel_request: Channel request subsystem success
ly VERBOSE: Searching for "ietf-inet-types" in "/mplane_automation/miniDU".
ly VERBOSE: Module "ietf-inet-types" not found in local searchdirs.
ly VERBOSE: Newer revision than "ietf-inet-types@2013-07-15" not found, using this as the latest revision.
ly VERBOSE: Searching for "ietf-yang-types" in "/mplane_automation/miniDU".
ly VERBOSE: Module "ietf-yang-types" not found in local searchdirs.
ly VERBOSE: Newer revision than "ietf-yang-types@2013-07-15" not found, using this as the latest revision.
nc DEBUG: Sending message:
<hello xmlns="urn:ietf:params:xml:ns:netconf:base:1.0"><capabilities><capability>urn:ietf:params:netconf:base:1.0</capability><capability>urn:ietf:params:netconf:base:1.1</capability></capabilities></hello>

nc DEBUG: SSH: ssh_packet_need_rekey: rekey: [data_rekey_needed=0, out_blocks=45, in_blocks=50]
nc DEBUG: SSH: ssh_socket_unbuffered_write: Enabling POLLOUT for socket
nc DEBUG: SSH: packet_send2: packet: wrote [type=94, len=224, padding_size=8, comp=215, payload=215]
nc DEBUG: SSH: channel_write_common: ssh_channel_write wrote 206 bytes
nc DEBUG: Sending message:
]]>]]>

nc DEBUG: SSH: ssh_packet_need_rekey: rekey: [data_rekey_needed=0, out_blocks=46, in_blocks=25]
nc DEBUG: SSH: packet_send2: packet: wrote [type=94, len=24, padding_size=8, comp=15, payload=15]
nc DEBUG: SSH: channel_write_common: ssh_channel_write wrote 6 bytes
nc DEBUG: SSH: ssh_packet_socket_callback: packet: read type 94 [len=3368,padding=7,comp=3360,payload=3360]
nc DEBUG: SSH: ssh_packet_process: Dispatching handler for packet type 94
nc DEBUG: SSH: channel_rcv_data: Channel receiving 3351 bytes data in 0 (local win=64000 remote win=31788)
nc DEBUG: SSH: channel_default_bufferize: placing 3351 bytes into channel buffer (stdout)
nc DEBUG: SSH: channel_rcv_data: Channel windows are now (local win=60649 remote win=31788)
nc DEBUG: SSH: ssh_packet_need_rekey: rekey: [data_rekey_needed=0, out_blocks=47, in_blocks=445]
nc DEBUG: SSH: packet_send2: packet: wrote [type=93, len=16, padding_size=6, comp=9, payload=9]
nc VERBOSE: SSH: grow_window: growing window (channel 43:43) to 1280000 bytes
nc DEBUG: SSH: ssh_packet_socket_callback: Processing 44 bytes left in socket buffer
nc DEBUG: SSH: ssh_packet_socket_callback: packet: read type 94 [len=24,padding=8,comp=15,payload=15]
nc DEBUG: SSH: ssh_packet_process: Dispatching handler for packet type 94
nc DEBUG: SSH: channel_rcv_data: Channel receiving 6 bytes data in 0 (local win=1280000 remote win=31788)
nc DEBUG: SSH: channel_default_bufferize: placing 6 bytes into channel buffer (stdout)
nc DEBUG: SSH: channel_rcv_data: Channel windows are now (local win=1279994 remote win=31788)
nc DEBUG: SSH: ssh_packet_need_rekey: rekey: [data_rekey_needed=0, out_blocks=47, in_blocks=445]
nc DEBUG: SSH: ssh_packet_need_rekey: rekey: [data_rekey_needed=0, out_blocks=47, in_blocks=445]
nc DEBUG: SSH: ssh_socket_unbuffered_write: Enabling POLLOUT for socket
nc DEBUG: SSH: ssh_channel_read_timeout: Read (6) buffered : 3357 bytes. Window: 1279994
nc DEBUG: SSH: ssh_channel_read_timeout: Read (6) buffered : 3351 bytes. Window: 1279994
nc DEBUG: SSH: ssh_channel_read_timeout: Read (6) buffered : 3345 bytes. Window: 1279994
nc DEBUG: SSH: ssh_channel_read_timeout: Read (6) buffered : 3339 bytes. Window: 1279994
nc DEBUG: SSH: ssh_channel_read_timeout: Read (6) buffered : 3333 bytes. Window: 1279994
nc DEBUG: SSH: ssh_channel_read_timeout: Read (6) buffered : 3327 bytes. Window: 1279994
nc DEBUG: SSH: ssh_channel_read_timeout: Read (6) buffered : 3321 bytes. Window: 1279994
nc DEBUG: SSH: ssh_channel_read_timeout: Read (6) buffered : 3315 bytes. Window: 1279994
nc DEBUG: SSH: ssh_channel_read_timeout: Read (6) buffered : 3309 bytes. Window: 1279994
nc DEBUG: SSH: ssh_channel_read_timeout: Read (6) buffered : 3303 bytes. Window: 1279994
nc DEBUG: SSH: ssh_channel_read_timeout: Read (6) buffered : 3297 bytes. Window: 1279994
nc DEBUG: SSH: ssh_channel_read_timeout: Read (6) buffered : 3291 bytes. Window: 1279994
nc DEBUG: SSH: ssh_channel_read_timeout: Read (6) buffered : 3285 bytes. Window: 1279994
nc DEBUG: SSH: ssh_channel_read_timeout: Read (6) buffered : 3279 bytes. Window: 1279994
nc DEBUG: SSH: ssh_channel_read_timeout: Read (6) buffered : 3273 bytes. Window: 1279994
nc DEBUG: SSH: ssh_channel_read_timeout: Read (6) buffered : 3267 bytes. Window: 1279994
nc DEBUG: SSH: ssh_channel_read_timeout: Read (6) buffered : 3261 bytes. Window: 1279994
nc DEBUG: SSH: ssh_channel_read_timeout: Read (6) buffered : 3255 bytes. Window: 1279994
nc DEBUG: SSH: ssh_channel_read_timeout: Read (6) buffered : 3249 bytes. Window: 1279994
nc DEBUG: SSH: ssh_channel_read_timeout: Read (6) buffered : 3243 bytes. Window: 1279994
nc DEBUG: SSH: ssh_channel_read_timeout: Read (6) buffered : 3237 bytes. Window: 1279994
nc DEBUG: SSH: ssh_channel_read_timeout: Read (6) buffered : 3231 bytes. Window: 1279994
nc DEBUG: SSH: ssh_channel_read_timeout: Read (6) buffered : 3225 bytes. Window: 1279994
nc DEBUG: SSH: ssh_channel_read_timeout: Read (6) buffered : 3219 bytes. Window: 1279994
nc DEBUG: SSH: ssh_channel_read_timeout: Read (6) buffered : 3213 bytes. Window: 1279994
nc DEBUG: SSH: ssh_channel_read_timeout: Read (6) buffered : 3207 bytes. Window: 1279994
nc DEBUG: SSH: ssh_channel_read_timeout: Read (6) buffered : 3201 bytes. Window: 1279994
nc DEBUG: SSH: ssh_channel_read_timeout: Read (6) buffered : 3195 bytes. Window: 1279994
nc DEBUG: SSH: ssh_channel_read_timeout: Read (6) buffered : 3189 bytes. Window: 1279994
nc DEBUG: SSH: ssh_channel_read_timeout: Read (6) buffered : 3183 bytes. Window: 1279994
nc DEBUG: SSH: ssh_channel_read_timeout: Read (6) buffered : 3177 bytes. Window: 1279994
nc DEBUG: SSH: ssh_channel_read_timeout: Read (6) buffered : 3171 bytes. Window: 1279994
nc DEBUG: SSH: ssh_channel_read_timeout: Read (6) buffered : 3165 bytes. Window: 1279994
nc DEBUG: SSH: ssh_channel_read_timeout: Read (6) buffered : 3159 bytes. Window: 1279994
nc DEBUG: SSH: ssh_channel_read_timeout: Read (6) buffered : 3153 bytes. Window: 1279994
nc DEBUG: SSH: ssh_channel_read_timeout: Read (6) buffered : 3147 bytes. Window: 1279994
nc DEBUG: SSH: ssh_channel_read_timeout: Read (6) buffered : 3141 bytes. Window: 1279994
nc DEBUG: SSH: ssh_channel_read_timeout: Read (6) buffered : 3135 bytes. Window: 1279994
nc DEBUG: SSH: ssh_channel_read_timeout: Read (6) buffered : 3129 bytes. Window: 1279994
nc DEBUG: SSH: ssh_channel_read_timeout: Read (6) buffered : 3123 bytes. Window: 1279994
nc DEBUG: SSH: ssh_channel_read_timeout: Read (6) buffered : 3117 bytes. Window: 1279994
nc DEBUG: SSH: ssh_channel_read_timeout: Read (6) buffered : 3111 bytes. Window: 1279994
nc DEBUG: SSH: ssh_channel_read_timeout: Read (6) buffered : 3105 bytes. Window: 1279994
nc DEBUG: SSH: ssh_channel_read_timeout: Read (6) buffered : 3099 bytes. Window: 1279994
nc DEBUG: SSH: ssh_channel_read_timeout: Read (6) buffered : 3093 bytes. Window: 1279994
nc DEBUG: SSH: ssh_channel_read_timeout: Read (6) buffered : 3087 bytes. Window: 1279994
nc DEBUG: SSH: ssh_channel_read_timeout: Read (6) buffered : 3081 bytes. Window: 1279994
nc DEBUG: SSH: ssh_channel_read_timeout: Read (6) buffered : 3075 bytes. Window: 1279994
nc DEBUG: SSH: ssh_channel_read_timeout: Read (6) buffered : 3069 bytes. Window: 1279994
nc DEBUG: SSH: ssh_channel_read_timeout: Read (6) buffered : 3063 bytes. Window: 1279994
nc DEBUG: SSH: ssh_channel_read_timeout: Read (6) buffered : 3057 bytes. Window: 1279994
nc DEBUG: SSH: ssh_channel_read_timeout: Read (6) buffered : 3051 bytes. Window: 1279994
nc DEBUG: SSH: ssh_channel_read_timeout: Read (6) buffered : 3045 bytes. Window: 1279994
nc DEBUG: SSH: ssh_channel_read_timeout: Read (6) buffered : 3039 bytes. Window: 1279994
nc DEBUG: SSH: ssh_channel_read_timeout: Read (6) buffered : 3033 bytes. Window: 1279994
nc DEBUG: SSH: ssh_channel_read_timeout: Read (6) buffered : 3027 bytes. Window: 1279994
nc DEBUG: SSH: ssh_channel_read_timeout: Read (6) buffered : 3021 bytes. Window: 1279994
nc DEBUG: SSH: ssh_channel_read_timeout: Read (6) buffered : 3015 bytes. Window: 1279994
nc DEBUG: SSH: ssh_channel_read_timeout: Read (6) buffered : 3009 bytes. Window: 1279994
nc DEBUG: SSH: ssh_channel_read_timeout: Read (6) buffered : 3003 bytes. Window: 1279994
nc DEBUG: SSH: ssh_channel_read_timeout: Read (6) buffered : 2997 bytes. Window: 1279994
nc DEBUG: SSH: ssh_channel_read_timeout: Read (6) buffered : 2991 bytes. Window: 1279994
nc DEBUG: SSH: ssh_channel_read_timeout: Read (6) buffered : 2985 bytes. Window: 1279994
nc DEBUG: SSH: ssh_channel_read_timeout: Read (6) buffered : 2979 bytes. Window: 1279994
nc DEBUG: SSH: ssh_channel_read_timeout: Read (6) buffered : 2973 bytes. Window: 1279994
nc DEBUG: SSH: ssh_channel_read_timeout: Read (6) buffered : 2967 bytes. Window: 1279994
nc DEBUG: SSH: ssh_channel_read_timeout: Read (6) buffered : 2961 bytes. Window: 1279994
nc DEBUG: SSH: ssh_channel_read_timeout: Read (6) buffered : 2955 bytes. Window: 1279994
nc DEBUG: SSH: ssh_channel_read_timeout: Read (6) buffered : 2949 bytes. Window: 1279994
nc DEBUG: SSH: ssh_channel_read_timeout: Read (6) buffered : 2943 bytes. Window: 1279994
nc DEBUG: SSH: ssh_channel_read_timeout: Read (6) buffered : 2937 bytes. Window: 1279994
nc DEBUG: SSH: ssh_channel_read_timeout: Read (6) buffered : 2931 bytes. Window: 1279994
nc DEBUG: SSH: ssh_channel_read_timeout: Read (6) buffered : 2925 bytes. Window: 1279994
nc DEBUG: SSH: ssh_channel_read_timeout: Read (6) buffered : 2919 bytes. Window: 1279994
nc DEBUG: SSH: ssh_channel_read_timeout: Read (6) buffered : 2913 bytes. Window: 1279994
nc DEBUG: SSH: ssh_channel_read_timeout: Read (6) buffered : 2907 bytes. Window: 1279994
nc DEBUG: SSH: ssh_channel_read_timeout: Read (6) buffered : 2901 bytes. Window: 1279994
nc DEBUG: SSH: ssh_channel_read_timeout: Read (6) buffered : 2895 bytes. Window: 1279994
nc DEBUG: SSH: ssh_channel_read_timeout: Read (6) buffered : 2889 bytes. Window: 1279994
nc DEBUG: SSH: ssh_channel_read_timeout: Read (6) buffered : 2883 bytes. Window: 1279994
nc DEBUG: SSH: ssh_channel_read_timeout: Read (6) buffered : 2877 bytes. Window: 1279994
nc DEBUG: SSH: ssh_channel_read_timeout: Read (6) buffered : 2871 bytes. Window: 1279994
nc DEBUG: SSH: ssh_channel_read_timeout: Read (6) buffered : 2865 bytes. Window: 1279994
nc DEBUG: SSH: ssh_channel_read_timeout: Read (6) buffered : 2859 bytes. Window: 1279994
nc DEBUG: SSH: ssh_channel_read_timeout: Read (6) buffered : 2853 bytes. Window: 1279994
nc DEBUG: SSH: ssh_channel_read_timeout: Read (6) buffered : 2847 bytes. Window: 1279994
nc DEBUG: SSH: ssh_channel_read_timeout: Read (6) buffered : 2841 bytes. Window: 1279994
nc DEBUG: SSH: ssh_channel_read_timeout: Read (6) buffered : 2835 bytes. Window: 1279994
nc DEBUG: SSH: ssh_channel_read_timeout: Read (6) buffered : 2829 bytes. Window: 1279994
nc DEBUG: SSH: ssh_channel_read_timeout: Read (6) buffered : 2823 bytes. Window: 1279994
nc DEBUG: SSH: ssh_channel_read_timeout: Read (6) buffered : 2817 bytes. Window: 1279994
nc DEBUG: SSH: ssh_channel_read_timeout: Read (6) buffered : 2811 bytes. Window: 1279994
nc DEBUG: SSH: ssh_channel_read_timeout: Read (6) buffered : 2805 bytes. Window: 1279994
nc DEBUG: SSH: ssh_channel_read_timeout: Read (6) buffered : 2799 bytes. Window: 1279994
nc DEBUG: SSH: ssh_channel_read_timeout: Read (6) buffered : 2793 bytes. Window: 1279994
nc DEBUG: SSH: ssh_channel_read_timeout: Read (6) buffered : 2787 bytes. Window: 1279994
nc DEBUG: SSH: ssh_channel_read_timeout: Read (6) buffered : 2781 bytes. Window: 1279994
nc DEBUG: SSH: ssh_channel_read_timeout: Read (6) buffered : 2775 bytes. Window: 1279994
nc DEBUG: SSH: ssh_channel_read_timeout: Read (6) buffered : 2769 bytes. Window: 1279994
nc DEBUG: SSH: ssh_channel_read_timeout: Read (6) buffered : 2763 bytes. Window: 1279994
nc DEBUG: SSH: ssh_channel_read_timeout: Read (6) buffered : 2757 bytes. Window: 1279994
nc DEBUG: SSH: ssh_channel_read_timeout: Read (6) buffered : 2751 bytes. Window: 1279994
nc DEBUG: SSH: ssh_channel_read_timeout: Read (6) buffered : 2745 bytes. Window: 1279994
nc DEBUG: SSH: ssh_channel_read_timeout: Read (6) buffered : 2739 bytes. Window: 1279994
nc DEBUG: SSH: ssh_channel_read_timeout: Read (6) buffered : 2733 bytes. Window: 1279994
nc DEBUG: SSH: ssh_channel_read_timeout: Read (6) buffered : 2727 bytes. Window: 1279994
nc DEBUG: SSH: ssh_channel_read_timeout: Read (6) buffered : 2721 bytes. Window: 1279994
nc DEBUG: SSH: ssh_channel_read_timeout: Read (6) buffered : 2715 bytes. Window: 1279994
nc DEBUG: SSH: ssh_channel_read_timeout: Read (6) buffered : 2709 bytes. Window: 1279994
nc DEBUG: SSH: ssh_channel_read_timeout: Read (6) buffered : 2703 bytes. Window: 1279994
nc DEBUG: SSH: ssh_channel_read_timeout: Read (6) buffered : 2697 bytes. Window: 1279994
nc DEBUG: SSH: ssh_channel_read_timeout: Read (6) buffered : 2691 bytes. Window: 1279994
nc DEBUG: SSH: ssh_channel_read_timeout: Read (6) buffered : 2685 bytes. Window: 1279994
nc DEBUG: SSH: ssh_channel_read_timeout: Read (6) buffered : 2679 bytes. Window: 1279994
nc DEBUG: SSH: ssh_channel_read_timeout: Read (6) buffered : 2673 bytes. Window: 1279994
nc DEBUG: SSH: ssh_channel_read_timeout: Read (6) buffered : 2667 bytes. Window: 1279994
nc DEBUG: SSH: ssh_channel_read_timeout: Read (6) buffered : 2661 bytes. Window: 1279994
nc DEBUG: SSH: ssh_channel_read_timeout: Read (6) buffered : 2655 bytes. Window: 1279994
nc DEBUG: SSH: ssh_channel_read_timeout: Read (6) buffered : 2649 bytes. Window: 1279994
nc DEBUG: SSH: ssh_channel_read_timeout: Read (6) buffered : 2643 bytes. Window: 1279994
nc DEBUG: SSH: ssh_channel_read_timeout: Read (6) buffered : 2637 bytes. Window: 1279994
nc DEBUG: SSH: ssh_channel_read_timeout: Read (6) buffered : 2631 bytes. Window: 1279994
nc DEBUG: SSH: ssh_channel_read_timeout: Read (6) buffered : 2625 bytes. Window: 1279994
nc DEBUG: SSH: ssh_channel_read_timeout: Read (6) buffered : 2619 bytes. Window: 1279994
nc DEBUG: SSH: ssh_channel_read_timeout: Read (6) buffered : 2613 bytes. Window: 1279994
nc DEBUG: SSH: ssh_channel_read_timeout: Read (6) buffered : 2607 bytes. Window: 1279994
nc DEBUG: SSH: ssh_channel_read_timeout: Read (6) buffered : 2601 bytes. Window: 1279994
nc DEBUG: SSH: ssh_channel_read_timeout: Read (6) buffered : 2595 bytes. Window: 1279994
nc DEBUG: SSH: ssh_channel_read_timeout: Read (6) buffered : 2589 bytes. Window: 1279994
nc DEBUG: SSH: ssh_channel_read_timeout: Read (6) buffered : 2583 bytes. Window: 1279994
nc DEBUG: SSH: ssh_channel_read_timeout: Read (6) buffered : 2577 bytes. Window: 1279994
nc DEBUG: SSH: ssh_channel_read_timeout: Read (6) buffered : 2571 bytes. Window: 1279994
nc DEBUG: SSH: ssh_channel_read_timeout: Read (6) buffered : 2565 bytes. Window: 1279994
nc DEBUG: SSH: ssh_channel_read_timeout: Read (6) buffered : 2559 bytes. Window: 1279994
nc DEBUG: SSH: ssh_channel_read_timeout: Read (6) buffered : 2553 bytes. Window: 1279994
nc DEBUG: SSH: ssh_channel_read_timeout: Read (6) buffered : 2547 bytes. Window: 1279994
nc DEBUG: SSH: ssh_channel_read_timeout: Read (6) buffered : 2541 bytes. Window: 1279994
nc DEBUG: SSH: ssh_channel_read_timeout: Read (6) buffered : 2535 bytes. Window: 1279994
nc DEBUG: SSH: ssh_channel_read_timeout: Read (6) buffered : 2529 bytes. Window: 1279994
nc DEBUG: SSH: ssh_channel_read_timeout: Read (6) buffered : 2523 bytes. Window: 1279994
nc DEBUG: SSH: ssh_channel_read_timeout: Read (6) buffered : 2517 bytes. Window: 1279994
nc DEBUG: SSH: ssh_channel_read_timeout: Read (6) buffered : 2511 bytes. Window: 1279994
nc DEBUG: SSH: ssh_channel_read_timeout: Read (6) buffered : 2505 bytes. Window: 1279994
nc DEBUG: SSH: ssh_channel_read_timeout: Read (6) buffered : 2499 bytes. Window: 1279994
nc DEBUG: SSH: ssh_channel_read_timeout: Read (6) buffered : 2493 bytes. Window: 1279994
nc DEBUG: SSH: ssh_channel_read_timeout: Read (6) buffered : 2487 bytes. Window: 1279994
nc DEBUG: SSH: ssh_channel_read_timeout: Read (6) buffered : 2481 bytes. Window: 1279994
nc DEBUG: SSH: ssh_channel_read_timeout: Read (6) buffered : 2475 bytes. Window: 1279994
nc DEBUG: SSH: ssh_channel_read_timeout: Read (6) buffered : 2469 bytes. Window: 1279994
nc DEBUG: SSH: ssh_channel_read_timeout: Read (6) buffered : 2463 bytes. Window: 1279994
nc DEBUG: SSH: ssh_channel_read_timeout: Read (6) buffered : 2457 bytes. Window: 1279994
nc DEBUG: SSH: ssh_channel_read_timeout: Read (6) buffered : 2451 bytes. Window: 1279994
nc DEBUG: SSH: ssh_channel_read_timeout: Read (6) buffered : 2445 bytes. Window: 1279994
nc DEBUG: SSH: ssh_channel_read_timeout: Read (6) buffered : 2439 bytes. Window: 1279994
nc DEBUG: SSH: ssh_channel_read_timeout: Read (6) buffered : 2433 bytes. Window: 1279994
nc DEBUG: SSH: ssh_channel_read_timeout: Read (6) buffered : 2427 bytes. Window: 1279994
nc DEBUG: SSH: ssh_channel_read_timeout: Read (6) buffered : 2421 bytes. Window: 1279994
nc DEBUG: SSH: ssh_channel_read_timeout: Read (6) buffered : 2415 bytes. Window: 1279994
nc DEBUG: SSH: ssh_channel_read_timeout: Read (6) buffered : 2409 bytes. Window: 1279994
nc DEBUG: SSH: ssh_channel_read_timeout: Read (6) buffered : 2403 bytes. Window: 1279994
nc DEBUG: SSH: ssh_channel_read_timeout: Read (6) buffered : 2397 bytes. Window: 1279994
nc DEBUG: SSH: ssh_channel_read_timeout: Read (6) buffered : 2391 bytes. Window: 1279994
nc DEBUG: SSH: ssh_channel_read_timeout: Read (6) buffered : 2385 bytes. Window: 1279994
nc DEBUG: SSH: ssh_channel_read_timeout: Read (6) buffered : 2379 bytes. Window: 1279994
nc DEBUG: SSH: ssh_channel_read_timeout: Read (6) buffered : 2373 bytes. Window: 1279994
nc DEBUG: SSH: ssh_channel_read_timeout: Read (6) buffered : 2367 bytes. Window: 1279994
nc DEBUG: SSH: ssh_channel_read_timeout: Read (6) buffered : 2361 bytes. Window: 1279994
nc DEBUG: SSH: ssh_channel_read_timeout: Read (6) buffered : 2355 bytes. Window: 1279994
nc DEBUG: SSH: ssh_channel_read_timeout: Read (6) buffered : 2349 bytes. Window: 1279994
nc DEBUG: SSH: ssh_channel_read_timeout: Read (6) buffered : 2343 bytes. Window: 1279994
nc DEBUG: SSH: ssh_channel_read_timeout: Read (6) buffered : 2337 bytes. Window: 1279994
nc DEBUG: SSH: ssh_channel_read_timeout: Read (6) buffered : 2331 bytes. Window: 1279994
nc DEBUG: SSH: ssh_channel_read_timeout: Read (6) buffered : 2325 bytes. Window: 1279994
nc DEBUG: SSH: ssh_channel_read_timeout: Read (6) buffered : 2319 bytes. Window: 1279994
nc DEBUG: SSH: ssh_channel_read_timeout: Read (6) buffered : 2313 bytes. Window: 1279994
nc DEBUG: SSH: ssh_channel_read_timeout: Read (6) buffered : 2307 bytes. Window: 1279994
nc DEBUG: SSH: ssh_channel_read_timeout: Read (6) buffered : 2301 bytes. Window: 1279994
nc DEBUG: SSH: ssh_channel_read_timeout: Read (6) buffered : 2295 bytes. Window: 1279994
nc DEBUG: SSH: ssh_channel_read_timeout: Read (6) buffered : 2289 bytes. Window: 1279994
nc DEBUG: SSH: ssh_channel_read_timeout: Read (6) buffered : 2283 bytes. Window: 1279994
nc DEBUG: SSH: ssh_channel_read_timeout: Read (6) buffered : 2277 bytes. Window: 1279994
nc DEBUG: SSH: ssh_channel_read_timeout: Read (6) buffered : 2271 bytes. Window: 1279994
nc DEBUG: SSH: ssh_channel_read_timeout: Read (6) buffered : 2265 bytes. Window: 1279994
nc DEBUG: SSH: ssh_channel_read_timeout: Read (6) buffered : 2259 bytes. Window: 1279994
nc DEBUG: SSH: ssh_channel_read_timeout: Read (6) buffered : 2253 bytes. Window: 1279994
nc DEBUG: SSH: ssh_channel_read_timeout: Read (6) buffered : 2247 bytes. Window: 1279994
nc DEBUG: SSH: ssh_channel_read_timeout: Read (6) buffered : 2241 bytes. Window: 1279994
nc DEBUG: SSH: ssh_channel_read_timeout: Read (6) buffered : 2235 bytes. Window: 1279994
nc DEBUG: SSH: ssh_channel_read_timeout: Read (6) buffered : 2229 bytes. Window: 1279994
nc DEBUG: SSH: ssh_channel_read_timeout: Read (6) buffered : 2223 bytes. Window: 1279994
nc DEBUG: SSH: ssh_channel_read_timeout: Read (6) buffered : 2217 bytes. Window: 1279994
nc DEBUG: SSH: ssh_channel_read_timeout: Read (6) buffered : 2211 bytes. Window: 1279994
nc DEBUG: SSH: ssh_channel_read_timeout: Read (6) buffered : 2205 bytes. Window: 1279994
nc DEBUG: SSH: ssh_channel_read_timeout: Read (6) buffered : 2199 bytes. Window: 1279994
nc DEBUG: SSH: ssh_channel_read_timeout: Read (6) buffered : 2193 bytes. Window: 1279994
nc DEBUG: SSH: ssh_channel_read_timeout: Read (6) buffered : 2187 bytes. Window: 1279994
nc DEBUG: SSH: ssh_channel_read_timeout: Read (6) buffered : 2181 bytes. Window: 1279994
nc DEBUG: SSH: ssh_channel_read_timeout: Read (6) buffered : 2175 bytes. Window: 1279994
nc DEBUG: SSH: ssh_channel_read_timeout: Read (6) buffered : 2169 bytes. Window: 1279994
nc DEBUG: SSH: ssh_channel_read_timeout: Read (6) buffered : 2163 bytes. Window: 1279994
nc DEBUG: SSH: ssh_channel_read_timeout: Read (6) buffered : 2157 bytes. Window: 1279994
nc DEBUG: SSH: ssh_channel_read_timeout: Read (6) buffered : 2151 bytes. Window: 1279994
nc DEBUG: SSH: ssh_channel_read_timeout: Read (6) buffered : 2145 bytes. Window: 1279994
nc DEBUG: SSH: ssh_channel_read_timeout: Read (6) buffered : 2139 bytes. Window: 1279994
nc DEBUG: SSH: ssh_channel_read_timeout: Read (6) buffered : 2133 bytes. Window: 1279994
nc DEBUG: SSH: ssh_channel_read_timeout: Read (6) buffered : 2127 bytes. Window: 1279994
nc DEBUG: SSH: ssh_channel_read_timeout: Read (6) buffered : 2121 bytes. Window: 1279994
nc DEBUG: SSH: ssh_channel_read_timeout: Read (6) buffered : 2115 bytes. Window: 1279994
nc DEBUG: SSH: ssh_channel_read_timeout: Read (6) buffered : 2109 bytes. Window: 1279994
nc DEBUG: SSH: ssh_channel_read_timeout: Read (6) buffered : 2103 bytes. Window: 1279994
nc DEBUG: SSH: ssh_channel_read_timeout: Read (6) buffered : 2097 bytes. Window: 1279994
nc DEBUG: SSH: ssh_channel_read_timeout: Read (6) buffered : 2091 bytes. Window: 1279994
nc DEBUG: SSH: ssh_channel_read_timeout: Read (6) buffered : 2085 bytes. Window: 1279994
nc DEBUG: SSH: ssh_channel_read_timeout: Read (6) buffered : 2079 bytes. Window: 1279994
nc DEBUG: SSH: ssh_channel_read_timeout: Read (6) buffered : 2073 bytes. Window: 1279994
nc DEBUG: SSH: ssh_channel_read_timeout: Read (6) buffered : 2067 bytes. Window: 1279994
nc DEBUG: SSH: ssh_channel_read_timeout: Read (6) buffered : 2061 bytes. Window: 1279994
nc DEBUG: SSH: ssh_channel_read_timeout: Read (6) buffered : 2055 bytes. Window: 1279994
nc DEBUG: SSH: ssh_channel_read_timeout: Read (6) buffered : 2049 bytes. Window: 1279994
nc DEBUG: SSH: ssh_channel_read_timeout: Read (6) buffered : 2043 bytes. Window: 1279994
nc DEBUG: SSH: ssh_channel_read_timeout: Read (6) buffered : 2037 bytes. Window: 1279994
nc DEBUG: SSH: ssh_channel_read_timeout: Read (6) buffered : 2031 bytes. Window: 1279994
nc DEBUG: SSH: ssh_channel_read_timeout: Read (6) buffered : 2025 bytes. Window: 1279994
nc DEBUG: SSH: ssh_channel_read_timeout: Read (6) buffered : 2019 bytes. Window: 1279994
nc DEBUG: SSH: ssh_channel_read_timeout: Read (6) buffered : 2013 bytes. Window: 1279994
nc DEBUG: SSH: ssh_channel_read_timeout: Read (6) buffered : 2007 bytes. Window: 1279994
nc DEBUG: SSH: ssh_channel_read_timeout: Read (6) buffered : 2001 bytes. Window: 1279994
nc DEBUG: SSH: ssh_channel_read_timeout: Read (6) buffered : 1995 bytes. Window: 1279994
nc DEBUG: SSH: ssh_channel_read_timeout: Read (6) buffered : 1989 bytes. Window: 1279994
nc DEBUG: SSH: ssh_channel_read_timeout: Read (6) buffered : 1983 bytes. Window: 1279994
nc DEBUG: SSH: ssh_channel_read_timeout: Read (6) buffered : 1977 bytes. Window: 1279994
nc DEBUG: SSH: ssh_channel_read_timeout: Read (6) buffered : 1971 bytes. Window: 1279994
nc DEBUG: SSH: ssh_channel_read_timeout: Read (6) buffered : 1965 bytes. Window: 1279994
nc DEBUG: SSH: ssh_channel_read_timeout: Read (6) buffered : 1959 bytes. Window: 1279994
nc DEBUG: SSH: ssh_channel_read_timeout: Read (6) buffered : 1953 bytes. Window: 1279994
nc DEBUG: SSH: ssh_channel_read_timeout: Read (6) buffered : 1947 bytes. Window: 1279994
nc DEBUG: SSH: ssh_channel_read_timeout: Read (6) buffered : 1941 bytes. Window: 1279994
nc DEBUG: SSH: ssh_channel_read_timeout: Read (6) buffered : 1935 bytes. Window: 1279994
nc DEBUG: SSH: ssh_channel_read_timeout: Read (6) buffered : 1929 bytes. Window: 1279994
nc DEBUG: SSH: ssh_channel_read_timeout: Read (6) buffered : 1923 bytes. Window: 1279994
nc DEBUG: SSH: ssh_channel_read_timeout: Read (6) buffered : 1917 bytes. Window: 1279994
nc DEBUG: SSH: ssh_channel_read_timeout: Read (6) buffered : 1911 bytes. Window: 1279994
nc DEBUG: SSH: ssh_channel_read_timeout: Read (6) buffered : 1905 bytes. Window: 1279994
nc DEBUG: SSH: ssh_channel_read_timeout: Read (6) buffered : 1899 bytes. Window: 1279994
nc DEBUG: SSH: ssh_channel_read_timeout: Read (6) buffered : 1893 bytes. Window: 1279994
nc DEBUG: SSH: ssh_channel_read_timeout: Read (6) buffered : 1887 bytes. Window: 1279994
nc DEBUG: SSH: ssh_channel_read_timeout: Read (6) buffered : 1881 bytes. Window: 1279994
nc DEBUG: SSH: ssh_channel_read_timeout: Read (6) buffered : 1875 bytes. Window: 1279994
nc DEBUG: SSH: ssh_channel_read_timeout: Read (6) buffered : 1869 bytes. Window: 1279994
nc DEBUG: SSH: ssh_channel_read_timeout: Read (6) buffered : 1863 bytes. Window: 1279994
nc DEBUG: SSH: ssh_channel_read_timeout: Read (6) buffered : 1857 bytes. Window: 1279994
nc DEBUG: SSH: ssh_channel_read_timeout: Read (6) buffered : 1851 bytes. Window: 1279994
nc DEBUG: SSH: ssh_channel_read_timeout: Read (6) buffered : 1845 bytes. Window: 1279994
nc DEBUG: SSH: ssh_channel_read_timeout: Read (6) buffered : 1839 bytes. Window: 1279994
nc DEBUG: SSH: ssh_channel_read_timeout: Read (6) buffered : 1833 bytes. Window: 1279994
nc DEBUG: SSH: ssh_channel_read_timeout: Read (6) buffered : 1827 bytes. Window: 1279994
nc DEBUG: SSH: ssh_channel_read_timeout: Read (6) buffered : 1821 bytes. Window: 1279994
nc DEBUG: SSH: ssh_channel_read_timeout: Read (6) buffered : 1815 bytes. Window: 1279994
nc DEBUG: SSH: ssh_channel_read_timeout: Read (6) buffered : 1809 bytes. Window: 1279994
nc DEBUG: SSH: ssh_channel_read_timeout: Read (6) buffered : 1803 bytes. Window: 1279994
nc DEBUG: SSH: ssh_channel_read_timeout: Read (6) buffered : 1797 bytes. Window: 1279994
nc DEBUG: SSH: ssh_channel_read_timeout: Read (6) buffered : 1791 bytes. Window: 1279994
nc DEBUG: SSH: ssh_channel_read_timeout: Read (6) buffered : 1785 bytes. Window: 1279994
nc DEBUG: SSH: ssh_channel_read_timeout: Read (6) buffered : 1779 bytes. Window: 1279994
nc DEBUG: SSH: ssh_channel_read_timeout: Read (6) buffered : 1773 bytes. Window: 1279994
nc DEBUG: SSH: ssh_channel_read_timeout: Read (6) buffered : 1767 bytes. Window: 1279994
nc DEBUG: SSH: ssh_channel_read_timeout: Read (6) buffered : 1761 bytes. Window: 1279994
nc DEBUG: SSH: ssh_channel_read_timeout: Read (6) buffered : 1755 bytes. Window: 1279994
nc DEBUG: SSH: ssh_channel_read_timeout: Read (6) buffered : 1749 bytes. Window: 1279994
nc DEBUG: SSH: ssh_channel_read_timeout: Read (6) buffered : 1743 bytes. Window: 1279994
nc DEBUG: SSH: ssh_channel_read_timeout: Read (6) buffered : 1737 bytes. Window: 1279994
nc DEBUG: SSH: ssh_channel_read_timeout: Read (6) buffered : 1731 bytes. Window: 1279994
nc DEBUG: SSH: ssh_channel_read_timeout: Read (6) buffered : 1725 bytes. Window: 1279994
nc DEBUG: SSH: ssh_channel_read_timeout: Read (6) buffered : 1719 bytes. Window: 1279994
nc DEBUG: SSH: ssh_channel_read_timeout: Read (6) buffered : 1713 bytes. Window: 1279994
nc DEBUG: SSH: ssh_channel_read_timeout: Read (6) buffered : 1707 bytes. Window: 1279994
nc DEBUG: SSH: ssh_channel_read_timeout: Read (6) buffered : 1701 bytes. Window: 1279994
nc DEBUG: SSH: ssh_channel_read_timeout: Read (6) buffered : 1695 bytes. Window: 1279994
nc DEBUG: SSH: ssh_channel_read_timeout: Read (6) buffered : 1689 bytes. Window: 1279994
nc DEBUG: SSH: ssh_channel_read_timeout: Read (6) buffered : 1683 bytes. Window: 1279994
nc DEBUG: SSH: ssh_channel_read_timeout: Read (6) buffered : 1677 bytes. Window: 1279994
nc DEBUG: SSH: ssh_channel_read_timeout: Read (6) buffered : 1671 bytes. Window: 1279994
nc DEBUG: SSH: ssh_channel_read_timeout: Read (6) buffered : 1665 bytes. Window: 1279994
nc DEBUG: SSH: ssh_channel_read_timeout: Read (6) buffered : 1659 bytes. Window: 1279994
nc DEBUG: SSH: ssh_channel_read_timeout: Read (6) buffered : 1653 bytes. Window: 1279994
nc DEBUG: SSH: ssh_channel_read_timeout: Read (6) buffered : 1647 bytes. Window: 1279994
nc DEBUG: SSH: ssh_channel_read_timeout: Read (6) buffered : 1641 bytes. Window: 1279994
nc DEBUG: SSH: ssh_channel_read_timeout: Read (6) buffered : 1635 bytes. Window: 1279994
nc DEBUG: SSH: ssh_channel_read_timeout: Read (6) buffered : 1629 bytes. Window: 1279994
nc DEBUG: SSH: ssh_channel_read_timeout: Read (6) buffered : 1623 bytes. Window: 1279994
nc DEBUG: SSH: ssh_channel_read_timeout: Read (6) buffered : 1617 bytes. Window: 1279994
nc DEBUG: SSH: ssh_channel_read_timeout: Read (6) buffered : 1611 bytes. Window: 1279994
nc DEBUG: SSH: ssh_channel_read_timeout: Read (6) buffered : 1605 bytes. Window: 1279994
nc DEBUG: SSH: ssh_channel_read_timeout: Read (6) buffered : 1599 bytes. Window: 1279994
nc DEBUG: SSH: ssh_channel_read_timeout: Read (6) buffered : 1593 bytes. Window: 1279994
nc DEBUG: SSH: ssh_channel_read_timeout: Read (6) buffered : 1587 bytes. Window: 1279994
nc DEBUG: SSH: ssh_channel_read_timeout: Read (6) buffered : 1581 bytes. Window: 1279994
nc DEBUG: SSH: ssh_channel_read_timeout: Read (6) buffered : 1575 bytes. Window: 1279994
nc DEBUG: SSH: ssh_channel_read_timeout: Read (6) buffered : 1569 bytes. Window: 1279994
nc DEBUG: SSH: ssh_channel_read_timeout: Read (6) buffered : 1563 bytes. Window: 1279994
nc DEBUG: SSH: ssh_channel_read_timeout: Read (6) buffered : 1557 bytes. Window: 1279994
nc DEBUG: SSH: ssh_channel_read_timeout: Read (6) buffered : 1551 bytes. Window: 1279994
nc DEBUG: SSH: ssh_channel_read_timeout: Read (6) buffered : 1545 bytes. Window: 1279994
nc DEBUG: SSH: ssh_channel_read_timeout: Read (6) buffered : 1539 bytes. Window: 1279994
nc DEBUG: SSH: ssh_channel_read_timeout: Read (6) buffered : 1533 bytes. Window: 1279994
nc DEBUG: SSH: ssh_channel_read_timeout: Read (6) buffered : 1527 bytes. Window: 1279994
nc DEBUG: SSH: ssh_channel_read_timeout: Read (6) buffered : 1521 bytes. Window: 1279994
nc DEBUG: SSH: ssh_channel_read_timeout: Read (6) buffered : 1515 bytes. Window: 1279994
nc DEBUG: SSH: ssh_channel_read_timeout: Read (6) buffered : 1509 bytes. Window: 1279994
nc DEBUG: SSH: ssh_channel_read_timeout: Read (6) buffered : 1503 bytes. Window: 1279994
nc DEBUG: SSH: ssh_channel_read_timeout: Read (6) buffered : 1497 bytes. Window: 1279994
nc DEBUG: SSH: ssh_channel_read_timeout: Read (6) buffered : 1491 bytes. Window: 1279994
nc DEBUG: SSH: ssh_channel_read_timeout: Read (6) buffered : 1485 bytes. Window: 1279994
nc DEBUG: SSH: ssh_channel_read_timeout: Read (6) buffered : 1479 bytes. Window: 1279994
nc DEBUG: SSH: ssh_channel_read_timeout: Read (6) buffered : 1473 bytes. Window: 1279994
nc DEBUG: SSH: ssh_channel_read_timeout: Read (6) buffered : 1467 bytes. Window: 1279994
nc DEBUG: SSH: ssh_channel_read_timeout: Read (6) buffered : 1461 bytes. Window: 1279994
nc DEBUG: SSH: ssh_channel_read_timeout: Read (6) buffered : 1455 bytes. Window: 1279994
nc DEBUG: SSH: ssh_channel_read_timeout: Read (6) buffered : 1449 bytes. Window: 1279994
nc DEBUG: SSH: ssh_channel_read_timeout: Read (6) buffered : 1443 bytes. Window: 1279994
nc DEBUG: SSH: ssh_channel_read_timeout: Read (6) buffered : 1437 bytes. Window: 1279994
nc DEBUG: SSH: ssh_channel_read_timeout: Read (6) buffered : 1431 bytes. Window: 1279994
nc DEBUG: SSH: ssh_channel_read_timeout: Read (6) buffered : 1425 bytes. Window: 1279994
nc DEBUG: SSH: ssh_channel_read_timeout: Read (6) buffered : 1419 bytes. Window: 1279994
nc DEBUG: SSH: ssh_channel_read_timeout: Read (6) buffered : 1413 bytes. Window: 1279994
nc DEBUG: SSH: ssh_channel_read_timeout: Read (6) buffered : 1407 bytes. Window: 1279994
nc DEBUG: SSH: ssh_channel_read_timeout: Read (6) buffered : 1401 bytes. Window: 1279994
nc DEBUG: SSH: ssh_channel_read_timeout: Read (6) buffered : 1395 bytes. Window: 1279994
nc DEBUG: SSH: ssh_channel_read_timeout: Read (6) buffered : 1389 bytes. Window: 1279994
nc DEBUG: SSH: ssh_channel_read_timeout: Read (6) buffered : 1383 bytes. Window: 1279994
nc DEBUG: SSH: ssh_channel_read_timeout: Read (6) buffered : 1377 bytes. Window: 1279994
nc DEBUG: SSH: ssh_channel_read_timeout: Read (6) buffered : 1371 bytes. Window: 1279994
nc DEBUG: SSH: ssh_channel_read_timeout: Read (6) buffered : 1365 bytes. Window: 1279994
nc DEBUG: SSH: ssh_channel_read_timeout: Read (6) buffered : 1359 bytes. Window: 1279994
nc DEBUG: SSH: ssh_channel_read_timeout: Read (6) buffered : 1353 bytes. Window: 1279994
nc DEBUG: SSH: ssh_channel_read_timeout: Read (6) buffered : 1347 bytes. Window: 1279994
nc DEBUG: SSH: ssh_channel_read_timeout: Read (6) buffered : 1341 bytes. Window: 1279994
nc DEBUG: SSH: ssh_channel_read_timeout: Read (6) buffered : 1335 bytes. Window: 1279994
nc DEBUG: SSH: ssh_channel_read_timeout: Read (6) buffered : 1329 bytes. Window: 1279994
nc DEBUG: SSH: ssh_channel_read_timeout: Read (6) buffered : 1323 bytes. Window: 1279994
nc DEBUG: SSH: ssh_channel_read_timeout: Read (6) buffered : 1317 bytes. Window: 1279994
nc DEBUG: SSH: ssh_channel_read_timeout: Read (6) buffered : 1311 bytes. Window: 1279994
nc DEBUG: SSH: ssh_channel_read_timeout: Read (6) buffered : 1305 bytes. Window: 1279994
nc DEBUG: SSH: ssh_channel_read_timeout: Read (6) buffered : 1299 bytes. Window: 1279994
nc DEBUG: SSH: ssh_channel_read_timeout: Read (6) buffered : 1293 bytes. Window: 1279994
nc DEBUG: SSH: ssh_channel_read_timeout: Read (6) buffered : 1287 bytes. Window: 1279994
nc DEBUG: SSH: ssh_channel_read_timeout: Read (6) buffered : 1281 bytes. Window: 1279994
nc DEBUG: SSH: ssh_channel_read_timeout: Read (6) buffered : 1275 bytes. Window: 1279994
nc DEBUG: SSH: ssh_channel_read_timeout: Read (6) buffered : 1269 bytes. Window: 1279994
nc DEBUG: SSH: ssh_channel_read_timeout: Read (6) buffered : 1263 bytes. Window: 1279994
nc DEBUG: SSH: ssh_channel_read_timeout: Read (6) buffered : 1257 bytes. Window: 1279994
nc DEBUG: SSH: ssh_channel_read_timeout: Read (6) buffered : 1251 bytes. Window: 1279994
nc DEBUG: SSH: ssh_channel_read_timeout: Read (6) buffered : 1245 bytes. Window: 1279994
nc DEBUG: SSH: ssh_channel_read_timeout: Read (6) buffered : 1239 bytes. Window: 1279994
nc DEBUG: SSH: ssh_channel_read_timeout: Read (6) buffered : 1233 bytes. Window: 1279994
nc DEBUG: SSH: ssh_channel_read_timeout: Read (6) buffered : 1227 bytes. Window: 1279994
nc DEBUG: SSH: ssh_channel_read_timeout: Read (6) buffered : 1221 bytes. Window: 1279994
nc DEBUG: SSH: ssh_channel_read_timeout: Read (6) buffered : 1215 bytes. Window: 1279994
nc DEBUG: SSH: ssh_channel_read_timeout: Read (6) buffered : 1209 bytes. Window: 1279994
nc DEBUG: SSH: ssh_channel_read_timeout: Read (6) buffered : 1203 bytes. Window: 1279994
nc DEBUG: SSH: ssh_channel_read_timeout: Read (6) buffered : 1197 bytes. Window: 1279994
nc DEBUG: SSH: ssh_channel_read_timeout: Read (6) buffered : 1191 bytes. Window: 1279994
nc DEBUG: SSH: ssh_channel_read_timeout: Read (6) buffered : 1185 bytes. Window: 1279994
nc DEBUG: SSH: ssh_channel_read_timeout: Read (6) buffered : 1179 bytes. Window: 1279994
nc DEBUG: SSH: ssh_channel_read_timeout: Read (6) buffered : 1173 bytes. Window: 1279994
nc DEBUG: SSH: ssh_channel_read_timeout: Read (6) buffered : 1167 bytes. Window: 1279994
nc DEBUG: SSH: ssh_channel_read_timeout: Read (6) buffered : 1161 bytes. Window: 1279994
nc DEBUG: SSH: ssh_channel_read_timeout: Read (6) buffered : 1155 bytes. Window: 1279994
nc DEBUG: SSH: ssh_channel_read_timeout: Read (6) buffered : 1149 bytes. Window: 1279994
nc DEBUG: SSH: ssh_channel_read_timeout: Read (6) buffered : 1143 bytes. Window: 1279994
nc DEBUG: SSH: ssh_channel_read_timeout: Read (6) buffered : 1137 bytes. Window: 1279994
nc DEBUG: SSH: ssh_channel_read_timeout: Read (6) buffered : 1131 bytes. Window: 1279994
nc DEBUG: SSH: ssh_channel_read_timeout: Read (6) buffered : 1125 bytes. Window: 1279994
nc DEBUG: SSH: ssh_channel_read_timeout: Read (6) buffered : 1119 bytes. Window: 1279994
nc DEBUG: SSH: ssh_channel_read_timeout: Read (6) buffered : 1113 bytes. Window: 1279994
nc DEBUG: SSH: ssh_channel_read_timeout: Read (6) buffered : 1107 bytes. Window: 1279994
nc DEBUG: SSH: ssh_channel_read_timeout: Read (6) buffered : 1101 bytes. Window: 1279994
nc DEBUG: SSH: ssh_channel_read_timeout: Read (6) buffered : 1095 bytes. Window: 1279994
nc DEBUG: SSH: ssh_channel_read_timeout: Read (6) buffered : 1089 bytes. Window: 1279994
nc DEBUG: SSH: ssh_channel_read_timeout: Read (6) buffered : 1083 bytes. Window: 1279994
nc DEBUG: SSH: ssh_channel_read_timeout: Read (6) buffered : 1077 bytes. Window: 1279994
nc DEBUG: SSH: ssh_channel_read_timeout: Read (6) buffered : 1071 bytes. Window: 1279994
nc DEBUG: SSH: ssh_channel_read_timeout: Read (6) buffered : 1065 bytes. Window: 1279994
nc DEBUG: SSH: ssh_channel_read_timeout: Read (6) buffered : 1059 bytes. Window: 1279994
nc DEBUG: SSH: ssh_channel_read_timeout: Read (6) buffered : 1053 bytes. Window: 1279994
nc DEBUG: SSH: ssh_channel_read_timeout: Read (6) buffered : 1047 bytes. Window: 1279994
nc DEBUG: SSH: ssh_channel_read_timeout: Read (6) buffered : 1041 bytes. Window: 1279994
nc DEBUG: SSH: ssh_channel_read_timeout: Read (6) buffered : 1035 bytes. Window: 1279994
nc DEBUG: SSH: ssh_channel_read_timeout: Read (6) buffered : 1029 bytes. Window: 1279994
nc DEBUG: SSH: ssh_channel_read_timeout: Read (6) buffered : 1023 bytes. Window: 1279994
nc DEBUG: SSH: ssh_channel_read_timeout: Read (6) buffered : 1017 bytes. Window: 1279994
nc DEBUG: SSH: ssh_channel_read_timeout: Read (6) buffered : 1011 bytes. Window: 1279994
nc DEBUG: SSH: ssh_channel_read_timeout: Read (6) buffered : 1005 bytes. Window: 1279994
nc DEBUG: SSH: ssh_channel_read_timeout: Read (6) buffered : 999 bytes. Window: 1279994
nc DEBUG: SSH: ssh_channel_read_timeout: Read (6) buffered : 993 bytes. Window: 1279994
nc DEBUG: SSH: ssh_channel_read_timeout: Read (6) buffered : 987 bytes. Window: 1279994
nc DEBUG: SSH: ssh_channel_read_timeout: Read (6) buffered : 981 bytes. Window: 1279994
nc DEBUG: SSH: ssh_channel_read_timeout: Read (6) buffered : 975 bytes. Window: 1279994
nc DEBUG: SSH: ssh_channel_read_timeout: Read (6) buffered : 969 bytes. Window: 1279994
nc DEBUG: SSH: ssh_channel_read_timeout: Read (6) buffered : 963 bytes. Window: 1279994
nc DEBUG: SSH: ssh_channel_read_timeout: Read (6) buffered : 957 bytes. Window: 1279994
nc DEBUG: SSH: ssh_channel_read_timeout: Read (6) buffered : 951 bytes. Window: 1279994
nc DEBUG: SSH: ssh_channel_read_timeout: Read (6) buffered : 945 bytes. Window: 1279994
nc DEBUG: SSH: ssh_channel_read_timeout: Read (6) buffered : 939 bytes. Window: 1279994
nc DEBUG: SSH: ssh_channel_read_timeout: Read (6) buffered : 933 bytes. Window: 1279994
nc DEBUG: SSH: ssh_channel_read_timeout: Read (6) buffered : 927 bytes. Window: 1279994
nc DEBUG: SSH: ssh_channel_read_timeout: Read (6) buffered : 921 bytes. Window: 1279994
nc DEBUG: SSH: ssh_channel_read_timeout: Read (6) buffered : 915 bytes. Window: 1279994
nc DEBUG: SSH: ssh_channel_read_timeout: Read (6) buffered : 909 bytes. Window: 1279994
nc DEBUG: SSH: ssh_channel_read_timeout: Read (6) buffered : 903 bytes. Window: 1279994
nc DEBUG: SSH: ssh_channel_read_timeout: Read (6) buffered : 897 bytes. Window: 1279994
nc DEBUG: SSH: ssh_channel_read_timeout: Read (6) buffered : 891 bytes. Window: 1279994
nc DEBUG: SSH: ssh_channel_read_timeout: Read (6) buffered : 885 bytes. Window: 1279994
nc DEBUG: SSH: ssh_channel_read_timeout: Read (6) buffered : 879 bytes. Window: 1279994
nc DEBUG: SSH: ssh_channel_read_timeout: Read (6) buffered : 873 bytes. Window: 1279994
nc DEBUG: SSH: ssh_channel_read_timeout: Read (6) buffered : 867 bytes. Window: 1279994
nc DEBUG: SSH: ssh_channel_read_timeout: Read (6) buffered : 861 bytes. Window: 1279994
nc DEBUG: SSH: ssh_channel_read_timeout: Read (6) buffered : 855 bytes. Window: 1279994
nc DEBUG: SSH: ssh_channel_read_timeout: Read (6) buffered : 849 bytes. Window: 1279994
nc DEBUG: SSH: ssh_channel_read_timeout: Read (6) buffered : 843 bytes. Window: 1279994
nc DEBUG: SSH: ssh_channel_read_timeout: Read (6) buffered : 837 bytes. Window: 1279994
nc DEBUG: SSH: ssh_channel_read_timeout: Read (6) buffered : 831 bytes. Window: 1279994
nc DEBUG: SSH: ssh_channel_read_timeout: Read (6) buffered : 825 bytes. Window: 1279994
nc DEBUG: SSH: ssh_channel_read_timeout: Read (6) buffered : 819 bytes. Window: 1279994
nc DEBUG: SSH: ssh_channel_read_timeout: Read (6) buffered : 813 bytes. Window: 1279994
nc DEBUG: SSH: ssh_channel_read_timeout: Read (6) buffered : 807 bytes. Window: 1279994
nc DEBUG: SSH: ssh_channel_read_timeout: Read (6) buffered : 801 bytes. Window: 1279994
nc DEBUG: SSH: ssh_channel_read_timeout: Read (6) buffered : 795 bytes. Window: 1279994
nc DEBUG: SSH: ssh_channel_read_timeout: Read (6) buffered : 789 bytes. Window: 1279994
nc DEBUG: SSH: ssh_channel_read_timeout: Read (6) buffered : 783 bytes. Window: 1279994
nc DEBUG: SSH: ssh_channel_read_timeout: Read (6) buffered : 777 bytes. Window: 1279994
nc DEBUG: SSH: ssh_channel_read_timeout: Read (6) buffered : 771 bytes. Window: 1279994
nc DEBUG: SSH: ssh_channel_read_timeout: Read (6) buffered : 765 bytes. Window: 1279994
nc DEBUG: SSH: ssh_channel_read_timeout: Read (6) buffered : 759 bytes. Window: 1279994
nc DEBUG: SSH: ssh_channel_read_timeout: Read (6) buffered : 753 bytes. Window: 1279994
nc DEBUG: SSH: ssh_channel_read_timeout: Read (6) buffered : 747 bytes. Window: 1279994
nc DEBUG: SSH: ssh_channel_read_timeout: Read (6) buffered : 741 bytes. Window: 1279994
nc DEBUG: SSH: ssh_channel_read_timeout: Read (6) buffered : 735 bytes. Window: 1279994
nc DEBUG: SSH: ssh_channel_read_timeout: Read (6) buffered : 729 bytes. Window: 1279994
nc DEBUG: SSH: ssh_channel_read_timeout: Read (6) buffered : 723 bytes. Window: 1279994
nc DEBUG: SSH: ssh_channel_read_timeout: Read (6) buffered : 717 bytes. Window: 1279994
nc DEBUG: SSH: ssh_channel_read_timeout: Read (6) buffered : 711 bytes. Window: 1279994
nc DEBUG: SSH: ssh_channel_read_timeout: Read (6) buffered : 705 bytes. Window: 1279994
nc DEBUG: SSH: ssh_channel_read_timeout: Read (6) buffered : 699 bytes. Window: 1279994
nc DEBUG: SSH: ssh_channel_read_timeout: Read (6) buffered : 693 bytes. Window: 1279994
nc DEBUG: SSH: ssh_channel_read_timeout: Read (6) buffered : 687 bytes. Window: 1279994
nc DEBUG: SSH: ssh_channel_read_timeout: Read (6) buffered : 681 bytes. Window: 1279994
nc DEBUG: SSH: ssh_channel_read_timeout: Read (6) buffered : 675 bytes. Window: 1279994
nc DEBUG: SSH: ssh_channel_read_timeout: Read (6) buffered : 669 bytes. Window: 1279994
nc DEBUG: SSH: ssh_channel_read_timeout: Read (6) buffered : 663 bytes. Window: 1279994
nc DEBUG: SSH: ssh_channel_read_timeout: Read (6) buffered : 657 bytes. Window: 1279994
nc DEBUG: SSH: ssh_channel_read_timeout: Read (6) buffered : 651 bytes. Window: 1279994
nc DEBUG: SSH: ssh_channel_read_timeout: Read (6) buffered : 645 bytes. Window: 1279994
nc DEBUG: SSH: ssh_channel_read_timeout: Read (6) buffered : 639 bytes. Window: 1279994
nc DEBUG: SSH: ssh_channel_read_timeout: Read (6) buffered : 633 bytes. Window: 1279994
nc DEBUG: SSH: ssh_channel_read_timeout: Read (6) buffered : 627 bytes. Window: 1279994
nc DEBUG: SSH: ssh_channel_read_timeout: Read (6) buffered : 621 bytes. Window: 1279994
nc DEBUG: SSH: ssh_channel_read_timeout: Read (6) buffered : 615 bytes. Window: 1279994
nc DEBUG: SSH: ssh_channel_read_timeout: Read (6) buffered : 609 bytes. Window: 1279994
nc DEBUG: SSH: ssh_channel_read_timeout: Read (6) buffered : 603 bytes. Window: 1279994
nc DEBUG: SSH: ssh_channel_read_timeout: Read (6) buffered : 597 bytes. Window: 1279994
nc DEBUG: SSH: ssh_channel_read_timeout: Read (6) buffered : 591 bytes. Window: 1279994
nc DEBUG: SSH: ssh_channel_read_timeout: Read (6) buffered : 585 bytes. Window: 1279994
nc DEBUG: SSH: ssh_channel_read_timeout: Read (6) buffered : 579 bytes. Window: 1279994
nc DEBUG: SSH: ssh_channel_read_timeout: Read (6) buffered : 573 bytes. Window: 1279994
nc DEBUG: SSH: ssh_channel_read_timeout: Read (6) buffered : 567 bytes. Window: 1279994
nc DEBUG: SSH: ssh_channel_read_timeout: Read (6) buffered : 561 bytes. Window: 1279994
nc DEBUG: SSH: ssh_channel_read_timeout: Read (6) buffered : 555 bytes. Window: 1279994
nc DEBUG: SSH: ssh_channel_read_timeout: Read (6) buffered : 549 bytes. Window: 1279994
nc DEBUG: SSH: ssh_channel_read_timeout: Read (6) buffered : 543 bytes. Window: 1279994
nc DEBUG: SSH: ssh_channel_read_timeout: Read (6) buffered : 537 bytes. Window: 1279994
nc DEBUG: SSH: ssh_channel_read_timeout: Read (6) buffered : 531 bytes. Window: 1279994
nc DEBUG: SSH: ssh_channel_read_timeout: Read (6) buffered : 525 bytes. Window: 1279994
nc DEBUG: SSH: ssh_channel_read_timeout: Read (6) buffered : 519 bytes. Window: 1279994
nc DEBUG: SSH: ssh_channel_read_timeout: Read (6) buffered : 513 bytes. Window: 1279994
nc DEBUG: SSH: ssh_channel_read_timeout: Read (6) buffered : 507 bytes. Window: 1279994
nc DEBUG: SSH: ssh_channel_read_timeout: Read (6) buffered : 501 bytes. Window: 1279994
nc DEBUG: SSH: ssh_channel_read_timeout: Read (6) buffered : 495 bytes. Window: 1279994
nc DEBUG: SSH: ssh_channel_read_timeout: Read (6) buffered : 489 bytes. Window: 1279994
nc DEBUG: SSH: ssh_channel_read_timeout: Read (6) buffered : 483 bytes. Window: 1279994
nc DEBUG: SSH: ssh_channel_read_timeout: Read (6) buffered : 477 bytes. Window: 1279994
nc DEBUG: SSH: ssh_channel_read_timeout: Read (6) buffered : 471 bytes. Window: 1279994
nc DEBUG: SSH: ssh_channel_read_timeout: Read (6) buffered : 465 bytes. Window: 1279994
nc DEBUG: SSH: ssh_channel_read_timeout: Read (6) buffered : 459 bytes. Window: 1279994
nc DEBUG: SSH: ssh_channel_read_timeout: Read (6) buffered : 453 bytes. Window: 1279994
nc DEBUG: SSH: ssh_channel_read_timeout: Read (6) buffered : 447 bytes. Window: 1279994
nc DEBUG: SSH: ssh_channel_read_timeout: Read (6) buffered : 441 bytes. Window: 1279994
nc DEBUG: SSH: ssh_channel_read_timeout: Read (6) buffered : 435 bytes. Window: 1279994
nc DEBUG: SSH: ssh_channel_read_timeout: Read (6) buffered : 429 bytes. Window: 1279994
nc DEBUG: SSH: ssh_channel_read_timeout: Read (6) buffered : 423 bytes. Window: 1279994
nc DEBUG: SSH: ssh_channel_read_timeout: Read (6) buffered : 417 bytes. Window: 1279994
nc DEBUG: SSH: ssh_channel_read_timeout: Read (6) buffered : 411 bytes. Window: 1279994
nc DEBUG: SSH: ssh_channel_read_timeout: Read (6) buffered : 405 bytes. Window: 1279994
nc DEBUG: SSH: ssh_channel_read_timeout: Read (6) buffered : 399 bytes. Window: 1279994
nc DEBUG: SSH: ssh_channel_read_timeout: Read (6) buffered : 393 bytes. Window: 1279994
nc DEBUG: SSH: ssh_channel_read_timeout: Read (6) buffered : 387 bytes. Window: 1279994
nc DEBUG: SSH: ssh_channel_read_timeout: Read (6) buffered : 381 bytes. Window: 1279994
nc DEBUG: SSH: ssh_channel_read_timeout: Read (6) buffered : 375 bytes. Window: 1279994
nc DEBUG: SSH: ssh_channel_read_timeout: Read (6) buffered : 369 bytes. Window: 1279994
nc DEBUG: SSH: ssh_channel_read_timeout: Read (6) buffered : 363 bytes. Window: 1279994
nc DEBUG: SSH: ssh_channel_read_timeout: Read (6) buffered : 357 bytes. Window: 1279994
nc DEBUG: SSH: ssh_channel_read_timeout: Read (6) buffered : 351 bytes. Window: 1279994
nc DEBUG: SSH: ssh_channel_read_timeout: Read (6) buffered : 345 bytes. Window: 1279994
nc DEBUG: SSH: ssh_channel_read_timeout: Read (6) buffered : 339 bytes. Window: 1279994
nc DEBUG: SSH: ssh_channel_read_timeout: Read (6) buffered : 333 bytes. Window: 1279994
nc DEBUG: SSH: ssh_channel_read_timeout: Read (6) buffered : 327 bytes. Window: 1279994
nc DEBUG: SSH: ssh_channel_read_timeout: Read (6) buffered : 321 bytes. Window: 1279994
nc DEBUG: SSH: ssh_channel_read_timeout: Read (6) buffered : 315 bytes. Window: 1279994
nc DEBUG: SSH: ssh_channel_read_timeout: Read (6) buffered : 309 bytes. Window: 1279994
nc DEBUG: SSH: ssh_channel_read_timeout: Read (6) buffered : 303 bytes. Window: 1279994
nc DEBUG: SSH: ssh_channel_read_timeout: Read (6) buffered : 297 bytes. Window: 1279994
nc DEBUG: SSH: ssh_channel_read_timeout: Read (6) buffered : 291 bytes. Window: 1279994
nc DEBUG: SSH: ssh_channel_read_timeout: Read (6) buffered : 285 bytes. Window: 1279994
nc DEBUG: SSH: ssh_channel_read_timeout: Read (6) buffered : 279 bytes. Window: 1279994
nc DEBUG: SSH: ssh_channel_read_timeout: Read (6) buffered : 273 bytes. Window: 1279994
nc DEBUG: SSH: ssh_channel_read_timeout: Read (6) buffered : 267 bytes. Window: 1279994
nc DEBUG: SSH: ssh_channel_read_timeout: Read (6) buffered : 261 bytes. Window: 1279994
nc DEBUG: SSH: ssh_channel_read_timeout: Read (6) buffered : 255 bytes. Window: 1279994
nc DEBUG: SSH: ssh_channel_read_timeout: Read (6) buffered : 249 bytes. Window: 1279994
nc DEBUG: SSH: ssh_channel_read_timeout: Read (6) buffered : 243 bytes. Window: 1279994
nc DEBUG: SSH: ssh_channel_read_timeout: Read (6) buffered : 237 bytes. Window: 1279994
nc DEBUG: SSH: ssh_channel_read_timeout: Read (6) buffered : 231 bytes. Window: 1279994
nc DEBUG: SSH: ssh_channel_read_timeout: Read (6) buffered : 225 bytes. Window: 1279994
nc DEBUG: SSH: ssh_channel_read_timeout: Read (6) buffered : 219 bytes. Window: 1279994
nc DEBUG: SSH: ssh_channel_read_timeout: Read (6) buffered : 213 bytes. Window: 1279994
nc DEBUG: SSH: ssh_channel_read_timeout: Read (6) buffered : 207 bytes. Window: 1279994
nc DEBUG: SSH: ssh_channel_read_timeout: Read (6) buffered : 201 bytes. Window: 1279994
nc DEBUG: SSH: ssh_channel_read_timeout: Read (6) buffered : 195 bytes. Window: 1279994
nc DEBUG: SSH: ssh_channel_read_timeout: Read (6) buffered : 189 bytes. Window: 1279994
nc DEBUG: SSH: ssh_channel_read_timeout: Read (6) buffered : 183 bytes. Window: 1279994
nc DEBUG: SSH: ssh_channel_read_timeout: Read (6) buffered : 177 bytes. Window: 1279994
nc DEBUG: SSH: ssh_channel_read_timeout: Read (6) buffered : 171 bytes. Window: 1279994
nc DEBUG: SSH: ssh_channel_read_timeout: Read (6) buffered : 165 bytes. Window: 1279994
nc DEBUG: SSH: ssh_channel_read_timeout: Read (6) buffered : 159 bytes. Window: 1279994
nc DEBUG: SSH: ssh_channel_read_timeout: Read (6) buffered : 153 bytes. Window: 1279994
nc DEBUG: SSH: ssh_channel_read_timeout: Read (6) buffered : 147 bytes. Window: 1279994
nc DEBUG: SSH: ssh_channel_read_timeout: Read (6) buffered : 141 bytes. Window: 1279994
nc DEBUG: SSH: ssh_channel_read_timeout: Read (6) buffered : 135 bytes. Window: 1279994
nc DEBUG: SSH: ssh_channel_read_timeout: Read (6) buffered : 129 bytes. Window: 1279994
nc DEBUG: SSH: ssh_channel_read_timeout: Read (6) buffered : 123 bytes. Window: 1279994
nc DEBUG: SSH: ssh_channel_read_timeout: Read (6) buffered : 117 bytes. Window: 1279994
nc DEBUG: SSH: ssh_channel_read_timeout: Read (6) buffered : 111 bytes. Window: 1279994
nc DEBUG: SSH: ssh_channel_read_timeout: Read (6) buffered : 105 bytes. Window: 1279994
nc DEBUG: SSH: ssh_channel_read_timeout: Read (6) buffered : 99 bytes. Window: 1279994
nc DEBUG: SSH: ssh_channel_read_timeout: Read (6) buffered : 93 bytes. Window: 1279994
nc DEBUG: SSH: ssh_channel_read_timeout: Read (6) buffered : 87 bytes. Window: 1279994
nc DEBUG: SSH: ssh_channel_read_timeout: Read (6) buffered : 81 bytes. Window: 1279994
nc DEBUG: SSH: ssh_channel_read_timeout: Read (6) buffered : 75 bytes. Window: 1279994
nc DEBUG: SSH: ssh_channel_read_timeout: Read (6) buffered : 69 bytes. Window: 1279994
nc DEBUG: SSH: ssh_channel_read_timeout: Read (6) buffered : 63 bytes. Window: 1279994
nc DEBUG: SSH: ssh_channel_read_timeout: Read (6) buffered : 57 bytes. Window: 1279994
nc DEBUG: SSH: ssh_channel_read_timeout: Read (6) buffered : 51 bytes. Window: 1279994
nc DEBUG: SSH: ssh_channel_read_timeout: Read (6) buffered : 45 bytes. Window: 1279994
nc DEBUG: SSH: ssh_channel_read_timeout: Read (6) buffered : 39 bytes. Window: 1279994
nc DEBUG: SSH: ssh_channel_read_timeout: Read (6) buffered : 33 bytes. Window: 1279994
nc DEBUG: SSH: ssh_channel_read_timeout: Read (6) buffered : 27 bytes. Window: 1279994
nc DEBUG: SSH: ssh_channel_read_timeout: Read (6) buffered : 21 bytes. Window: 1279994
nc DEBUG: SSH: ssh_channel_read_timeout: Read (6) buffered : 15 bytes. Window: 1279994
nc DEBUG: SSH: ssh_channel_read_timeout: Read (6) buffered : 9 bytes. Window: 1279994
nc DEBUG: SSH: ssh_channel_read_timeout: Read (3) buffered : 3 bytes. Window: 1279994
nc DEBUG: Received message:
<hello xmlns="urn:ietf:params:xml:ns:netconf:base:1.0"><capabilities><capability>urn:ietf:params:netconf:base:1.0</capability><capability>urn:ietf:params:netconf:base:1.1</capability><capability>urn:ietf:params:netconf:capability:writable-running:1.0</capability><capability>urn:ietf:params:netconf:capability:rollback-on-error:1.0</capability><capability>urn:ietf:params:netconf:capability:startup:1.0</capability><capability>urn:ietf:params:netconf:capability:url:1.0</capability><capability>urn:ietf:params:netconf:capability:xpath:1.0</capability><capability>urn:ietf:params:netconf:capability:with-defaults:1.0?basic-mode=explicit&amp;also-supported=report-all,report-all-tagged,trim,explicit</capability><capability>urn:ietf:params:netconf:capability:notification:1.0</capability><capability>urn:ietf:params:netconf:capability:interleave:1.0</capability><capability>urn:ietf:params:xml:ns:yang:ietf-yang-metadata?module=ietf-yang-metadata&amp;revision=2016-08-05</capability><capability>urn:ietf:params:xml:ns:yang:1?module=yang&amp;revision=2017-02-20</capability><capability>urn:ietf:params:xml:ns:yang:ietf-inet-types?module=ietf-inet-types&amp;revision=2013-07-15</capability><capability>urn:ietf:params:xml:ns:yang:ietf-yang-types?module=ietf-yang-types&amp;revision=2013-07-15</capability><capability>urn:ietf:params:netconf:capability:yang-library:1.0?revision=2019-01-04&amp;module-set-id=65</capability><capability>urn:ietf:params:xml:ns:yang:ietf-netconf-acm?module=ietf-netconf-acm&amp;revision=2018-02-14</capability><capability>urn:ietf:params:xml:ns:netconf:base:1.0?module=ietf-netconf&amp;revision=2011-06-01&amp;features=writable-running,rollback-on-error,startup,url,xpath</capability><capability>urn:ietf:params:xml:ns:yang:ietf-netconf-notifications?module=ietf-netconf-notifications&amp;revision=2012-02-06</capability><capability>urn:ietf:params:xml:ns:netconf:notification:1.0?module=notifications&amp;revision=2008-07-14</capability><capability>urn:ietf:params:xml:ns:netmod:notification?module=nc-notifications&amp;revision=2008-07-14</capability><capability>urn:ietf:params:xml:ns:yang:ietf-x509-cert-to-name?module=ietf-x509-cert-to-name&amp;revision=2014-12-10</capability><capability>urn:ietf:params:xml:ns:yang:ietf-netconf-with-defaults?module=ietf-netconf-with-defaults&amp;revision=2011-06-01</capability><capability>urn:ietf:params:xml:ns:yang:ietf-netconf-monitoring?module=ietf-netconf-monitoring&amp;revision=2010-10-04</capability><capability>urn:ietf:params:xml:ns:yang:iana-crypt-hash?module=iana-crypt-hash&amp;revision=2014-08-06</capability><capability>urn:ietf:params:xml:ns:yang:ietf-system?module=ietf-system&amp;revision=2014-08-06&amp;features=authentication,local-users</capability><capability>urn:ietf:params:xml:ns:yang:iana-if-type?module=iana-if-type&amp;revision=2017-01-19</capability><capability>urn:ieee:std:802.1Q:yang:ieee802-dot1q-types?module=ieee802-dot1q-types&amp;revision=2020-06-04</capability><capability>urn:ieee:std:802.1Q:yang:ieee802-types?module=ieee802-types&amp;revision=2020-06-04</capability><capability>urn:ieee:std:802.1X:yang:ieee802-dot1x-types?module=ieee802-dot1x-types&amp;revision=2020-02-18</capability><capability>urn:ieee:std:802.1X:yang:ieee802-dot1x?module=ieee802-dot1x&amp;revision=2020-02-18</capability></capabilities><session-id>6</session-id></hello>

nc VERBOSE: Capability for <get-schema> support found.
nc VERBOSE: Capability for yang-library support found.
nc VERBOSE: Capability for XPath filter support found.
nc VERBOSE: Reading module "ietf-netconf@<latest>" from local file "/usr/local/share/yang/modules/netopeer2/ietf-netconf@2013-09-29.yang".
nc VERBOSE: Reading module "ietf-netconf-acm@2018-02-14" from local file "/usr/local/share/yang/modules/netopeer2/ietf-netconf-acm@2018-02-14.yang".
nc VERBOSE: Reading module "ietf-yang-metadata@2016-08-05" from local file "/usr/local/share/yang/modules/libyang/ietf-yang-metadata@2016-08-05.yang".
nc VERBOSE: Reading module "ietf-yang-library@2019-01-04" from local file "/usr/local/share/yang/modules/netopeer2/ietf-yang-library@2019-01-04.yang".
nc VERBOSE: Unable to identify revision of the import module "ietf-datastores" from the available server side information.
nc VERBOSE: Reading module "ietf-datastores@<latest>" from server via get-schema.
nc DEBUG: Sending message:

#220


nc DEBUG: SSH: ssh_packet_need_rekey: rekey: [data_rekey_needed=0, out_blocks=48, in_blocks=446]
nc DEBUG: SSH: packet_send2: packet: wrote [type=94, len=24, padding_size=8, comp=15, payload=15]
nc DEBUG: SSH: channel_write_common: ssh_channel_write wrote 6 bytes
nc DEBUG: SSH: ssh_packet_socket_callback: packet: read type 93 [len=16,padding=6,comp=9,payload=9]
nc DEBUG: SSH: ssh_packet_process: Dispatching handler for packet type 93
nc VERBOSE: SSH: channel_rcv_change_window: Adding 1248206 bytes to channel (43:43) (from 31782 bytes)
nc DEBUG: SSH: ssh_packet_need_rekey: rekey: [data_rekey_needed=0, out_blocks=48, in_blocks=446]
nc DEBUG: SSH: ssh_socket_unbuffered_write: Enabling POLLOUT for socket
nc DEBUG: Sending message:
<rpc xmlns="urn:ietf:params:xml:ns:netconf:base:1.0" message-id="1"><get-schema xmlns="urn:ietf:params:xml:ns:yang:ietf-netconf-monitoring"><identifier>ietf-datastores</identifier><format>yang</format></get-schema></rpc>

nc DEBUG: SSH: ssh_packet_need_rekey: rekey: [data_rekey_needed=0, out_blocks=76, in_blocks=474]
nc DEBUG: SSH: packet_send2: packet: wrote [type=94, len=240, padding_size=10, comp=229, payload=229]
nc DEBUG: SSH: channel_write_common: ssh_channel_write wrote 220 bytes
nc DEBUG: SSH: ssh_socket_unbuffered_write: Enabling POLLOUT for socket
nc DEBUG: Sending message:

##


nc DEBUG: SSH: ssh_packet_need_rekey: rekey: [data_rekey_needed=0, out_blocks=77, in_blocks=447]
nc DEBUG: SSH: packet_send2: packet: wrote [type=94, len=24, padding_size=10, comp=13, payload=13]
nc DEBUG: SSH: channel_write_common: ssh_channel_write wrote 4 bytes
nc DEBUG: SSH: ssh_socket_unbuffered_write: Enabling POLLOUT for socket
nc DEBUG: SSH: ssh_packet_socket_callback: packet: read type 94 [len=24,padding=7,comp=16,payload=16]
nc DEBUG: SSH: ssh_packet_process: Dispatching handler for packet type 94
nc DEBUG: SSH: channel_rcv_data: Channel receiving 7 bytes data in 0 (local win=1279994 remote win=1279764)
nc DEBUG: SSH: channel_default_bufferize: placing 7 bytes into channel buffer (stdout)
nc DEBUG: SSH: channel_rcv_data: Channel windows are now (local win=1279987 remote win=1279764)
nc DEBUG: SSH: ssh_packet_need_rekey: rekey: [data_rekey_needed=0, out_blocks=77, in_blocks=448]
nc DEBUG: SSH: ssh_channel_read_timeout: Read (2) buffered : 7 bytes. Window: 1279987
nc DEBUG: SSH: ssh_channel_read_timeout: Read (1) buffered : 5 bytes. Window: 1279987
nc DEBUG: SSH: ssh_channel_read_timeout: Read (1) buffered : 4 bytes. Window: 1279987
nc DEBUG: SSH: ssh_channel_read_timeout: Read (1) buffered : 3 bytes. Window: 1279987
nc DEBUG: SSH: ssh_channel_read_timeout: Read (1) buffered : 2 bytes. Window: 1279987
nc DEBUG: SSH: ssh_channel_read_timeout: Read (1) buffered : 1 bytes. Window: 1279987
nc DEBUG: SSH: ssh_channel_read_timeout: Read (2816) buffered : 0 bytes. Window: 1279987
nc DEBUG: SSH: ssh_channel_read_timeout: Read (2816) buffered : 0 bytes. Window: 1279987
nc DEBUG: SSH: ssh_packet_socket_callback: packet: read type 94 [len=2832,padding=6,comp=2825,payload=2825]
nc DEBUG: SSH: ssh_packet_process: Dispatching handler for packet type 94
nc DEBUG: SSH: channel_rcv_data: Channel receiving 2816 bytes data in 0 (local win=1279987 remote win=1279764)
nc DEBUG: SSH: channel_default_bufferize: placing 2816 bytes into channel buffer (stdout)
nc DEBUG: SSH: channel_rcv_data: Channel windows are now (local win=1277171 remote win=1279764)
nc DEBUG: SSH: ssh_packet_need_rekey: rekey: [data_rekey_needed=0, out_blocks=77, in_blocks=801]
nc DEBUG: SSH: ssh_channel_read_timeout: Read (2) buffered : 0 bytes. Window: 1277171
nc DEBUG: SSH: ssh_channel_read_timeout: Read (2) buffered : 0 bytes. Window: 1277171
nc DEBUG: SSH: ssh_packet_socket_callback: packet: read type 94 [len=24,padding=10,comp=13,payload=13]
nc DEBUG: SSH: ssh_packet_process: Dispatching handler for packet type 94
nc DEBUG: SSH: channel_rcv_data: Channel receiving 4 bytes data in 0 (local win=1277171 remote win=1279764)
nc DEBUG: SSH: channel_default_bufferize: placing 4 bytes into channel buffer (stdout)
nc DEBUG: SSH: channel_rcv_data: Channel windows are now (local win=1277167 remote win=1279764)
nc DEBUG: SSH: ssh_packet_need_rekey: rekey: [data_rekey_needed=0, out_blocks=77, in_blocks=802]
nc DEBUG: SSH: ssh_channel_read_timeout: Read (1) buffered : 2 bytes. Window: 1277167
nc DEBUG: SSH: ssh_channel_read_timeout: Read (1) buffered : 1 bytes. Window: 1277167
nc DEBUG: Received message:
<rpc-reply xmlns="urn:ietf:params:xml:ns:netconf:base:1.0" message-id="1"><data xmlns="urn:ietf:params:xml:ns:yang:ietf-netconf-monitoring">module ietf-datastores {
  yang-version 1.1;
  namespace "urn:ietf:params:xml:ns:yang:ietf-datastores";
  prefix ds;

  organization
    "IETF Network Modeling (NETMOD) Working Group";
  contact
    "WG Web:   &lt;https://datatracker.ietf.org/wg/netmod/&gt;

     WG List:  &lt;mailto:netmod@ietf.org&gt;

     Author:   Martin Bjorklund
               &lt;mailto:mbj@tail-f.com&gt;

     Author:   Juergen Schoenwaelder
               &lt;mailto:j.schoenwaelder@jacobs-university.de&gt;

     Author:   Phil Shafer
               &lt;mailto:phil@juniper.net&gt;

     Author:   Kent Watsen
               &lt;mailto:kwatsen@juniper.net&gt;

     Author:   Rob Wilton
               &lt;rwilton@cisco.com&gt;";
  description
    "This YANG module defines a set of identities for identifying
     datastores.

     Copyright (c) 2018 IETF Trust and the persons identified as
     authors of the code.  All rights reserved.

     Redistribution and use in source and binary forms, with or
     without modification, is permitted pursuant to, and subject to
     the license terms contained in, the Simplified BSD License set
     forth in Section 4.c of the IETF Trust's Legal Provisions
     Relating to IETF Documents
     (https://trustee.ietf.org/license-info).

     This version of this YANG module is part of RFC 8342
     (https://www.rfc-editor.org/info/rfc8342); see the RFC itself
     for full legal notices.";

  revision 2018-02-14 {
    description
      "Initial revision.";
    reference
      "RFC 8342: Network Management Datastore Architecture (NMDA)";
  }

  identity datastore {
    description
      "Abstract base identity for datastore identities.";
  }

  identity conventional {
    base datastore;
    description
      "Abstract base identity for conventional configuration
       datastores.";
  }

  identity running {
    base conventional;
    description
      "The running configuration datastore.";
  }

  identity candidate {
    base conventional;
    description
      "The candidate configuration datastore.";
  }

  identity startup {
    base conventional;
    description
      "The startup configuration datastore.";
  }

  identity intended {
    base conventional;
    description
      "The intended configuration datastore.";
  }

  identity dynamic {
    base datastore;
    description
      "Abstract base identity for dynamic configuration datastores.";
  }

  identity operational {
    base datastore;
    description
      "The operational state datastore.";
  }

  typedef datastore-ref {
    type identityref {
      base datastore;
    }
    description
      "A datastore identity reference.";
  }
}
</data></rpc-reply>

nc DEBUG: Sending message:

#237


nc DEBUG: SSH: ssh_packet_need_rekey: rekey: [data_rekey_needed=0, out_blocks=78, in_blocks=803]
nc DEBUG: SSH: ssh_socket_unbuffered_write: Enabling POLLOUT for socket
nc DEBUG: SSH: packet_send2: packet: wrote [type=94, len=24, padding_size=8, comp=15, payload=15]
nc DEBUG: SSH: channel_write_common: ssh_channel_write wrote 6 bytes
nc DEBUG: Sending message:
<rpc xmlns="urn:ietf:params:xml:ns:netconf:base:1.0" message-id="2"><get xmlns="urn:ietf:params:xml:ns:netconf:base:1.0"><filter type="xpath" xmlns:yanglib="urn:ietf:params:xml:ns:yang:ietf-yang-library" select="/yanglib:*"/></get></rpc>

nc DEBUG: SSH: ssh_packet_need_rekey: rekey: [data_rekey_needed=0, out_blocks=108, in_blocks=832]
nc DEBUG: SSH: packet_send2: packet: wrote [type=94, len=256, padding_size=9, comp=246, payload=246]
nc DEBUG: SSH: channel_write_common: ssh_channel_write wrote 237 bytes
nc DEBUG: SSH: ssh_socket_unbuffered_write: Enabling POLLOUT for socket
nc DEBUG: Sending message:

##


nc DEBUG: SSH: ssh_packet_need_rekey: rekey: [data_rekey_needed=0, out_blocks=109, in_blocks=803]
nc DEBUG: SSH: packet_send2: packet: wrote [type=94, len=24, padding_size=10, comp=13, payload=13]
nc DEBUG: SSH: channel_write_common: ssh_channel_write wrote 4 bytes
nc DEBUG: SSH: ssh_socket_unbuffered_write: Enabling POLLOUT for socket
nc DEBUG: SSH: ssh_packet_socket_callback: packet: read type 94 [len=24,padding=6,comp=17,payload=17]
nc DEBUG: SSH: ssh_packet_process: Dispatching handler for packet type 94
nc DEBUG: SSH: channel_rcv_data: Channel receiving 8 bytes data in 0 (local win=1277167 remote win=1279517)
nc DEBUG: SSH: channel_default_bufferize: placing 8 bytes into channel buffer (stdout)
nc DEBUG: SSH: channel_rcv_data: Channel windows are now (local win=1277159 remote win=1279517)
nc DEBUG: SSH: ssh_packet_need_rekey: rekey: [data_rekey_needed=0, out_blocks=109, in_blocks=804]
nc DEBUG: SSH: ssh_channel_read_timeout: Read (2) buffered : 8 bytes. Window: 1277159
nc DEBUG: SSH: ssh_channel_read_timeout: Read (1) buffered : 6 bytes. Window: 1277159
nc DEBUG: SSH: ssh_channel_read_timeout: Read (1) buffered : 5 bytes. Window: 1277159
nc DEBUG: SSH: ssh_channel_read_timeout: Read (1) buffered : 4 bytes. Window: 1277159
nc DEBUG: SSH: ssh_channel_read_timeout: Read (1) buffered : 3 bytes. Window: 1277159
nc DEBUG: SSH: ssh_channel_read_timeout: Read (1) buffered : 2 bytes. Window: 1277159
nc DEBUG: SSH: ssh_channel_read_timeout: Read (1) buffered : 1 bytes. Window: 1277159
nc DEBUG: SSH: ssh_channel_read_timeout: Read (12859) buffered : 0 bytes. Window: 1277159
nc DEBUG: SSH: ssh_channel_read_timeout: Read (12859) buffered : 0 bytes. Window: 1277159
nc DEBUG: SSH: ssh_packet_socket_callback: packet: partial packet (read len) [len=12880, receivedlen=4096, to_be_read=12900]
nc DEBUG: SSH: ssh_channel_read_timeout: Read (12859) buffered : 0 bytes. Window: 1277159
nc DEBUG: SSH: ssh_packet_socket_callback: packet: partial packet (read len) [len=12880, receivedlen=8192, to_be_read=12900]
nc DEBUG: SSH: ssh_channel_read_timeout: Read (12859) buffered : 0 bytes. Window: 1277159
nc DEBUG: SSH: ssh_packet_socket_callback: packet: partial packet (read len) [len=12880, receivedlen=12288, to_be_read=12900]
nc DEBUG: SSH: ssh_channel_read_timeout: Read (12859) buffered : 0 bytes. Window: 1277159
nc DEBUG: SSH: ssh_packet_socket_callback: packet: read type 94 [len=12880,padding=11,comp=12868,payload=12868]
nc DEBUG: SSH: ssh_packet_process: Dispatching handler for packet type 94
nc DEBUG: SSH: channel_rcv_data: Channel receiving 12859 bytes data in 0 (local win=1277159 remote win=1279517)
nc DEBUG: SSH: channel_default_bufferize: placing 12859 bytes into channel buffer (stdout)
nc DEBUG: SSH: channel_rcv_data: Channel windows are now (local win=1264300 remote win=1279517)
nc DEBUG: SSH: ssh_packet_socket_callback: Processing 44 bytes left in socket buffer
nc DEBUG: SSH: ssh_packet_socket_callback: packet: read type 94 [len=24,padding=10,comp=13,payload=13]
nc DEBUG: SSH: ssh_packet_process: Dispatching handler for packet type 94
nc DEBUG: SSH: channel_rcv_data: Channel receiving 4 bytes data in 0 (local win=1264300 remote win=1279517)
nc DEBUG: SSH: channel_default_bufferize: placing 4 bytes into channel buffer (stdout)
nc DEBUG: SSH: channel_rcv_data: Channel windows are now (local win=1264296 remote win=1279517)
nc DEBUG: SSH: ssh_packet_need_rekey: rekey: [data_rekey_needed=0, out_blocks=109, in_blocks=2413]
nc DEBUG: SSH: ssh_packet_need_rekey: rekey: [data_rekey_needed=0, out_blocks=109, in_blocks=2413]
nc DEBUG: SSH: ssh_channel_read_timeout: Read (2) buffered : 4 bytes. Window: 1264296
nc DEBUG: SSH: ssh_channel_read_timeout: Read (1) buffered : 2 bytes. Window: 1264296
nc DEBUG: SSH: ssh_channel_read_timeout: Read (1) buffered : 1 bytes. Window: 1264296
nc DEBUG: Received message:
<rpc-reply xmlns="urn:ietf:params:xml:ns:netconf:base:1.0" message-id="2"><data xmlns="urn:ietf:params:xml:ns:netconf:base:1.0"><yang-library xmlns="urn:ietf:params:xml:ns:yang:ietf-yang-library"><content-id>65</content-id><schema><name>complete</name><module-set>complete</module-set></schema></yang-library><modules-state xmlns="urn:ietf:params:xml:ns:yang:ietf-yang-library"><module-set-id>65</module-set-id><module><name>ietf-yang-metadata</name><revision>2016-08-05</revision><namespace>urn:ietf:params:xml:ns:yang:ietf-yang-metadata</namespace><conformance-type>import</conformance-type></module><module><name>yang</name><revision>2017-02-20</revision><namespace>urn:ietf:params:xml:ns:yang:1</namespace><conformance-type>implement</conformance-type></module><module><name>ietf-inet-types</name><revision>2013-07-15</revision><namespace>urn:ietf:params:xml:ns:yang:ietf-inet-types</namespace><conformance-type>import</conformance-type></module><module><name>ietf-yang-types</name><revision>2013-07-15</revision><namespace>urn:ietf:params:xml:ns:yang:ietf-yang-types</namespace><conformance-type>import</conformance-type></module><module><name>ietf-datastores</name><revision>2018-02-14</revision><namespace>urn:ietf:params:xml:ns:yang:ietf-datastores</namespace><conformance-type>import</conformance-type></module><module><name>ietf-yang-library</name><revision>2019-01-04</revision><namespace>urn:ietf:params:xml:ns:yang:ietf-yang-library</namespace><conformance-type>implement</conformance-type></module><module><name>ietf-netconf-acm</name><revision>2018-02-14</revision><namespace>urn:ietf:params:xml:ns:yang:ietf-netconf-acm</namespace><conformance-type>implement</conformance-type></module><module><name>ietf-netconf</name><revision>2011-06-01</revision><namespace>urn:ietf:params:xml:ns:netconf:base:1.0</namespace><feature>writable-running</feature><feature>rollback-on-error</feature><feature>startup</feature><feature>url</feature><feature>xpath</feature><conformance-type>implement</conformance-type></module><module><name>ietf-netconf-notifications</name><revision>2012-02-06</revision><namespace>urn:ietf:params:xml:ns:yang:ietf-netconf-notifications</namespace><conformance-type>implement</conformance-type></module><module><name>notifications</name><revision>2008-07-14</revision><namespace>urn:ietf:params:xml:ns:netconf:notification:1.0</namespace><conformance-type>implement</conformance-type></module><module><name>nc-notifications</name><revision>2008-07-14</revision><namespace>urn:ietf:params:xml:ns:netmod:notification</namespace><conformance-type>implement</conformance-type></module><module><name>ietf-x509-cert-to-name</name><revision>2014-12-10</revision><namespace>urn:ietf:params:xml:ns:yang:ietf-x509-cert-to-name</namespace><conformance-type>implement</conformance-type></module><module><name>ietf-keystore</name><revision>2016-10-31</revision><namespace>urn:ietf:params:xml:ns:yang:ietf-keystore</namespace><conformance-type>implement</conformance-type></module><module><name>ietf-netconf-with-defaults</name><revision>2011-06-01</revision><namespace>urn:ietf:params:xml:ns:yang:ietf-netconf-with-defaults</namespace><conformance-type>implement</conformance-type></module><module><name>ietf-netconf-monitoring</name><revision>2010-10-04</revision><namespace>urn:ietf:params:xml:ns:yang:ietf-netconf-monitoring</namespace><conformance-type>implement</conformance-type></module><module><name>ietf-datastores</name><revision>2017-08-17</revision><namespace>urn:ietf:params:xml:ns:yang:ietf-datastores</namespace><conformance-type>implement</conformance-type></module><module><name>ietf-ssh-server</name><revision>2016-11-02</revision><namespace>urn:ietf:params:xml:ns:yang:ietf-ssh-server</namespace><conformance-type>import</conformance-type></module><module><name>ietf-tls-server</name><revision>2016-11-02</revision><namespace>urn:ietf:params:xml:ns:yang:ietf-tls-server</namespace><conformance-type>import</conformance-type></module><module><name>ietf-netconf-server</name><revision>2016-11-02</revision><namespace>urn:ietf:params:xml:ns:yang:ietf-netconf-server</namespace><feature>listen</feature><feature>ssh-listen</feature><feature>tls-listen</feature><feature>call-home</feature><feature>ssh-call-home</feature><feature>tls-call-home</feature><conformance-type>implement</conformance-type></module><module><name>iana-crypt-hash</name><revision>2014-08-06</revision><namespace>urn:ietf:params:xml:ns:yang:iana-crypt-hash</namespace><conformance-type>import</conformance-type></module><module><name>ietf-system</name><revision>2014-08-06</revision><namespace>urn:ietf:params:xml:ns:yang:ietf-system</namespace><feature>authentication</feature><feature>local-users</feature><conformance-type>implement</conformance-type></module><module><name>ietf-crypto-types</name><revision>2022-12-12</revision><namespace>urn:ietf:params:xml:ns:yang:ietf-crypto-types</namespace><conformance-type>implement</conformance-type></module><module><name>ietf-interfaces</name><revision>2018-02-20</revision><namespace>urn:ietf:params:xml:ns:yang:ietf-interfaces</namespace><feature>if-mib</feature><conformance-type>implement</conformance-type></module><module><name>ietf-ip</name><revision>2018-02-22</revision><namespace>urn:ietf:params:xml:ns:yang:ietf-ip</namespace><conformance-type>implement</conformance-type></module><module><name>iana-hardware</name><revision>2018-03-13</revision><namespace>urn:ietf:params:xml:ns:yang:iana-hardware</namespace><conformance-type>implement</conformance-type></module><module><name>ietf-hardware</name><revision>2018-03-13</revision><namespace>urn:ietf:params:xml:ns:yang:ietf-hardware</namespace><feature>hardware-state</feature><feature>hardware-sensor</feature><conformance-type>implement</conformance-type></module><module><name>ietf-dhcpv6-types</name><revision>2018-09-04</revision><namespace>urn:ietf:params:xml:ns:yang:ietf-dhcpv6-types</namespace><conformance-type>implement</conformance-type></module><module><name>iana-if-type</name><revision>2017-01-19</revision><namespace>urn:ietf:params:xml:ns:yang:iana-if-type</namespace><conformance-type>implement</conformance-type></module><module><name>ietf-dhcpv6-common</name><revision>2021-01-29</revision><namespace>urn:ietf:params:xml:ns:yang:ietf-dhcpv6-common</namespace><conformance-type>implement</conformance-type></module><module><name>ieee802-dot1q-cfm-types</name><revision>2020-06-04</revision><namespace>urn:ieee:std:802.1Q:yang:ieee802-dot1q-cfm-types</namespace><conformance-type>implement</conformance-type></module><module><name>ieee802-dot1q-types</name><revision>2020-06-04</revision><namespace>urn:ieee:std:802.1Q:yang:ieee802-dot1q-types</namespace><conformance-type>implement</conformance-type></module><module><name>ieee802-types</name><revision>2020-06-04</revision><namespace>urn:ieee:std:802.1Q:yang:ieee802-types</namespace><conformance-type>implement</conformance-type></module><module><name>ieee802-dot1q-cfm</name><revision>2020-06-04</revision><namespace>urn:ieee:std:802.1Q:yang:ieee802-dot1q-cfm</namespace><conformance-type>implement</conformance-type></module><module><name>ieee802-dot1x-types</name><revision>2020-02-18</revision><namespace>urn:ieee:std:802.1X:yang:ieee802-dot1x-types</namespace><conformance-type>implement</conformance-type></module><module><name>ieee802-dot1x</name><revision>2020-02-18</revision><namespace>urn:ieee:std:802.1X:yang:ieee802-dot1x</namespace><conformance-type>implement</conformance-type></module><module><name>o-ran-common-yang-types</name><revision>2023-08-14</revision><namespace>urn:o-ran:common-yang-types:1.0</namespace><conformance-type>implement</conformance-type></module><module><name>o-ran-common-identity-refs</name><revision>2022-08-15</revision><namespace>urn:o-ran:wg1identityref:1.0</namespace><conformance-type>implement</conformance-type></module><module><name>o-ran-certificates</name><revision>2022-08-15</revision><namespace>urn:o-ran:certificates:1.0</namespace><conformance-type>implement</conformance-type></module><module><name>o-ran-wg4-features</name><revision>2024-04-15</revision><namespace>urn:o-ran:wg4feat:1.0</namespace><feature>EXT-ANT-DELAY-CONTROL</feature><conformance-type>implement</conformance-type></module><module><name>o-ran-usermgmt</name><revision>2023-12-11</revision><namespace>urn:o-ran:user-mgmt:1.0</namespace><conformance-type>implement</conformance-type></module><module><name>o-ran-supervision</name><revision>2022-12-05</revision><namespace>urn:o-ran:supervision:1.0</namespace><conformance-type>implement</conformance-type></module><module><name>o-ran-fm</name><revision>2024-04-15</revision><namespace>urn:o-ran:fm:1.0</namespace><feature>HISTORICAL-ALARM-LIST</feature><conformance-type>implement</conformance-type></module><module><name>o-ran-fan</name><revision>2021-12-01</revision><namespace>urn:o-ran:fan:1.0</namespace><conformance-type>implement</conformance-type></module><module><name>o-ran-hardware</name><revision>2024-04-15</revision><namespace>urn:o-ran:hardware:1.0</namespace><conformance-type>implement</conformance-type></module><module><name>o-ran-interfaces</name><revision>2024-04-15</revision><namespace>urn:o-ran:interfaces:1.0</namespace><conformance-type>implement</conformance-type></module><module><name>o-ran-ieee802-dot1q-cfm</name><revision>2023-04-10</revision><namespace>urn:o-ran:o-ran-ieee802-dot1q-cfm:1.0</namespace><conformance-type>implement</conformance-type></module><module><name>o-ran-mplane-int</name><revision>2021-12-01</revision><namespace>urn:o-ran:mplane-interfaces:1.0</namespace><conformance-type>implement</conformance-type></module><module><name>o-ran-dhcp</name><revision>2022-08-15</revision><namespace>urn:o-ran:dhcp:1.0</namespace><conformance-type>implement</conformance-type></module><module><name>o-ran-transceiver</name><revision>2023-04-10</revision><namespace>urn:o-ran:transceiver:1.0</namespace><conformance-type>implement</conformance-type></module><module><name>o-ran-trace</name><revision>2022-08-15</revision><namespace>urn:o-ran:trace:1.0</namespace><conformance-type>implement</conformance-type></module><module><name>o-ran-operations</name><revision>2024-04-15</revision><namespace>urn:o-ran:operations:1.0</namespace><conformance-type>implement</conformance-type></module><module><name>o-ran-troubleshooting</name><revision>2022-08-15</revision><namespace>urn:o-ran:troubleshooting:1.0</namespace><conformance-type>implement</conformance-type></module><module><name>o-ran-file-management</name><revision>2023-04-10</revision><namespace>urn:o-ran:file-management:1.0</namespace><conformance-type>implement</conformance-type></module><module><name>o-ran-software-management</name><revision>2024-04-15</revision><namespace>urn:o-ran:software-management:1.0</namespace><conformance-type>implement</conformance-type></module><module><name>o-ran-sync</name><revision>2024-04-15</revision><namespace>urn:o-ran:sync:1.0</namespace><conformance-type>implement</conformance-type></module><module><name>o-ran-compression-factors</name><revision>2023-08-14</revision><namespace>urn:o-ran:compression-factors:1.0</namespace><conformance-type>implement</conformance-type></module><module><name>o-ran-module-cap</name><revision>2024-04-15</revision><namespace>urn:o-ran:module-cap:1.0</namespace><feature>EAXC-ID-GROUP-SUPPORTED</feature><feature>CONFIGURABLE-TDD-PATTERN-SUPPORTED</feature><conformance-type>implement</conformance-type></module><module><name>o-ran-delay-management</name><revision>2024-04-15</revision><namespace>urn:o-ran:delay:1.0</namespace><conformance-type>implement</conformance-type></module><module><name>o-ran-processing-element</name><revision>2022-08-15</revision><namespace>urn:o-ran:processing-element:1.0</namespace><conformance-type>implement</conformance-type></module><module><name>o-ran-lbm</name><revision>2024-04-15</revision><namespace>urn:o-ran:lbm:1.0</namespace><conformance-type>implement</conformance-type></module><module><name>o-ran-uplane-conf</name><revision>2024-04-15</revision><namespace>urn:o-ran:uplane-conf:1.0</namespace><feature>EAXC-GAIN-CORRECTION</feature><conformance-type>implement</conformance-type></module><module><name>o-ran-performance-management</name><revision>2024-04-15</revision><namespace>urn:o-ran:performance-management:1.0</namespace><feature>GRANULARITY-TRANSPORT-MEASUREMENT</feature><feature>GRANULARITY-EAXC-ID-MEASUREMENT</feature><conformance-type>implement</conformance-type></module><module><name>o-ran-ethernet-forwarding</name><revision>2021-12-01</revision><namespace>urn:o-ran:ethernet-fwd:1.0</namespace><conformance-type>implement</conformance-type></module><module><name>o-ran-shared-cell</name><revision>2024-04-15</revision><namespace>urn:o-ran:shared-cell:1.0</namespace><conformance-type>implement</conformance-type></module></modules-state></data></rpc-reply>

nc WARNING: Server implements module "yang" in revision "2017-02-20" but revision "2025-01-29" is already implemented and will be used instead.
nc WARNING: Server implements module "ietf-netconf" in revision "2011-06-01" but revision "2013-09-29" is already implemented and will be used instead.
nc VERBOSE: Reading module "ietf-netconf-notifications@2012-02-06" from local file "/usr/local/share/yang/modules/netopeer2/ietf-netconf-notifications@2012-02-06.yang".
nc VERBOSE: Reading module "notifications@2008-07-14" from local file "/usr/local/share/yang/modules/netopeer2/notifications@2008-07-14.yang".
nc VERBOSE: Reading module "nc-notifications@2008-07-14" from local file "/usr/local/share/yang/modules/netopeer2/nc-notifications@2008-07-14.yang".
nc VERBOSE: Reading module "ietf-x509-cert-to-name@2014-12-10" from local file "/usr/local/share/yang/modules/netopeer2/ietf-x509-cert-to-name@2014-12-10.yang".
nc VERBOSE: Reading module "ietf-keystore@2016-10-31" from local file "/usr/local/share/yang/modules/netopeer2/ietf-keystore@2016-10-31.yang".
nc VERBOSE: Reading module "ietf-netconf-with-defaults@2011-06-01" from local file "/usr/local/share/yang/modules/netopeer2/ietf-netconf-with-defaults@2011-06-01.yang".
nc WARNING: Server implements module "ietf-datastores" in revision "2017-08-17" but revision "2018-02-14" is already implemented and will be used instead.
nc VERBOSE: Reading module "ietf-netconf-server@2016-11-02" from local file "/usr/local/share/yang/modules/netopeer2/ietf-netconf-server@2016-11-02.yang".
nc VERBOSE: Reading module "ietf-ssh-server@2016-11-02" from local file "/usr/local/share/yang/modules/netopeer2/ietf-ssh-server@2016-11-02.yang".
nc VERBOSE: Reading module "ietf-tls-server@2016-11-02" from local file "/usr/local/share/yang/modules/netopeer2/ietf-tls-server@2016-11-02.yang".
nc VERBOSE: Reading module "ietf-system@2014-08-06" from local file "/usr/local/share/yang/modules/netopeer2/ietf-system@2014-08-06.yang".
nc VERBOSE: Reading module "iana-crypt-hash@2014-08-06" from local file "/usr/local/share/yang/modules/netopeer2/iana-crypt-hash@2014-08-06.yang".
nc VERBOSE: Reading module "ietf-crypto-types@2022-12-12" from local file "/usr/local/share/yang/modules/netopeer2/ietf-crypto-types@2022-12-12.yang".
nc VERBOSE: Reading module "ietf-interfaces@2018-02-20" from local file "/usr/local/share/yang/modules/netopeer2/ietf-interfaces@2018-02-20.yang".
nc VERBOSE: Reading module "ietf-ip@2018-02-22" from local file "/usr/local/share/yang/modules/netopeer2/ietf-ip@2018-02-22.yang".
nc VERBOSE: Reading module "iana-hardware@2018-03-13" from local file "/usr/local/share/yang/modules/netopeer2/iana-hardware@2018-03-13.yang".
nc VERBOSE: Reading module "ietf-hardware@2018-03-13" from local file "/usr/local/share/yang/modules/netopeer2/ietf-hardware@2018-03-13.yang".
nc VERBOSE: Reading module "ietf-dhcpv6-types@2018-09-04" from local file "/usr/local/share/yang/modules/netopeer2/ietf-dhcpv6-types@2018-09-04.yang".
nc VERBOSE: Reading module "iana-if-type@2017-01-19" from local file "/usr/local/share/yang/modules/netopeer2/iana-if-type@2017-01-19.yang".
nc VERBOSE: Reading module "ietf-dhcpv6-common@2021-01-29" from local file "/usr/local/share/yang/modules/netopeer2/ietf-dhcpv6-common@2021-01-29.yang".
nc VERBOSE: Reading module "ieee802-dot1q-cfm-types@2020-06-04" from local file "/usr/local/share/yang/modules/netopeer2/ieee802-dot1q-cfm-types@2020-06-04.yang".
nc VERBOSE: Reading module "ieee802-dot1q-types@2020-06-04" from local file "/usr/local/share/yang/modules/netopeer2/ieee802-dot1q-types@2020-06-04.yang".
nc VERBOSE: Reading module "ieee802-types@2020-06-04" from local file "/usr/local/share/yang/modules/netopeer2/ieee802-types@2020-06-04.yang".
nc VERBOSE: Reading module "ieee802-dot1q-cfm@2020-06-04" from local file "/usr/local/share/yang/modules/netopeer2/ieee802-dot1q-cfm@2020-06-04.yang".
nc VERBOSE: Reading module "ieee802-dot1x-types@2020-02-18" from local file "/usr/local/share/yang/modules/netopeer2/ieee802-dot1x-types@2020-02-18.yang".
nc VERBOSE: Reading module "ieee802-dot1x@2020-02-18" from local file "/usr/local/share/yang/modules/netopeer2/ieee802-dot1x@2020-02-18.yang".
nc VERBOSE: Reading module "o-ran-common-yang-types@2023-08-14" from local file "/usr/local/share/yang/modules/netopeer2/o-ran-common-yang-types@2023-08-14.yang".
nc VERBOSE: Reading module "o-ran-common-identity-refs@2022-08-15" from local file "/usr/local/share/yang/modules/netopeer2/o-ran-common-identity-refs@2022-08-15.yang".
nc VERBOSE: Reading module "o-ran-certificates@2022-08-15" from local file "/usr/local/share/yang/modules/netopeer2/o-ran-certificates@2022-08-15.yang".
nc VERBOSE: Reading module "o-ran-wg4-features@2024-04-15" from local file "/usr/local/share/yang/modules/netopeer2/o-ran-wg4-features@2024-04-15.yang".
nc VERBOSE: Reading module "o-ran-usermgmt@2023-12-11" from local file "/usr/local/share/yang/modules/netopeer2/o-ran-usermgmt@2023-12-11.yang".
nc VERBOSE: Reading module "o-ran-supervision@2022-12-05" from local file "/usr/local/share/yang/modules/netopeer2/o-ran-supervision@2022-12-05.yang".
nc VERBOSE: Reading module "o-ran-fm@2024-04-15" from local file "/usr/local/share/yang/modules/netopeer2/o-ran-fm@2024-04-15.yang".
nc VERBOSE: Reading module "o-ran-fan@2021-12-01" from local file "/usr/local/share/yang/modules/netopeer2/o-ran-fan@2021-12-01.yang".
nc VERBOSE: Reading module "o-ran-hardware@2024-04-15" from local file "/usr/local/share/yang/modules/netopeer2/o-ran-hardware@2024-04-15.yang".
nc VERBOSE: Reading module "o-ran-interfaces@2024-04-15" from local file "/usr/local/share/yang/modules/netopeer2/o-ran-interfaces@2024-04-15.yang".
nc VERBOSE: Reading module "o-ran-ieee802-dot1q-cfm@2023-04-10" from local file "/usr/local/share/yang/modules/netopeer2/o-ran-ieee802-dot1q-cfm@2023-04-10.yang".
nc VERBOSE: Reading module "o-ran-mplane-int@2021-12-01" from local file "/usr/local/share/yang/modules/netopeer2/o-ran-mplane-int@2021-12-01.yang".
nc VERBOSE: Reading module "o-ran-dhcp@2022-08-15" from local file "/usr/local/share/yang/modules/netopeer2/o-ran-dhcp@2022-08-15.yang".
nc VERBOSE: Reading module "o-ran-transceiver@2023-04-10" from local file "/usr/local/share/yang/modules/netopeer2/o-ran-transceiver@2023-04-10.yang".
nc VERBOSE: Reading module "o-ran-trace@2022-08-15" from local file "/usr/local/share/yang/modules/netopeer2/o-ran-trace@2022-08-15.yang".
nc VERBOSE: Reading module "o-ran-operations@2024-04-15" from local file "/usr/local/share/yang/modules/netopeer2/o-ran-operations@2024-04-15.yang".
nc VERBOSE: Reading module "o-ran-troubleshooting@2022-08-15" from local file "/usr/local/share/yang/modules/netopeer2/o-ran-troubleshooting@2022-08-15.yang".
nc VERBOSE: Reading module "o-ran-file-management@2023-04-10" from local file "/usr/local/share/yang/modules/netopeer2/o-ran-file-management@2023-04-10.yang".
nc VERBOSE: Reading module "o-ran-software-management@2024-04-15" from local file "/usr/local/share/yang/modules/netopeer2/o-ran-software-management@2024-04-15.yang".
nc VERBOSE: Reading module "o-ran-sync@2024-04-15" from local file "/usr/local/share/yang/modules/netopeer2/o-ran-sync@2024-04-15.yang".
nc VERBOSE: Reading module "o-ran-compression-factors@2023-08-14" from local file "/usr/local/share/yang/modules/netopeer2/o-ran-compression-factors@2023-08-14.yang".
nc VERBOSE: Reading module "o-ran-module-cap@2024-04-15" from local file "/usr/local/share/yang/modules/netopeer2/o-ran-module-cap@2024-04-15.yang".
nc VERBOSE: Reading module "o-ran-delay-management@2024-04-15" from local file "/usr/local/share/yang/modules/netopeer2/o-ran-delay-management@2024-04-15.yang".
nc VERBOSE: Reading module "o-ran-processing-element@2022-08-15" from local file "/usr/local/share/yang/modules/netopeer2/o-ran-processing-element@2022-08-15.yang".
nc VERBOSE: Reading module "o-ran-lbm@2024-04-15" from local file "/usr/local/share/yang/modules/netopeer2/o-ran-lbm@2024-04-15.yang".
nc VERBOSE: Reading module "o-ran-uplane-conf@2024-04-15" from local file "/usr/local/share/yang/modules/netopeer2/o-ran-uplane-conf@2024-04-15.yang".
nc VERBOSE: Reading module "o-ran-performance-management@2024-04-15" from local file "/usr/local/share/yang/modules/netopeer2/o-ran-performance-management@2024-04-15.yang".
nc VERBOSE: Reading module "o-ran-ethernet-forwarding@2021-12-01" from local file "/usr/local/share/yang/modules/netopeer2/o-ran-ethernet-forwarding@2021-12-01.yang".
nc VERBOSE: Reading module "o-ran-shared-cell@2024-04-15" from local file "/usr/local/share/yang/modules/netopeer2/o-ran-shared-cell@2024-04-15.yang".
nc DEBUG: Sending message:

#317


nc DEBUG: SSH: ssh_packet_need_rekey: rekey: [data_rekey_needed=0, out_blocks=110, in_blocks=2414]
nc DEBUG: SSH: ssh_socket_unbuffered_write: Enabling POLLOUT for socket
nc DEBUG: SSH: packet_send2: packet: wrote [type=94, len=24, padding_size=8, comp=15, payload=15]
nc DEBUG: SSH: channel_write_common: ssh_channel_write wrote 6 bytes
nc DEBUG: Sending message:
<rpc xmlns="urn:ietf:params:xml:ns:netconf:base:1.0" message-id="3"><get xmlns="urn:ietf:params:xml:ns:netconf:base:1.0"><filter type="xpath" xmlns:yanglib="urn:ietf:params:xml:ns:yang:ietf-yang-library" xmlns:yangmnt="urn:ietf:params:xml:ns:yang:ietf-yang-schema-mount" select="/yanglib:* | /yangmnt:*"/></get></rpc>

nc DEBUG: SSH: ssh_packet_need_rekey: rekey: [data_rekey_needed=0, out_blocks=150, in_blocks=2453]
nc DEBUG: SSH: packet_send2: packet: wrote [type=94, len=336, padding_size=9, comp=326, payload=326]
nc DEBUG: SSH: channel_write_common: ssh_channel_write wrote 317 bytes
nc DEBUG: SSH: ssh_socket_unbuffered_write: Enabling POLLOUT for socket
nc DEBUG: Sending message:

##


nc DEBUG: SSH: ssh_packet_need_rekey: rekey: [data_rekey_needed=0, out_blocks=151, in_blocks=2414]
nc DEBUG: SSH: packet_send2: packet: wrote [type=94, len=24, padding_size=10, comp=13, payload=13]
nc DEBUG: SSH: channel_write_common: ssh_channel_write wrote 4 bytes
nc DEBUG: SSH: ssh_socket_unbuffered_write: Enabling POLLOUT for socket
nc DEBUG: SSH: ssh_packet_socket_callback: packet: read type 94 [len=24,padding=8,comp=15,payload=15]
nc DEBUG: SSH: ssh_packet_process: Dispatching handler for packet type 94
nc DEBUG: SSH: channel_rcv_data: Channel receiving 6 bytes data in 0 (local win=1264296 remote win=1279190)
nc DEBUG: SSH: channel_default_bufferize: placing 6 bytes into channel buffer (stdout)
nc DEBUG: SSH: channel_rcv_data: Channel windows are now (local win=1264290 remote win=1279190)
nc DEBUG: SSH: ssh_packet_need_rekey: rekey: [data_rekey_needed=0, out_blocks=151, in_blocks=2414]
nc DEBUG: SSH: ssh_channel_read_timeout: Read (2) buffered : 6 bytes. Window: 1264290
nc DEBUG: SSH: ssh_channel_read_timeout: Read (1) buffered : 4 bytes. Window: 1264290
nc DEBUG: SSH: ssh_channel_read_timeout: Read (1) buffered : 3 bytes. Window: 1264290
nc DEBUG: SSH: ssh_channel_read_timeout: Read (1) buffered : 2 bytes. Window: 1264290
nc DEBUG: SSH: ssh_channel_read_timeout: Read (1) buffered : 1 bytes. Window: 1264290
nc DEBUG: SSH: ssh_channel_read_timeout: Read (365) buffered : 0 bytes. Window: 1264290
nc DEBUG: SSH: ssh_channel_read_timeout: Read (365) buffered : 0 bytes. Window: 1264290
nc DEBUG: SSH: ssh_packet_socket_callback: packet: read type 94 [len=384,padding=9,comp=374,payload=374]
nc DEBUG: SSH: ssh_packet_process: Dispatching handler for packet type 94
nc DEBUG: SSH: channel_rcv_data: Channel receiving 365 bytes data in 0 (local win=1264290 remote win=1279190)
nc DEBUG: SSH: channel_default_bufferize: placing 365 bytes into channel buffer (stdout)
nc DEBUG: SSH: channel_rcv_data: Channel windows are now (local win=1263925 remote win=1279190)
nc DEBUG: SSH: ssh_packet_need_rekey: rekey: [data_rekey_needed=0, out_blocks=151, in_blocks=2460]
nc DEBUG: SSH: ssh_channel_read_timeout: Read (2) buffered : 0 bytes. Window: 1263925
nc DEBUG: SSH: ssh_channel_read_timeout: Read (2) buffered : 0 bytes. Window: 1263925
nc DEBUG: SSH: ssh_packet_socket_callback: packet: read type 94 [len=24,padding=10,comp=13,payload=13]
nc DEBUG: SSH: ssh_packet_process: Dispatching handler for packet type 94
nc DEBUG: SSH: channel_rcv_data: Channel receiving 4 bytes data in 0 (local win=1263925 remote win=1279190)
nc DEBUG: SSH: channel_default_bufferize: placing 4 bytes into channel buffer (stdout)
nc DEBUG: SSH: channel_rcv_data: Channel windows are now (local win=1263921 remote win=1279190)
nc DEBUG: SSH: ssh_packet_need_rekey: rekey: [data_rekey_needed=0, out_blocks=151, in_blocks=2461]
nc DEBUG: SSH: ssh_channel_read_timeout: Read (1) buffered : 2 bytes. Window: 1263921
nc DEBUG: SSH: ssh_channel_read_timeout: Read (1) buffered : 1 bytes. Window: 1263921
nc DEBUG: Received message:
<rpc-reply xmlns="urn:ietf:params:xml:ns:netconf:base:1.0" message-id="3"><rpc-error><error-type>application</error-type><error-tag>operation-failed</error-tag><error-severity>error</error-severity><error-message xml:lang="en">Module with the namespace "urn:ietf:params:xml:ns:yang:ietf-yang-schema-mount" could not be found.</error-message></rpc-error></rpc-reply>

nc WARNING: Unexpected reply without data to a <get> RPC.
Client SENT :  subscribe --stream NETCONF
nc DEBUG: Sending message:

#197


nc DEBUG: SSH: ssh_packet_need_rekey: rekey: [data_rekey_needed=0, out_blocks=152, in_blocks=2462]
nc DEBUG: SSH: ssh_socket_unbuffered_write: Enabling POLLOUT for socket
nc DEBUG: SSH: packet_send2: packet: wrote [type=94, len=24, padding_size=8, comp=15, payload=15]
nc DEBUG: SSH: channel_write_common: ssh_channel_write wrote 6 bytes
nc DEBUG: Sending message:
<rpc xmlns="urn:ietf:params:xml:ns:netconf:base:1.0" message-id="4"><create-subscription xmlns="urn:ietf:params:xml:ns:netconf:notification:1.0"><stream>NETCONF</stream></create-subscription></rpc>

nc DEBUG: SSH: ssh_packet_need_rekey: rekey: [data_rekey_needed=0, out_blocks=177, in_blocks=2486]
nc DEBUG: SSH: packet_send2: packet: wrote [type=94, len=216, padding_size=9, comp=206, payload=206]
nc DEBUG: SSH: channel_write_common: ssh_channel_write wrote 197 bytes
nc DEBUG: SSH: ssh_socket_unbuffered_write: Enabling POLLOUT for socket
nc DEBUG: Sending message:

##


nc DEBUG: SSH: ssh_packet_need_rekey: rekey: [data_rekey_needed=0, out_blocks=178, in_blocks=2462]
nc DEBUG: SSH: packet_send2: packet: wrote [type=94, len=24, padding_size=10, comp=13, payload=13]
nc DEBUG: SSH: channel_write_common: ssh_channel_write wrote 4 bytes
nc DEBUG: SSH: ssh_socket_unbuffered_write: Enabling POLLOUT for socket
Client SENT :  user-rpc --content /mplane_automation/miniDU/get/get_mp_version_org.xml --out /tmp/get_mp_version.xml
nc DEBUG: SSH: ssh_packet_socket_callback: packet: read type 94 [len=24,padding=9,comp=14,payload=14]
nc DEBUG: SSH: ssh_packet_process: Dispatching handler for packet type 94
nc DEBUG: SSH: channel_rcv_data: Channel receiving 5 bytes data in 0 (local win=1263921 remote win=1278983)
nc DEBUG: SSH: channel_default_bufferize: placing 5 bytes into channel buffer (stdout)
nc DEBUG: SSH: channel_rcv_data: Channel windows are now (local win=1263916 remote win=1278983)
nc DEBUG: SSH: ssh_packet_need_rekey: rekey: [data_rekey_needed=0, out_blocks=178, in_blocks=2462]
nc DEBUG: SSH: ssh_channel_read_timeout: Read (2) buffered : 5 bytes. Window: 1263916
nc DEBUG: SSH: ssh_channel_read_timeout: Read (1) buffered : 3 bytes. Window: 1263916
nc DEBUG: SSH: ssh_channel_read_timeout: Read (1) buffered : 2 bytes. Window: 1263916
nc DEBUG: SSH: ssh_channel_read_timeout: Read (1) buffered : 1 bytes. Window: 1263916
nc DEBUG: SSH: ssh_channel_read_timeout: Read (91) buffered : 0 bytes. Window: 1263916
nc DEBUG: SSH: ssh_packet_socket_callback: packet: read type 94 [len=112,padding=11,comp=100,payload=100]
nc DEBUG: SSH: ssh_packet_process: Dispatching handler for packet type 94
nc DEBUG: SSH: channel_rcv_data: Channel receiving 91 bytes data in 0 (local win=1263916 remote win=1278983)
nc DEBUG: SSH: channel_default_bufferize: placing 91 bytes into channel buffer (stdout)
nc DEBUG: SSH: channel_rcv_data: Channel windows are now (local win=1263825 remote win=1278983)
nc DEBUG: SSH: ssh_packet_need_rekey: rekey: [data_rekey_needed=0, out_blocks=178, in_blocks=2474]
nc DEBUG: SSH: ssh_channel_read_timeout: Read (2) buffered : 0 bytes. Window: 1263825
nc DEBUG: SSH: ssh_channel_read_timeout: Read (2) buffered : 0 bytes. Window: 1263825
nc DEBUG: SSH: ssh_packet_socket_callback: packet: read type 94 [len=24,padding=10,comp=13,payload=13]
nc DEBUG: SSH: ssh_packet_process: Dispatching handler for packet type 94
nc DEBUG: SSH: channel_rcv_data: Channel receiving 4 bytes data in 0 (local win=1263825 remote win=1278983)
nc DEBUG: SSH: channel_default_bufferize: placing 4 bytes into channel buffer (stdout)
nc DEBUG: SSH: channel_rcv_data: Channel windows are now (local win=1263821 remote win=1278983)
nc DEBUG: SSH: ssh_packet_need_rekey: rekey: [data_rekey_needed=0, out_blocks=178, in_blocks=2475]
nc DEBUG: SSH: ssh_channel_read_timeout: Read (1) buffered : 2 bytes. Window: 1263821
nc DEBUG: SSH: ssh_channel_read_timeout: Read (1) buffered : 1 bytes. Window: 1263821
nc DEBUG: Received message:
<rpc-reply xmlns="urn:ietf:params:xml:ns:netconf:base:1.0" message-id="4"><ok/></rpc-reply>

OK
ly VERBOSE: Parsing opaque term node "supported-mplane-version" with invalid value "".
nc DEBUG: Sending message:

#291


nc DEBUG: SSH: ssh_packet_need_rekey: rekey: [data_rekey_needed=0, out_blocks=179, in_blocks=2476]
nc DEBUG: SSH: ssh_socket_unbuffered_write: Enabling POLLOUT for socket
nc DEBUG: SSH: packet_send2: packet: wrote [type=94, len=24, padding_size=8, comp=15, payload=15]
nc DEBUG: SSH: channel_write_common: ssh_channel_write wrote 6 bytes
nc DEBUG: Sending message:
<rpc xmlns="urn:ietf:params:xml:ns:netconf:base:1.0" message-id="5"><get xmlns="urn:ietf:params:xml:ns:netconf:base:1.0"><filter type="subtree"><operational-info xmlns="urn:o-ran:operations:1.0"><declarations><supported-mplane-version/></declarations></operational-info></filter></get></rpc>

nc DEBUG: SSH: ssh_packet_need_rekey: rekey: [data_rekey_needed=0, out_blocks=216, in_blocks=2512]
nc DEBUG: SSH: packet_send2: packet: wrote [type=94, len=312, padding_size=11, comp=300, payload=300]
nc DEBUG: SSH: channel_write_common: ssh_channel_write wrote 291 bytes
nc DEBUG: SSH: ssh_socket_unbuffered_write: Enabling POLLOUT for socket
nc DEBUG: Sending message:

##


nc DEBUG: SSH: ssh_packet_need_rekey: rekey: [data_rekey_needed=0, out_blocks=217, in_blocks=2476]
nc DEBUG: SSH: packet_send2: packet: wrote [type=94, len=24, padding_size=10, comp=13, payload=13]
nc DEBUG: SSH: channel_write_common: ssh_channel_write wrote 4 bytes
nc DEBUG: SSH: ssh_socket_unbuffered_write: Enabling POLLOUT for socket
ly VERBOSE: Parsing opaque term node "supported-mplane-version" with invalid value "".
nc DEBUG: SSH: ssh_packet_socket_callback: packet: read type 94 [len=24,padding=8,comp=15,payload=15]
nc DEBUG: SSH: ssh_packet_process: Dispatching handler for packet type 94
nc DEBUG: SSH: channel_rcv_data: Channel receiving 6 bytes data in 0 (local win=1263821 remote win=1278682)
nc DEBUG: SSH: channel_default_bufferize: placing 6 bytes into channel buffer (stdout)
nc DEBUG: SSH: channel_rcv_data: Channel windows are now (local win=1263815 remote win=1278682)
nc DEBUG: SSH: ssh_packet_need_rekey: rekey: [data_rekey_needed=0, out_blocks=217, in_blocks=2476]
nc DEBUG: SSH: ssh_channel_read_timeout: Read (2) buffered : 6 bytes. Window: 1263815
nc DEBUG: SSH: ssh_channel_read_timeout: Read (1) buffered : 4 bytes. Window: 1263815
nc DEBUG: SSH: ssh_channel_read_timeout: Read (1) buffered : 3 bytes. Window: 1263815
nc DEBUG: SSH: ssh_channel_read_timeout: Read (1) buffered : 2 bytes. Window: 1263815
nc DEBUG: SSH: ssh_channel_read_timeout: Read (1) buffered : 1 bytes. Window: 1263815
nc DEBUG: SSH: ssh_channel_read_timeout: Read (305) buffered : 0 bytes. Window: 1263815
nc DEBUG: SSH: ssh_packet_socket_callback: packet: read type 94 [len=320,padding=5,comp=314,payload=314]
nc DEBUG: SSH: ssh_packet_process: Dispatching handler for packet type 94
nc DEBUG: SSH: channel_rcv_data: Channel receiving 305 bytes data in 0 (local win=1263815 remote win=1278682)
nc DEBUG: SSH: channel_default_bufferize: placing 305 bytes into channel buffer (stdout)
nc DEBUG: SSH: channel_rcv_data: Channel windows are now (local win=1263510 remote win=1278682)
nc DEBUG: SSH: ssh_packet_need_rekey: rekey: [data_rekey_needed=0, out_blocks=217, in_blocks=2515]
nc DEBUG: SSH: ssh_channel_read_timeout: Read (2) buffered : 0 bytes. Window: 1263510
nc DEBUG: SSH: ssh_packet_socket_callback: packet: read type 94 [len=24,padding=10,comp=13,payload=13]
nc DEBUG: SSH: ssh_packet_process: Dispatching handler for packet type 94
nc DEBUG: SSH: channel_rcv_data: Channel receiving 4 bytes data in 0 (local win=1263510 remote win=1278682)
nc DEBUG: SSH: channel_default_bufferize: placing 4 bytes into channel buffer (stdout)
nc DEBUG: SSH: channel_rcv_data: Channel windows are now (local win=1263506 remote win=1278682)
nc DEBUG: SSH: ssh_packet_need_rekey: rekey: [data_rekey_needed=0, out_blocks=217, in_blocks=2516]
nc DEBUG: SSH: ssh_channel_read_timeout: Read (1) buffered : 2 bytes. Window: 1263506
nc DEBUG: SSH: ssh_channel_read_timeout: Read (1) buffered : 1 bytes. Window: 1263506
nc DEBUG: Received message:
<rpc-reply xmlns="urn:ietf:params:xml:ns:netconf:base:1.0" message-id="5"><data xmlns="urn:ietf:params:xml:ns:netconf:base:1.0"><operational-info xmlns="urn:o-ran:operations:1.0"><declarations><supported-mplane-version>15.0.0</supported-mplane-version></declarations></operational-info></data></rpc-reply>

nc DEBUG: Received message:
<notification xmlns="urn:ietf:params:xml:ns:netconf:notification:1.0"><eventTime>2026-02-02T08:09:19Z</eventTime><supervision-notification xmlns="urn:o-ran:supervision:1.0"/></notification>

notification (2026-02-02T08:09:19Z)
<supervision-notification xmlns="urn:o-ran:supervision:1.0"/>

Client SENT :  user-rpc --content /mplane_automation/conformance_test/watchdog.xml
nc DEBUG: Sending message:

#285


nc DEBUG: SSH: ssh_packet_need_rekey: rekey: [data_rekey_needed=0, out_blocks=218, in_blocks=2543]
nc DEBUG: SSH: ssh_socket_unbuffered_write: Enabling POLLOUT for socket
nc DEBUG: SSH: packet_send2: packet: wrote [type=94, len=24, padding_size=8, comp=15, payload=15]
nc DEBUG: SSH: channel_write_common: ssh_channel_write wrote 6 bytes
nc DEBUG: Sending message:
<rpc xmlns="urn:ietf:params:xml:ns:netconf:base:1.0" message-id="6"><supervision-watchdog-reset xmlns="urn:o-ran:supervision:1.0"><supervision-notification-interval>60</supervision-notification-interval><guard-timer-overhead>10</guard-timer-overhead></supervision-watchdog-reset></rpc>

nc DEBUG: SSH: ssh_packet_need_rekey: rekey: [data_rekey_needed=0, out_blocks=254, in_blocks=2578]
nc DEBUG: SSH: packet_send2: packet: wrote [type=94, len=304, padding_size=9, comp=294, payload=294]
nc DEBUG: SSH: channel_write_common: ssh_channel_write wrote 285 bytes
nc DEBUG: SSH: ssh_socket_unbuffered_write: Enabling POLLOUT for socket
nc DEBUG: Sending message:

##


nc DEBUG: SSH: ssh_packet_need_rekey: rekey: [data_rekey_needed=0, out_blocks=255, in_blocks=2543]
nc DEBUG: SSH: packet_send2: packet: wrote [type=94, len=24, padding_size=10, comp=13, payload=13]
nc DEBUG: SSH: channel_write_common: ssh_channel_write wrote 4 bytes
nc DEBUG: SSH: ssh_socket_unbuffered_write: Enabling POLLOUT for socket
nc DEBUG: SSH: ssh_packet_socket_callback: packet: read type 94 [len=24,padding=8,comp=15,payload=15]
nc DEBUG: SSH: ssh_packet_process: Dispatching handler for packet type 94
nc DEBUG: SSH: channel_rcv_data: Channel receiving 6 bytes data in 0 (local win=1263307 remote win=1278387)
nc DEBUG: SSH: channel_default_bufferize: placing 6 bytes into channel buffer (stdout)
nc DEBUG: SSH: channel_rcv_data: Channel windows are now (local win=1263301 remote win=1278387)
nc DEBUG: SSH: ssh_packet_socket_callback: Processing 212 bytes left in socket buffer
nc DEBUG: SSH: ssh_packet_socket_callback: packet: read type 94 [len=192,padding=4,comp=187,payload=187]
nc DEBUG: SSH: ssh_packet_process: Dispatching handler for packet type 94
nc DEBUG: SSH: channel_rcv_data: Channel receiving 178 bytes data in 0 (local win=1263301 remote win=1278387)
nc DEBUG: SSH: channel_default_bufferize: placing 178 bytes into channel buffer (stdout)
nc DEBUG: SSH: channel_rcv_data: Channel windows are now (local win=1263123 remote win=1278387)
nc DEBUG: SSH: ssh_packet_need_rekey: rekey: [data_rekey_needed=0, out_blocks=255, in_blocks=2566]
nc DEBUG: SSH: ssh_packet_need_rekey: rekey: [data_rekey_needed=0, out_blocks=255, in_blocks=2566]
nc DEBUG: SSH: ssh_channel_read_timeout: Read (2) buffered : 184 bytes. Window: 1263123
nc DEBUG: SSH: ssh_channel_read_timeout: Read (1) buffered : 182 bytes. Window: 1263123
nc DEBUG: SSH: ssh_channel_read_timeout: Read (1) buffered : 181 bytes. Window: 1263123
nc DEBUG: SSH: ssh_channel_read_timeout: Read (1) buffered : 180 bytes. Window: 1263123
nc DEBUG: SSH: ssh_channel_read_timeout: Read (1) buffered : 179 bytes. Window: 1263123
nc DEBUG: SSH: ssh_channel_read_timeout: Read (178) buffered : 178 bytes. Window: 1263123
nc DEBUG: SSH: ssh_channel_read_timeout: Read (2) buffered : 0 bytes. Window: 1263123
nc DEBUG: SSH: ssh_packet_socket_callback: packet: read type 94 [len=24,padding=10,comp=13,payload=13]
nc DEBUG: SSH: ssh_packet_process: Dispatching handler for packet type 94
nc DEBUG: SSH: channel_rcv_data: Channel receiving 4 bytes data in 0 (local win=1263123 remote win=1278387)
nc DEBUG: SSH: channel_default_bufferize: placing 4 bytes into channel buffer (stdout)
nc DEBUG: SSH: channel_rcv_data: Channel windows are now (local win=1263119 remote win=1278387)
nc DEBUG: SSH: ssh_packet_need_rekey: rekey: [data_rekey_needed=0, out_blocks=255, in_blocks=2567]
nc DEBUG: SSH: ssh_channel_read_timeout: Read (1) buffered : 2 bytes. Window: 1263119
nc DEBUG: SSH: ssh_channel_read_timeout: Read (1) buffered : 1 bytes. Window: 1263119
nc DEBUG: Received message:
<rpc-reply xmlns="urn:ietf:params:xml:ns:netconf:base:1.0" message-id="6"><next-update-at xmlns="urn:o-ran:supervision:1.0">2026-02-02T08:10:19+00:00</next-update-at></rpc-reply>

DATA
<next-update-at xmlns="urn:o-ran:supervision:1.0">2026-02-02T17:10:19+09:00</next-update-at>

nc DEBUG: Received message:
<notification xmlns="urn:ietf:params:xml:ns:netconf:notification:1.0"><eventTime>2026-02-02T08:10:19Z</eventTime><supervision-notification xmlns="urn:o-ran:supervision:1.0"/></notification>

notification (2026-02-02T08:10:19Z)
<supervision-notification xmlns="urn:o-ran:supervision:1.0"/>

Client SENT :  user-rpc --content /mplane_automation/conformance_test/watchdog.xml
nc DEBUG: Sending message:

#285


nc DEBUG: SSH: ssh_packet_need_rekey: rekey: [data_rekey_needed=0, out_blocks=256, in_blocks=2594]
nc DEBUG: SSH: ssh_socket_unbuffered_write: Enabling POLLOUT for socket
nc DEBUG: SSH: packet_send2: packet: wrote [type=94, len=24, padding_size=8, comp=15, payload=15]
nc DEBUG: SSH: channel_write_common: ssh_channel_write wrote 6 bytes
nc DEBUG: Sending message:
<rpc xmlns="urn:ietf:params:xml:ns:netconf:base:1.0" message-id="7"><supervision-watchdog-reset xmlns="urn:o-ran:supervision:1.0"><supervision-notification-interval>60</supervision-notification-interval><guard-timer-overhead>10</guard-timer-overhead></supervision-watchdog-reset></rpc>

nc DEBUG: SSH: ssh_packet_need_rekey: rekey: [data_rekey_needed=0, out_blocks=292, in_blocks=2629]
nc DEBUG: SSH: packet_send2: packet: wrote [type=94, len=304, padding_size=9, comp=294, payload=294]
nc DEBUG: SSH: channel_write_common: ssh_channel_write wrote 285 bytes
nc DEBUG: SSH: ssh_socket_unbuffered_write: Enabling POLLOUT for socket
nc DEBUG: Sending message:

##


nc DEBUG: SSH: ssh_packet_need_rekey: rekey: [data_rekey_needed=0, out_blocks=293, in_blocks=2594]
nc DEBUG: SSH: packet_send2: packet: wrote [type=94, len=24, padding_size=10, comp=13, payload=13]
nc DEBUG: SSH: channel_write_common: ssh_channel_write wrote 4 bytes
nc DEBUG: SSH: ssh_socket_unbuffered_write: Enabling POLLOUT for socket
nc DEBUG: SSH: ssh_packet_socket_callback: packet: read type 94 [len=24,padding=8,comp=15,payload=15]
nc DEBUG: SSH: ssh_packet_process: Dispatching handler for packet type 94
nc DEBUG: SSH: channel_rcv_data: Channel receiving 6 bytes data in 0 (local win=1262920 remote win=1278092)
nc DEBUG: SSH: channel_default_bufferize: placing 6 bytes into channel buffer (stdout)
nc DEBUG: SSH: channel_rcv_data: Channel windows are now (local win=1262914 remote win=1278092)
nc DEBUG: SSH: ssh_packet_need_rekey: rekey: [data_rekey_needed=0, out_blocks=293, in_blocks=2594]
nc DEBUG: SSH: ssh_channel_read_timeout: Read (2) buffered : 6 bytes. Window: 1262914
nc DEBUG: SSH: ssh_channel_read_timeout: Read (1) buffered : 4 bytes. Window: 1262914
nc DEBUG: SSH: ssh_channel_read_timeout: Read (1) buffered : 3 bytes. Window: 1262914
nc DEBUG: SSH: ssh_channel_read_timeout: Read (1) buffered : 2 bytes. Window: 1262914
nc DEBUG: SSH: ssh_channel_read_timeout: Read (1) buffered : 1 bytes. Window: 1262914
nc DEBUG: SSH: ssh_channel_read_timeout: Read (178) buffered : 0 bytes. Window: 1262914
nc DEBUG: SSH: ssh_packet_socket_callback: packet: read type 94 [len=192,padding=4,comp=187,payload=187]
nc DEBUG: SSH: ssh_packet_process: Dispatching handler for packet type 94
nc DEBUG: SSH: channel_rcv_data: Channel receiving 178 bytes data in 0 (local win=1262914 remote win=1278092)
nc DEBUG: SSH: channel_default_bufferize: placing 178 bytes into channel buffer (stdout)
nc DEBUG: SSH: channel_rcv_data: Channel windows are now (local win=1262736 remote win=1278092)
nc DEBUG: SSH: ssh_packet_need_rekey: rekey: [data_rekey_needed=0, out_blocks=293, in_blocks=2617]
nc DEBUG: SSH: ssh_channel_read_timeout: Read (2) buffered : 0 bytes. Window: 1262736
nc DEBUG: SSH: ssh_channel_read_timeout: Read (2) buffered : 0 bytes. Window: 1262736
nc DEBUG: SSH: ssh_packet_socket_callback: packet: read type 94 [len=24,padding=10,comp=13,payload=13]
nc DEBUG: SSH: ssh_packet_process: Dispatching handler for packet type 94
nc DEBUG: SSH: channel_rcv_data: Channel receiving 4 bytes data in 0 (local win=1262736 remote win=1278092)
nc DEBUG: SSH: channel_default_bufferize: placing 4 bytes into channel buffer (stdout)
nc DEBUG: SSH: channel_rcv_data: Channel windows are now (local win=1262732 remote win=1278092)
nc DEBUG: SSH: ssh_packet_need_rekey: rekey: [data_rekey_needed=0, out_blocks=293, in_blocks=2618]
nc DEBUG: SSH: ssh_channel_read_timeout: Read (1) buffered : 2 bytes. Window: 1262732
nc DEBUG: SSH: ssh_channel_read_timeout: Read (1) buffered : 1 bytes. Window: 1262732
nc DEBUG: Received message:
<rpc-reply xmlns="urn:ietf:params:xml:ns:netconf:base:1.0" message-id="7"><next-update-at xmlns="urn:o-ran:supervision:1.0">2026-02-02T08:11:19+00:00</next-update-at></rpc-reply>

DATA
<next-update-at xmlns="urn:o-ran:supervision:1.0">2026-02-02T17:11:19+09:00</next-update-at>

Client SENT :  disconnect
nc VERBOSE: Notification thread exit.
nc DEBUG: Sending message:

#138


nc DEBUG: SSH: ssh_packet_need_rekey: rekey: [data_rekey_needed=0, out_blocks=294, in_blocks=2619]
nc DEBUG: SSH: ssh_socket_unbuffered_write: Enabling POLLOUT for socket
nc DEBUG: SSH: packet_send2: packet: wrote [type=94, len=24, padding_size=8, comp=15, payload=15]
nc DEBUG: SSH: channel_write_common: ssh_channel_write wrote 6 bytes
nc DEBUG: Sending message:
<rpc xmlns="urn:ietf:params:xml:ns:netconf:base:1.0" message-id="8"><close-session xmlns="urn:ietf:params:xml:ns:netconf:base:1.0"/></rpc>

nc DEBUG: SSH: ssh_packet_need_rekey: rekey: [data_rekey_needed=0, out_blocks=312, in_blocks=2636]
nc DEBUG: SSH: packet_send2: packet: wrote [type=94, len=152, padding_size=4, comp=147, payload=147]
nc DEBUG: SSH: channel_write_common: ssh_channel_write wrote 138 bytes
nc DEBUG: SSH: ssh_socket_unbuffered_write: Enabling POLLOUT for socket
nc DEBUG: Sending message:

##


nc DEBUG: SSH: ssh_packet_need_rekey: rekey: [data_rekey_needed=0, out_blocks=313, in_blocks=2619]
nc DEBUG: SSH: packet_send2: packet: wrote [type=94, len=24, padding_size=10, comp=13, payload=13]
nc DEBUG: SSH: channel_write_common: ssh_channel_write wrote 4 bytes
nc DEBUG: SSH: ssh_socket_unbuffered_write: Enabling POLLOUT for socket
nc DEBUG: SSH: ssh_packet_socket_callback: packet: read type 94 [len=24,padding=9,comp=14,payload=14]
nc DEBUG: SSH: ssh_packet_process: Dispatching handler for packet type 94
nc DEBUG: SSH: channel_rcv_data: Channel receiving 5 bytes data in 0 (local win=1262732 remote win=1277944)
nc DEBUG: SSH: channel_default_bufferize: placing 5 bytes into channel buffer (stdout)
nc DEBUG: SSH: channel_rcv_data: Channel windows are now (local win=1262727 remote win=1277944)
nc DEBUG: SSH: ssh_packet_need_rekey: rekey: [data_rekey_needed=0, out_blocks=313, in_blocks=2619]
nc DEBUG: SSH: ssh_channel_read_timeout: Read (2) buffered : 5 bytes. Window: 1262727
nc DEBUG: SSH: ssh_channel_read_timeout: Read (1) buffered : 3 bytes. Window: 1262727
nc DEBUG: SSH: ssh_channel_read_timeout: Read (1) buffered : 2 bytes. Window: 1262727
nc DEBUG: SSH: ssh_channel_read_timeout: Read (1) buffered : 1 bytes. Window: 1262727
nc DEBUG: SSH: ssh_channel_read_timeout: Read (91) buffered : 0 bytes. Window: 1262727
nc DEBUG: SSH: ssh_packet_socket_callback: packet: read type 94 [len=112,padding=11,comp=100,payload=100]
nc DEBUG: SSH: ssh_packet_process: Dispatching handler for packet type 94
nc DEBUG: SSH: channel_rcv_data: Channel receiving 91 bytes data in 0 (local win=1262727 remote win=1277944)
nc DEBUG: SSH: channel_default_bufferize: placing 91 bytes into channel buffer (stdout)
nc DEBUG: SSH: channel_rcv_data: Channel windows are now (local win=1262636 remote win=1277944)
nc DEBUG: SSH: ssh_packet_need_rekey: rekey: [data_rekey_needed=0, out_blocks=313, in_blocks=2631]
nc DEBUG: SSH: ssh_channel_read_timeout: Read (2) buffered : 0 bytes. Window: 1262636
nc DEBUG: SSH: ssh_channel_read_timeout: Read (2) buffered : 0 bytes. Window: 1262636
nc DEBUG: SSH: ssh_packet_socket_callback: packet: read type 94 [len=24,padding=10,comp=13,payload=13]
nc DEBUG: SSH: ssh_packet_process: Dispatching handler for packet type 94
nc DEBUG: SSH: channel_rcv_data: Channel receiving 4 bytes data in 0 (local win=1262636 remote win=1277944)
nc DEBUG: SSH: channel_default_bufferize: placing 4 bytes into channel buffer (stdout)
nc DEBUG: SSH: channel_rcv_data: Channel windows are now (local win=1262632 remote win=1277944)
nc DEBUG: SSH: ssh_packet_need_rekey: rekey: [data_rekey_needed=0, out_blocks=313, in_blocks=2632]
nc DEBUG: SSH: ssh_channel_read_timeout: Read (1) buffered : 2 bytes. Window: 1262632
nc DEBUG: SSH: ssh_channel_read_timeout: Read (1) buffered : 1 bytes. Window: 1262632
nc DEBUG: Received message:
<rpc-reply xmlns="urn:ietf:params:xml:ns:netconf:base:1.0" message-id="8"><ok/></rpc-reply>

nc DEBUG: SSH: ssh_packet_need_rekey: rekey: [data_rekey_needed=0, out_blocks=313, in_blocks=2632]
nc DEBUG: SSH: ssh_socket_unbuffered_write: Enabling POLLOUT for socket
nc DEBUG: SSH: packet_send2: packet: wrote [type=96, len=16, padding_size=10, comp=5, payload=5]
nc DEBUG: SSH: ssh_channel_send_eof: Sent a EOF on client channel (43:43)
nc DEBUG: SSH: ssh_packet_need_rekey: rekey: [data_rekey_needed=0, out_blocks=313, in_blocks=2632]
nc DEBUG: SSH: packet_send2: packet: wrote [type=97, len=16, padding_size=10, comp=5, payload=5]
nc DEBUG: SSH: ssh_channel_close: Sent a close on client channel (43:43)
nc DEBUG: SSH: ssh_socket_unbuffered_write: Enabling POLLOUT for socket
nc DEBUG: SSH: ssh_packet_need_rekey: rekey: [data_rekey_needed=0, out_blocks=315, in_blocks=2634]
nc DEBUG: SSH: packet_send2: packet: wrote [type=1, len=32, padding_size=11, comp=20, payload=20]
Client SENT :  disconnect
